Brand,Revenue,Quantity,Transactions,Revenue %,Cumulative %,Category
4261,444810.74,20226,1969,1.3422423811779705,1.3422423811779705,A
3545,357759.17,11883,1749,1.0795591856191566,2.421801566797127,A
1233,344712.22000000003,9578,1803,1.0401892521613676,3.4619908189584945,A
8068,288135.11,11189,1870,0.8694645191062078,4.3314553380647025,A
3405,275162.97,9203,1750,0.8303203291916972,5.1617756672564,A
3858,225014.22,9378,1762,0.6789935477990117,5.840769215055412,A
2589,191669.51,4649,1407,0.5783739383217565,6.419143153377168,A
4227,183659.91,10209,1699,0.554204502628088,6.973347656005256,A
1376,169922.38,7362,1841,0.5127507036962011,7.486098359701457,A
2585,164426.6,6940,1735,0.49616686663860166,7.982265226340059,A
8680,162059.53,4047,1538,0.48902409469650565,8.471289321036565,A
2757,155678.09,5191,1470,0.46976772687376755,8.941057047910332,A
5364,149137.09,4691,1604,0.4500298774340595,9.391086925344393,A
3876,144969.26,7674,1858,0.43745320704263646,9.82854013238703,A
3802,142887.85,7915,1812,0.431172430830696,10.259712563217725,A
3650,140806.71,2829,1150,0.4248924693595212,10.684605032577247,A
2120,138316.68,8732,1859,0.41737865843758937,11.101983691014837,A
3489,137024.81,4119,1493,0.4134803652781832,11.51546405629302,A
8512,128932.11,6489,1724,0.3890601704821697,11.90452422677519,A
3512,126296.28,7472,1779,0.3811063995467369,12.285630626321925,A
3102,119759.43,6657,1408,0.3613810729743542,12.647011699296279,A
5138,117783.82,8418,1795,0.3554195544402491,13.002431253736528,A
8082,112831.01,3099,1311,0.34047416106255757,13.342905414799086,A
2663,112120.16,2984,1230,0.3383291296798613,13.681234544478947,A
1232,111201.94,4806,1608,0.33555834721349087,14.016792891692438,A
8159,110831.36,4264,1460,0.33444010042471745,14.351232992117156,A
6570,109159.42,8274,1335,0.3293949238474012,14.680627915964557,A
11219,108554.52,7248,1433,0.32756960277629904,15.008197518740856,A
8112,96957.70999999999,3629,1317,0.2925755514445607,15.300773070185416,A
3180,95934.6,6340,1582,0.2894882572784914,15.590261327463908,A
6650,93369.42,8458,1213,0.2817476768434279,15.872009004307337,A
2114,91191.42,6858,1780,0.27517543466643907,16.147184438973778,A
1476,88839.84999999999,4015,1278,0.2680794348794135,16.415263873853192,A
6579,86846.81,7919,1338,0.26206532030254215,16.677329194155735,A
1385,84609.78,3122,1344,0.25531495165369483,16.93264414580943,A
4262,83571.97,5503,1587,0.2521832993792684,17.1848274451887,A
3893,82317.6,8240,1750,0.24839816465954873,17.433225609848247,A
3423,82265.51999999999,3048,1237,0.24824101021851214,17.681466620066757,A
3857,82120.35,1465,752,0.24780295126679802,17.929269571333556,A
3348,79231.88,2212,1071,0.2390868243793017,18.16835639571286,A
3826,78986.29,3371,1404,0.23834574221389915,18.406702137926757,A
3913,78859.65,4335,1486,0.23796359861918207,18.64466573654594,A
2127,78664.51,7499,1683,0.2373747522746377,18.882040488820575,A
1737,78147.52,1648,845,0.2358147047617445,19.11785519358232,A
5365,77932.81,3919,1620,0.23516680479947574,19.353021998381795,A
14006,75034.89,7511,1533,0.22642216198517842,19.57944416036697,A
2432,74896.06,2994,1400,0.22600323435366726,19.805447394720638,A
3505,72263.84999999999,3415,1310,0.21806038697961225,20.02350778170025,A
5103,71659.23999999999,2576,1102,0.21623594100044363,20.239743722700695,A
19748,71085.08,4692,1217,0.21450337967430042,20.454247102374996,A
3522,70092.06,5394,1631,0.21150688384023547,20.665753986215233,A
2753,69525.81,1019,531,0.20979819140097014,20.875552177616203,A
42188,69002.22,1278,135,0.2082182280026921,21.083770405618896,A
8178,65113.119999999995,2488,1047,0.19648264166177046,21.280253047280667,A
4243,65015.61,2839,1043,0.19618839954300177,21.476441446823667,A
38546,64836.89,6511,1407,0.19564910150724812,21.672090548330914,A
5734,64166.82,2918,1131,0.19362712615576286,21.865717674486678,A
2443,63992.5,3050,1243,0.19310110537693242,22.05881877986361,A
5445,63904.38,3962,1548,0.19283519813146122,22.251653977995073,A
126,63796.32,1968,722,0.19250912077166074,22.444163098766733,A
8000,62074.869999999995,913,556,0.18731454487837448,22.63147764364511,A
5342,61546.64,2136,1083,0.18572058000915925,22.81719822365427,A
3625,60626.299999999996,3370,1364,0.18294340031899858,23.000141623973267,A
1346,60007.06,1994,1055,0.1810748074605603,23.18121643143383,A
36378,59027.29,5371,1400,0.17811829427518458,23.35933472570901,A
6983,58963.11,3689,947,0.1779246273776092,23.537259353086622,A
5299,58281.07,2493,1093,0.17586653185217604,23.713125884938798,A
3746,57324.87,4413,1397,0.1729811425180912,23.886107027456887,A
811,55210.11,1789,647,0.16659973073378959,24.052706758190677,A
6967,55113.56,2644,737,0.16630838547107687,24.219015143661753,A
6682,55041.69,4431,1216,0.16609151354946983,24.385106657211225,A
2752,54342.58,1542,754,0.16398190830229137,24.549088565513514,A
2015,53722.92,2308,1035,0.1621120480693286,24.711200613582843,A
3630,52581.31,1969,1019,0.15866717323385007,24.869867786816695,A
6654,51277.23,1177,476,0.15473203568648203,25.024599822503177,A
3243,51236.43,4307,1496,0.15460891930410314,25.17920874180728,A
39335,51190.85,3415,1021,0.15447137899261226,25.33368012079989,A
3878,49008.24,4376,1588,0.14788522587143796,25.481565346671328,A
1180,48852.399999999994,2660,1211,0.14741496957168498,25.628980316243013,A
1883,47907.369999999995,2663,1188,0.1445632863648348,25.773543602607848,A
508,47883.75,3625,867,0.1444920116356243,25.918035614243472,A
482,47778.09,2191,798,0.14417317641596375,26.062208790659437,A
3684,47546.2,4730,1489,0.14347343480052668,26.205682225459963,A
3246,47492.37,5403,1475,0.1433109996323048,26.34899322509227,A
2760,46811.92,1208,728,0.1412577020247143,26.490250927116982,A
5440,46787.880000000005,1212,695,0.14118515992097933,26.63143608703796,A
497,46756.61,2339,604,0.14109080087007275,26.772526887908036,A
3728,46736.88,1812,949,0.14103126444300573,26.91355815235104,A
22143,46523.13,2887,844,0.140386261336793,27.053944413687834,A
5391,46412.98,2902,1326,0.140053877279954,27.193998290967787,A
3040,46380.6,1940,823,0.13995616873923275,27.33395445970702,A
3276,46319.1,3090,1123,0.13977058889814697,27.473725048605168,A
5242,46250.12,1388,821,0.13956243772029175,27.61328748632546,A
1384,45659.56,1744,871,0.13778038843652565,27.751067874761986,A
3798,45622.25,1675,492,0.1376678033329336,27.88873567809492,A
2418,44219.68,1932,1013,0.1334354664595731,28.022171144554495,A
3776,44045.57,1643,853,0.1329100793680049,28.1550812239225,A
6937,43769.04,3296,1031,0.13207563394596505,28.287156857868467,A
5311,43341.17,1183,680,0.13078451123693466,28.417941369105403,A
4198,43256.939999999995,1706,1015,0.13053034229360694,28.54847171139901,A
3769,43103.68,4732,1491,0.13006787129450442,28.678539582693514,A
32906,42906.98,3602,1097,0.12947431755886912,28.808013900252384,A
6479,42221.77,4223,1089,0.12740665637333443,28.93542055662572,A
1789,41878.13,1787,915,0.12636970260763172,29.06179025923335,A
3668,41313.39,961,583,0.12466556668153776,29.18645582591489,A
8202,41241.17,2083,987,0.12444763861449364,29.310903464529385,A
32831,40570.69,4031,1155,0.12242442606406781,29.433327890593453,A
8678,40095.58,2842,878,0.12099075389661638,29.55431864449007,A
8339,40081.68,932,652,0.12094880983497261,29.67526745432504,A
3238,39782.88,1312,740,0.12004716338755099,29.79531461771259,A
11214,39733.42,534,222,0.11989791494950056,29.915212532662093,A
7865,39353.39,1061,445,0.11875115223392613,30.03396368489602,A
41034,39157.16,3780,1224,0.11815901675073491,30.152122701646753,A
3253,38974.67,3133,1173,0.11760834251984477,30.269731044166598,A
31465,38858.01,2399,1198,0.11725631415787621,30.386987358324475,A
36380,38331.63,3837,920,0.11566793177168548,30.50265529009616,A
13665,38294.52,2948,894,0.11555595017977177,30.618211240275933,A
2143,37761.590000000004,2441,1096,0.11394780278611584,30.732159043062047,A
32907,37598.02,3798,1088,0.11345422075999549,30.84561326382204,A
5735,37372.23,2877,1114,0.11277288625074744,30.95838615007279,A
3485,37300.2,1680,978,0.11255553151979769,31.07094168159259,A
3344,37165.0,1700,932,0.11214755762524817,31.18308923921784,A
18013,37033.31,5269,1315,0.11175017536065328,31.294839414578494,A
3840,36770.299999999996,1670,943,0.11095652732806839,31.40579594190656,A
5191,36743.22,3678,1544,0.11087481184682284,31.516670753753385,A
4225,36643.369999999995,1463,711,0.11057350864141771,31.627244262394804,A
7878,36018.85,2315,669,0.10868898307467159,31.735933245469475,A
8504,35344.99,2801,1007,0.10665557117688201,31.84258881664636,A
38370,35305.31,2769,827,0.1065358344599018,31.94912465110626,A
857,35256.24,1476,742,0.10638776286962409,32.05551241397588,A
3982,35192.43,1657,905,0.10619521246865364,32.16170762644454,A
1345,35017.0,900,538,0.10566584220000846,32.26737346864455,A
3488,34688.22,1578,923,0.10467372935200553,32.37204719799656,A
1375,34526.32,2368,1213,0.10418518664839925,32.47623238464496,A
3997,34227.979999999996,1702,974,0.10328492827783779,32.579517312922796,A
11213,34144.11,1589,531,0.10303184565553106,32.682549158578325,A
33149,34131.41,3459,1065,0.10299352266395725,32.78554268124228,A
1220,34109.840000000004,1016,646,0.10292843392944963,32.88847111517173,A
6349,33929.46,4854,1369,0.10238412674676584,32.990855241918496,A
3804,33052.92,3308,1469,0.09973911611415895,33.090594358032654,A
8691,33049.92,2008,1073,0.09973006343898404,33.19032442147164,A
2932,33013.68,1032,667,0.09962070712287105,33.28994512859451,A
1868,32977.509999999995,449,314,0.09951156203584546,33.389456690630354,A
4330,32962.18,1182,751,0.09946530286570167,33.48892199349606,A
29248,32911.87,3013,880,0.09931348950301833,33.588235482999075,A
2646,32895.44,556,400,0.09926391101864372,33.68749939401772,A
33874,32893.090000000004,3291,1198,0.09925681975642338,33.78675621377415,A
3879,32835.32,2668,1326,0.09908249540813839,33.88583870918229,A
44712,32807.71,1629,520,0.09899918062094525,33.98483788980323,A
3980,32631.84,816,581,0.09846848262660776,34.08330637242984,A
5312,32551.96,1404,812,0.09822744006228368,34.18153381249212,A
4066,31792.28,1672,936,0.09593506130332367,34.27746887379544,A
18152,31728.09,3891,932,0.0957413642301644,34.37321023802561,A
3726,31692.52,6348,1792,0.09563402967817382,34.46884426770378,A
43872,31553.96,1604,560,0.09521591678742837,34.56406018449121,A
4221,31392.55,1745,882,0.09472885268743399,34.65878903717864,A
8781,31245.6,1840,703,0.09428542248178269,34.753074459660425,A
4689,30978.05,595,228,0.0934780747340998,34.846552534394526,A
3696,30885.22,2928,1303,0.09319795478860399,34.93975048918313,A
4245,30826.14,2386,989,0.09301967743882598,35.03277016662196,A
24325,30411.379999999997,1662,516,0.09176811492030995,35.12453828154227,A
22899,30011.32,2968,805,0.09056091051015103,35.21509919205242,A
800,29952.89,911,320,0.09038459457332758,35.30548378662575,A
8506,29822.960000000003,904,431,0.08999252321150199,35.39547630983725,A
4722,29782.56,744,386,0.08987061385247978,35.48534692368973,A
16794,29720.309999999998,1569,606,0.08968277084260026,35.57502969453233,A
25197,29698.02,198,8,0.08961550946605065,35.66464520399838,A
2520,29521.24,476,363,0.08908206549357679,35.75372726949196,A
1869,29445.21,479,313,0.0888526405290605,35.84257991002102,A
1545,29413.94,1006,696,0.08875828147815396,35.93133819149918,A
5105,29410.01,1199,684,0.08874642247367483,36.020084613972855,A
1231,29331.420000000002,2258,1282,0.08850927255967596,36.10859388653253,A
2164,29284.82,1718,960,0.08836865433862559,36.196962540871155,A
35914,28969.02,3598,1042,0.08741570939854612,36.284378250269704,A
6451,28854.96,2880,959,0.08707152668839582,36.3714497769581,A
1767,28788.48,1152,637,0.0868709194065197,36.45832069636462,A
3436,28646.62,1138,730,0.08644284857308183,36.5447635449377,A
27854,28482.39,1857,675,0.08594727495842303,36.63071081989612,A
4264,28386.46,1754,924,0.08565780058191313,36.716368620478036,A
8111,28258.56,28544,2064,0.08527185486362257,36.80164047534166,A
4269,28081.38,2162,1156,0.08473720386779204,36.886377679209446,A
2788,27948.74,626,430,0.08433695492272511,36.97071463413217,A
8612,27835.420000000002,458,332,0.08399500520578462,37.05470963933796,A
5101,27656.16,1984,938,0.08345407768849948,37.13816371702646,A
6565,27615.12,2788,991,0.08333023709210663,37.221493954118564,A
8622,27551.100000000002,190,100,0.08313705300387393,37.30463100712244,A
4678,27519.03,1197,703,0.08304027990625408,37.387671287028695,A
26383,27397.25,2275,672,0.08267280164532034,37.47034408867402,A
8778,27389.440000000002,556,398,0.08264923451428165,37.552993323188296,A
11826,27359.8,3270,987,0.08255979408355346,37.63555311727185,A
1921,27353.989999999998,401,280,0.08254226206929804,37.71809537934114,A
40425,27288.31,2073,725,0.08234406883413523,37.800439448175275,A
16819,26614.81,2219,474,0.08031174325736665,37.880751191432644,A
2665,26608.329999999998,1167,791,0.08029218947898882,37.96104338091163,A
812,26600.239999999998,1176,582,0.08026777743160046,38.041311158343234,A
3549,26542.93,1007,576,0.08009484116017566,38.12140599950341,A
1770,26508.170000000002,683,457,0.0799899508304823,38.20139595033389,A
5337,26354.309999999998,969,597,0.07952566929634478,38.280921619630234,A
2426,26285.190000000002,481,360,0.07931709566031474,38.36023871529055,A
15094,26259.47,1853,654,0.07923948405848179,38.43947819934903,A
4368,26240.280000000002,772,549,0.07918157711294624,38.51865977646198,A
5891,26095.68,1632,965,0.0787452381695153,38.5974050146315,A
34134,25980.3,2870,1090,0.07839707228228804,38.675802086913784,A
2889,25963.13,787,163,0.07834526080470361,38.75414734771849,A
8526,25813.23,877,605,0.07789292880179698,38.83204027652028,A
11828,25813.15,3085,934,0.07789268739712564,38.909932963917406,A
2834,25718.94,1556,829,0.07760840322104938,38.987541367138455,A
171,25694.9,510,382,0.07753586111731439,39.06507722825577,A
3351,25552.96,1504,918,0.07710754887920519,39.14218477713497,A
2656,25543.91,1009,630,0.07708023997576087,39.219265017110736,A
5921,25307.079999999998,1092,707,0.0763655916218691,39.29563060873261,A
14706,25282.5,2600,833,0.07629142003660262,39.37192202876921,A
1269,25221.629999999997,937,622,0.07610774125730359,39.448029770026515,A
24829,25188.22,2278,945,0.07600692463143895,39.52403669465795,A
38899,24927.86,1914,729,0.07522127312859192,39.59925796778654,A
8746,24812.62,3538,1010,0.07487352969953949,39.67413149748608,A
24379,24797.91,1909,470,0.07482914141559849,39.74896063890168,A
13430,24613.73,2227,838,0.07427336751102649,39.823234006412704,A
14672,24582.07,1153,405,0.07417783161234721,39.89741183802505,A
782,24530.31,469,204,0.07402164278999601,39.971433480815044,A
28147,24528.79,1921,689,0.07401705610124071,40.045450536916285,A
4174,24471.039999999997,896,628,0.07384279210412358,40.11929332902041,A
12771,24469.29,1771,672,0.07383751137693821,40.193130840397345,A
32826,24300.5,698,249,0.07332817769601353,40.26645901809336,A
1634,24225.01,699,434,0.07310038221302873,40.339559400306385,A
40545,24178.87,1613,572,0.07296115206883853,40.41252055237522,A
32924,24068.41,559,243,0.07262783256889813,40.48514838494412,A
4437,23693.850000000002,615,438,0.07149757589772598,40.55664596084184,A
1956,23693.05,395,295,0.07149516185101266,40.62814112269285,A
42764,23631.14,2138,658,0.07130834481098633,40.69944946750384,A
5315,23594.68,932,604,0.07119832463202719,40.77064779213587,A
6725,23546.77,1623,946,0.07105375340948378,40.841701545545355,A
2645,23476.62,738,514,0.07084207168831033,40.912543617233666,A
4673,23446.649999999998,335,206,0.07075163546331292,40.983295252696976,A
2492,23425.739999999998,426,35,0.07068853831734376,41.05398379101432,A
44547,23331.67,333,151,0.07040467659944231,41.12438846761376,A
35472,23285.64,1836,729,0.07026577838667519,41.19465424600044,A
1278,23232.370000000003,663,486,0.07010503305115262,41.26475927905159,A
6574,23217.83,1517,878,0.0700611577521382,41.334820436803724,A
597,23119.739999999998,826,492,0.06976516544950234,41.40458560225323,A
8626,22975.949999999997,1205,768,0.06933127072836863,41.4739168729816,A
43223,22902.71,2157,711,0.06911026475176503,41.54302713773336,A
1892,22889.79,23121,2016,0.06907127789734506,41.612098415630705,A
27351,22772.829999999998,1317,801,0.068718344267859,41.68081675989856,A
8107,22759.120000000003,588,412,0.06867697354230964,41.74949373344087,A
8670,22757.86,1914,773,0.06867317141873618,41.81816690485961,A
44038,22578.64,2036,909,0.06813236460378672,41.88629926946339,A
14622,22538.8,1620,643,0.06801214507746384,41.954311414540854,A
2756,22462.51,749,537,0.06778193554776571,42.02209335008862,A
10058,22375.56,1544,685,0.06751955884561275,42.08961290893423,A
35913,22281.35,2765,1021,0.06723527466953647,42.15684818360376,A
3612,22253.52,2448,1080,0.06715129601949718,42.22399947962326,A
34133,22105.61,2439,1044,0.0667049689577899,42.290704448581046,A
3694,22075.809999999998,1219,693,0.06661504571771908,42.357319494298764,A
2767,22058.97,103,89,0.0665642300344039,42.423883724333166,A
5491,21943.73,11027,1697,0.06621648660535145,42.490100210938515,A
29169,21856.49,1351,860,0.06595323481126492,42.55605344574978,A
4429,21785.449999999997,955,626,0.0657388674631229,42.62179231321291,A
4265,21782.18,1982,1188,0.06572900004718224,42.68752131326009,A
3529,21780.6,1540,835,0.06572423230492346,42.753245545565015,A
567,21742.5,750,344,0.06560926333020202,42.81885480889522,A
8358,21729.129999999997,1087,655,0.06556891857450581,42.88442372746972,A
3960,21724.3,1570,697,0.0655543437674742,42.9499780712372,A
19948,21639.49,1351,453,0.06529842464027934,43.01527649587748,A
28947,21604.63,1737,747,0.06519323255474681,43.08046972843223,A
6256,21541.59,2685,1014,0.06500300567373792,43.145472734105965,A
25269,21518.12,2388,826,0.06493218357828616,43.21040491768425,A
32908,21496.96,1804,741,0.06486833204271908,43.27527324972697,A
4153,21391.78,1772,866,0.06455094525108653,43.33982419497806,A
6918,21232.88,1312,839,0.06407145522265517,43.40389565020071,A
4218,21209.64,1236,855,0.06400132716563349,43.467896977366344,A
8498,21029.56,1644,767,0.06345792525046721,43.53135490261681,A
43434,21023.86,814,402,0.06344072516763487,43.59479562778445,A
3456,20990.36,964,448,0.06333963696151497,43.658135264745965,A
1465,20923.25,1375,806,0.06313712861785212,43.72127239336382,A
305,20880.54,746,463,0.06300824869894522,43.78428064206276,A
6857,20786.46,2570,997,0.06272435680545987,43.84700499886822,A
2973,20742.57,743,502,0.06259191616765085,43.90959691503587,A
2517,20730.969999999998,303,235,0.06255691249030783,43.97215382752618,A
8451,20698.87,1213,756,0.062460048865936244,44.034613876392115,A
8462,20679.629999999997,837,580,0.06240199104248111,44.09701586743459,A
6281,20619.74,1426,867,0.062221269470405884,44.159237136905,A
32648,20599.8,1820,774,0.06216109935607661,44.221398236261074,A
3938,20540.629999999997,1137,760,0.06198255042604335,44.28338078668712,A
3706,20421.98,1202,773,0.061624517122875436,44.34500530380999,A
3234,20350.93,307,237,0.06141011959914951,44.40641542340914,A
40096,20345.539999999997,846,553,0.06139385495941858,44.46780927836856,A
27461,20345.26,2074,671,0.06139301004306892,44.52920228841163,A
12220,20301.41,2055,751,0.06126069010759557,44.59046297851923,A
18347,20266.67,1433,626,0.06115586012907004,44.6516188386483,A
2723,20234.12,588,395,0.06105763860342221,44.71267647725172,A
5153,20163.39,1261,766,0.060844206698381614,44.7735206839501,A
38133,20155.49,2851,1094,0.06082036798708767,44.834341051937194,A
6249,20080.57,1543,651,0.0605942925123861,44.89493534444958,A
5356,20059.920000000002,2008,1161,0.06053197993159878,44.955467324381175,A
1396,20047.2,1280,759,0.060493596588857126,45.01596092097003,A
38888,20007.91,709,332,0.06037503671964964,45.07633595768968,A
3680,19925.55,745,485,0.06012651061051429,45.136462468300195,A
8066,19754.41,2159,965,0.059610085667369264,45.19607255396756,A
6595,19710.81,1819,721,0.059478520121493815,45.255551074089055,A
3050,19643.15,2185,966,0.05927435212071555,45.31482542620977,A
2531,19625.18,282,203,0.05922012659641781,45.37404555280619,A
21985,19594.87,1681,794,0.05912866440156724,45.43317421720776,A
1358,19593.84,316,267,0.05912555631642385,45.49229977352418,A
3637,19578.29,3701,1547,0.05907863328343388,45.551378406807615,A
5447,19390.59,1941,1116,0.058512237573323314,45.60989064438094,A
8472,19355.61,739,526,0.058406683380783794,45.66829732776172,A
19848,19311.83,1789,771,0.05827457467439786,45.72657190243612,A
44334,19280.0,1600,623,0.058178525790791996,45.784750428226914,A
8441,19197.13,1537,758,0.057928460726876914,45.84267888895379,A
5661,19180.22,1378,753,0.0578774338144743,45.90055632276827,A
1378,19122.35,2015,1299,0.05770280771035017,45.958259130478616,A
7345,19120.02,1898,732,0.05769577679929766,46.015954907277916,A
807,19035.489999999998,1051,516,0.05744070258845244,46.07339560986637,A
10266,19016.77,1123,473,0.057384213895360976,46.13077982376173,A
3606,19008.0,19200,2077,0.0573577499082663,46.18813757366999,A
15393,19007.73,2277,862,0.05735693516750055,46.24549450883749,A
3295,18967.58,1642,974,0.05723578019807627,46.302730289035566,A
2062,18912.039999999997,296,247,0.05706818500500466,46.35979847404057,A
4296,18910.38,1462,839,0.05706317585807455,46.41686164989865,A
3859,18789.1,2090,1264,0.056697206376336615,46.473558856274984,A
35442,18761.68,1432,525,0.05661446492523788,46.53017332120022,A
5292,18710.559999999998,944,617,0.05646020734025732,46.58663352854048,A
1379,18673.2,1280,909,0.0563474713587457,46.64298099989923,A
8815,18621.87,1713,584,0.056192580086502894,46.69917357998573,A
2436,18527.64,1236,869,0.055908235559258786,46.75508181554499,A
35464,18509.87,349,170,0.05585461354663937,46.81093642909163,A
23143,18490.19,1731,562,0.055795227997491925,46.866731657089126,A
39087,18460.25,1475,839,0.05570488229924627,46.92243653938837,A
3894,18424.07,1343,780,0.055595707036636785,46.97803224642501,A
19121,18356.69,1531,552,0.05539238395220818,47.03342463037722,A
1962,18348.3,1270,755,0.05536706663730232,47.08879169701452,A
4226,18336.04,1396,885,0.05533007137142083,47.14412176838594,A
1380,18258.29,371,276,0.055095456206470945,47.19921722459242,A
14551,18241.17,2283,595,0.05504379560680608,47.25426102019922,A
5111,18226.89,18411,1962,0.05500070487297348,47.3092617250722,A
32915,18202.73,1027,405,0.05492780066223149,47.36418952573443,A
415,18177.34,866,468,0.05485118485466779,47.4190407105891,A
822,18164.27,673,431,0.05481174536648908,47.47385245595559,A
35412,18069.56,1392,568,0.05452595241121699,47.528378408366805,A
1955,18030.12,1388,890,0.05440693990825076,47.58278534827505,A
4798,18027.41,9059,1736,0.05439876232500941,47.63718411060006,A
8480,17955.899999999998,1010,529,0.05418297672442334,47.69136708732449,A
10727,17953.14,1850,706,0.05417464826326242,47.74554173558775,A
5392,17944.93,907,615,0.05414987410886706,47.799691609696616,A
3724,17936.03,997,665,0.054123017839181484,47.8538146275358,A
3444,17903.52,448,338,0.05402491701586931,47.90783954455166,A
31915,17879.14,1554,536,0.053951348942281166,47.96179089349395,A
6692,17782.45,1763,686,0.05365958122139364,48.015450474715344,A
3782,17608.66,734,437,0.05313515974851076,48.06858563446386,A
15527,17590.56,1744,716,0.0530805419416221,48.12166617640548,A
31489,17539.21,1579,724,0.05292559031821146,48.174591766723694,A
8513,17507.53,1947,897,0.05282999406836435,48.227421760792055,A
4380,17485.59,1241,286,0.0527637888372518,48.28018554962931,A
24455,17452.86,832,377,0.05266502415109347,48.332850573780405,A
115,17437.77,623,387,0.05261948919496365,48.38547006297537,A
10421,17432.3,1570,870,0.052602983150561375,48.438073046125936,A
3834,17390.670000000002,1133,695,0.05247736219471747,48.49055040832065,A
18988,17386.95,1205,735,0.05246613687750057,48.54301654519815,A
4881,17331.329999999998,867,360,0.052298300279757626,48.59531484547791,A
3835,17313.63,1537,927,0.05224488949622563,48.64755973497413,A
3272,17296.48,952,647,0.052193138369809024,48.69975287334394,A
821,17272.57,443,310,0.05212098854866494,48.751873861892605,A
23355,17253.49,1151,359,0.05206341353455249,48.80393727542716,A
3397,17224.809999999998,619,354,0.05197686995988028,48.85591414538704,A
3636,17187.06,2594,1301,0.05186295713059593,48.907777102517635,A
824,17165.64,636,426,0.051798321029847036,48.959575423547484,A
4267,17036.8,720,516,0.05140953880666832,49.01098496235415,A
1348,17006.54,1046,767,0.051318227489737335,49.06230318984389,A
3389,16973.01,999,617,0.05121704875686568,49.113520238600756,A
3787,16970.77,1023,658,0.05121028942606842,49.16473052802682,A
35916,16958.02,2098,865,0.051171815556575025,49.215902343583394,A
40097,16943.829999999998,717,426,0.051128996402997666,49.26703133998639,A
3851,16917.420000000002,1058,696,0.0510493026858745,49.318080642672264,A
4563,16909.23,977,619,0.05102458888264698,49.36910523155491,A
5109,16861.87,1213,758,0.05088167731721897,49.41998690887213,A
2522,16841.5,350,271,0.0508202096527813,49.47080711852492,A
3038,16785.55,1545,795,0.05065137726076911,49.52145849578569,A
2894,16748.69,931,569,0.05054015005845332,49.57199864584414,A
23739,16689.42,1246,509,0.050361299372580895,49.62235994521672,A
1373,16684.95,1155,723,0.05034781088657028,49.67270775610329,A
3827,16666.170000000002,1283,646,0.050291141139975314,49.722998897243265,A
3511,16658.54,1646,948,0.05026811716944711,49.77326701441271,A
8838,16657.61,1039,515,0.05026531084014288,49.823532325252856,A
8517,16655.16,784,531,0.050257917822083366,49.873790243074936,A
3761,16652.53,347,119,0.050249981643513346,49.924040224718446,A
538,16649.86,1314,836,0.05024192476260768,49.974282149481056,A
4181,16594.16,1384,809,0.050073846760193406,50.02435599624125,A
3896,16532.25,5025,1857,0.049887029720167064,50.074243025961415,A
39348,16496.14,1386,659,0.049778065686645,50.12402109164806,A
3614,16488.17,683,401,0.04975401574626363,50.17377510739433,A
4478,16478.84,916,641,0.04972586192646965,50.223500969320796,A
2373,16465.6,1140,722,0.049685909453364346,50.27318687877416,A
31909,16459.09,791,432,0.04966626514823478,50.322853143922394,A
5297,16449.36,1064,716,0.04963690430508414,50.372490048227476,A
6498,16420.21,1079,646,0.04954894247796788,50.422038990705445,A
13215,16411.19,631,31,0.04952172410127529,50.47156071480672,A
5849,16366.48,952,481,0.04938680906558514,50.52094752387231,A
41159,16307.71,629,313,0.04920946715890853,50.57015699103122,A
2100,16273.710000000001,1629,821,0.049106870173592825,50.619263861204814,A
5616,16271.859999999999,814,567,0.04910128769056829,50.66836514889538,A
3310,16197.19,2781,1338,0.048875966605464644,50.71724111550085,A
43362,16188.16,148,80,0.04884871805318815,50.766089833554034,A
14701,16174.03,1947,804,0.04880607995311429,50.81489591350715,A
2374,16099.150000000001,385,274,0.0485801251807484,50.8634760386879,A
5197,16004.98,2002,1112,0.048295961707007784,50.911772000394905,A
8258,15984.67,533,361,0.048234675096073605,50.96000667549098,A
46447,15920.55,1345,651,0.04804118925200174,51.008047864742984,A
8473,15919.960000000001,404,312,0.04803940889255068,51.056087273635534,A
20533,15916.75,1225,449,0.04802972253011351,51.104116996165644,A
3364,15907.84,616,436,0.048002836084844014,51.152119832250484,A
5847,15849.249999999998,675,481,0.0478260373386779,51.199945869589165,A
5382,15639.75,1225,711,0.04719385885562962,51.24713972844479,A
8023,15633.390000000001,3211,1206,0.047174667184258806,51.29431439562905,A
5444,15612.189999999999,781,413,0.047110694946356065,51.341425090575406,A
1237,15601.83,317,234,0.047079433041418685,51.388504523616824,A
1212,15596.83,717,378,0.047064345249460494,51.435568868866284,A
6174,15593.130000000001,1559,647,0.04705318028341143,51.4826220491497,A
40098,15565.48,652,442,0.04696974479388263,51.52959179394358,A
1637,15497.11,1389,700,0.0467634343266463,51.57635522827023,A
443,15483.810000000001,419,305,0.046723300800037504,51.62307852907027,A
16610,15462.93,1407,510,0.04666029418082009,51.66973882325109,A
8450,15446.91,809,511,0.04661195289538604,51.71635077614647,A
7715,15432.76,2624,658,0.04656925444414435,51.762920030590614,A
46476,15424.56,1544,618,0.046544510465332915,51.809464541055945,A
2287,15400.310000000001,369,267,0.04647133467433569,51.85593587573028,A
14539,15394.73,1027,381,0.04645449669851034,51.90239037242879,A
6855,15332.33,767,554,0.046266201054872086,51.94865657348366,A
3682,15332.019999999999,598,400,0.046265265611770676,51.99492183909543,A
46379,15291.46,854,460,0.04614287344340582,52.04106471253884,A
5765,15291.17,1083,661,0.046141998351472244,52.087206710890314,A
8288,15283.75,1025,433,0.04611960806820629,52.13332631895852,A
18950,15273.509999999998,849,334,0.046088708270275905,52.17941502722879,A
28889,15273.14,986,677,0.046087591773671,52.22550261900246,A
4488,15252.15,1385,367,0.046024253223030505,52.27152687222549,A
3452,15214.33,1897,788,0.04591012916465874,52.317437001390154,A
3534,15209.97,603,467,0.04589697261007119,52.36333397400023,A
2748,15209.550000000001,45,34,0.0458957052355467,52.40922967923577,A
3830,15185.67,633,365,0.04582364594115437,52.45505332517693,A
24631,15143.939999999999,606,262,0.04569772322947129,52.5007510484064,A
8102,15140.14,586,403,0.04568625650758307,52.54643730491398,A
40337,15133.95,1455,645,0.045667577821138824,52.59210488273512,A
1758,15122.230000000001,377,299,0.04563221203678882,52.63773709477191,A
6974,15114.22,1078,355,0.0456080413940718,52.683345136165975,A
28138,15110.85,1507,596,0.045597872222291974,52.72894300838827,A
4916,15094.89,1511,767,0.04554971199036142,52.77449272037863,A
2989,15079.42,58,28,0.04550303036204277,52.819995750740674,A
2721,15057.49,251,134,0.04543685530651414,52.865432606047186,A
31277,15030.6,940,367,0.04535571316136298,52.91078831920855,A
4829,15023.76,1224,657,0.04533507306196417,52.95612339227051,A
1398,15021.36,264,198,0.045327830921824235,53.00145122319234,A
41213,15006.96,836,366,0.045284378080984636,53.046735601273326,A
8296,14974.65,535,416,0.0451868807693508,53.091922482042676,A
3627,14941.13,1087,784,0.04508573221206307,53.13700821425474,A
45822,14897.81,1519,656,0.04495501158253729,53.18196322583728,A
32108,14884.66,934,467,0.04491533068968724,53.22687855652697,A
3025,14821.27,1223,404,0.04472404766324128,53.271602604190214,A
16262,14794.59,1041,482,0.044643539205352356,53.31624614339557,A
903,14790.519999999999,548,373,0.04463125774269838,53.36087740113827,A
43809,14785.27,1173,620,0.044615415561142284,53.40549281669941,A
1024,14783.88,512,109,0.044611221154977905,53.45010403785439,A
3158,14764.31,869,610,0.04455216753725354,53.49465620539164,A
10451,14716.27,1473,664,0.044407204032119216,53.53906340942376,A
18893,14715.27,1473,695,0.04440418647372758,53.58346759589749,A
8264,14683.82,1318,568,0.044309284262310546,53.6277768801598,A
15229,14682.48,352,183,0.04430524073406575,53.67208212089387,A
6264,14676.14,1886,582,0.04428610941386276,53.71636823030773,A
3808,14658.76,1124,743,0.044233664249016084,53.76060189455674,A
11141,14650.41,1459,694,0.0442084676364459,53.80481036219319,A
4089,14620.81,619,431,0.0441191479080534,53.84892951010124,A
3818,14564.59,441,339,0.04394950077527548,53.89287901087652,A
23095,14532.210000000001,2079,915,0.043851792234554224,53.936730803111075,A
4734,14513.14,886,529,0.04379424739602567,53.980525050507104,A
3316,14508.04,1196,391,0.04377885784822832,54.024303908355336,A
3899,14507.640000000001,3636,1374,0.043777650824871665,54.06808155918021,A
408,14499.939999999999,806,579,0.04375441562525604,54.111835974805466,A
36523,14450.36,964,474,0.04360480508019861,54.155440779885666,A
6599,14356.05,1095,488,0.043320219148283164,54.19876099903395,A
11825,14332.33,1717,736,0.0432486426632335,54.24200964169719,A
4359,14304.49,1151,538,0.04316463383761028,54.2851742755348,A
39413,14276.12,1588,664,0.0430790257060395,54.32825330124084,A
28856,14274.859999999999,714,333,0.04307522358246603,54.371328524823305,A
22447,14252.61,2039,739,0.043008082908252074,54.414336607731556,A
44511,14244.17,863,388,0.042982614715426644,54.45731922244698,A
6269,14209.02,1766,760,0.042876547537960545,54.50019576998494,A
5296,14205.099999999999,490,364,0.042864718709065316,54.543060488694,A
6869,14121.93,1407,451,0.042613748377632744,54.585674237071636,A
1281,14120.58,942,591,0.04260967467380403,54.62828391174544,A
3427,14115.72,528,392,0.04259500934002067,54.67087892108546,A
26399,14094.54,1746,751,0.04253109745328576,54.713410018538745,A
273,14088.88,612,387,0.04251401807278908,54.75592403661153,A
8021,14088.02,298,256,0.04251142297257228,54.798435459584105,A
4246,14076.800000000001,1820,1141,0.0424775659674181,54.84091302555152,A
10723,14048.73,1127,465,0.04239286310336479,54.88330588865489,A
24875,14028.93,2007,925,0.04233311544721036,54.9256390041021,A
5124,13993.05,195,160,0.042224845452118354,54.96786384955422,A
28457,13978.23,777,298,0.042180125236754275,55.010043974790975,A
3837,13916.43,14057,1735,0.04199364012815101,55.05203761491912,A
24327,13888.0,600,313,0.041907850943076724,55.0939454658622,A
24378,13846.14,1386,239,0.04178153594880273,55.135727001811,A
44208,13789.109999999999,589,379,0.04160944459372758,55.17733644640472,A
8474,13781.54,346,275,0.04158660167670288,55.21892304808143,A
44228,13752.11,1189,488,0.04149779493323696,55.260420843014664,A
39146,13750.57,1143,448,0.041493147893313834,55.30191399090798,A
6867,13748.779999999999,722,330,0.041487746463792795,55.34340173737177,A
26948,13709.789999999999,621,216,0.04137009186210281,55.38477182923388,A
5353,13615.83,717,457,0.04108656207562445,55.425858391309504,A
1468,13538.07,293,164,0.040851916735090636,55.4667103080446,A
2398,13471.74,526,409,0.04065176208697325,55.50736207013157,A
6976,13449.259999999998,674,322,0.040583927374329205,55.5479459975059,A
5233,13446.449999999999,655,488,0.04057544803524871,55.58852144554115,A
14129,13372.710000000001,1305,562,0.04035293327944928,55.6288743788206,A
32832,13345.55,445,171,0.04027097639353237,55.66914535521413,A
5096,13326.880000000001,1312,842,0.04021463857836049,55.70935999379249,A
2117,13300.76,1624,1067,0.04013581995317088,55.74949581374566,A
3366,13274.29,371,255,0.04005594518254421,55.789551758928205,A
42099,13245.619999999999,638,462,0.039969431783455925,55.82952119071166,A
966,13237.089999999998,591,402,0.039943692010375245,55.869464882722035,A
8761,13203.68,1432,929,0.039842875384510604,55.90930775810654,A
4223,13202.31,569,402,0.03983874132951406,55.949146499436054,A
3656,13196.07,493,366,0.039819911765150234,55.988966411201204,A
10236,13171.7,882,463,0.03974637386714601,56.02871278506835,A
2494,13157.2,280,211,0.03970261927046725,56.068415404338815,A
5219,13153.419999999998,658,454,0.03969121289974684,56.10810661723856,A
2944,13132.1,290,229,0.03962687855483712,56.147733495793396,A
19494,13131.24,876,347,0.03962428345462031,56.18735777924802,A
39384,13113.359999999999,856,456,0.039570329510577804,56.22692810875859,A
4233,13097.67,1033,394,0.039522984019413,56.266451092778006,A
3527,13083.609999999999,439,332,0.03948055714842656,56.305931649926436,A
5399,13022.56,6544,1340,0.03929633520861703,56.345227985135054,A
42881,13012.59,1841,799,0.03926625015145239,56.3844942352865,A
6234,13003.18,1582,677,0.03923785492698707,56.42373209021349,A
5587,13000.91,709,487,0.03923100506943805,56.46296309528293,A
3326,12993.95,1305,682,0.03921000286303225,56.50217309814596,A
1239,12951.460000000001,254,207,0.039081786806971525,56.541254884952934,A
3356,12943.57,2143,1241,0.03905797827126149,56.580312863224194,A
27350,12932.529999999999,747,510,0.0390246644266178,56.61933752765081,A
23256,12912.77,923,342,0.03896503747279902,56.65830256512361,A
4199,12912.41,559,386,0.03896395115177803,56.69726651627539,A
3967,12894.21,679,426,0.03890903158905021,56.73617554786444,A
1382,12876.900000000001,310,249,0.038856797653290955,56.77503234551773,A
36770,12819.83,989,447,0.03868458559588013,56.81371693111361,A
6542,12781.55,1945,726,0.03856907346064821,56.85228600457426,A
3042,12778.12,1038,464,0.03855872323536489,56.89084472780962,A
4682,12770.37,363,262,0.03853533715782969,56.929380064967454,A
5401,12752.710000000001,2129,1249,0.03848204707663335,56.96786211204409,A
2587,12742.289999999999,671,527,0.038450604118192476,57.00631271616228,A
31487,12726.93,1307,567,0.038404254421296906,57.04471697058357,A
3779,12721.29,971,546,0.038387235391968075,57.08310420597554,A
8166,12719.32,568,415,0.03838129080193654,57.121485496777474,A
14240,12700.99,1401,482,0.0383259789566178,57.159811475734095,A
34903,12682.82,1318,587,0.03827114992064173,57.198082625654735,A
4679,12661.51,1049,535,0.038206845751315915,57.23628947140605,A
13708,12649.96,604,478,0.03817199295189248,57.27446146435795,A
3497,12648.73,127,105,0.03816828135507077,57.31262974571302,A
8338,12624.17,583,441,0.03809417012097213,57.35072391583399,A
4652,12599.37,63,37,0.03801933467285949,57.38874325050685,A
6647,12550.42,1258,594,0.03787162518958878,57.42661487569644,A
40193,12534.44,1256,541,0.0378234046064904,57.46443828030293,A
2952,12515.07,593,481,0.037764954500444356,57.502203234803375,A
4502,12512.31,569,428,0.03775662603928343,57.53995986084266,A
3679,12468.33,567,408,0.03762391382121917,57.57758377466388,A
10239,12445.130000000001,887,361,0.03755390646653316,57.61513768113041,A
8143,12440.83,309,150,0.03754093096544911,57.65267861209586,A
2017,12438.07,193,163,0.037532602504288186,57.69021121460015,A
2854,12410.85,215,139,0.03745046456486779,57.72766167916502,A
3699,12396.9,310,212,0.03740836962530442,57.76507004879032,A
1023,12390.630000000001,237,82,0.03738944953418885,57.80245949832451,A
1479,12381.75,975,593,0.0373626536156711,57.83982215194018,A
27735,12379.210000000001,979,463,0.037354989017356344,57.87717714095754,A
12213,12355.49,1351,584,0.03728341253230667,57.914460553489846,A
4135,12352.23,12477,1807,0.037273575291949926,57.951734128781794,A
14078,12342.08,592,455,0.0372429470742748,57.98897707585607,A
24369,12337.710000000001,1029,405,0.037229760344103344,58.026206836200174,A
4939,12335.08,692,511,0.03722182416553333,58.06342866036571,A
4187,12329.759999999998,624,491,0.03720577075488981,58.100634431120596,A
2958,12327.99,201,166,0.037200429676536605,58.137834860797135,A
5367,12321.84,1266,664,0.03718187169242804,58.17501673248956,A
8236,12302.93,8257,1531,0.03712480966324215,58.2121415421528,A
3072,12282.49,451,265,0.037063130769717054,58.24920467292252,A
45604,12273.859999999999,614,252,0.03703708924079721,58.286241762163314,A
3227,12253.37,1363,636,0.03697525946935254,58.323217021632665,A
35414,12248.23,969,487,0.03695974921921952,58.360176770851886,A
39356,12228.15,585,443,0.03689915664671541,58.397075927498605,A
42766,12205.42,1094,514,0.03683056754447347,58.433906495043075,A
2755,12195.119999999999,488,336,0.03679948669303958,58.47070598173612,A
3766,12158.710000000001,929,529,0.03668961739200003,58.50739559912812,A
4291,12158.64,936,574,0.036689406162912615,58.54408500529103,A
28069,12138.720000000001,1512,710,0.03662929639975118,58.58071430169078,A
24188,12130.539999999999,722,384,0.03660461277210757,58.61731891446289,A
10957,12126.67,1233,610,0.03659293482113193,58.65391184928402,A
20357,12118.89,1211,455,0.03656945821684498,58.69048130750087,A
4268,12092.74,526,407,0.036490549064903635,58.72697185656577,A
5254,12073.130000000001,1187,813,0.036431374744843606,58.76340323131061,A
6688,12042.35,1189,323,0.036338494297548964,58.79974172560816,A
27644,12027.960000000001,1204,566,0.03629507163229329,58.83603679724045,A
6526,12019.97,1503,352,0.03627096134074409,58.8723077585812,A
39593,12017.97,1203,718,0.03626492622396081,58.908572684805165,A
11970,12017.24,676,354,0.03626272340633492,58.9448354082115,A
8628,12016.4,1060,385,0.03626018865728594,58.98109559686879,A
41546,12014.65,1335,525,0.036254907930100576,59.01735050479889,A
3924,12010.509999999998,449,356,0.03624241523835919,59.053592920037254,A
4222,12002.41,959,572,0.03621797301538692,59.08981089305264,A
18142,11998.0,200,88,0.0362046655828798,59.12601555863552,A
5170,11987.37,863,584,0.036172588937176675,59.1621881475727,A
8562,11985.73,727,522,0.03616764014141439,59.198355787714114,A
4157,11980.98,12102,1813,0.036153306739054106,59.234509094453166,A
1896,11963.849999999999,115,105,0.03610161596380533,59.270610710416975,A
8387,11962.98,502,407,0.03609899068800461,59.30670970110498,A
1388,11931.25,475,369,0.036003243560237916,59.342712944665216,A
7221,11927.130000000001,1137,665,0.03599081121966437,59.37870375588488,A
5060,11926.42,858,571,0.035988668753206304,59.41469242463808,A
3089,11910.45,1155,759,0.035940478345691834,59.45063290298378,A
77,11892.92,908,574,0.035887580547086406,59.48652048353086,A
32263,11872.84,1016,436,0.0358269879745823,59.52234747150544,A
20862,11871.89,911,435,0.03582412129411025,59.55817159279955,A
8469,11869.5,450,328,0.03581690932955423,59.59398850212911,A
3821,11862.49,1051,711,0.03579575624522885,59.629784258374336,A
34428,11857.97,703,315,0.03578211688129864,59.665566375255636,A
14416,11842.56,744,326,0.03573561630648349,59.70130199156212,A
3654,11834.84,216,155,0.035712320755700036,59.73701431231782,A
3502,11826.51,1049,735,0.03568718449429769,59.77270149681212,A
46764,11774.21,979,489,0.03552936619041499,59.808230863002535,A
3871,11760.630000000001,1037,669,0.035488387747456544,59.84371925074999,A
13661,11749.38,526,246,0.0354544402155506,59.879173690965544,A
8329,11735.95,1305,609,0.0354139144063509,59.91458760537189,A
24419,11704.18,982,414,0.03531804657624854,59.94990565194814,A
1060,11676.17,383,232,0.03523352476569874,59.985139176713844,A
8413,11675.509999999998,649,460,0.03523153317716026,60.020370709891004,A
11957,11639.27,823,466,0.03512217686104728,60.05549288675205,A
6162,11610.72,528,277,0.035036025568966,60.09052891232101,A
5368,11603.119999999999,538,399,0.03501309212518954,60.1255420044462,A
36771,11593.56,908,451,0.034984244266965475,60.16052624871317,A
3513,11574.849999999999,415,309,0.03492778574945792,60.19545403446263,A
1415,11566.17,883,534,0.034901593342618505,60.230355627805245,A
3788,11539.859999999999,414,291,0.03482220138133449,60.26517782918658,A
8627,11533.08,1207,435,0.03480174233543918,60.299979571522016,A
46021,11531.51,849,427,0.03479700476876431,60.33477657629078,A
2586,11496.550000000001,3845,1239,0.03469151092739263,60.36946808721817,A
8214,11438.55,1145,703,0.03451649254067758,60.40398457975885,A
4903,11411.4,2860,847,0.0344345658303446,60.438419145589194,A
26949,11403.039999999999,496,192,0.03440933904219049,60.472828484631385,A
4194,11392.23,877,575,0.034376719235976884,60.507205203867365,A
984,11389.75,425,308,0.03436923569116562,60.54157443955853,A
2152,11371.72,1128,748,0.03431482911336438,60.575889268671894,A
4179,11371.17,483,338,0.034313169456248974,60.61020243812814,A
8033,11367.98,3802,1161,0.03430354344497964,60.64450598157312,A
2956,11362.42,758,479,0.03428676582032214,60.67879274739344,A
31186,11333.4,660,455,0.03419919627579678,60.71299194366924,A
8840,11311.73,827,458,0.03413380578544998,60.74712574945469,A
2783,11260.98,702,444,0.03398066469707432,60.781106414151765,A
8898,11253.67,433,325,0.03395860634523144,60.815065020496995,A
3583,11250.859999999999,514,375,0.03395012700615093,60.849015147503145,A
2122,11248.59,1041,709,0.033943277148601916,60.88295842465175,A
2468,11244.199999999999,380,268,0.03393003006726262,60.91688845471901,A
2951,11240.18,282,233,0.033917899482528234,60.95080635420154,A
4224,11229.26,674,457,0.03388494774489154,60.984691301946434,A
2623,11219.13,387,285,0.033854379878384244,61.01854568182482,A
31494,11161.960000000001,1004,572,0.033681866065134264,61.052227547889956,A
15035,11121.880000000001,1012,372,0.03356092232479739,61.08578847021475,A
12216,11099.83,1067,547,0.03349438516226176,61.119282855377016,A
3396,11082.929999999998,507,394,0.03344338842544307,61.15272624380246,A
3733,11059.07,93,78,0.03337138948221857,61.18609763328468,A
21019,11047.279999999999,472,372,0.033335812468781145,61.21943344575346,A
3704,11040.0,400,262,0.03331384464369002,61.25274729039715,A
2208,11038.529999999999,147,93,0.03330940883285431,61.28605669923001,A
3658,11008.16,184,152,0.03321776558450025,61.31927446481451,A
5890,11007.31,469,337,0.03321520065986736,61.35248966547438,A
24493,11003.01,499,199,0.033202225158783315,61.38569189063316,A
12666,10948.12,1088,490,0.03303659137866627,61.41872848201183,A
7302,10941.34,866,416,0.03301613233277096,61.4517446143446,A
23253,10934.529999999999,547,260,0.0329955827601239,61.48474019710472,A
25883,10908.98,302,116,0.03291848414321753,61.51765868124794,A
3768,10908.46,1854,721,0.03291691501285388,61.55057559626079,A
12147,10900.92,1108,549,0.03289416262258093,61.583469758883375,A
2890,10887.3,370,296,0.03285306347728681,61.616322822360665,A
3800,10880.050000000001,195,159,0.03283118617894743,61.64915400853961,A
4201,10872.630000000001,837,538,0.032808795895681475,61.681962804435294,A
3347,10852.300000000001,270,224,0.03274744893357947,61.71471025336887,A
35664,10849.14,1086,601,0.032737913449061885,61.74744816681793,A
24805,10843.23,1077,182,0.0327200796789673,61.7801682464969,A
33582,10837.12,888,428,0.03270164239719439,61.81286988889409,A
1359,10832.13,387,328,0.03268658478082011,61.84555647367491,A
1734,10822.81,469,332,0.032658461136610036,61.878214934811524,A
8203,10793.9,3610,1267,0.03257122352350776,61.91078615833503,A
6575,10742.92,908,399,0.03241738839670203,61.94320354673173,A
16260,10726.45,755,369,0.032367689209991744,61.97557123594172,A
388,10708.11,739,349,0.03231234718908909,62.00788358313081,A
8590,10701.69,1531,889,0.03229297446421477,62.040176557595025,A
3790,10697.76,224,189,0.03228111545973564,62.072457673054764,A
3085,10680.17,1783,950,0.03222803660762671,62.10468570966239,A
1397,10676.11,739,566,0.03221578532055666,62.13690149498295,A
32968,10669.38,1062,521,0.03219547715258093,62.169096972135534,A
8726,10658.44,5356,1394,0.0321624650637764,62.20125943719931,A
1623,10653.59,741,550,0.032147829905576956,62.23340726710489,A
6938,10635.29,1171,509,0.03209260858700998,62.265499875691894,A
8822,10614.66,5334,1281,0.03203035635739046,62.29753023204928,A
14818,10608.41,659,307,0.03201149661744272,62.329541728666726,A
37731,10588.51,849,560,0.03195144720544912,62.36149317587218,A
21469,10580.48,352,204,0.03192721621156426,62.39342039208374,A
2965,10574.66,234,179,0.03190965402172492,62.425330046105465,A
1271,10547.890000000001,211,174,0.03182887398358076,62.45715892008904,A
41072,10540.15,685,316,0.03180551808162947,62.488964438170676,A
5505,10539.449999999999,555,356,0.03180340579075532,62.52076784396143,A
8085,10533.01,299,237,0.03178397271471318,62.55255181667614,A
8421,10526.73,1527,630,0.031765022448013686,62.584316839124156,A
38652,10510.91,529,264,0.03171728467425797,62.616034123798414,A
8961,10498.539999999999,7046,1409,0.031679957476953395,62.64771408127537,A
6824,10497.72,628,223,0.03167748307907225,62.67939156435444,A
3329,10487.939999999999,606,450,0.03164797135800202,62.711039535712445,A
24665,10468.26,374,123,0.031588585808854576,62.7426281215213,A
41940,10458.039999999999,496,171,0.03155774636209203,62.77418586788339,A
1595,10457.460000000001,654,516,0.03155599617822488,62.805741864061616,A
23357,10447.25,275,112,0.031525186907046254,62.83726705096866,A
23353,10441.47,653,308,0.03150774541954258,62.86877479638821,A
3216,10440.78,922,485,0.03150566330425235,62.90028045969246,A
5165,10438.339999999998,566,410,0.03149830046177674,62.93177876015424,A
36648,10416.26,174,93,0.03143167277248937,62.96321043292673,A
24840,10405.7,730,343,0.03139980735587367,62.994610240282604,A
4528,10399.33,67,57,0.03138058550891893,63.025990825791524,A
3194,10387.67,433,248,0.03134540077807242,63.057336226569596,A
24768,10377.51,649,218,0.031314742384813375,63.08865096895441,A
4896,10376.699999999999,530,325,0.03131229816251615,63.11996326711693,A
29212,10359.48,1152,589,0.03126033580701213,63.15122360292394,A
2692,10350.45,255,212,0.031233087254735635,63.182456690178675,A
29431,10327.01,299,165,0.031162355686035623,63.21361904586471,A
2476,10267.9,410,329,0.03098398780950587,63.24460303367422,A
34904,10266.44,1076,470,0.03097958217425408,63.27558261584847,A
4494,10257.8,620,272,0.030953510469750315,63.30653612631822,A
3609,10251.45,10355,1591,0.030934348973963417,63.337470475292186,A
14342,10246.78,1222,555,0.030920256976274464,63.36839073226846,A
4783,10229.73,827,451,0.030868807605697022,63.39925953987416,A
38772,10227.98,602,346,0.030863526878511655,63.43012306675267,A
17345,10227.9,810,427,0.030863285473840325,63.46098635222651,A
3961,10219.74,426,258,0.030838662197364555,63.491825014423874,A
4628,10198.98,102,40,0.030776017685154134,63.52260103210903,A
32749,10191.95,905,320,0.03075480424966092,63.55335583635869,A
26463,10189.9,1210,456,0.03074861825495806,63.58410445461365,A
3133,10156.76,924,562,0.03064861636985916,63.61475307098351,A
23382,10153.65,635,274,0.03063923176326116,63.64539230274677,A
2960,10129.02,98,91,0.030564909300075105,63.675957212046846,A
8440,10128.9,510,360,0.030564547193068108,63.70652175923991,A
676,10098.89,811,587,0.030473990265735027,63.736995749505645,A
4385,10095.96,404,297,0.030465148819647528,63.76746089832529,A
2496,10068.1,190,157,0.03038107964285648,63.79784197796815,A
4806,10058.29,671,396,0.030351477395034507,63.828193455363184,A
8537,10057.949999999999,605,334,0.030350451425181346,63.85854390678836,A
3667,10048.869999999999,513,399,0.030323051994985268,63.888866958783346,A
42422,10012.49,651,312,0.030213273220697456,63.91908023200404,A
8620,9999.66,834,595,0.030174557946532735,63.94925478995057,A
3579,9992.28,822,307,0.03015228836560244,63.97940707831617,A
11488,9965.97,903,530,0.030072896404318424,64.00947997472049,A
44943,9945.78,622,268,0.03001197190039125,64.03949194662088,A
2696,9945.33,267,224,0.030010613999115008,64.06950256062,A
34460,9930.79,821,361,0.02996673870010059,64.09946929932009,A
8312,9929.41,1059,262,0.02996257446952012,64.12943187378961,A
14805,9923.12,1088,382,0.02994359402723672,64.15937546781684,A
4639,9918.76,124,51,0.02993043747264917,64.18930590528949,A
8342,9914.32,668,312,0.029917039513390295,64.21922294480288,A
2131,9911.37,763,454,0.029908137716134965,64.24913108251901,A
1394,9908.019999999999,598,468,0.029898028895522972,64.27902911141453,A
26732,9876.94,706,342,0.02980424318071085,64.30883335459524,A
3352,9867.41,359,187,0.02977548584923853,64.33860884044448,A
24002,9863.05,1395,581,0.02976232929465098,64.36837116973913,A
24088,9862.48,552,321,0.029760609286367753,64.3981317790255,A
6960,9858.29,1271,456,0.02974796571670679,64.42787974474221,A
5221,9835.18,782,556,0.029678229942276018,64.45755797468449,A
6523,9821.52,648,456,0.029637010094646234,64.48719498477914,A
3877,9800.35,865,590,0.029573128383495247,64.51676811316263,A
1005,9797.2,280,175,0.029563623074561587,64.54633173623719,A
19357,9795.71,1629,394,0.029559126912558045,64.57589086314975,A
46202,9782.14,738,380,0.029518178645183506,64.60540904179494,A
7535,9775.68,1632,625,0.029498685217973525,64.63490772701292,A
6231,9744.58,522,257,0.02940483915199356,64.66431256616491,A
11827,9736.38,1162,588,0.02938009517318212,64.69369266133809,A
3150,9734.15,885,592,0.029373366017968774,64.72306602735605,A
41321,9730.289999999999,475,237,0.029361718242577044,64.75242774559864,A
4932,9716.55,1545,670,0.029320256990275934,64.78174800258891,A
6351,9712.02,498,257,0.029306587450761812,64.81105459003967,A
2986,9700.529999999999,147,89,0.02927191570484188,64.84032650574451,A
16289,9686.06,994,549,0.02922825163491487,64.86955475737943,A
5713,9647.7,630,471,0.02911249809501162,64.89866725547445,A
13497,9641.89,811,287,0.029094966080756193,64.92776222155521,A
24936,9638.57,643,195,0.029084947786895955,64.95684716934211,A
3687,9634.800000000001,1720,961,0.02907357159175948,64.98592074093388,A
2924,9631.0,400,317,0.02906210486987125,65.01498284580374,A
8155,9602.75,1925,1050,0.02897685884530746,65.04395970464905,A
18010,9599.05,1595,479,0.0289656938792584,65.07292539852831,A
27835,9597.34,566,298,0.0289605338544087,65.10188593238271,A
24786,9593.61,39,14,0.028949278361607884,65.13083521074432,A
20863,9573.63,737,331,0.028888987544942943,65.15972419828927,A
7254,9572.02,1198,638,0.028884129275932407,65.1886083275652,A
6854,9563.62,638,474,0.02885878178544265,65.21746710935065,A
31542,9560.5,350,169,0.028849367003260733,65.24631647635391,A
8892,9558.46,354,162,0.028843211184141782,65.27515968753805,A
31866,9548.63,637,423,0.02881354858515198,65.3039732361232,A
1961,9528.25,275,203,0.02875205074513039,65.33272528686832,A
4634,9527.51,749,354,0.028749817751920575,65.36147510462024,A
2640,9520.73,227,186,0.028729358706025263,65.39020446332627,A
8424,9518.42,358,276,0.02872238814614058,65.4189268514724,A
3923,9513.29,71,61,0.02870690807159148,65.447633759544,A
3689,9511.75,525,385,0.028702261031668348,65.47633602057567,A
26092,9506.94,906,397,0.028687746575804567,65.50502376715147,A
28658,9493.44,1056,454,0.02864700953751745,65.533670776689,A
35918,9470.55,945,464,0.028577937625932838,65.56224871431493,A
12586,9463.36,1164,634,0.02855624138109696,65.59080495569603,A
4145,9446.439999999999,556,379,0.028505184293110428,65.61931013998914,A
6213,9444.18,1182,662,0.028498364611145334,65.64780850460028,A
8189,9437.05,295,241,0.028476849419812943,65.6762853540201,A
3041,9412.05,895,414,0.028401410460021977,65.70468676448012,A
8187,9387.929999999998,507,396,0.028328626951615657,65.73301539143173,A
4349,9372.23,577,391,0.028281251284866932,65.7612966427166,A
32546,9368.14,486,170,0.028268909471045132,65.78956555218765,A
1323,9364.269999999999,473,316,0.028257231520069485,65.81782278370773,A
6455,9357.61,783,405,0.02823713458118118,65.8460599182889,A
1886,9352.49,851,583,0.02822168468221599,65.87428160297112,A
5031,9351.33,567,401,0.028218184314481688,65.9024997872856,A
6385,9308.82,718,393,0.02808990790725313,65.93058969519286,A
7716,9298.38,1562,427,0.028058404597644422,65.95864809979051,A
3936,9291.15,385,216,0.028036587650472875,65.98668468744098,A
2967,9287.43,157,135,0.028025362333255983,66.01471004977424,A
5232,9284.359999999999,564,439,0.028016098428993646,66.04272614820323,A
3745,9276.41,1859,1018,0.027992108839780126,66.07071825704301,A
2366,9266.630000000001,237,186,0.027962597118709905,66.09868085416173,A
8790,9252.960000000001,704,411,0.027921347095496204,66.12660220125723,A
31558,9246.24,576,255,0.027901069103104387,66.15450327036034,A
14838,9227.17,619,339,0.027843524264575842,66.18234679462492,A
661,9224.12,638,489,0.027834320711481342,66.2101811153364,A
1174,9223.71,429,328,0.027833083512540765,66.23801419884894,A
1178,9194.25,825,610,0.0277441862423231,66.26575838509126,A
32368,9172.08,692,382,0.02767728697278047,66.29343567206404,A
6660,9158.89,611,469,0.027637485377594754,66.32107315744163,A
2132,9157.95,705,290,0.02763464887270662,66.34870780631434,A
14393,9157.38,762,372,0.02763292886442338,66.37634073517876,A
16695,9151.92,608,280,0.027616452995605036,66.40395718817436,A
4390,9147.0,200,155,0.027601606608318174,66.43155879478267,A
19270,9121.35,365,202,0.027524206235572647,66.45908300101824,A
6420,9116.59,1141,482,0.027509842657628444,66.48659284367587,A
5725,9115.53,847,605,0.027506644045733313,66.5140994877216,A
3054,9111.710000000001,729,515,0.02749511697267725,66.54159460469427,A
3368,9106.64,536,407,0.027479817951631638,66.5690744226459,A
5438,9100.89,911,661,0.027462466990879716,66.59653688963678,A
3524,9095.449999999999,455,355,0.0274460514732292,66.62398294111001,A
24429,9088.42,758,348,0.027424838037735988,66.65140777914775,A
17876,9084.63,1137,456,0.027413401491431674,66.67882118063918,A
6876,9068.86,1514,707,0.027365814595595537,66.70618699523477,A
4152,9065.69,1531,875,0.027356248935494043,66.73354324417026,A
36543,9055.47,453,208,0.02732540948873149,66.76086865365899,A
37904,9046.5,750,369,0.027298341989958497,66.78816699564895,A
10596,9045.51,549,395,0.02729535460715078,66.8154623502561,A
2554,9044.21,79,58,0.027291431781241642,66.84275378203733,A
38850,9042.72,1068,366,0.0272869356192381,66.87004071765658,A
32989,9030.87,813,502,0.02725117755229719,66.89729189520888,A
8910,9012.960000000001,9104,1335,0.02719713308150294,66.92448902829038,A
44494,9002.14,946,506,0.027164483099705407,66.95165351139009,A
41714,8999.28,1772,732,0.027155852882705327,66.97880936427279,A
41253,8999.04,776,285,0.027155128668691332,67.00596449294149,A
4229,8996.17,383,283,0.027146468276107328,67.03311096121759,A
2740,8984.0,100,22,0.027109744590481082,67.06022070580806,A
653,8981.470000000001,253,211,0.027102110167750243,67.08732281597581,A
523,8977.380000000001,862,385,0.02708976835392844,67.11441258432974,A
4370,8963.1,690,217,0.02704667762009584,67.14145926194983,A
8515,8957.76,424,307,0.02703056385828449,67.16848982580812,A
41537,8955.92,320,115,0.027025011550843872,67.19551483735897,A
2136,8928.92,308,195,0.02694353747426963,67.22245837483324,A
3608,8928.81,9019,1682,0.026943205542846547,67.24940158037609,A
5750,8898.15,685,444,0.026850687202558912,67.27625226757864,A
44037,8871.23,1467,554,0.026769454530656,67.30302172210929,A
5952,8847.539999999999,4446,1352,0.02669796857235808,67.32971969068166,A
3820,8837.96,404,308,0.02666906036296618,67.35638875104462,A
8040,8816.9,910,555,0.026605510583238276,67.38299426162786,A
23229,8799.13,587,289,0.026551888570618857,67.40954615019848,A
2679,8795.599999999999,440,310,0.02654123658949637,67.43608738678797,A
35666,8791.2,880,438,0.02652795933257317,67.46261534612054,A
5142,8787.23,377,309,0.026515979625758357,67.4891313257463,A
438,8786.289999999999,471,308,0.026513143120870216,67.51564446886717,A
1639,8774.63,437,366,0.02647795839002371,67.54212242725718,A
2619,8758.73,127,114,0.02642997921159666,67.56855240646878,A
3278,8749.05,1095,577,0.026400769246365592,67.59495317571515,A
3209,8735.63,437,323,0.02636027361274981,67.6213134493279,A
3385,8732.859999999999,514,395,0.02635191497600497,67.6476653643039,A
2690,8701.29,871,643,0.02625665065758094,67.67392201496149,A
6649,8693.85,615,293,0.02623420002314715,67.70015621498464,A
8921,8677.6,412,216,0.02618516469928302,67.72634137968393,A
4103,8677.210000000001,579,439,0.02618398785151028,67.75252536753544,A
8218,8669.289999999999,271,213,0.0261600887890485,67.7786854563245,A
38457,8657.27,913,419,0.02612381773718101,67.80480927406168,A
34427,8654.05,395,227,0.02611410119915993,67.83092337526084,A
3882,8641.39,761,563,0.026075898909921787,67.85699927417076,A
858,8632.8,720,392,0.026049978083337613,67.8830492522541,A
1094,8622.06,194,141,0.02601756950621141,67.9090668217603,A
3154,8602.52,848,456,0.025958606415238797,67.93502542817555,A
2125,8588.29,171,149,0.025915666559325784,67.96094109473488,A
31231,8576.78,722,376,0.02588093446223802,67.98682202919711,A
4662,8575.71,429,301,0.02587770567475896,68.01269973487187,A
6873,8574.28,572,317,0.02587339056625892,68.03857312543813,A
16806,8571.42,858,444,0.025864760349258834,68.0644378857874,A
38502,8566.25,1075,461,0.025849159572374065,68.09028704535977,A
8078,8563.75,425,334,0.025841615676394966,68.11612866103617,A
4241,8562.97,4303,1156,0.025839261980849487,68.14196792301702,A
8184,8547.05,4295,1400,0.0257912224512546,68.16775914546828,A
3422,8538.01,399,316,0.025763943723394193,68.19352308919167,A
8693,8522.52,848,659,0.025717201743907712,68.21924029093557,A
38131,8519.54,846,414,0.02570820941990063,68.24494850035548,A
6569,8498.99,401,192,0.025646198594952454,68.27059469895043,A
2751,8495.75,425,296,0.025636421705763544,68.2962311206562,A
1870,8478.939999999999,106,76,0.025585696549200097,68.3218168172054,A
46201,8468.06,494,246,0.025552865513899067,68.3473696827193,A
5058,8455.3,470,361,0.02551436146882176,68.37288404418813,A
3016,8450.14,386,279,0.025498790867520906,68.39838283505564,A
21033,8449.880000000001,212,150,0.025498006302339084,68.42388084135798,A
3123,8439.37,563,318,0.025466291763642963,68.44934713312163,A
2105,8431.56,844,587,0.02544272463260426,68.47478985775423,A
8053,8417.97,8503,1331,0.025401716014061892,68.50019157376829,A
5076,8409.87,213,111,0.025377273791089623,68.52556884755938,A
45503,8391.6,840,311,0.025322142999274388,68.55089099055866,A
8064,8368.47,8453,1433,0.025252346873675783,68.57614333743233,A
3762,8368.03,1397,655,0.025251019147983465,68.60139435658031,A
4196,8333.74,626,448,0.025147547070734175,68.62654190365105,A
27817,8330.79,521,231,0.025138645273478845,68.65168054892452,A
8897,8320.5,150,96,0.02510759459762888,68.67678814352215,A
19662,8320.11,1389,487,0.02510641774985614,68.701894561272,A
3220,8301.699999999999,430,332,0.025050864499866075,68.72694542577186,A
6459,8286.460000000001,754,318,0.02500487690997751,68.75195030268183,A
7982,8261.47,1103,760,0.024929468125770456,68.77687977080761,A
15105,8251.78,634,289,0.02490022798495548,68.80177999879257,A
12994,8248.22,678,338,0.02488948547708124,68.82666948426964,A
4247,8241.78,622,448,0.024870052401039094,68.85153953667069,A
21609,8232.78,522,249,0.024842894375514346,68.8763824310462,A
1330,8232.54,146,96,0.024842170161500355,68.9012246012077,A
8408,8221.67,233,173,0.024809369301783235,68.92603397050948,A
17176,8221.34,766,376,0.024808373507513998,68.95084234401699,A
39691,8210.25,375,186,0.024774908784950724,68.97561725280194,A
8144,8187.2699999999995,273,227,0.024705565293110868,69.00032281809504,A
24766,8184.54,546,131,0.0246973273587017,69.02502014545375,A
3593,8177.969999999999,303,223,0.02467750200006863,69.04969764745383,A
3464,8174.3,570,389,0.02466642756077132,69.0743640750146,A
3584,8131.48,452,353,0.024537215710441353,69.09890129072504,A
16370,8125.83,1017,433,0.024520166505528598,69.12342145723056,A
18027,8112.61,539,302,0.024480274383591134,69.14790173161416,A
3197,8108.099999999999,390,297,0.024466665195244847,69.1723683968094,A
2518,8093.51,149,127,0.02442263901831084,69.19679103582772,A
2794,8079.61,539,412,0.02438069495666706,69.22117173078438,A
2155,8075.860000000001,214,174,0.024369379112698417,69.24554110989708,A
20132,8063.370000000001,63,17,0.02433168980838685,69.26987279970547,A
8727,8061.51,249,205,0.024326077149778403,69.29419887685525,A
6499,8061.289999999999,471,382,0.02432541328693224,69.31852429014218,A
41252,8059.68,732,403,0.024320555017921703,69.3428448451601,A
5630,8059.5199999999995,448,347,0.02432007220857904,69.36716491736868,A
45460,8058.99,801,357,0.024318472902631474,69.39148339027132,A
3495,8041.88,212,166,0.02426684247855054,69.41575023274987,A
4346,8026.2,630,408,0.024219527162969646,69.43996975991284,A
32545,8011.67,533,227,0.024175682039539136,69.46414544195238,A
8233,8010.36,364,146,0.024171729038046087,69.48831717099043,A
3811,8005.549999999999,445,230,0.024157214582182306,69.51247438557262,A
4762,7974.6,1140,711,0.024063821149961095,69.53653820672258,A
46934,7970.009999999999,455,215,0.02404997055694347,69.56058817727953,A
24779,7943.84,616,329,0.02397100105383429,69.58455917833336,A
4945,7943.13,837,484,0.023968858587376227,69.60852803692075,A
35375,7935.36,264,140,0.023945412158673192,69.63247344907941,A
5480,7934.78,722,521,0.023943661974806043,69.65641711105422,A
12181,7929.8,220,103,0.023928634534015683,69.68034574558824,A
5396,7929.36,464,305,0.023927306808323362,69.70427305239656,A
3836,7902.03,697,510,0.02384483693747988,69.72811788933404,A
39971,7898.42,158,92,0.023833943551686065,69.75195183288572,A
3887,7886.18,632,435,0.02379700863697241,69.7757488415227,A
1692,7882.03,397,328,0.023784485769647108,69.79953332729235,A
3842,7874.400000000001,1360,201,0.023761461799118908,69.82329478909148,A
3487,7868.65,435,341,0.023744110838366986,69.84703889992984,A
8893,7866.369999999999,463,377,0.023737230805234048,69.87077613073508,A
42874,7865.679999999999,360,168,0.023735148689943815,69.89451127942502,A
3161,7863.2,780,501,0.023727665145132554,69.91823894457015,A
2534,7858.55,145,124,0.023713633498611435,69.94195257806876,A
6524,7845.78,822,413,0.02367509927795021,69.96562767734672,A
3244,7841.91,1329,833,0.023663421326974566,69.98929109867369,A
32969,7834.17,783,493,0.023640065425023286,70.01293116409872,B
13638,7830.31,569,254,0.023628417649631563,70.03655958174835,B
3610,7827.12,688,438,0.023618791638362235,70.0601783733867,B
3643,7821.62,738,288,0.02360219506720822,70.08378056845392,B
8700,7818.150000000001,257,134,0.023591724139589237,70.10737229259351,B
7341,7816.05,7895,1275,0.023585387266966795,70.13095767986047,B
5706,7801.28,272,212,0.02354081792952229,70.15449849779,B
18507,7798.799999999999,120,67,0.023533334384711026,70.17803183217471,B
2570,7789.08,92,62,0.0235040037171443,70.20153583589186,B
8619,7786.18,1282,881,0.02349525279780855,70.22503108868968,B
3754,7779.08,692,476,0.023473828133227917,70.24850491682291,B
19276,7778.4400000000005,556,279,0.02347189689585727,70.27197681371877,B
2226,7767.900000000001,210,179,0.023440091830409397,70.29541690554917,B
4130,7763.51,749,577,0.023426844749070103,70.31884375029824,B
1728,7745.64,136,106,0.023372920980611524,70.34221667127885,B
8497,7733.34,766,610,0.023335805012394368,70.36555247629124,B
34996,7730.45,455,267,0.02332708426864253,70.38887956055989,B
2749,7730.45,455,264,0.02332708426864253,70.41220664482853,B
46023,7728.33,567,343,0.023320687044852257,70.43552733187339,B
4686,7723.610000000001,139,96,0.023306444169243726,70.45883377604264,B
2713,7716.37,463,292,0.023284597046488262,70.48211837308912,B
2290,7712.82,318,271,0.023273884714197942,70.50539225780332,B
5404,7707.96,1404,877,0.02325921938041458,70.52865147718374,B
31488,7704.360000000001,1254,508,0.02324835617020468,70.55189983335394,B
26248,7699.68,32,16,0.02323423399693181,70.57513406735087,B
35413,7696.12,1088,539,0.023223491489057578,70.59835755883994,B
8345,7670.4,960,384,0.02314587988722463,70.62150343872716,B
5403,7665.6900000000005,781,567,0.023131667187200017,70.64463510591436,B
28092,7657.91,509,281,0.02310819058291307,70.66774329649728,B
5415,7641.06,494,391,0.02305734472401396,70.69080064122129,B
10420,7636.51,1249,586,0.023043614833332005,70.71384425605461,B
23395,7632.360000000001,764,301,0.023031091966006705,70.73687534802062,B
33032,7627.28,272,84,0.02301576276937718,70.75989111079,B
7978,7609.84,1016,731,0.022963136551027004,70.78285424734102,B
20693,7596.2,380,91,0.02292197705456505,70.80577622439559,B
3580,7595.24,676,511,0.02291908019850908,70.82869530459409,B
19896,7572.42,758,365,0.022850219516011887,70.85154552411011,B
2661,7565.79,121,72,0.022830213103875324,70.87437573721398,B
28163,7560.96,504,183,0.02281563829684371,70.89719137551083,B
8323,7550.389999999999,461,279,0.022783742704644085,70.91997511821548,B
21208,7537.889999999999,411,200,0.022746023224748602,70.94272114144023,B
37821,7535.32,1068,261,0.022738268099682095,70.96545940953992,B
36874,7528.36,1064,498,0.02271726589327629,70.9881766754332,B
37678,7528.15,685,317,0.022716632206014043,71.01089330763921,B
6864,7528.06,646,346,0.022716360625758797,71.03360966826497,B
14061,7519.0599999999995,94,35,0.02268920260023405,71.0562988708652,B
1395,7518.71,929,699,0.022688146454796977,71.07898701732,B
2893,7518.62,138,121,0.022687874874541727,71.10167489219454,B
19507,7504.14,786,371,0.022644180629030803,71.12431907282357,B
3354,7495.0,500,411,0.022616600145331223,71.1469356729689,B
29996,7490.599999999999,440,223,0.022603322888408016,71.16953899585731,B
8819,7485.400000000001,1060,657,0.022587631584771495,71.19212662744208,B
19645,7483.51,749,344,0.0225819283994113,71.21470855584148,B
35411,7473.39,1061,456,0.022551390708487915,71.23725994654997,B
37822,7473.25,425,161,0.022550968250313087,71.25981091480028,B
1064,7472.799999999999,320,236,0.022549610349036846,71.28236052514931,B
1244,7465.31,469,251,0.022527008836683477,71.304887533986,B
26426,7455.740000000001,226,136,0.022498130802875497,71.32738566478888,B
2499,7449.469999999999,253,215,0.022479210711759918,71.34986487550064,B
5298,7447.98,402,342,0.02247471454975638,71.3723395900504,B
4327,7436.28,372,315,0.02243940911657421,71.39477899916697,B
46424,7432.56,744,330,0.022428183799357314,71.41720718296634,B
3683,7417.91,409,301,0.022383976568919807,71.43959115953525,B
3500,7411.25,3925,996,0.022363879630031492,71.46195503916529,B
5394,7396.27,673,531,0.022318676605324748,71.48427371577061,B
24634,7390.65,435,241,0.022301717927163737,71.50657543369778,B
24907,7373.2,580,319,0.022249061533229645,71.528824495231,B
6288,7355.5,450,325,0.02219565074969764,71.5510201459807,B
3503,7352.45,655,455,0.022186447196603145,71.5732065931773,B
44719,7343.52,648,266,0.022159500400165812,71.59536609357747,B
3595,7339.41,459,363,0.022147098235176178,71.61751319181265,B
37604,7338.78,522,345,0.022145197173389444,71.63965838898604,B
5539,7298.1,590,386,0.022022442898017587,71.66168083188406,B
3863,7291.82,318,247,0.022003492631318098,71.68368432451537,B
1135,7285.549999999999,345,284,0.021984572540202522,71.70566889705557,B
13303,7274.8,520,297,0.02195213378749241,71.72762103084307,B
6727,7264.54,346,194,0.021921173638394197,71.74954220448146,B
4195,7264.39,661,534,0.021920721004635452,71.77146292548609,B
2435,7255.2300000000005,177,140,0.021893080169768042,71.79335600565585,B
39523,7245.099999999999,290,119,0.02186251230326074,71.81521851795911,B
36524,7240.17,483,263,0.021847635740389962,71.8370661536995,B
2800,7237.099999999999,90,74,0.02183837183612763,71.85890452553562,B
21055,7235.05,195,143,0.021832185841424774,71.88073671137704,B
2957,7230.0,200,143,0.021816947171547,71.90255365854858,B
3781,7227.34,566,401,0.02180892046622524,71.92436257901481,B
5358,7225.219999999999,278,224,0.021802523242434965,71.94616510225724,B
10874,7220.43,657,287,0.021788069137739022,71.96795317139498,B
1258,7218.86,314,253,0.021783331571064147,71.98973650296604,B
2628,7215.89,211,177,0.02177436942264098,72.01151087238868,B
24151,7209.4400000000005,656,348,0.02175490617101491,72.0332657785597,B
41712,7193.8,1420,593,0.021707711557769682,72.05497349011746,B
43092,7191.839999999999,316,122,0.021701797143322068,72.07667528726078,B
8398,7180.67,133,109,0.02166809101608747,72.09834337827687,B
4313,7176.53,247,194,0.021655598324346083,72.11999897660121,B
5828,7164.03,697,534,0.0216178788444506,72.14161685544566,B
3987,7156.49,651,297,0.021595126454177646,72.16321198189983,B
35862,7156.42,358,155,0.02159491522509023,72.18480689712493,B
23191,7150.2300000000005,477,246,0.02157623653864599,72.20638313366358,B
743,7148.570000000001,143,100,0.02157122739171587,72.2279543610553,B
4737,7148.4,560,379,0.021570714406789288,72.24952507546209,B
2445,7146.04,596,439,0.021563592968985024,72.27108866843108,B
14930,7141.38,530,330,0.021549531146879988,72.29263819957795,B
37656,7136.429999999999,357,168,0.021534594232841375,72.3141727938108,B
2678,7131.3,170,85,0.02151911415829227,72.33569190796909,B
2886,7128.85,115,52,0.021511721140232757,72.35720362910932,B
5348,7128.79,521,416,0.02151154008672926,72.37871516919606,B
4422,7126.3,620,425,0.021504026366334077,72.40021919556239,B
3805,7119.28,472,299,0.021482843106424773,72.42170203866881,B
5758,7116.44,356,279,0.02147427324059252,72.44317631190941,B
8346,7102.86,414,204,0.02143329479763407,72.46460960670704,B
3757,7102.55,245,98,0.02143235935453266,72.48604196606158,B
24146,7096.45,355,167,0.021413952248343665,72.50745591830992,B
809,7096.379999999999,362,238,0.02141374101925625,72.52886965932917,B
3201,7081.84,216,164,0.021369865720241826,72.55023952504942,B
8576,7075.82,1418,422,0.021351700018724162,72.57159122506815,B
3591,7070.07,393,309,0.021334349057972237,72.59292557412611,B
16828,7053.57,543,255,0.021284559344510203,72.61421013347062,B
12775,7052.9400000000005,706,278,0.021282658282723473,72.63549279175335,B
22758,7051.59,441,201,0.021278584578894758,72.65677137633224,B
2149,7047.13,987,762,0.021265126268468052,72.67803650260072,B
8737,7042.48,552,282,0.02125109462194693,72.69928759722266,B
39256,7040.4,560,319,0.02124481810049232,72.72053241532316,B
4979,7039.12,88,77,0.021240955625751026,72.74177337094892,B
3999,7023.049999999999,295,234,0.021192463462397393,72.76296583441132,B
8072,7021.29,171,80,0.02118715255962811,72.78415298697095,B
31541,7016.67,333,141,0.02117321143985874,72.80532619841081,B
3373,7004.36,364,261,0.021136065296057667,72.82646226370687,B
23218,6993.0,700,309,0.02110178583272865,72.8475640495396,B
38898,6987.67,233,140,0.02108570224650122,72.8686497517861,B
3747,6983.01,999,536,0.021071640424396184,72.88972139221049,B
34905,6980.21,739,418,0.021063191260899596,72.91078458347138,B
3780,6979.65,535,365,0.021061501428200277,72.93184608489959,B
3045,6965.150000000001,685,510,0.02101774683152152,72.95286383173111,B
45496,6959.29,771,421,0.021000063939346517,72.97386389567045,B
11915,6957.679999999999,232,101,0.020995205670335977,72.99485910134078,B
3725,6952.25,475,277,0.020978820328269383,73.01583792166905,B
21951,6949.27,573,321,0.020969828004262298,73.03680774967332,B
24453,6934.99,301,141,0.0209267372704297,73.05773448694374,B
8485,6926.15,385,309,0.020900062054247614,73.078634548998,B
2465,6924.84,2316,844,0.020896109052754568,73.09953065805075,B
2675,6920.52,148,132,0.02088307320050269,73.12041373125126,B
4294,6917.43,457,351,0.020873748945072528,73.14128748019634,B
6651,6905.65,535,306,0.020838202107219022,73.16212568230355,B
1727,6904.86,314,237,0.02083581823608963,73.18296150053965,B
5346,6898.62,138,107,0.020816988671725805,73.20377848921137,B
7198,6896.16,684,379,0.02080956547808237,73.22458805468946,B
10626,6890.7300000000005,627,378,0.020793180136015776,73.24538123482547,B
14363,6888.71,329,171,0.020787084668064667,73.26616831949353,B
42462,6882.93,583,325,0.020769643180560994,73.28693796267409,B
599,6877.2,280,163,0.020752352570976906,73.30769031524507,B
3760,6872.179999999999,382,312,0.02073720442785088,73.32842751967291,B
2975,6865.42,458,349,0.020716805733123404,73.34914432540604,B
3736,6841.96,604,430,0.02064601381325556,73.36979033921929,B
23074,6836.58,342,126,0.020629779349108545,73.3904201185684,B
31349,6836.35,965,519,0.02062908531067847,73.41104920387907,B
18106,6823.86,614,351,0.0205913960063669,73.43164059988544,B
3286,6814.79,121,95,0.02056402675175474,73.4522046266372,B
1228,6814.29,71,59,0.02056251797255892,73.47276714460976,B
1738,6806.44,356,298,0.020538830139184557,73.49330597474895,B
14184,6801.16,484,238,0.020522897430876704,73.51382887217983,B
12465,6799.53,747,211,0.020517978810698334,73.53434685099053,B
17504,6799.46,454,210,0.02051776758161092,73.55486461857214,B
37401,6797.31,769,321,0.020511279831068898,73.57537589840321,B
4878,6794.2,1030,613,0.0205018952244709,73.59587779362768,B
42579,6791.25,675,343,0.02049299342721557,73.61637078705489,B
4664,6783.2,180,134,0.020468702082162876,73.63683948913706,B
3343,6780.78,522,419,0.02046139959085511,73.65730088872792,B
2917,6776.61,339,267,0.02044881637236198,73.67774970510028,B
2580,6769.17,183,133,0.02042636573792819,73.69817607083822,B
3690,6759.71,229,182,0.020397819635543286,73.71857389047376,B
6552,6736.07,293,212,0.020326484555164948,73.73890037502893,B
3107,6730.98,102,76,0.02031112518295151,73.75921150021189,B
24456,6729.88,458,207,0.020307805868720708,73.77951930608062,B
2668,6729.1900000000005,481,387,0.02030572375343048,73.79982502983404,B
4626,6715.8,320,150,0.020265318646566437,73.8200903484806,B
8018,6711.94,806,352,0.02025367087117471,73.84034401935178,B
8123,6696.0,600,321,0.02020557099041199,73.86054959034219,B
1366,6692.52,5188,976,0.020195069887209094,73.8807446602294,B
3890,6692.28,372,268,0.020194345673195096,73.90093900590259,B
4438,6673.32,668,420,0.020137132766089628,73.92107613866868,B
31454,6668.93,807,371,0.020123885684750337,73.94120002435344,B
2926,6661.62,238,177,0.020101827332907458,73.96130185168634,B
7977,6661.150000000001,635,469,0.02010040908046339,73.98140226076681,B
3458,6656.669999999999,333,217,0.020086890418868845,74.00148915118568,B
41711,6652.89,1311,621,0.020075484048148455,74.02156463523383,B
3515,6642.16,284,225,0.020043105646606173,74.04160774088044,B
2780,6640.360000000001,164,123,0.020037674041501224,74.06164541492194,B
2121,6634.88,612,472,0.02002113782151504,74.08166655274346,B
3883,6630.0,300,253,0.020006412136563845,74.10167296488002,B
27830,6625.11,389,182,0.019991656276028735,74.12166462115606,B
8370,6624.84,716,487,0.019990841535262992,74.14165546269132,B
25021,6612.0,600,189,0.01995209608551435,74.16160755877684,B
8393,6610.84,116,83,0.01994859571778005,74.18155615449461,B
24086,6598.92,508,298,0.01991262642175172,74.20146878091637,B
8267,6597.36,264,153,0.019907919030660762,74.22137669994703,B
27831,6595.49,551,320,0.019902276196468397,74.24127897614349,B
41212,6594.46,474,206,0.01989916811132501,74.26117814425481,B
8032,6583.76,824,352,0.01986688023653448,74.28104502449135,B
39254,6583.03,597,305,0.01986467741890858,74.30090970191026,B
46762,6582.54,546,290,0.01986319881529668,74.32077290072556,B
13458,6573.25,575,326,0.019835165697838355,74.3406080664234,B
9145,6570.63,6637,1081,0.019827259694852262,74.36043532611825,B
5817,6567.8099999999995,219,183,0.01981875018018784,74.38025407629844,B
7159,6561.81,819,409,0.01980064482983801,74.40005472112828,B
62,6552.38,162,132,0.019772189254204858,74.41982691038248,B
1760,6523.49,251,176,0.019685011992270417,74.43951192237475,B
4796,6518.15,385,246,0.01966889823045907,74.45918082060521,B
6590,6516.0199999999995,398,285,0.01966247083108488,74.47884329143629,B
33682,6515.4,360,251,0.019660599944882062,74.49850389138118,B
16318,6507.58,542,240,0.01963700263825945,74.51814089401944,B
6319,6506.03,497,248,0.01963232542275241,74.53777321944219,B
46458,6503.85,431,275,0.01962574714545864,74.55739896658764,B
32649,6498.6900000000005,531,319,0.019610176544157785,74.5770091431318,B
3763,6489.82,218,193,0.019583410801223947,74.59659255393302,B
1112,6484.62,138,92,0.019567719497587427,74.61616027343061,B
16931,6473.610000000001,39,7,0.01953449617969549,74.63569476961031,B
8673,6468.12,588,381,0.01951792978412539,74.65521269939444,B
5815,6459.25,275,223,0.019491164041191555,74.67470386343562,B
6681,6453.3099999999995,269,144,0.019473239744345224,74.69417710317997,B
3486,6443.04,496,414,0.019442249419663094,74.71361935259964,B
3847,6431.88,1612,643,0.01940857346801241,74.73302792606765,B
4382,6428.37,363,224,0.019397981838057757,74.7524259079057,B
39479,6425.43,657,352,0.01938911021638634,74.77181501812208,B
33143,6404.53,647,382,0.019326043246001092,74.79114106136808,B
3794,6399.39,161,137,0.01931053299586807,74.81045159436395,B
1282,6393.82,218,198,0.019293725195626645,74.82974531955958,B
25832,6376.22,578,292,0.019240616167933804,74.84898593572751,B
38181,6375.46,1054,476,0.01923832282355616,74.86822425855107,B
45848,6371.2,484,247,0.019225468024807776,74.88744972657588,B
3607,6362.7300000000005,6427,1264,0.0191999093052306,74.90664963588111,B
10296,6360.51,399,238,0.019193210325601163,74.9258428462067,B
10264,6357.88,212,104,0.019185274147031153,74.94502812035374,B
4410,6353.64,636,429,0.019172479699450604,74.96420060005319,B
904,6350.469999999999,353,184,0.01916291403934911,74.98336351409255,B
2438,6350.129999999999,87,72,0.019161888069495953,75.00252540216204,B
27596,6344.2699999999995,803,376,0.01914420517732095,75.02166960733936,B
1875,6337.94,206,173,0.019125104032701876,75.04079471137206,B
4701,6326.45,355,229,0.019090432286781953,75.05988514365885,B
23595,6324.099999999999,390,282,0.0190833410245616,75.0789684846834,B
8395,6322.9800000000005,102,81,0.019079961359162966,75.09804844604257,B
34439,6317.46,454,230,0.019063304436841122,75.11711175047941,B
41713,6313.51,1249,556,0.01905138508119415,75.13616313556061,B
44145,6312.01,699,399,0.019046858743606693,75.15520999430422,B
2954,6299.81,119,92,0.0190100445312287,75.17422003883544,B
18107,6291.88,1022,549,0.018986115293183007,75.19320615412863,B
21254,6289.139999999999,286,148,0.018977847183189914,75.21218400131183,B
15549,6278.43,157,81,0.01894552913281547,75.23112953044465,B
6984,6276.7699999999995,323,189,0.018940519985885345,75.25007005043054,B
34175,6269.37,563,288,0.01891819005378722,75.26898824048432,B
3989,6266.7,330,248,0.018910133172881545,75.2878983736572,B
25808,6258.78,522,236,0.01888623411041977,75.30678460776763,B
18868,6258.03,397,210,0.018883970941626037,75.32566857870926,B
2686,6254.360000000001,164,149,0.018872896502328727,75.34454147521159,B
24612,6251.57,443,238,0.018864477514416056,75.363405952726,B
27042,6245.82,618,334,0.01884712655366413,75.38225307927966,B
1295,6240.360000000001,1564,513,0.01883065068484579,75.40108372996451,B
3221,6238.36,564,453,0.01882461556806251,75.41990834553258,B
3420,6236.8,620,323,0.018819908176971555,75.43872825370954,B
79,6235.84,416,317,0.01881701132091558,75.45754526503046,B
3410,6235.33,367,258,0.018815472366135844,75.4763607373966,B
6402,6223.66,134,118,0.01878025745970542,75.49514099485631,B
8361,6220.85,415,299,0.01877177812062492,75.51391277297694,B
8837,6217.62,1038,482,0.018762031407019923,75.53267480438396,B
20216,6213.78,622,284,0.01875044398279603,75.55142524836675,B
27813,6212.59,441,293,0.018746853088309985,75.57017210145507,B
8173,6200.25,275,216,0.01870961641775716,75.58888171787282,B
11196,6193.8,620,317,0.018690153166131093,75.60757187103896,B
3703,6193.66,1034,345,0.01868973070795626,75.62626160174692,B
3462,6188.5599999999995,344,283,0.018674341160158908,75.64493594290708,B
3257,6177.97,903,665,0.018642385216791457,75.66357832812388,B
5148,6172.25,275,201,0.01862512478279128,75.68220345290666,B
17707,6160.63,617,326,0.018590060754280442,75.70079351366094,B
16129,6158.38,162,76,0.018583271247899255,75.71937678490885,B
4149,6158.17,4133,957,0.01858263756063701,75.73795942246949,B
17175,6146.31,569,282,0.018546849318112176,75.7565062717876,B
7374,6145.87,613,372,0.018545521592419855,75.77505179338002,B
6096,6137.419999999999,358,278,0.018520023224010508,75.79357181660403,B
2879,6135.96,204,173,0.018515617588758717,75.81208743419279,B
1355,6121.46,1754,815,0.01847186299207996,75.83055929718488,B
2826,6121.35,165,144,0.018471531060656878,75.84903082824553,B
24686,6120.34,766,336,0.01846848332668132,75.86749931157222,B
22019,6118.5199999999995,328,190,0.01846299137040854,75.88596230294263,B
3498,6114.09,291,195,0.01844962358673358,75.90441192652936,B
4889,6106.85,415,299,0.018427776463978116,75.92283970299334,B
37842,6102.91,509,259,0.01841588728391506,75.94125559027727,B
8131,6098.61,339,245,0.018402911782831016,75.9596585020601,B
825,6088.55,145,83,0.018372555145411133,75.9780310572055,B
22963,6083.58,242,133,0.018357557880204687,75.9963886150857,B
15232,6078.66,134,68,0.018342711492917826,76.01473132657863,B
3783,6069.5,3050,805,0.018315070658050416,76.03304639723667,B
8823,6060.31,769,478,0.01828733929643126,76.05133373653311,B
1890,6058.99,101,86,0.018283356119354294,76.06961709265246,B
1862,6055.67,233,182,0.018273337825494056,76.08789043047796,B
32054,6049.84,416,195,0.018255745460070805,76.10614617593802,B
3139,6045.48,252,145,0.01824258890548326,76.1243887648435,B
4550,6040.35,465,372,0.018227108830934154,76.14261587367443,B
2368,6029.570000000001,43,33,0.01819457955147229,76.1608104532259,B
3915,6027.8,420,326,0.01818923847311909,76.17899969169902,B
5668,6017.67,433,320,0.01815867060661179,76.19715836230563,B
8730,6014.54,746,367,0.01814922564884596,76.21530758795447,B
37826,6010.52,848,434,0.018137095064111576,76.23344468301858,B
28474,6005.4,460,241,0.01812164516514638,76.25156632818373,B
2992,5998.8,120,102,0.01810172927976157,76.26966805746349,B
2838,5997.67,133,119,0.018098319438779015,76.28776637690227,B
3314,5994.98,202,159,0.01809020220670551,76.30585657910898,B
38946,5991.4400000000005,656,344,0.01807952004999911,76.32393609915897,B
21308,5990.58,542,274,0.0180769249497823,76.34201302410875,B
5676,5987.91,3009,1013,0.01806886806887662,76.36008189217763,B
1099,5978.7,130,76,0.018041076356089633,76.37812296853372,B
43873,5975.17,83,52,0.018030424374967147,76.39615339290869,B
5134,5973.71,429,278,0.018026018739715356,76.4141794116484,B
43590,5967.55,345,186,0.018007430580022864,76.43218684222843,B
16441,5963.15,285,222,0.017994153323099654,76.45018099555153,B
1725,5960.86,314,253,0.0179872431143828,76.46816823866591,B
10443,5958.19,431,209,0.017979186233477124,76.48614742489939,B
5146,5954.99,301,234,0.017969530046623883,76.50411695494601,B
2183,5953.889999999999,311,269,0.017966210732393077,76.52208316567841,B
859,5952.57,243,184,0.017962227555316113,76.54004539323373,B
5694,5944.78,522,375,0.01793872077544525,76.55798411400917,B
5626,5927.07,593,422,0.01788527981632933,76.5758693938255,B
1867,5926.18,1982,769,0.017882594189360775,76.59375198801486,B
8016,5916.96,704,282,0.017854772300989866,76.61160676031585,B
43292,5914.08,592,292,0.01784608173282195,76.62945284204868,B
8386,5908.62,438,300,0.0178296058640036,76.64728244791269,B
15355,5897.48,324,137,0.017795990263520745,76.66507843817621,B
26181,5895.79,621,217,0.01779089058983888,76.68286932876605,B
26744,5887.09,491,282,0.01776463783183162,76.70063396659788,B
4176,5886.49,451,339,0.017762827296796638,76.71839679389467,B
8609,5884.15,585,326,0.017755766210160204,76.73615256010483,B
3945,5882.73,327,228,0.017751481277244074,76.75390404138207,B
8653,5877.19,1111,781,0.0177347640037544,76.77163880538582,B
46830,5869.5,610,340,0.0177115589797227,76.78935036436555,B
6396,5865.87,753,528,0.017700605242761052,76.80705096960831,B
28890,5861.09,391,257,0.01768618131364902,76.82473715092196,B
6285,5854.14,586,284,0.01766520928282713,76.84240236020479,B
2026,5848.919999999999,308,256,0.017649457628022773,76.86005181783281,B
19940,5838.47,453,273,0.017617924142830154,76.87766974197564,B
8452,5836.58,342,239,0.01761222095746996,76.89528196293311,B
31160,5835.099999999999,290,158,0.01760775497105033,76.91288971790416,B
6553,5827.71,429,331,0.01758545521453612,76.9304751731187,B
6586,5824.7,530,311,0.01757637236377729,76.94805154548247,B
37433,5824.17,583,320,0.017574773057829722,76.9656263185403,B
5042,5818.89,411,285,0.01755884034952187,76.98318515888982,B
3910,5815.05,495,404,0.017547252925297976,77.00073241181512,B
2694,5806.900000000001,110,106,0.017522659824406126,77.01825507163953,B
21329,5804.37,363,194,0.01751502540167528,77.03577009704121,B
19036,5801.13,387,125,0.017505248512486367,77.0532753455537,B
37828,5800.89,411,299,0.017504524298472376,77.07077986985217,B
24606,5800.76,724,178,0.01750413201588146,77.08828400186806,B
2769,5796.91,109,100,0.017492514416073652,77.10577651628414,B
2676,5789.61,339,226,0.01747048623981469,77.12324700252395,B
18951,5787.09,291,149,0.017462881992667764,77.14070988451662,B
3970,5778.379999999999,622,410,0.017436599059076588,77.1581464835757,B
4804,5774.639999999999,336,232,0.01742531339069186,77.1755717969664,B
2631,5773.21,79,69,0.01742099828219182,77.19299279524859,B
40332,5772.57,443,256,0.017419067044821167,77.21041186229341,B
11456,5772.360000000001,164,128,0.017418433357558927,77.22783029565097,B
21032,5760.589999999999,241,206,0.017382916695289338,77.24521321234626,B
2041,5759.36,64,44,0.017379205098467625,77.26259241744472,B
26945,5750.469999999999,353,186,0.017352379004365957,77.27994479644909,B
5525,5745.9,210,150,0.017338588762516167,77.2972833852116,B
5805,5741.93,407,308,0.017326609055701363,77.3146099942673,B
39750,5739.74,558,249,0.017320000602823675,77.33192999487012,B
8232,5734.97,703,437,0.01730560684929556,77.34923560171941,B
23523,5724.27,573,261,0.017273318974505028,77.36650892069392,B
10472,5718.33,467,220,0.017255394677658693,77.38376431537158,B
21596,5717.4,260,97,0.01725258834835447,77.40101690371993,B
28114,5716.44,356,144,0.017249691492298495,77.41826659521223,B
5489,5712.39,561,416,0.017237470380812362,77.43550406559304,B
25649,5704.29,571,337,0.017213028157840086,77.45271709375088,B
22509,5702.83,317,166,0.017208622522588295,77.46992571627347,B
3969,5697.15,285,234,0.017191482790923786,77.48711719906439,B
7340,5697.0,300,241,0.01719103015716504,77.50430822922155,B
3663,5693.93,407,299,0.017181766252902714,77.52148999547445,B
1273,5690.179999999999,182,150,0.017170450408934064,77.5386604458834,B
3305,5685.35,465,294,0.017155875601902452,77.5558163214853,B
4416,5684.31,569,432,0.01715273734117515,77.57296905882647,B
3104,5683.42,458,360,0.01715005171420659,77.59011911054068,B
22801,5676.63,437,266,0.017129562492727363,77.60724867303341,B
892,5663.37,163,148,0.017089549668454235,77.62433822270187,B
3693,5656.96,504,384,0.017070207119163835,77.64140842982103,B
3335,5648.86,514,269,0.01704576489619156,77.65845419471722,B
32084,5637.21,179,78,0.01701061034092897,77.67546480505816,B
17875,5632.95,705,317,0.016997755542180592,77.69246256060033,B
8725,5630.83,317,264,0.016991358318390316,77.70945391891873,B
2630,5622.52,148,125,0.0169662824081558,77.72642020132689,B
8092,5621.95,2455,642,0.016964562399872565,77.74338476372677,B
4732,5619.4,60,51,0.016956867625973888,77.76034163135274,B
5285,5613.389999999999,671,509,0.016938732100040137,77.77728036345279,B
6828,5611.41,559,285,0.016932757334424696,77.79421312078722,B
463,5608.35,165,128,0.016923523605746282,77.81113664439296,B
25994,5606.879999999999,312,161,0.01691908779491057,77.82805573218786,B
8223,5598.639999999999,336,179,0.01689422311376347,77.84494995530163,B
2083,5598.6,140,113,0.016894102411427806,77.86184405771306,B
6529,5598.400000000001,160,108,0.01689349889974948,77.8787375566128,B
6581,5597.48,352,223,0.01689072274602917,77.89562827935883,B
5218,5596.0,400,308,0.016886256759609544,77.91251453611844,B
26966,5594.4,560,322,0.01688142866618292,77.92939596478462,B
15548,5591.78,622,293,0.01687352266319683,77.94626948744782,B
4787,5585.53,247,205,0.016854662923249088,77.96312415037107,B
2280,5585.490000000001,151,130,0.016854542220913427,77.97997869259198,B
3617,5585.46,254,217,0.016854451694161672,77.99683314428614,B
2759,5582.01,399,349,0.01684404111771052,78.01367718540385,B
38441,5575.3,470,287,0.016823793300902626,78.03050097870475,B
8120,5573.8,620,404,0.01681926696331517,78.04732024566806,B
3437,5572.91,309,259,0.016816581336346607,78.0641368270044,B
23279,5572.7699999999995,223,109,0.016816158878171776,78.08095298588258,B
810,5557.83,417,295,0.0167710765558007,78.09772406243837,B
63,5552.6900000000005,131,107,0.016755566305667678,78.11447962874404,B
28260,5550.16,584,226,0.016747931882936832,78.13122756062697,B
13154,5545.42,458,247,0.016733628656160467,78.14796118928312,B
43225,5545.35,165,116,0.01673341742707305,78.1646946067102,B
6567,5542.41,459,232,0.01672454580540163,78.1814191525156,B
5410,5541.22,578,412,0.016720954910915582,78.19814010742651,B
8050,5540.919999999999,308,248,0.01672004964339809,78.21486015706991,B
6572,5540.919999999999,308,178,0.01672004964339809,78.2315802067133,B
12495,5539.37,663,379,0.01671537242789105,78.2482955791412,B
2532,5534.59,41,28,0.01670094849877902,78.26499652763998,B
23047,5531.76,24,1,0.016692408808530682,78.2816889364485,B
8970,5527.2,480,254,0.01667864874226481,78.29836758519077,B
6293,5514.4800000000005,552,318,0.01664026539952317,78.31500785059029,B
5316,5514.32,2408,1022,0.016639782590180504,78.33164763318047,B
2142,5501.31,369,290,0.016600524155505288,78.34824815733597,B
41990,5499.0,100,55,0.016593553595620602,78.3648417109316,B
26943,5498.9,110,46,0.01659325183978144,78.38143496277138,B
3174,5498.38,162,119,0.01659168270941779,78.3980266454808,B
4064,5494.77,423,330,0.01658078932362397,78.41460743480442,B
2606,5491.51,49,41,0.01657095208326723,78.4311783868877,B
13278,5488.17,183,49,0.016560873438239154,78.44773926032593,B
14054,5483.9,610,337,0.016547988463906857,78.46428724878984,B
38681,5470.78,322,120,0.01650839809780856,78.48079564688766,B
6933,5469.91,509,299,0.016505772822007835,78.49730141970967,B
44717,5468.759999999999,324,189,0.01650230262985745,78.51380372233953,B
3981,5467.4400000000005,456,244,0.016498319452780488,78.53030204179231,B
26821,5446.58,542,325,0.016435373184730907,78.54673741497704,B
3959,5446.139999999999,186,164,0.016434045459038583,78.56317146043608,B
1781,5444.0,100,43,0.01642758788408048,78.57959904832016,B
25373,5428.82,418,157,0.016381781347695402,78.59598082966785,B
28548,5426.64,336,213,0.016375203070401634,78.61235603273825,B
25711,5420.63,337,91,0.016357067544467883,78.62871310028271,B
21277,5417.29,271,127,0.016346988899439814,78.64506008918215,B
25934,5413.27,673,337,0.016334858314705426,78.66139494749686,B
3921,5412.969999999999,203,178,0.016333953047187932,78.67772890054405,B
10579,5410.16,484,271,0.016325473708107427,78.69405437425216,B
2254,5403.25,375,269,0.016304622379621207,78.71035899663178,B
159,5402.6900000000005,131,107,0.01630293254692189,78.7266619291787,B
2964,5399.76,24,3,0.01629409110083439,78.74295602027954,B
23712,5388.68,532,331,0.016260656553855033,78.75921667683339,B
46985,5385.66,234,134,0.016251543527512284,78.7754682203609,B
4270,5380.219999999999,278,190,0.016235128009861766,78.79170334837077,B
16394,5379.009999999999,299,171,0.016231476764207886,78.80793482513498,B
2521,5374.429999999999,57,51,0.01621765634677418,78.82415248148175,B
4320,5373.97,103,78,0.016216268269914028,78.84036874975166,B
39708,5362.02,598,304,0.01618020844713395,78.8565489581988,B
3425,5329.73,227,205,0.016082771486667934,78.87263172968547,B
3457,5323.63,137,116,0.01606436438047894,78.88869609406595,B
8606,5315.31,5369,810,0.016039258294660512,78.9047353523606,B
8448,5304.08,492,414,0.016005371113922407,78.92074072347452,B
23076,5302.21,379,167,0.015999728279730042,78.93674045175425,B
38178,5293.26,874,411,0.01597272113212488,78.95271317288638,B
419,5287.58,242,152,0.01595558140046037,78.96866875428684,B
2054,5278.8,120,103,0.015929087237781785,78.98459784152462,B
4258,5270.03,397,300,0.015902623250687115,79.0005004647753,B
22583,5269.37,263,112,0.015900631662148633,79.01640109643745,B
8103,5263.83,5317,1027,0.015883914388658955,79.0322850108261,B
8420,5257.77,123,78,0.015865627984805626,79.04815063881091,B
4178,5244.75,525,345,0.01582633937454649,79.06397697818545,B
6896,5236.139999999999,274,148,0.01580035819679448,79.07977733638225,B
13258,5223.84,416,294,0.015763242228577327,79.09554057861082,B
1515,5221.36,364,187,0.015755758683766063,79.11129633729459,B
5747,5220.4,360,271,0.015752861827710088,79.1270491991223,B
1389,5217.55,1745,688,0.01574426178629392,79.14279346090859,B
8442,5216.4,360,307,0.015740791594143537,79.15853425250273,B
19934,5209.26,474,262,0.015719246227227236,79.17425349872995,B
3919,5208.06,444,367,0.015715625157157274,79.18996912388711,B
33037,5206.509999999999,249,168,0.01571094794165023,79.20568007182877,B
22079,5204.79,521,301,0.015705757741216613,79.22138582956998,B
4278,5203.66,434,353,0.01570234790023406,79.23708817747021,B
2246,5203.259999999999,274,231,0.015701140876877403,79.25278931834708,B
31356,5199.349999999999,65,21,0.015689342223566098,79.26847866057065,B
24846,5198.28,272,155,0.015686113436087043,79.28416477400674,B
43788,5189.04,96,64,0.015658231196548304,79.2998230052033,B
8658,5188.56,144,129,0.015656782768520318,79.31547978797181,B
11499,5184.15,185,75,0.01564347533601319,79.33112326330783,B
19302,5179.68,432,224,0.015629986850002567,79.34675325015783,B
44854,5174.1,90,47,0.015613148874177226,79.36236639903201,B
31200,5173.3,270,150,0.015610734827463914,79.37797713385947,B
13723,5173.099999999999,290,207,0.015610131315785584,79.39358726517526,B
20064,5169.89,11,1,0.015600444953348426,79.4091877101286,B
25846,5165.65,235,142,0.015587650505767879,79.42477536063437,B
22194,5158.35,465,207,0.015565622329508918,79.44034098296387,B
29835,5153.55,645,281,0.01555113804922905,79.45589212101311,B
14991,5145.139999999999,286,111,0.01552576038315537,79.47141788139626,B
22584,5141.16,284,159,0.01551375050075665,79.48693163189702,B
2902,5137.92,108,83,0.015503973611567742,79.5024356055086,B
7986,5137.28,172,129,0.015502042374197089,79.51793764788279,B
5333,5129.49,351,242,0.015478535594326225,79.53341618347712,B
2045,5128.650000000001,135,105,0.015476000845277251,79.5488921843224,B
23258,5128.29,171,29,0.015474914524256261,79.56436709884666,B
20419,5125.87,263,152,0.015467612032948495,79.57983471087961,B
1464,5123.969999999999,203,170,0.01546187867200438,79.59529658955161,B
37840,5121.59,641,313,0.015454696883032283,79.61075128643463,B
41970,5119.79,321,152,0.01544926527792733,79.62620055171256,B
2658,5118.83,317,274,0.01544636842187136,79.64164692013443,B
1001,5109.47,853,316,0.015418124075325623,79.65706504420976,B
5897,5106.65,335,275,0.0154096145606612,79.67247465877043,B
16317,5105.36,464,196,0.015405721910335986,79.68788038068077,B
6950,5095.530000000001,147,120,0.015376059311346182,79.70325643999212,B
8118,5087.59,741,553,0.01535209989771657,79.71860853988983,B
513,5084.38,162,148,0.015342413535279409,79.73395095342511,B
36750,5080.82,718,357,0.015331671027405175,79.74928262445252,B
11238,5079.48,252,111,0.01532762749916038,79.76461025195168,B
3476,5075.71,229,195,0.015316251304023904,79.77992650325571,B
13141,5075.42,458,215,0.015315376212090328,79.7952418794678,B
8978,5074.68,332,242,0.015313143218880516,79.81055502268667,B
11888,5072.41,459,248,0.015306293361331495,79.825861316048,B
37235,5071.77,423,232,0.015304362123960849,79.84116567817196,B
4197,5069.0199999999995,298,213,0.015296063838383838,79.85646174201034,B
7224,5068.83,317,247,0.015295490502289429,79.87175723251262,B
5212,5064.78,222,181,0.015283269390803295,79.88704050190343,B
31971,5052.38,562,286,0.015245851666746975,79.90228635357018,B
42421,5050.32,368,209,0.015239635496460199,79.91752598906663,B
7994,5044.95,505,343,0.0152234312078971,79.93274942027453,B
28579,5041.69,631,294,0.015213593967540356,79.94796301424208,B
26285,5041.34,66,54,0.015212537822103286,79.96317555206419,B
1657,5039.28,72,53,0.015206321651816507,79.978381873716,B
4280,5037.9,210,144,0.015202157421236049,79.99358403113725,B
24286,5035.03,197,125,0.015193497028652046,80.0087775281659,B
759,5027.04,96,83,0.015169386737102851,80.023946914903,B
5334,5026.95,205,174,0.015169115156847605,80.03911603005984,B
757,5026.219999999999,278,217,0.015166912339221707,80.05428294239907,B
32796,5023.49,251,183,0.015158674404812535,80.06944161680389,B
37435,5022.429999999999,157,84,0.015155475792917397,80.08459709259681,B
2433,5015.620000000001,38,32,0.015134926220270344,80.09973201881708,B
1991,4999.99,1,1,0.015087761782609028,80.11481978059969,B
12203,4995.0,500,197,0.015072704166234753,80.12989248476592,B
41254,4990.63,409,221,0.015059517436063293,80.14495200220198,B
42948,4989.82,418,263,0.015057073213766063,80.16000907541574,B
2841,4983.570000000001,143,112,0.015038213473818325,80.17504728888956,B
43450,4978.07,293,206,0.015021616902664311,80.19006890579222,B
29407,4977.9,310,189,0.015021103917737732,80.20509000970995,B
24664,4975.02,498,139,0.015012413349569815,80.22010242305952,B
8599,4971.7,830,564,0.015002395055709574,80.23510481811522,B
5462,4969.74,226,198,0.014996480641261961,80.25010129875648,B
31493,4965.530000000001,807,337,0.014983776720433167,80.2650850754769,B
8262,4961.7,230,190,0.014972219471793188,80.28005729494869,B
28580,4955.94,206,118,0.014954838335457347,80.29501213328415,B
2644,4949.37,63,52,0.014935012976824284,80.30994714626097,B
17814,4948.59,141,95,0.014932659281278807,80.32487980554225,B
16816,4940.88,412,176,0.01490939390607927,80.33978919944833,B
4767,4936.34,166,139,0.014895694190981234,80.35468489363932,B
4250,4928.860000000001,114,97,0.014873122854211777,80.36955801649353,B
8295,4918.77,123,78,0.014842675690040144,80.38440069218356,B
3390,4918.36,164,127,0.014841438491099571,80.39924213067466,B
27512,4917.83,217,175,0.014839839185152004,80.41408196985982,B
4050,4910.28,372,314,0.014817056619295131,80.42889902647912,B
26427,4909.78,222,107,0.01481554784009931,80.44371457431922,B
5731,4907.63,337,240,0.014809060089557288,80.45852363440878,B
5270,4907.34,2466,750,0.014808184997623715,80.4733318194064,B
12943,4905.09,491,284,0.014801395491242526,80.48813321489764,B
2935,4899.51,49,34,0.014784557515417183,80.50291777241306,B
13979,4898.6,140,76,0.014781811537280793,80.51769958395033,B
8265,4895.1,490,307,0.014771250082910059,80.53247083403325,B
9388,4892.099999999999,190,133,0.01476219740773514,80.54723303144098,B
5597,4891.4400000000005,456,343,0.014760205819196662,80.56199323726018,B
13163,4882.92,508,304,0.0147344962216999,80.57672773348189,B
5629,4881.57,543,348,0.014730422517871187,80.59145815599976,B
23271,4873.9,610,282,0.014707277845007319,80.60616543384477,B
361,4867.98,202,163,0.014689413899328818,80.6208548477441,B
1365,4865.91,609,405,0.014683167553458125,80.63553801529756,B
6861,4863.88,812,437,0.014677041909923102,80.65021505720748,B
2549,4859.91,109,100,0.014665062203108295,80.66488011941058,B
6859,4857.69,531,269,0.014658363223478858,80.67953848263406,B
17756,4856.76,324,188,0.014655556894174634,80.69419403952823,B
1817,4855.799999999999,220,194,0.014652660038118659,80.70884669956635,B
6958,4846.9,510,298,0.014625803768433077,80.72347250333479,B
17865,4839.65,407,210,0.014603926470093696,80.73807642980488,B
758,4838.79,121,81,0.014601331369876888,80.75267776117475,B
21129,4837.3099999999995,269,140,0.014596865383457261,80.7672746265582,B
23307,4831.97,403,221,0.014580751621645915,80.78185537817986,B
24205,4825.4,460,119,0.014560926263012846,80.79641630444287,B
4234,4822.36,364,287,0.014551752885502266,80.81096805732837,B
8808,4807.33,267,208,0.014506398982875939,80.82547445631124,B
28775,4800.65,435,281,0.014486241692819792,80.83996069800406,B
2598,4796.8,320,257,0.014474624093011984,80.85443532209707,B
4075,4785.99,201,169,0.014442004286798371,80.86887732638387,B
2145,4785.339999999999,266,228,0.014440042873843805,80.88331736925771,B
17177,4784.64,436,264,0.014437930582969659,80.89775529984068,B
16761,4784.58,342,145,0.01443774952946616,80.91219304937015,B
6216,4778.02,598,366,0.014417954346417013,80.92661100371656,B
17954,4778.02,598,341,0.014417954346417013,80.94102895806297,B
4670,4773.72,828,539,0.014404978845332966,80.9554339369083,B
2722,4771.83,217,185,0.014399275659972769,80.96983321256828,B
12747,4771.0,780,352,0.014396771086507708,80.98422998365479,B
3731,4767.349999999999,265,220,0.014385756998378227,80.99861574065316,B
6429,4758.78,522,290,0.014359896522961884,81.01297563717613,B
8500,4753.86,534,319,0.014345050135675021,81.0273206873118,B
3367,4753.64,436,321,0.014344386272828864,81.04166507358462,B
2787,4750.92,108,91,0.014336178514003607,81.05600125209862,B
37607,4747.63,337,243,0.014326250746895116,81.07032750284552,B
25036,4739.74,426,239,0.014302442211185085,81.0846299450567,B
42413,4736.3,370,246,0.01429206181031785,81.09892200686703,B
43245,4735.26,474,269,0.014288923549590545,81.11321093041661,B
942,4733.2699999999995,73,40,0.014282918608391183,81.127493849025,B
10895,4727.65,235,123,0.014265959930230174,81.14175980895523,B
15922,4723.8,420,226,0.014254342330422366,81.15601415128565,B
16814,4718.07,393,157,0.014237051720838277,81.17025120300649,B
4345,4717.639999999999,236,172,0.014235754170729873,81.18448695717721,B
19545,4706.11,589,287,0.01420096172247428,81.1986879188997,B
8379,4700.08,392,341,0.0141827658453727,81.21287068474507,B
4303,4696.18,582,466,0.014170997367645311,81.22704168211271,B
6126,4686.41,159,115,0.014141515822159001,81.24118319793487,B
44234,4677.89,311,158,0.014115806224662242,81.25529900415954,B
8057,4673.13,187,130,0.01410144264671804,81.26940044680626,B
39411,4665.33,467,200,0.01407790569126326,81.28347835249753,B
2161,4663.78,222,176,0.01407322847575622,81.29755158097328,B
8671,4659.679999999999,232,177,0.0140608564863505,81.31161243745963,B
4522,4658.83,317,248,0.014058291561717609,81.32567072902135,B
26817,4657.93,547,238,0.014055575759165133,81.33972630478051,B
5767,4656.7,330,276,0.014051864162343417,81.35377816894285,B
4938,4650.83,517,409,0.0140341510945845,81.36781232003743,B
2602,4646.22,78,67,0.014020240150399045,81.38183256018783,B
47014,4644.68,332,163,0.014015593110475923,81.3958481532983,B
4283,4642.65,235,189,0.014009467466940893,81.40985762076524,B
802,4642.53,347,265,0.014009105359933898,81.42386672612517,B
3012,4638.15,4685,970,0.01399588845417852,81.43786261457934,B
3592,4635.36,464,326,0.01398746946626585,81.45185008404562,B
3039,4630.429999999999,257,190,0.01397259290339507,81.46582267694902,B
2082,4629.54,46,37,0.013969907276426514,81.47979258422545,B
22275,4620.99,201,98,0.013944107152178004,81.49373669137763,B
12479,4619.69,331,136,0.013940184326268873,81.50767687570391,B
4363,4618.6,140,124,0.013936895187621989,81.52161377089153,B
25046,4616.92,508,275,0.013931825689524037,81.53554559658106,B
3237,4616.219999999999,178,130,0.013929713398649885,81.54947530997971,B
37786,4615.7,430,234,0.013928144268286233,81.563403454248,B
2899,4609.16,84,69,0.01390840943640492,81.57731186368441,B
2906,4599.54,46,33,0.013879380524677357,81.59119124420909,B
2604,4599.54,46,40,0.013879380524677357,81.60507062473376,B
42420,4595.4800000000005,652,331,0.013867129237607304,81.61893775397137,B
3738,4592.17,383,187,0.01385714111933098,81.6327948950907,B
4412,4587.45,255,210,0.013842898243722444,81.64663779333442,B
37984,4585.84,416,213,0.013838039974711907,81.66047583330914,B
14004,4585.47,353,195,0.013836923478107003,81.67431275678724,B
8101,4573.0199999999995,2298,752,0.013799354876131098,81.68811211166337,B
14008,4562.62,338,178,0.013767972268858059,81.70188008393222,B
8922,4562.29,571,359,0.013766976474588818,81.71564706040681,B
3388,4562.27,473,288,0.013766916123420986,81.72941397653022,B
8135,4560.85,415,321,0.01376263119050486,81.74317660772073,B
3376,4558.860000000001,114,104,0.0137566262493055,81.75693323397003,B
5027,4547.04,296,245,0.013720958709116328,81.77065419267915,B
27145,4542.67,433,259,0.01370777197894487,81.78436196465809,B
5826,4540.34,466,343,0.01370074106789235,81.79806270572598,B
3409,4539.08,92,82,0.013696938944318887,81.8117596446703,B
2590,4531.0,100,91,0.013672557072514448,81.82543220174281,B
3532,4526.469999999999,153,137,0.013658887533000324,81.83909108927581,B
4736,4523.87,1513,553,0.013651041881182062,81.85274213115699,B
2795,4522.219999999999,178,148,0.013646062909835858,81.86638819406683,B
5149,4517.63,137,105,0.01363221231681824,81.88002040638365,B
6312,4515.4800000000005,452,250,0.013625724566276217,81.89364613094993,B
3020,4505.35,365,270,0.013595156699768919,81.9072412876497,B
10051,4499.25,75,37,0.013576749593579922,81.92081803724328,B
90011,4494.6900000000005,31,6,0.013562989527314051,81.9343810267706,B
4404,4494.64,586,455,0.01356283864939447,81.94794386541999,B
376,4493.45,155,135,0.013559247754908417,81.9615031131749,B
2672,4488.4,1960,634,0.013544009085030643,81.97504712225992,B
7969,4483.01,299,245,0.013527744445299712,81.98857486670522,B
12123,4482.75,735,374,0.013526959880117885,82.00210182658535,B
1880,4480.38,62,50,0.013519808266729702,82.01562163485208,B
38635,4473.37,263,74,0.013498655182404316,82.02912029003448,B
5457,4471.53,2247,754,0.0134931028749637,82.04261339290944,B
22903,4464.46,554,184,0.013471768737134815,82.05608516164658,B
37071,4457.7699999999995,223,138,0.013451581271494751,82.06953674291807,B
8701,4455.54,446,310,0.013444852116281398,82.08298159503435,B
37421,4454.7300000000005,27,8,0.013442407893984173,82.09642400292834,B
4282,4450.9400000000005,306,237,0.013430971347679862,82.10985497427602,B
6273,4449.2300000000005,477,223,0.01342581132283016,82.12328078559885,B
2030,4447.57,143,126,0.013420802175900038,82.13670158777475,B
12343,4443.87,213,183,0.013409637209850977,82.1501112249846,B
37313,4432.2300000000005,377,256,0.013374512830172306,82.16348573781477,B
4989,4424.07,193,122,0.013349889553696532,82.17683562736846,B
24673,4414.62,338,191,0.013321373626895547,82.19015700099536,B
40054,4413.81,319,181,0.013318929404598324,82.20347593039996,B
854,4413.24,276,203,0.013317209396315085,82.21679313979628,B
3547,4410.99,1581,439,0.0133104198899339,82.23010355968621,B
43638,4409.51,49,13,0.013305953903514276,82.24340951358973,B
1848,4409.3,70,63,0.01330532021625203,82.25671483380597,B
3791,4406.99,401,343,0.013298349656367347,82.27001318346234,B
12772,4406.85,315,128,0.013297927198192519,82.28331111066053,B
1835,4402.7300000000005,127,103,0.013285494857618967,82.29659660551815,B
24755,4402.64,336,124,0.013285223277363718,82.30988182879551,B
1550,4400.97,1103,553,0.013280183954849683,82.32316201275036,B
870,4399.37,163,107,0.01327535586142306,82.33643736861178,B
20255,4394.85,315,180,0.013261716497492854,82.34969908510928,B
24788,4392.86,314,113,0.013255711556293492,82.36295479666558,B
8154,4391.19,181,130,0.013250672233779454,82.37620546889936,B
3743,4389.09,391,270,0.013244335361157017,82.38944980426051,B
3918,4385.02,98,94,0.013232053898503047,82.40268185815901,B
2772,4376.3,70,61,0.013205740789327958,82.41588759894834,B
8744,4371.57,243,161,0.013191467738135506,82.42907906668648,B
6448,4371.33,417,256,0.013190743524121515,82.4422698102106,B
4249,4364.96,304,229,0.013171521677166774,82.45544133188777,B
3315,4364.91,4409,1130,0.013171370799247193,82.46861270268701,B
19947,4360.84,316,181,0.013159089336593226,82.48177179202361,B
8273,4356.36,164,117,0.013145570674998684,82.4949173626986,B
5977,4356.139999999999,186,162,0.013144906812152522,82.50806226951076,B
2636,4355.36,64,39,0.013142553116607045,82.52120482262737,B
2862,4354.79,121,109,0.013140833108323813,82.53434565573569,B
934,4354.79,121,104,0.013140833108323813,82.54748648884402,B
23356,4354.0199999999995,198,99,0.01313850958836225,82.56062499843237,B
17041,4352.79,537,260,0.013134797991540534,82.57375979642391,B
13489,4348.71,229,137,0.013122486353302648,82.58688228277721,B
7993,4348.3,670,523,0.013121249154362077,82.60000353193158,B
4362,4346.5599999999995,544,37,0.013115998602760625,82.61311953053433,B
178,4346.509999999999,149,133,0.013115847724841041,82.62623537825918,B
40559,4341.05,395,207,0.0130993718560227,82.63933475011521,B
680,4337.83,217,178,0.01308965531800162,82.65242440543321,B
2148,4336.05,495,404,0.013084284064064505,82.66550868949727,B
5872,4329.52,1448,707,0.013064579407767106,82.67857326890504,B
42122,4329.26,434,265,0.01306379484258528,82.69163706374762,B
17967,4328.93,307,160,0.013062799048316039,82.70469986279593,B
8275,4328.820000000001,118,93,0.01306246711689296,82.71776232991283,B
33683,4326.61,239,142,0.013055798312847436,82.73081812822568,B
2034,4319.509999999999,149,126,0.0130343736482668,82.74385250187395,B
1336,4317.49,151,78,0.013028278180315692,82.75688078005426,B
38549,4317.16,484,222,0.013027282386046451,82.76990806244031,B
46380,4315.46,254,152,0.013022152536780665,82.78293021497709,B
14439,4309.4400000000005,706,396,0.013003986835263005,82.79593420181234,B
31201,4304.32,368,176,0.01298853693629781,82.80892273874863,B
5810,4298.96,304,244,0.01297236282331863,82.82189510157195,B
1556,4296.83,217,141,0.012965935423944438,82.8348610369959,B
2085,4294.93,307,256,0.012960202063000328,82.8478212390589,B
21864,4291.15,185,121,0.012948795692279932,82.86077003475118,B
10453,4285.71,429,242,0.012932380174629417,82.87370241492582,B
6081,4284.47,2153,842,0.012928638402223787,82.88663105332805,B
7991,4275.72,428,309,0.01290223476629695,82.89953328809435,B
5255,4273.71,329,245,0.012896169473929756,82.91242945756828,B
28081,4270.25,475,264,0.012885728721894685,82.92531518629018,B
5833,4269.389999999999,61,55,0.012883133621677874,82.93819831991186,B
5185,4265.759999999999,224,181,0.012872179884716227,82.95107049979657,B
5375,4253.86,214,174,0.012836270939855728,82.96390677073643,B
44072,4249.78,322,190,0.012823959301617841,82.97673073003804,B
3925,4249.18,82,67,0.012822148766582862,82.98955287880463,B
16179,4249.15,85,40,0.01282205823983111,83.00237493704446,B
8905,4244.46,354,254,0.012807905890974325,83.01518284293545,B
2035,4243.889999999999,211,176,0.012806185882691092,83.02798902881814,B
11440,4242.17,283,233,0.012800995682257474,83.0407900245004,B
2123,4239.47,53,38,0.01279284827460005,83.053582872775,B
13940,4238.04,196,100,0.012788533166100007,83.0663714059411,B
25186,4234.74,326,163,0.012778575223407597,83.0791499811645,B
3086,4233.24,76,54,0.012774048885820139,83.09192403005032,B
8036,4232.47,353,204,0.012771725365858579,83.10469575541617,B
34431,4227.36,264,140,0.012756305642477305,83.11745206105866,B
33963,4224.97,603,199,0.012749093677921292,83.13020115473658,B
8097,4222.93,307,265,0.012742937858802348,83.14294409259539,B
3183,4217.889999999999,211,185,0.012727729364508486,83.1556718219599,B
37601,4217.02,298,214,0.012725104088707764,83.1683969260486,B
23255,4208.49,351,193,0.012699364315627086,83.18109629036422,B
3062,4208.26,174,90,0.012698670277197009,83.19379496064143,B
14475,4208.1,390,188,0.012698187467854349,83.20649314810927,B
14975,4207.05,595,312,0.012695019031543128,83.21918816714081,B
19926,4202.81,419,244,0.01268222458396258,83.23187039172478,B
35103,4199.83,417,250,0.012673232259955496,83.24454362398474,B
45322,4198.33,467,284,0.012668705922368038,83.2572123299071,B
6278,4197.01,291,151,0.012664722745291075,83.26987705265239,B
15356,4195.8,420,213,0.012661071499637194,83.28253812415203,B
16328,4192.05,895,444,0.012649755655668548,83.2951878798077,B
19224,4189.92,208,110,0.012643328256294358,83.30783120806399,B
40621,4189.4,260,149,0.012641759125930704,83.32047296718991,B
26557,4187.54,246,132,0.012636146467322258,83.33310911365723,B
23129,4177.91,209,122,0.012607087380010778,83.34571620103723,B
45769,4172.52,348,187,0.012590822740279848,83.35830702377751,B
8476,4154.47,303,231,0.012536355811310771,83.37084337958882,B
2514,4152.2300000000005,277,208,0.0125295964805135,83.38337297606934,B
2945,4149.860000000001,14,12,0.012522444867125318,83.39589542093647,B
4513,4144.08,92,75,0.012505003379621646,83.40840042431608,B
8694,4143.2300000000005,377,272,0.012502438454988754,83.42090286277107,B
5566,4137.24,276,203,0.012484363280222836,83.4333872260513,B
2245,4134.88,112,101,0.012477241842418569,83.44586446789371,B
15824,4128.7699999999995,223,139,0.012458804560645657,83.45832327245436,B
4297,4127.0,600,466,0.012453463482292457,83.47077673593665,B
6478,4125.46,454,260,0.012448816442369335,83.48322555237903,B
12111,4125.42,258,186,0.012448695740033667,83.49567424811906,B
26250,4119.3099999999995,169,99,0.012430258458260755,83.50810450657733,B
26755,4115.33,267,198,0.012418248575862033,83.52052275515318,B
2607,4112.13,187,160,0.012408592389008793,83.53293134754219,B
34429,4111.58,242,132,0.01240693273189339,83.54533828027408,B
8520,4111.58,242,170,0.01240693273189339,83.55774521300597,B
9037,4109.5,250,217,0.012400656210438782,83.57014586921642,B
24552,4105.89,411,144,0.012389762824644967,83.58253563204106,B
41530,4104.89,411,215,0.01238674526625333,83.59492237730731,B
17432,4101.42,258,134,0.012376274338634342,83.60729865164595,B
23257,4099.07,293,177,0.01236918307641399,83.61966783472236,B
44337,4097.85,315,147,0.012365501655176194,83.63203333637755,B
6356,4097.54,526,373,0.012364566212074785,83.64439790258962,B
4343,4095.94,406,293,0.012359738118648163,83.65675764070826,B
7872,4094.09,91,65,0.012354155635623632,83.66911179634388,B
18742,4094.04,196,94,0.01235400475770405,83.6814658011016,B
44340,4093.85,315,157,0.012353431421609638,83.69381923252321,B
38179,4089.23,677,319,0.012339490301840268,83.70615872282505,B
5776,4088.2099999999996,179,142,0.012336412392280796,83.71849513521734,B
46381,4083.7299999999996,227,146,0.012322893730686254,83.73081802894802,B
6694,4082.89,511,241,0.012320358981637278,83.74313838792966,B
6608,4079.52,48,26,0.012310189809857456,83.75544857773951,B
6105,4077.9599999999996,204,154,0.0123054824187665,83.76775406015828,B
2912,4077.5999999999995,240,208,0.012304396097745508,83.78005845625603,B
5714,4075.92,408,269,0.012299326599647558,83.79235778285567,B
6742,4070.8599999999997,214,121,0.012284057754185868,83.80464184060986,B
25603,4065.74,226,102,0.012268607855220676,83.81691044846508,B
8113,4065.74,226,123,0.012268607855220676,83.8291790563203,B
4882,4065.37,513,332,0.012267491358615771,83.84144654767891,B
24648,4062.29,271,101,0.012258197278769523,83.85370474495768,B
36473,4061.9,310,168,0.012257020430996786,83.86596176538868,B
24771,4061.04,296,151,0.012254425330779977,83.87821619071946,B
15009,4057.97,203,117,0.012245161426517643,83.89046135214598,B
20398,4054.49,451,210,0.012234660323314741,83.90269601246929,B
1339,4053.15,85,60,0.012230616795069947,83.91492662926436,B
5251,4047.12,4088,1163,0.012212420917968368,83.92713905018232,B
16351,4046.87,213,112,0.012211666528370456,83.93935071671069,B
5318,4046.3999999999996,160,137,0.012210248275926388,83.95156096498661,B
26143,4044.52,448,270,0.012204575266150106,83.96376554025277,B
8130,4035.12,3128,887,0.012176210217268703,83.97594175047003,B
3870,4031.9100000000003,109,85,0.012166523854831546,83.98810827432486,B
2212,4030.81,319,212,0.012163204540600742,84.00027147886546,B
26456,4026.41,539,172,0.012149927283677532,84.01242140614913,B
3947,4024.2000000000003,80,68,0.01214325847963201,84.02456466462876,B
1876,4014.7400000000002,26,24,0.01211471237724711,84.036679377006,B
15428,4014.03,297,158,0.012112569910789047,84.04879194691678,B
5253,4009.74,226,194,0.012099624585288916,84.06089157150207,B
3639,4005.9900000000002,401,294,0.012088308741320272,84.0729798802434,B
13968,4005.11,289,119,0.01208565328993563,84.08506553353332,B
15875,4002.71,329,145,0.012078411149795697,84.09714394468313,B
16758,4001.14,286,210,0.012073673583120824,84.10921761826624,B
2898,3995.0,500,347,0.012055145774596163,84.12127276404084,B
24592,3993.4900000000002,451,209,0.01205058926142479,84.13332335330226,B
4565,3986.65,385,263,0.012029949162025981,84.14535330246429,B
44452,3978.38,362,210,0.012004993954127132,84.15735829641841,B
31787,3975.66,234,165,0.011996786195301872,84.1693550826137,B
3172,3969.33,267,213,0.011977685050682802,84.18133276766439,B
8660,3961.9500000000003,305,212,0.01195541546975251,84.19328818313414,B
16320,3960.32,368,167,0.011950496849574138,84.20523867998372,B
5739,3960.1,1990,735,0.011949832986727976,84.21718851297045,B
23230,3959.17,283,110,0.011947026657423754,84.22913553962788,B
36100,3958.68,132,67,0.01194554805381185,84.24108108768169,B
23383,3958.6699999999996,233,128,0.011945517878227932,84.25302660555992,B
10062,3955.6,440,226,0.011936253973965603,84.2649628595339,B
21233,3952.64,336,167,0.011927322001126353,84.27689018153502,B
8621,3950.12,628,320,0.011919717753979424,84.288809899289,B
10238,3949.53,247,134,0.011917937394528358,84.30072783668354,B
450,3948.4199999999996,158,121,0.011914587904713636,84.31264242458825,B
20968,3947.64,436,198,0.01191223420916816,84.32455465879741,B
3231,3945.4700000000003,353,294,0.011905686107458305,84.33646034490486,B
2979,3944.19,81,69,0.011901823632717006,84.34836216853758,B
4105,3942.36,564,267,0.01189630150086031,84.36025847003843,B
3984,3926.11,89,83,0.011847266176996182,84.37210573621543,B
1748,3923.43,257,227,0.011839179120506589,84.38394491533593,B
2008,3919.12,188,151,0.011826173443838628,84.39577108877977,B
4764,3918.0499999999997,195,139,0.011822944656359573,84.40759403343613,B
39410,3916.08,392,206,0.011817000066328045,84.41941103350246,B
27368,3914.14,186,81,0.011811146003048266,84.43122217950551,B
1226,3910.58,142,113,0.011800403495174033,84.44302258300068,B
2859,3902.06,194,160,0.011774693897677272,84.45479727689836,B
14250,3900.18,382,172,0.011769020887900992,84.46656629778626,B
6980,3898.0499999999997,195,162,0.0117625934885268,84.47832889127478,B
23692,3898.0499999999997,195,145,0.0117625934885268,84.49009148476331,B
5215,3897.0,300,186,0.011759425052215583,84.50185090981553,B
6206,3894.94,306,256,0.011753208881928807,84.51360411869746,B
5330,3889.8099999999995,219,196,0.011737728807379699,84.52534184750483,B
14690,3886.11,389,114,0.011726563841330638,84.53706841134617,B
41251,3883.37,563,288,0.011718295731337548,84.54878670707751,B
33873,3881.02,598,285,0.011711204469117198,84.56049791154663,B
23521,3879.4700000000003,353,142,0.011706527253610157,84.57220443880024,B
5228,3874.69,431,299,0.011692103324498125,84.58389654212473,B
43365,3871.14,286,178,0.011681390992207807,84.59557793311694,B
8172,3869.91,3909,785,0.011677679395386092,84.60725561251233,B
32367,3869.51,549,244,0.011676472372029439,84.61893208488436,B
37541,3868.27,73,49,0.011672730599623805,84.63060481548399,B
32988,3866.29,631,277,0.011666755834008362,84.642271571318,B
2946,3859.52,48,41,0.011646326963696968,84.6539178982817,B
5773,3858.0699999999997,193,150,0.01164195150402909,84.66555984978574,B
37312,3856.51,249,182,0.011637244112938136,84.67719709389867,B
8124,3853.53,347,186,0.011628251788931053,84.6888253456876,B
41405,3852.43,257,161,0.011624932474700249,84.70045027816231,B
7293,3851.65,435,297,0.011622578779154772,84.71207285694146,B
5378,3846.52,148,130,0.011607098704605665,84.72367995564606,B
16431,3846.15,385,169,0.01160598220800076,84.73528593785406,B
46098,3839.59,341,215,0.011586187024951611,84.746872124879,B
5075,3838.12,188,153,0.011581751214115902,84.75845387609311,B
8654,3835.25,725,537,0.011573090821531897,84.77002696691464,B
42255,3829.47,153,98,0.011555649334028226,84.78158261624867,B
19821,3821.7599999999998,224,139,0.011532383958828694,84.7931150002075,B
5137,3818.81,419,303,0.01152348216157336,84.80463848236907,B
13963,3817.26,274,192,0.011518804946066321,84.81615728731514,B
21201,3814.2,180,156,0.011509571217387906,84.82766685853252,B
19656,3811.76,424,167,0.01150220837491231,84.83916906690743,B
27429,3802.2299999999996,177,133,0.01147345104343999,84.85064251795087,B
5090,3800.39,261,214,0.011467898735999377,84.86211041668687,B
6329,3797.12,288,164,0.01145803132005872,84.87356844800694,B
1715,3795.9999999999995,200,151,0.011454651654660083,84.8850230996616,B
4351,3793.35,165,140,0.011446655124922241,84.89646975478652,B
36992,3791.77,223,123,0.011441887382663453,84.90791164216918,B
896,3790.4199999999996,158,101,0.01143781367883474,84.91934945584802,B
16843,3789.89,611,336,0.011436214372887173,84.93078567022091,B
12110,3789.85,215,98,0.011436093670551506,84.94222176389147,B
3727,3779.0099999999998,1899,658,0.011403383337586144,84.95362514722905,B
27867,3778.78,422,228,0.011402689299156069,84.96502783652821,B
211,3772.74,126,108,0.01138446324647057,84.97641229977468,B
19175,3769.87,313,207,0.011375802853886568,84.98778810262857,B
58,3741.12,288,212,0.011289048050126958,84.9990771506787,B
10242,3738.2999999999997,170,72,0.011280538535462537,85.01035768921416,B
26462,3737.7999999999997,220,146,0.011279029756266717,85.02163671897043,B
3168,3736.71,129,96,0.011275740617619833,85.03291245958805,B
25932,3736.26,374,182,0.011274382716343597,85.04418684230438,B
4683,3732.63,977,442,0.011263428979381946,85.05545027128376,B
8985,3731.77,623,199,0.011260833879165138,85.06671110516292,B
8252,3729.18,182,125,0.011253018402930793,85.07796412356585,B
7718,3727.25,625,244,0.011247194515234931,85.08921131808108,B
27801,3725.19,81,59,0.011240978344948156,85.10045229642603,B
18641,3722.07,289,178,0.011231563562766243,85.11168385998879,B
4702,3720.5499999999997,145,108,0.011226976874010952,85.1229108368628,B
384,3719.5,50,27,0.011223808437699732,85.1341346453005,B
18865,3714.98,102,75,0.011210169073769526,85.14534481437427,B
2247,3714.83,17,12,0.01120971644001078,85.15655453081428,B
2654,3710.72,128,116,0.011197314275021145,85.1677518450893,B
6226,3708.79,421,174,0.011191490387325283,85.17894333547662,B
8237,3699.63,37,31,0.011163849552457875,85.19010718502908,B
22914,3698.86,114,57,0.011161526032496313,85.20126871106157,B
13341,3698.1499999999996,185,87,0.011159383566038248,85.21242809462761,B
31083,3697.85,115,59,0.011158478298520756,85.22358657292614,B
6735,3696.3,370,180,0.011153801083013717,85.23474037400915,B
38348,3695.38,262,142,0.01115102492929341,85.24589139893844,B
35393,3687.61,239,119,0.011127578500590377,85.25701897743903,B
19220,3686.4599999999996,54,28,0.011124108308439991,85.26814308574747,B
25966,3680.96,104,48,0.011107511737285981,85.27925059748475,B
35976,3676.32,368,258,0.011093510266348779,85.2903441077511,B
41751,3671.93,307,183,0.011080263185009485,85.3014243709361,B
1746,3667.73,127,101,0.011067589439764602,85.31249196037587,B
3626,3665.46,254,214,0.011060739582215583,85.32355269995809,B
3268,3658.58,342,265,0.01103997878048111,85.33459267873857,B
5458,3657.8999999999996,210,182,0.011037926840774794,85.34563060557934,B
6670,3656.09,291,239,0.011032465060085931,85.35666307063943,B
15230,3649.27,73,47,0.011011885311854954,85.36767495595129,B
13949,3647.36,64,35,0.011006121775326925,85.37868107772661,B
22569,3646.2599999999998,174,128,0.011002802461096122,85.3896838801877,B
2689,3646.08,192,168,0.011002259300585626,85.40068613948829,B
23795,3645.7200000000003,228,82,0.011001172979564638,85.41168731246785,B
29128,3641.92,608,320,0.01098970625767641,85.42267701872552,B
25522,3641.92,608,339,0.01098970625767641,85.4336667249832,B
10609,3641.17,283,163,0.010987443088882682,85.44465416807208,B
13807,3640.9700000000003,403,211,0.010986839577204354,85.45564100764928,B
16326,3639.34,766,468,0.010981920957025982,85.4666229286063,B
32090,3638.18,182,111,0.010978420589291682,85.4776013491956,B
20446,3636.36,364,225,0.010972928633018901,85.48857427782862,B
26091,3631.38,378,194,0.01095790119222854,85.49953217902085,B
21859,3627.23,277,94,0.01094537832490324,85.51047755734575,B
435,3622.08,192,163,0.010929837899186301,85.52140739524494,B
8674,3621.58,442,274,0.010928329119990482,85.53233572436493,B
4044,3620.19,281,213,0.010924134713826104,85.54325985907876,B
2116,3619.09,91,71,0.010920815399595302,85.55418067447836,B
8455,3618.87,213,118,0.010920151536749141,85.56510082601511,B
2270,3617.5299999999997,47,46,0.010916108008504346,85.57601693402361,B
39717,3610.44,356,159,0.010894713519507628,85.58691164754312,B
13792,3609.01,399,208,0.010890398411007586,85.59780204595413,B
42053,3607.95,105,50,0.010887199799112447,85.60868924575324,B
30656,3601.89,211,113,0.010868913395259116,85.6195581591485,B
4317,3600.01,99,90,0.010863240385482838,85.63042139953399,B
2096,3599.64,36,33,0.010862123888877931,85.64128352342287,B
8652,3599.36,64,54,0.010861278972528272,85.6521448023954,B
6433,3599.34,66,53,0.01086121862136044,85.66300602101676,B
6150,3598.2,180,138,0.01085777860479397,85.67386379962154,B
19453,3597.72,228,116,0.010856330176765985,85.68472012979831,B
35471,3595.5,450,238,0.010849631197136547,85.69556976099544,B
5962,3585.5299999999997,147,128,0.01081954613997191,85.70638930713541,B
31618,3584.48,352,173,0.010816377703660689,85.71720568483907,B
4309,3578.02,398,277,0.010796884276450704,85.72800256911552,B
8929,3572.25,275,116,0.01077947296453095,85.73878204208005,B
8689,3571.46,354,216,0.010777089093401556,85.74955913117344,B
18743,3566.43,357,79,0.010761910774691612,85.76032104194813,B
13614,3561.1299999999997,187,77,0.010745917715215927,85.77106695966334,B
23516,3559.77,323,191,0.010741813835803301,85.78180877349915,B
7985,3556.44,356,281,0.010731765366359143,85.79254053886551,B
34430,3550.3799999999997,162,95,0.010713478962505813,85.80325401782801,B
2994,3549.29,71,60,0.010710189823858927,85.81396420765186,B
1845,3544.0,200,141,0.01069422693996716,85.82465843459183,B
8110,3542.06,394,298,0.01068837287668738,85.83534680746851,B
31384,3541.64,136,82,0.010687105502162892,85.84603391297067,B
46060,3539.4700000000003,253,151,0.010680557400453037,85.85671447037112,B
2830,3539.4700000000003,253,202,0.010680557400453037,85.86739502777156,B
32675,3535.57,343,198,0.010668788922725648,85.8780638166943,B
29649,3535.0499999999997,195,105,0.010667219792361994,85.88873103648666,B
3784,3533.02,298,245,0.010661094148826968,85.89939213063549,B
19755,3532.4900000000002,351,226,0.0106594948428794,85.91005162547837,B
19164,3531.53,547,195,0.010656597986823427,85.9207082234652,B
5168,3529.2699999999995,173,155,0.010649778304858321,85.93135800177005,B
5628,3526.4700000000003,353,256,0.010641329141361736,85.94199933091141,B
1424,3526.41,259,175,0.010641148087858236,85.95264047899927,B
17754,3525.06,294,157,0.010637074384029525,85.9632775533833,B
6535,3525.06,294,199,0.010637074384029525,85.97391462776734,B
15575,3524.08,392,195,0.01063411717680572,85.98454874494415,B
3218,3523.56,244,197,0.010632548046442068,85.9951812929906,B
7282,3523.4700000000003,353,228,0.01063227646618682,86.00581356945678,B
8496,3515.66,234,127,0.010608709335148122,86.01642227879192,B
7279,3508.94,406,263,0.010588431342756312,86.02701071013468,B
5836,3505.6099999999997,139,97,0.010578382873312153,86.03758909300798,B
5195,3505.5,450,324,0.010578050941889074,86.04816714394987,B
7996,3504.6,540,419,0.010575335139336598,86.0587424790892,B
15138,3502.54,146,78,0.010569118969049824,86.06931159805825,B
3662,3501.08,292,208,0.010564713333798032,86.07987631139204,B
24503,3499.5,50,23,0.010559945591539242,86.09043625698358,B
16669,3494.31,269,190,0.010544284463486639,86.10098054144707,B
17011,3493.55,245,130,0.010541991119108994,86.11152253256618,B
3100,3488.38,62,56,0.010526390342224221,86.1220489229084,B
16429,3486.51,349,177,0.010520747508031857,86.13256967041643,B
4204,3477.29,271,169,0.01049292561966095,86.14306259603609,B
3325,3475.54,346,284,0.010487644892475582,86.15355024092857,B
21181,3473.81,119,71,0.010482424516458047,86.16403266544502,B
44362,3472.84,316,141,0.010479497484818159,86.17451216292984,B
20864,3468.33,267,150,0.010465888296471867,86.18497805122631,B
24605,3467.66,434,129,0.01046386653234947,86.19544191775866,B
25419,3466.69,231,117,0.010460939500709582,86.20590285725936,B
46621,3465.6099999999997,139,89,0.01045768053764661,86.216360537797,B
4228,3461.5699999999997,143,113,0.010445489601744391,86.22680602739875,B
3758,3461.5,150,140,0.010445278372656977,86.23725130577141,B
38369,3460.82,218,104,0.010443226432950663,86.24769453220436,B
4677,3460.26,74,59,0.010441536600251345,86.25813606880462,B
6173,3459.67,433,258,0.010439756240800277,86.26857582504542,B
31466,3458.43,157,109,0.010436014468394645,86.27901183951381,B
23392,3456.54,346,115,0.010430311283034448,86.28944215079684,B
1133,3454.92,108,91,0.010425422838439995,86.29986757363528,B
1238,3453.08,692,339,0.01041987053099938,86.31028744416628,B
44233,3452.57,343,170,0.010418331576219644,86.3207057757425,B
6224,3448.97,203,169,0.010407468366009745,86.33111324410851,B
28682,3445.01,299,172,0.010395518834778857,86.34150876294329,B
19191,3444.11,289,150,0.01039280303222638,86.35190156597552,B
6168,3443.69,431,333,0.010391535657701893,86.36229310163323,B
13662,3442.29,195,78,0.010387311075953599,86.37268041270919,B
1347,3439.1400000000003,86,76,0.010377805767019938,86.38305821847621,B
18592,3438.48,352,183,0.010375814178481456,86.3934340326547,B
5875,3438.2599999999998,174,163,0.010375150315635294,86.40380918297033,B
41033,3435.78,322,204,0.010367666770824032,86.41417684974115,B
40114,3435.57,343,168,0.010367033083561789,86.42454388282472,B
664,3435.56,44,36,0.01036700290797787,86.4349108857327,B
8482,3434.2599999999998,174,144,0.010363080082068741,86.44527396581478,B
644,3432.74,126,89,0.01035849339331345,86.45563245920809,B
2466,3430.27,73,58,0.010351040024086103,86.46598349923218,B
31070,3426.6499999999996,135,65,0.01034011646270837,86.4763236156949,B
7262,3425.76,624,446,0.010337430835739812,86.48666104653063,B
25716,3421.2400000000002,76,46,0.010323791471809608,86.49698483800243,B
7537,3419.62,38,36,0.010318903027215151,86.50730374102965,B
4091,3416.85,115,92,0.010310544390470312,86.51761428542011,B
16877,3413.79,321,180,0.010301310661791898,86.5279155960819,B
294,3412.98,402,41,0.010298866439494672,86.5382144625214,B
40053,3412.7400000000002,326,172,0.01029814222548068,86.54851260474688,B
8637,3412.18,182,148,0.01029645239278136,86.55880905713965,B
18642,3409.26,250,173,0.010287641122277778,86.56909669826193,B
12505,3406.59,341,184,0.010279584241372102,86.5793762825033,B
3755,3402.21,179,122,0.010266367335616724,86.58964264983892,B
26530,3398.25,475,268,0.010254417804385836,86.59989706764331,B
15743,3396.89,211,115,0.010250313924973206,86.61014738156828,B
35578,3396.6,340,217,0.010249438833039632,86.62039682040133,B
45535,3395.91,309,182,0.0102473567177494,86.63064417711908,B
17377,3387.74,226,122,0.010222703265689713,86.64086688038476,B
17163,3385.16,284,165,0.010214917965039285,86.65108179834981,B
8780,3382.87,213,169,0.010208007756322433,86.66128980610613,B
8171,3377.88,3412,974,0.010192950139948158,86.67148275624608,B
23889,3376.28,472,281,0.010188122046521536,86.68167087829259,B
14279,3366.92,408,241,0.010159877699975799,86.69183075599257,B
4898,3359.1600000000003,84,65,0.010136461446856683,86.70196721743943,B
45885,3358.3199999999997,168,83,0.010133926697807705,86.71210114413724,B
4833,3357.76,224,186,0.010132236865108389,86.72223338100234,B
33348,3356.63,237,150,0.010128827024125838,86.73236220802647,B
6995,3355.2,480,251,0.010124511915625793,86.7424867199421,B
44081,3353.43,157,66,0.010119170837272594,86.75260589077936,B
33579,3352.92,208,128,0.010117631882492858,86.76272352266186,B
31497,3348.97,303,210,0.010105712526845884,86.77282923518871,B
33039,3344.3999999999996,160,87,0.010091922284996096,86.78292115747371,B
8191,3344.2,180,133,0.01009131877331777,86.79301247624703,B
4239,3342.4799999999996,152,118,0.01008612857288415,86.80309860481991,B
515,3334.1400000000003,86,65,0.010060962135897886,86.8131595669558,B
5741,3332.75,225,161,0.010056767729733507,86.82321633468554,B
2822,3331.89,111,97,0.010054172629516698,86.83327050731506,B
5202,3331.61,239,180,0.01005332771316704,86.84332383502823,B
28262,3326.48,352,166,0.010037847638617935,86.85336168266684,B
21232,3306.69,331,178,0.009978130158047407,86.86333981282489,B
44035,3306.69,331,181,0.009978130158047407,86.87331794298294,B
33982,3299.94,206,121,0.009957761638903845,86.88327570462184,B
8847,3294.5,550,155,0.00994134612125333,86.89321705074309,B
24101,3291.88,412,209,0.00993344011826724,86.90315049086135,B
23049,3283.38,362,166,0.009907790871938311,86.91305828173329,B
26787,3281.69,281,139,0.00990269119825644,86.92296097293155,B
5780,3275.8,220,189,0.009884917779329691,86.93284589071088,B
8788,3271.56,1644,469,0.009872123331749142,86.94271801404263,B
13052,3268.59,341,187,0.009863161183325976,86.95258117522596,B
31320,3262.12,388,202,0.009843637580532074,86.96242481280649,B
8475,3261.38,1822,268,0.009841404587322262,86.97226621739381,B
22344,3258.83,217,118,0.009833709813423583,86.98209992720723,B
27361,3257.39,361,207,0.009829364529339623,86.99192929173657,B
3235,3256.1899999999996,181,148,0.009825743459269657,87.00175503519584,B
2047,3254.07,93,83,0.009819346235479384,87.01157438143132,B
40051,3251.93,407,203,0.009812888660521277,87.02138727009184,B
38542,3249.08,292,117,0.009804288619105107,87.03119155871094,B
16829,3245.68,232,138,0.009794028920573536,87.04098558763151,B
5128,3245.53,247,197,0.00979357628681479,87.05077916391832,B
33965,3243.46,154,82,0.009787329940944098,87.06056649385927,B
24650,3241.71,29,16,0.00978204921375873,87.07034854307302,B
21287,3241.5899999999997,141,60,0.009781687106751733,87.08013023017978,B
6946,3240.73,327,208,0.009779092006534925,87.08990932218632,B
90089,3239.7300000000005,27,5,0.009776074448143287,87.09968539663446,B
12368,3237.3,270,152,0.009768741781251604,87.10945413841571,B
39357,3234.4399999999996,156,125,0.009760111564251517,87.11921424997996,B
1744,3231.54,146,120,0.009751360644915765,87.12896561062487,B
46734,3226.19,273,146,0.0097352167075205,87.1387008273324,B
47090,3214.66,134,86,0.009700424259264906,87.14840125159166,B
5230,3213.9900000000002,201,160,0.00969840249514251,87.15809965408681,B
36262,3211.1099999999997,189,81,0.00968971192697459,87.16778936601379,B
23973,3211.1099999999997,189,94,0.00968971192697459,87.17747907794077,B
2258,3208.93,207,156,0.009683133649680816,87.18716221159046,B
44148,3208.41,459,244,0.009681564519317164,87.19684377610977,B
18857,3204.65,535,223,0.009670218499764606,87.20651399460954,B
426,3203.9900000000002,401,254,0.009668226911226124,87.21618222152077,B
43553,3200.44,356,122,0.009657514578935806,87.2258397360997,B
12227,3199.86,214,126,0.009655764395068656,87.23549550049476,B
2333,3199.36,64,53,0.009654255615872836,87.24514975611064,B
34504,3198.87,213,113,0.009652777012260933,87.2548025331229,B
38528,3198.1800000000003,82,51,0.009650694896970704,87.26445322801987,B
32479,3198.09,291,189,0.009650423316715456,87.27410365133659,B
6015,3195.6099999999997,139,116,0.009642939771904191,87.2837465911085,B
5259,3194.12,188,154,0.009638443609900649,87.2933850347184,B
17748,3193.35,665,398,0.009636120089939089,87.30302115480833,B
5130,3186.3199999999997,168,88,0.009614906654445868,87.31263606146278,B
5740,3184.37,163,149,0.009609022415582173,87.32224508387837,B
6157,3180.02,398,316,0.009595896036578547,87.33184097991494,B
5771,3178.94,106,99,0.009592637073515577,87.34143361698845,B
6193,3178.41,159,131,0.009591037767568008,87.35102465475602,B
36284,3177.1299999999997,187,114,0.00958717529282671,87.36061183004884,B
8655,3174.24,176,124,0.009578454549074874,87.37019028459791,B
39654,3166.83,317,185,0.009556094441392833,87.3797463790393,B
6593,3166.77,253,121,0.009555913387889334,87.38930229242719,B
20557,3165.36,264,159,0.009551658630557125,87.39885395105775,B
168,3165.36,264,194,0.009551658630557125,87.4084056096883,B
11821,3163.1299999999997,187,98,0.00954492947534377,87.41795053916364,B
20422,3162.87,113,57,0.009544144910161945,87.4274946840738,B
3079,3161.87,213,135,0.009541127351770306,87.43703581142557,B
21317,3161.7400000000002,226,141,0.009540735069179395,87.44657654649475,B
5192,3161.45,155,133,0.009539859977245818,87.456116406472,B
27802,3159.21,129,94,0.009533100646448547,87.46564950711846,B
18600,3158.73,27,7,0.009531652218420561,87.47518115933687,B
9358,3154.4700000000003,53,40,0.009518797419672181,87.48469995675654,B
1836,3153.95,105,95,0.009517228289308528,87.49421718504585,B
13695,3152.52,348,217,0.009512913180808484,87.50373009822667,B
8170,3151.46,1054,534,0.00950971456891335,87.51323981279558,B
1722,3149.9300000000003,7,7,0.009505097704574143,87.52274491050015,B
2202,3148.95,105,74,0.009502140497350335,87.5322470509975,B
22387,3148.38,262,119,0.009500420489067102,87.54174747148656,B
43020,3145.78,22,11,0.009492574837248842,87.55124004632381,B
21965,3143.55,345,170,0.009485845682035489,87.56072589200585,B
30602,3138.82,218,146,0.009471572630843037,87.57019746463669,B
15528,3137.76,224,113,0.0094683740189479,87.57966583865564,B
6755,3132.91,209,107,0.009453738860748451,87.58911957751639,B
38180,3128.8,520,264,0.009441336695758818,87.59856091421214,B
3951,3127.44,1256,533,0.009437232816346189,87.6079981470285,B
7728,3126.87,313,128,0.009435512808062955,87.61743365983656,B
1168,3124.4599999999996,154,126,0.009428240492339104,87.6268619003289,B
23161,3120.6099999999997,139,112,0.009416622892531297,87.63627852322143,B
12944,3116.88,312,221,0.009405367399730486,87.64568389062117,B
11067,3112.3399999999997,206,111,0.009391667684632446,87.65507555830581,B
5160,3110.17,283,216,0.009385119582922591,87.66446067788873,B
44182,3110.06,194,105,0.009384787651499511,87.67384546554023,B
5929,3104.31,69,61,0.00936743669074759,87.68321290223098,B
2704,3094.7400000000002,3126,781,0.009338558656939609,87.69255146088791,B
37657,3094.2799999999997,172,107,0.009337170580079454,87.701888631468,B
2810,3079.45,55,36,0.009292420189131453,87.71118105165712,B
43359,3079.23,77,40,0.009291756326285292,87.72047280798341,B
4113,3078.9,3110,836,0.009290760532016053,87.72976356851542,B
24458,3075.28,72,17,0.009279836970638321,87.73904340548606,B
2852,3074.25,75,63,0.009276728885494932,87.74832013437155,B
8369,3071.1400000000003,86,69,0.009267344278896937,87.75758747865045,B
2448,3070.08,192,123,0.0092641456670018,87.76685162431745,B
13663,3069.56,156,75,0.009262576536638149,87.7761142008541,B
19215,3068.96,104,64,0.009260766001603164,87.7853749668557,B
17601,3059.91,9,2,0.009233457098158834,87.79460842395386,B
2109,3059.66,34,23,0.009232702708560926,87.80384112666242,B
25802,3055.47,253,150,0.00922005913889996,87.81306118580132,B
1186,3050.91,109,88,0.009206299072634087,87.82226748487395,B
3764,3048.94,106,99,0.00920035448260256,87.83146783935655,B
23778,3038.25,275,129,0.009168096783395944,87.84063593613995,B
8280,3037.0,200,102,0.009164324835406395,87.84980026097536,B
6183,3035.42,258,138,0.009159557093147606,87.8589598180685,B
17168,3033.42,258,174,0.00915352197636433,87.86811334004486,B
5697,3029.6299999999997,137,116,0.009142085430060018,87.87725542547491,B
175,3023.28,72,50,0.009122923934273115,87.88637834940918,B
19962,3023.2599999999998,174,118,0.009122863583105281,87.89550121299229,B
44620,3018.84,220,110,0.009109525975014238,87.9046107389673,B
19190,3017.26,274,134,0.00910475823275545,87.91371549720006,B
6267,3014.24,176,155,0.0090956452064127,87.92281114240647,B
9066,3007.06,94,47,0.009073979137160735,87.93188512154363,B
4724,3006.66,134,111,0.00907277211380408,87.94095789365744,B
36161,3003.32,268,173,0.009062693468776008,87.95002058712622,B
500,2999.99,1,1,0.00905264499933185,87.95907323212555,B
2953,2999.97,3,1,0.009052584648164018,87.9681258167737,B
1009,2999.4,60,49,0.009050864639880784,87.97717668141358,B
37926,2997.51,249,107,0.009045161454520587,87.9862218428681,B
2856,2993.4900000000002,51,37,0.0090330308697862,87.99525487373789,B
42765,2993.04,264,158,0.009031672968509962,88.0042865467064,B
13694,2990.13,187,102,0.009022891873590295,88.01330943857998,B
43131,2987.7,230,168,0.009015559206698612,88.02232499778668,B
12945,2987.01,299,205,0.009013477091408383,88.0313384748781,B
33731,2986.91,209,123,0.009013175335569218,88.04035165021367,B
18551,2986.12,188,120,0.009010791464439824,88.0493624416781,B
7358,2981.43,157,135,0.008996639115583039,88.05835908079368,B
43798,2979.04,296,148,0.008989427151027024,88.0673485079447,B
8491,2978.54,146,116,0.008987918371831204,88.07633642631653,B
2648,2976.3199999999997,168,148,0.008981219392201764,88.08531764570873,B
39979,2973.86,214,132,0.008973796198558336,88.09429144190729,B
18568,2971.05,295,144,0.00896531685947783,88.10325675876676,B
539,2970.27,513,75,0.008962963163932351,88.1122197219307,B
18578,2969.67,33,12,0.00896115262889737,88.1211808745596,B
5702,2969.0099999999998,99,83,0.008959161040358887,88.13014003559996,B
3472,2968.47,153,123,0.008957531558827402,88.13909756715879,B
4480,2966.9500000000003,205,178,0.008952944870072112,88.14805051202886,B
25714,2964.53,47,28,0.008945642378764348,88.15699615440762,B
4334,2964.25,75,69,0.008944797462414687,88.16594095187004,B
14194,2963.2200000000003,78,33,0.008941689377271302,88.17488264124731,B
2214,2960.13,87,74,0.008932365121841137,88.18381500636914,B
41981,2959.2,80,42,0.008929558792536912,88.19274456516168,B
41143,2959.14,302,152,0.008929377739033415,88.20167394290071,B
2158,2958.52,148,101,0.008927506852830598,88.21060144975354,B
15892,2958.19,581,324,0.008926511058561357,88.2195279608121,B
2591,2955.32,68,61,0.008917850665977356,88.22844581147808,B
4521,2944.7999999999997,120,90,0.008886105951697316,88.23733191742978,B
39775,2943.32,268,152,0.008881639965277691,88.24621355739507,B
2682,2937.4900000000002,51,45,0.00886404759985444,88.25507760499492,B
2241,2936.87,113,107,0.008862176713651623,88.26393978170857,B
233,2934.36,64,54,0.008854602642088611,88.27279438435066,B
44041,2929.95,255,171,0.008841295209581483,88.28163567956024,B
15295,2929.1800000000003,582,212,0.008838971689619923,88.29047465124985,B
45770,2923.91,209,136,0.008823069156895987,88.29929772040674,B
2412,2912.64,136,112,0.00878906127382222,88.30808678168056,B
15047,2912.43,157,96,0.008788427586559976,88.31687520926712,B
34137,2912.35,265,132,0.008788186181888645,88.32566339544901,B
27799,2909.0299999999997,97,54,0.008778167888028404,88.33444156333704,B
4447,2902.91,109,99,0.008759700430671575,88.34320126376771,B
3300,2902.68,2932,872,0.0087590063922415,88.35196027015995,B
43308,2901.58,242,134,0.008755687078010697,88.36071595723796,B
4483,2900.85,1165,296,0.008753484260384801,88.36946944149834,B
24096,2900.85,415,66,0.008753484260384801,88.37822292575872,B
2821,2900.2200000000003,78,71,0.00875158319859807,88.38697450895732,B
45474,2899.42,58,29,0.00874916915188476,88.3957236781092,B
46582,2899.13,287,84,0.008748294059951183,88.40447197216916,B
23393,2896.39,161,59,0.008740025949958093,88.41321199811912,B
6360,2895.93,207,145,0.00873863787309794,88.42195063599222,B
23212,2895.01,199,130,0.008735861719377633,88.43068649771159,B
6655,2893.86,414,255,0.008732391527227247,88.43941888923882,B
13854,2892.2999999999997,170,111,0.00872768413613629,88.44814657337496,B
40055,2891.39,161,92,0.0087249381579999,88.45687151153295,B
43920,2889.59,241,158,0.008719506552894952,88.46559101808585,B
38771,2888.2999999999997,170,55,0.008715613902569736,88.47430663198841,B
41787,2886.2400000000002,76,48,0.008709397732282962,88.4830160297207,B
25531,2884.79,121,56,0.008705022272615085,88.49172105199332,B
6596,2884.76,224,115,0.008704931745863337,88.50042598373919,B
39631,2884.41,359,194,0.008703875600426262,88.50912985933962,B
24604,2884.39,361,160,0.008703815249258428,88.51783367458889,B
20855,2883.78,222,163,0.00870197453863953,88.52653564912752,B
3176,2882.97,103,75,0.008699530316342302,88.53523517944387,B
19218,2879.76,24,15,0.008689843953905145,88.54392502339778,B
26876,2879.64,36,5,0.008689481846898146,88.55261450524468,B
4386,2879.36,64,58,0.008688636930548489,88.56130314217522,B
4147,2879.28,72,55,0.008688395525877158,88.5699915377011,B
7353,2878.56,144,115,0.008686222883835177,88.57867776058494,B
5246,2878.2,180,150,0.008685136562814187,88.58736289714776,B
13931,2871.31,169,106,0.008664345585495796,88.59602724273326,B
12109,2868.62,138,64,0.00865622835342229,88.60468347108667,B
32138,2867.9500000000003,205,120,0.008654206589299893,88.61333767767597,B
3345,2867.59,1441,560,0.008653120268278903,88.62199079794425,B
4414,2867.13,287,209,0.008651732191418748,88.63064253013567,B
2828,2866.3900000000003,61,52,0.008649499198208937,88.63929202933389,B
2982,2865.64,36,30,0.008647236029415207,88.6479392653633,B
33038,2865.6099999999997,139,81,0.008647145502663456,88.65658641086597,B
3941,2863.23,77,74,0.008639963713691358,88.66522637457966,B
16477,2857.58,342,200,0.008622914508778598,88.67384928908844,B
4624,2853.87,113,76,0.00861171936714562,88.68246100845559,B
18096,2853.11,89,65,0.008609426022767975,88.69107043447836,B
13930,2851.92,408,58,0.008605835128281924,88.69967626960664,B
7868,2849.2400000000002,76,46,0.008597748071792335,88.70827401767843,B
23820,2848.8599999999997,114,56,0.008596601399603509,88.71687061907804,B
13397,2848.77,123,76,0.008596329819348263,88.72546694889739,B
8696,2846.41,259,168,0.008589208381543997,88.73405615727894,B
7423,2843.8,320,182,0.00858133255414182,88.74263748983309,B
5877,2842.29,2871,887,0.008576776040970445,88.75121426587405,B
4413,2839.73,1427,438,0.008569051091487851,88.75978331696554,B
15007,2838.58,142,76,0.008565580899337465,88.76834889786488,B
2940,2837.67,33,21,0.008562834921201076,88.77691173278609,B
11854,2835.82,218,150,0.008557252438176543,88.78546898522427,B
29616,2834.83,217,128,0.008554265055368823,88.79402325027964,B
37049,2834.71,129,77,0.008553902948361825,88.802577153228,B
3517,2824.59,291,198,0.008523365257438442,88.81110051848543,B
5705,2818.5899999999997,141,113,0.00850525990708861,88.81960577839251,B
29077,2818.12,188,98,0.00850384165464454,88.82810962004716,B
829,2803.13,187,5,0.008458608454353879,88.8365682285015,B
20731,2802.62,238,150,0.008457069499574144,88.84502529800108,B
8200,2801.63,937,570,0.008454082116766421,88.85347938011785,B
3288,2800.7799999999997,122,87,0.008451517192133527,88.86193089730997,B
3320,2796.29,301,103,0.00843796835495507,88.87036886566493,B
3695,2791.64,236,198,0.00842393670843395,88.87879280237337,B
1386,2790.7,130,103,0.00842110020354581,88.88721390257692,B
2792,2785.86,2814,571,0.008406495220930281,88.89562039779784,B
8749,2782.4,160,72,0.008396054468895211,88.90401645226673,B
14663,2780.99,201,113,0.008391799711563,88.91240825197829,B
19611,2774.73,27,25,0.008372909796031343,88.92078116177433,B
253,2773.41,479,56,0.00836892661895438,88.92915008839329,B
16327,2771.09,591,311,0.008361925883485779,88.93751201427678,B
38322,2769.69,231,167,0.008357701301737484,88.94586971557851,B
4263,2769.37,163,122,0.008356735683052159,88.95422645126156,B
4200,2765.94,206,160,0.00834638545776884,88.96257283671933,B
8128,2764.2000000000003,80,70,0.008341134906167388,88.97091397162549,B
9118,2762.23,177,122,0.00833519031613586,88.97924916194162,B
999,2759.77,23,20,0.00832776712249243,88.98757692906412,B
2302,2759.08,92,80,0.008325685007202198,88.99590261407133,B
15827,2757.28,272,108,0.00832025340209725,89.00422286747343,B
23173,2756.03,197,88,0.008316481454107702,89.01253934892753,B
15092,2755.91,109,66,0.008316119347100704,89.02085546827463,B
6748,2749.41,459,210,0.008296505217555053,89.02915197349219,B
21231,2744.4300000000003,557,189,0.008281477776764695,89.03743345126895,B
15168,2743.17,183,105,0.008277675653191228,89.04571112692214,B
23259,2741.95,305,154,0.008273994231953428,89.0539851211541,B
39923,2737.26,274,166,0.008259841883096645,89.0622449630372,B
19870,2736.96,212,143,0.008258936615579152,89.07050389965278,B
2237,2735.52,48,43,0.008254591331495195,89.07875849098427,B
39412,2727.27,273,163,0.008229696474764174,89.08698818745904,B
16655,2725.52,248,106,0.008224415747578807,89.09521260320662,B
3362,2725.45,455,165,0.008224204518491391,89.10343680772512,B
7725,2717.28,272,109,0.008199551066431705,89.11163635879154,B
3525,2717.28,432,75,0.008199551066431705,89.11983590985797,B
3510,2714.54,246,159,0.008191282956438615,89.1280271928144,B
38541,2700.52,148,72,0.008148976787787842,89.1361761696022,B
16670,2697.75,225,166,0.008140618151043005,89.14431678775324,B
5669,2692.49,151,117,0.008124745793902984,89.15244153354715,B
3793,2692.22,178,139,0.008123931053137242,89.16056546460028,B
26395,2688.65,335,174,0.008113158369679093,89.16867862296996,B
39517,2688.21,79,43,0.008111830643986772,89.17679045361395,B
659,2685.21,79,52,0.008102777968811856,89.18489323158276,B
24294,2678.66,134,46,0.008083012961346623,89.19297624454411,B
5107,2678.3,170,123,0.008081926640325634,89.20105817118444,B
5759,2678.16,184,139,0.008081504182150805,89.20913967536659,B
16837,2678.12,388,239,0.008081383479815138,89.2172210588464,B
34393,2678.01,199,146,0.008081051548392058,89.2253021103948,B
16428,2677.32,268,119,0.008078969433101827,89.2333810798279,B
19260,2677.32,268,203,0.008078969433101827,89.241460049261,B
1520,2677.29,671,289,0.008078878906350078,89.24953892816734,B
19671,2676.06,254,141,0.008075167309528362,89.25761409547687,B
34870,2675.46,254,157,0.008073356774493381,89.26568745225136,B
22515,2673.17,183,61,0.008066446565776528,89.27375389881713,B
16656,2670.57,243,88,0.008058600913958268,89.28181249973109,B
938,2669.1099999999997,89,72,0.008054195278706475,89.28986669500979,B
31203,2667.69,231,122,0.008049910345790348,89.29791660535558,B
23075,2667.43,157,74,0.008049125780608521,89.30596573113618,B
42350,2665.87,113,81,0.008044418389517565,89.3140101495257,B
2159,2664.3900000000003,61,53,0.008039952403097942,89.3220501019288,B
4211,2664.36,264,196,0.008039861876346192,89.33008996380514,B
4018,2663.32,68,54,0.008036723615618888,89.33812668742075,B
895,2662.89,111,66,0.008035426065510482,89.34616211348626,B
43918,2661.78,222,139,0.008032076575695764,89.35419419006196,B
12428,2659.62,38,6,0.008025558649569824,89.36221974871152,B
44838,2659.3,70,42,0.0080245930308845,89.3702443417424,B
5606,2657.3399999999997,266,21,0.008018678616436887,89.37826302035884,B
1343,2655.84,16,16,0.008014152278849431,89.38627717263769,B
14895,2651.11,289,158,0.00799987922765698,89.39427705186534,B
28070,2647.35,265,184,0.007988533208104418,89.40226558507345,B
4817,2646.27,173,149,0.00798527424504145,89.4102508593185,B
23250,2640.2400000000002,456,94,0.007967078367939869,89.41821793768644,B
40786,2638.2400000000002,176,82,0.007961043251156591,89.42617898093759,B
25484,2626.54,146,38,0.00792573781797442,89.43410471875556,B
22441,2623.25,175,97,0.007915810050865928,89.44202052880642,B
8550,2622.9,210,5,0.007914753905428855,89.44993528271185,B
8464,2622.36,164,105,0.007913124423897371,89.45784840713574,B
311,2620.3900000000003,61,49,0.007907179833865843,89.4657555869696,B
37792,2618.47,253,132,0.007901386121753895,89.47365697309137,B
13422,2616.79,217,107,0.007896316623655943,89.48155328971502,B
15444,2615.41,259,98,0.007892152393075481,89.48944544210809,B
28888,2613.82,218,130,0.007887354475232778,89.49733279658332,B
20699,2613.82,218,126,0.007887354475232778,89.50522015105855,B
37849,2609.71,29,11,0.007874952310243143,89.5130951033688,B
15228,2609.13,87,42,0.007873202126375992,89.52096830549517,B
9256,2609.1299999999997,87,80,0.00787320212637599,89.52884150762155,B
2737,2608.29,71,64,0.007870667377327016,89.53671217499888,B
7990,2607.39,261,198,0.007867951574774542,89.54458012657366,B
24928,2607.1,290,102,0.007867076482840964,89.5524472030565,B
18423,2605.35,165,120,0.007861795755655598,89.56030899881216,B
4358,2598.4500000000003,405,304,0.007840974602753292,89.56814997341492,B
485,2598.0,200,111,0.007839616701477054,89.5759895901164,B
2625,2597.6,40,32,0.007838409678120398,89.58382799979451,B
12520,2596.75,325,135,0.007835844753487507,89.591663844548,B
7320,2596.6899999999996,131,116,0.007835663699984006,89.59949950824797,B
29619,2594.17,183,120,0.007828059452837079,89.6073275677008,B
28681,2593.76,224,137,0.007826822253896507,89.6151543899547,B
25264,2591.14,86,36,0.007818916250910413,89.62297330620561,B
23381,2590.56,144,52,0.007817166067043264,89.63079047227265,B
381,2588.7,130,47,0.007811553408434815,89.63860202568108,B
19223,2588.15,185,110,0.007809893751319415,89.6464119194324,B
4580,2579.14,86,76,0.007782705550210751,89.65419462498261,B
21576,2578.71,129,77,0.007781408000102346,89.66197603298271,B
2595,2577.63,137,91,0.007778149037039377,89.66975418201974,B
16314,2577.42,258,158,0.007777515349777133,89.67753169736952,B
7860,2575.7,430,230,0.0077723251493435125,89.68530402251886,B
8741,2573.97,103,63,0.007767104773325979,89.69307112729219,B
29352,2571.65,135,79,0.007760104037857378,89.70083123133004,B
19122,2570.16,184,118,0.007755607875853836,89.70858683920589,B
34825,2566.52,148,90,0.0077446239633082725,89.7163314631692,B
21836,2565.89,111,54,0.007742722901521539,89.72407418607072,B
15156,2565.72,178,137,0.0077422099165949596,89.73181639598732,B
17073,2562.84,216,126,0.007733519348427043,89.73954991533574,B
2747,2559.84,16,4,0.007724466673252127,89.747274382009,B
3363,2558.39,161,121,0.007720091213584249,89.75499447322258,B
2609,2553.98,102,85,0.007706783781077124,89.76270125700366,B
35130,2553.88,312,143,0.00770648202523796,89.7704077390289,B
6398,2550.61,239,129,0.007696614609297303,89.7781043536382,B
5125,2550.1,290,163,0.007695075654517565,89.78579942929272,B
27097,2549.66,34,15,0.007693747928825245,89.79349317722155,B
3377,2548.98,102,93,0.007691695989118931,89.80118487321067,B
13836,2548.5899999999997,141,94,0.0076905191413461915,89.80887539235202,B
28214,2541.88,212,92,0.0076702713245382975,89.81654566367656,B
29192,2541.25,75,41,0.007668370262751564,89.82421403393931,B
41786,2538.5099999999998,299,29,0.007660102152758474,89.83187413609207,B
16393,2537.46,254,156,0.007656933716447255,89.83953106980852,B
2622,2534.1299999999997,87,76,0.007646885247003097,89.84717795505551,B
42642,2531.89,211,125,0.007640125916205828,89.85481808097173,B
1964,2529.2400000000002,76,64,0.007632129386467986,89.86245021035819,B
192,2528.34,66,49,0.007629413583915511,89.8700796239421,B
37310,2527.52,248,106,0.007626939186034366,89.87770656312814,B
5188,2527.21,79,68,0.007626003742932959,89.88533256687107,B
5359,2526.5899999999997,141,118,0.007624132856730142,89.8929566997278,B
17910,2523.51,249,129,0.007614838776883896,89.90057153850469,B
45332,2520.42,358,195,0.0076055145214537325,89.90817705302615,B
4300,2519.86,14,8,0.007603824688754416,89.91578087771491,B
15619,2519.3,370,221,0.007602134856055098,89.92338301257097,B
23840,2518.6,140,82,0.0076000225651809495,89.93098303513615,B
11698,2517.9,210,128,0.007597910274306804,89.93858094541046,B
598,2516.98,102,64,0.0075951341205864956,89.94617607953106,B
15463,2516.7200000000003,28,13,0.00759434955540467,89.95377042908646,B
4299,2515.27,173,117,0.0075899740957367946,89.9613604031822,B
12901,2508.21,279,198,0.0075686701334918265,89.96892907331569,B
15503,2507.2200000000003,178,137,0.007565682750684104,89.97649475606637,B
12078,2504.89,211,92,0.007558651839631585,89.984053407906,B
2482,2499.75,25,23,0.007543141589498563,89.9915965494955,B
9360,2499.4900000000002,51,44,0.007542357024316738,89.99913890651982,B
39648,2497.49,151,91,0.007536321907533459,90.00667522842735,C
34647,2496.06,294,157,0.007532006799033417,90.0142072352264,C
3189,2491.35,165,139,0.007517794099008799,90.02172502932541,C
21001,2490.75,225,114,0.007515983563973815,90.02924101288939,C
32137,2488.34,166,128,0.007508711248249967,90.03674972413764,C
32508,2487.8399999999997,116,57,0.007507202469054147,90.04425692660669,C
43043,2486.4900000000002,351,225,0.0075031287652254355,90.05176005537191,C
2199,2486.2400000000002,76,59,0.0075023743756275265,90.05926242974755,C
1340,2484.6299999999997,137,98,0.007497516106616986,90.06675994585416,C
36344,2484.1,190,91,0.00749591680066942,90.07425586265482,C
21735,2481.0499999999997,95,54,0.0074867132475749205,90.0817425759024,C
3944,2479.38,62,50,0.007481673925060886,90.08922424982745,C
7265,2478.45,155,117,0.00747886759575666,90.0967031174232,C
6566,2477.52,248,137,0.007476061266452437,90.10417917868966,C
44734,2475.39,261,153,0.007469633867078246,90.11164881255674,C
3365,2474.0099999999998,99,66,0.007465469636497786,90.11911428219324,C
35670,2472.75,225,129,0.007461667512924321,90.12657594970617,C
35605,2472.7400000000002,226,143,0.007461637337340406,90.13403758704351,C
19120,2470.1,190,112,0.007453670983186479,90.14149125802669,C
1361,2469.87,13,6,0.007452976944756402,90.14894423497145,C
8027,2463.62,1238,540,0.00743411720480866,90.15637835217626,C
5656,2462.97,1653,505,0.0074321557918540955,90.16381050796812,C
36199,2460.19,181,114,0.00742376697952534,90.17123427494765,C
24778,2454.93,107,73,0.007407894622385321,90.17864216957004,C
4779,2454.17,83,67,0.007405601278007675,90.18604777084805,C
14623,2453.4900000000002,351,232,0.007403549338301362,90.19345132018636,C
45845,2452.47,153,75,0.0074004714287418906,90.2008517916151,C
2170,2449.98,702,398,0.007392957708346711,90.20824474932344,C
3578,2449.58,42,37,0.007391750684990056,90.21563650000843,C
18812,2448.04,196,159,0.007387103645066932,90.2230236036535,C
10298,2447.55,245,155,0.007385625041455029,90.23040922869495,C
42172,2447.55,245,107,0.007385625041455029,90.2377948537364,C
24094,2446.5,350,55,0.007382456605143808,90.24517731034155,C
12473,2445.96,204,96,0.007380827123612324,90.25255813746516,C
8664,2442.96,104,73,0.007371774448437408,90.2599299119136,C
4062,2440.26,274,175,0.007363627040779984,90.26729353895438,C
284,2439.7,30,26,0.007361937208080665,90.27465547616245,C
2816,2439.4700000000003,53,45,0.0073612431696505895,90.2820167193321,C
3528,2439.3900000000003,61,57,0.0073610017649792595,90.28937772109708,C
5627,2437.71,129,95,0.007355932266881304,90.29673365336396,C
15911,2436.29,271,152,0.007351647333965178,90.30408530069792,C
6368,2431.94,406,190,0.007338520954961551,90.31142382165288,C
4232,2428.97,293,48,0.007329558806538383,90.31875338045941,C
11529,2426.0099999999998,419,110,0.0073206268336991325,90.32607400729312,C
18801,2422.9700000000003,203,120,0.007311453456188553,90.3333854607493,C
162,2413.02,98,59,0.007281428750191748,90.34066688949949,C
5187,2412.98,302,228,0.007281308047856082,90.34794819754734,C
15917,2412.6,340,183,0.00728016137566726,90.355228358923,C
27515,2410.48,152,75,0.007273764151876986,90.36250212307488,C
8205,2406.21,1179,575,0.007260879177544689,90.36976300225243,C
15889,2405.05,195,125,0.007257378809810389,90.37702038106224,C
2882,2404.81,19,18,0.007256654595796394,90.38427703565803,C
46551,2399.04,96,42,0.007239243283876641,90.3915162789419,C
6322,2398.0,200,129,0.007236105023149337,90.39875238396506,C
21145,2398.0,200,94,0.007236105023149337,90.40598848898821,C
41965,2395.47,153,93,0.007228470600418491,90.41321695958864,C
35049,2394.16,184,93,0.007224517598925445,90.42044147718757,C
8368,2393.97,1203,391,0.007223944262831033,90.4276654214504,C
24772,2390.16,184,59,0.00721244736535889,90.43487786881576,C
39358,2388.87,113,89,0.007208554715033675,90.4420864235308,C
12685,2385.39,161,95,0.007198053611830773,90.44928447714263,C
35959,2384.56,44,30,0.007195549038365714,90.456480026181,C
38651,2382.51,149,91,0.007189363043662856,90.46366938922466,C
11089,2381.93,235,158,0.007187612859795705,90.47085700208446,C
24003,2379.65,335,190,0.007180732826662769,90.47803773491113,C
46628,2378.3,170,110,0.0071766591228340565,90.48521439403396,C
3046,2375.58,42,37,0.0071684513640088,90.49238284539797,C
31233,2375.01,199,127,0.007166731355725566,90.4995495767537,C
9136,2371.5099999999998,149,113,0.00715616990135483,90.50670574665504,C
24357,2368.69,131,87,0.007147660386690411,90.51385340704174,C
6782,2368.42,158,114,0.007146845645924668,90.52100025268766,C
35581,2367.36,64,41,0.00714364703402953,90.52814389972168,C
3889,2367.11,399,298,0.0071428926444316206,90.53528679236612,C
33587,2366.28,72,47,0.007140388070966562,90.54242718043709,C
32203,2366.18,182,113,0.007140086315127397,90.54956726675222,C
8534,2366.05,395,183,0.007139694032536485,90.55670696078475,C
16175,2362.62,338,229,0.0071293438072531625,90.563836304592,C
3324,2359.53,47,43,0.0071200195518230005,90.57095632414382,C
18381,2359.41,159,92,0.007119657444816003,90.57807598158864,C
32107,2358.21,179,117,0.007116036374746038,90.58519201796338,C
1276,2355.28,472,235,0.007107194928658537,90.59229921289204,C
5468,2354.63,37,27,0.007105233515703972,90.59940444640775,C
4431,2354.58,142,95,0.007105082637784388,90.60650952904552,C
4498,2354.3900000000003,61,49,0.007104509301689979,90.61361403834721,C
7266,2352.33,167,113,0.007098293131403202,90.62071233147861,C
5194,2350.53,147,110,0.007092861526298254,90.62780519300492,C
19556,2350.32,168,104,0.007092227839036009,90.63489742084396,C
37311,2349.66,234,126,0.007090236250497526,90.64198765709445,C
19799,2349.53,47,16,0.007089843967906614,90.64907750106235,C
21552,2348.92,108,51,0.007088003257287714,90.65616550431965,C
26236,2347.4,260,150,0.007083416568532425,90.66324892088818,C
7261,2344.23,427,338,0.007073850908430929,90.6703227717966,C
13637,2338.31,169,68,0.007055986962752429,90.67737875875936,C
15980,2338.2,180,95,0.007055655031329349,90.68443441379068,C
24837,2335.32,468,37,0.00704696446316143,90.69148137825384,C
25691,2329.88,212,63,0.007030548945510916,90.69851192719935,C
16918,2329.44,256,123,0.007029221219818595,90.70554114841917,C
33988,2329.33,167,102,0.007028889288395514,90.71257003770756,C
37735,2328.89,211,124,0.007027561562703194,90.71959759927027,C
31119,2324.53,47,23,0.00701440500811565,90.7266120042784,C
6721,2323.6499999999996,135,86,0.007011749556731007,90.73362375383512,C
8096,2322.33,1167,348,0.007007766379654044,90.74063152021478,C
1036,2319.42,58,49,0.006998985284734377,90.74763050549952,C
38483,2318.89,211,112,0.006997385978786808,90.75462789147831,C
2235,2312.22,78,75,0.0069772588643145774,90.76160515034262,C
2339,2308.95,105,87,0.00696739144837392,90.76857254179099,C
23067,2308.9,110,56,0.006967240570454339,90.77553978236145,C
12773,2308.46,154,96,0.0069659128447620185,90.78250569520621,C
42264,2304.54,46,25,0.006954084015866794,90.78945977922208,C
4290,2304.06,194,159,0.0069526355878388076,90.79641241480992,C
15290,2303.75,325,178,0.006951700144737399,90.80336411495466,C
19199,2302.7599999999998,124,73,0.006948712761929677,90.81031282771659,C
24291,2302.72,128,73,0.006948592059594011,90.81726141977619,C
35800,2302.08,192,143,0.0069466608222233635,90.82420808059841,C
90013,2299.77,23,6,0.006939690262338679,90.83114777086075,C
21326,2299.08,92,58,0.006937608147048448,90.83808537900781,C
2988,2299.08,92,84,0.006937608147048448,90.84502298715486,C
5147,2297.38,162,118,0.006932478297782662,90.85195546545265,C
15146,2296.98,102,62,0.0069312712744260055,90.85888673672707,C
25039,2296.56,284,174,0.006930003899901518,90.86581674062697,C
2382,2296.17,83,56,0.006928827052128779,90.8727455676791,C
15916,2295.77,323,153,0.006927620028772124,90.87967318770788,C
36558,2295.37,213,163,0.006926413005415468,90.8865996007133,C
28312,2292.72,328,53,0.006918416475677625,90.89351801718897,C
40175,2290.09,191,132,0.006910480297107616,90.90042849748608,C
25690,2284.73,127,37,0.006894306184128434,90.9073228036702,C
446,2284.48,152,77,0.006893551794530524,90.91421635546473,C
46428,2284.4700000000003,253,120,0.006893521618946609,90.92110987708368,C
28258,2283.64,236,121,0.006891017045481547,90.92800089412916,C
18575,2282.4300000000003,57,30,0.006887365799827666,90.93488825992898,C
16724,2279.43,57,12,0.006878313124652749,90.94176657305364,C
28946,2275.22,78,45,0.00686560920382395,90.94863218225747,C
31456,2274.41,259,144,0.0068631649815267225,90.955495347239,C
21824,2274.0899999999997,91,65,0.006862199362841399,90.96235754660184,C
8962,2270.8599999999997,114,92,0.006852452649236405,90.96920999925108,C
18368,2269.16,284,183,0.0068473227999706196,90.97605732205105,C
42399,2268.09,191,85,0.006844094012491568,90.98290141606354,C
27303,2267.72,228,124,0.006842977515886661,90.98974439357943,C
3598,2266.38,162,100,0.006838933987641866,90.99658332756707,C
6214,2266.38,162,104,0.006838933987641866,91.0034222615547,C
21685,2266.38,162,87,0.006838933987641866,91.01026119554234,C
16703,2265.75,225,116,0.006837032925855133,91.0170982284682,C
26551,2264.97,103,92,0.006834679230309654,91.02393290769851,C
8367,2263.4900000000002,151,117,0.006830213243890031,91.0307631209424,C
13461,2263.17,183,128,0.006829247625204707,91.0375923685676,C
2171,2262.0899999999997,91,72,0.006825988662141735,91.04441835722974,C
44986,2259.67,133,71,0.006818686170833971,91.05123704340058,C
41030,2259.6699999999996,133,76,0.006818686170833969,91.05805572957141,C
16352,2258.68,132,73,0.006815698788026249,91.06487142835944,C
20447,2257.74,226,116,0.006812862283138107,91.07168429064258,C
44107,2254.83,117,47,0.00680408118821844,91.0784883718308,C
33028,2254.59,41,24,0.006803356974204447,91.085291728805,C
12069,2253.69,231,125,0.006800641171651972,91.09209236997665,C
24666,2253.18,282,132,0.006799102216872237,91.09889147219353,C
16151,2252.95,205,96,0.006798408178442159,91.10568988037197,C
8617,2250.32,168,113,0.00679047199987215,91.11248035237185,C
13065,2249.75,25,10,0.006788751991588916,91.11926910436344,C
39062,2248.75,125,85,0.006785734433197277,91.12605483879663,C
46422,2247.75,225,115,0.006782716874805638,91.13283755567144,C
14710,2244.71,129,68,0.0067735434972950575,91.13961109916873,C
7992,2243.79,321,208,0.00677076734357475,91.1463818665123,C
1019,2243.17,83,62,0.006768896457371934,91.15315076296967,C
22192,2242.97,203,114,0.006768292945693605,91.15991905591537,C
18835,2242.13,187,122,0.00676575819664463,91.16668481411202,C
19126,2239.28,172,111,0.00675715815522846,91.17344197226724,C
18097,2235.74,26,9,0.006746475998522059,91.18018844826577,C
11460,2233.4900000000002,51,28,0.006739686492140873,91.1869281347579,C
4450,2232.23,77,60,0.006735884368567408,91.19366401912647,C
19258,2227.77,223,158,0.006722426058140699,91.20038644518462,C
44828,2227.49,151,78,0.00672158114179104,91.20710802632641,C
4696,2225.69,131,102,0.006716149536686091,91.2138241758631,C
3672,2225.11,189,149,0.006714399352818941,91.22053857521591,C
6638,2224.1099999999997,89,72,0.0067113817944273015,91.22724995701034,C
2781,2219.63,37,23,0.006697863132832762,91.23394782014317,C
8059,2219.2599999999998,74,68,0.006696746636227854,91.2406445667794,C
20725,2218.52,148,116,0.006694513643018043,91.2473390804224,C
25992,2217.47,153,91,0.006691345206706821,91.25403042562911,C
3349,2211.66,2234,554,0.006673813192451402,91.26070423882156,C
13445,2211.16,184,111,0.006672304413255582,91.26737654323482,C
17162,2209.95,205,129,0.006668653167601699,91.27404519640243,C
24323,2209.83,17,2,0.0066682910605947035,91.28071348746302,C
33819,2208.62,138,84,0.0066646398149408205,91.28737812727796,C
21752,2208.3,170,96,0.006663674196255497,91.29404180147422,C
28239,2208.3,170,122,0.006663674196255497,91.30070547567048,C
8677,2207.4300000000003,57,49,0.0066610489204547724,91.30736652459093,C
38406,2207.23,77,37,0.006660445408776443,91.3140269699997,C
33334,2202.55,245,153,0.006646323235503576,91.3206732932352,C
11152,2200.53,247,132,0.0066402277675524654,91.32731352100275,C
13225,2198.0499999999997,95,55,0.0066327442227412,91.33394626522549,C
31500,2197.43,357,200,0.006630873336538385,91.34057713856203,C
21319,2195.31,169,105,0.006624476112748111,91.34720161467477,C
1039,2194.32,168,115,0.00662148872994039,91.35382310340471,C
12211,2191.08,92,73,0.00661171184075148,91.36043481524545,C
16484,2190.63,137,92,0.006610353939475243,91.36704516918493,C
44708,2190.34,166,83,0.006609478847541668,91.37365464803247,C
35294,2190.24,376,101,0.006609177091702503,91.38026382512417,C
42678,2189.64,436,216,0.006607366556667519,91.38687119168084,C
2593,2189.27,73,63,0.006606250060062614,91.3934774417409,C
4411,2187.81,219,176,0.006601844424810822,91.4000792861657,C
3652,2186.61,39,38,0.006598223354740855,91.40667750952045,C
38950,2186.16,184,108,0.006596865453464617,91.41327437497391,C
20483,2185.79,121,85,0.006595748956859712,91.41987012393076,C
33278,2185.3,270,137,0.00659427035324781,91.42646439428401,C
10680,2182.02,198,85,0.006584372761723235,91.43304876704573,C
23895,2181.27,273,168,0.006582109592929506,91.43963087663866,C
43877,2179.31,69,45,0.006576195178481894,91.44620707181714,C
5373,2179.26,224,175,0.006576044300562312,91.4527831161177,C
45333,2176.31,269,137,0.0065671425033069775,91.459350258621,C
26818,2174.72,128,78,0.006562344585464272,91.46591260320646,C
29477,2173.61,239,156,0.006558995095649554,91.4724715983021,C
16540,2169.97,103,74,0.006548011183103989,91.4790196094852,C
2908,2169.6899999999996,31,21,0.006547166266754329,91.48556677575196,C
27233,2168.38,362,175,0.006543213265261284,91.49210998901722,C
2207,2159.64,36,32,0.006516839804918362,91.49862682882214,C
8289,2159.64,36,26,0.006516839804918362,91.50514366862706,C
25465,2159.64,36,13,0.006516839804918362,91.51166050843197,C
23388,2158.2,180,129,0.006512494520834403,91.5181730029528,C
10603,2158.06,194,130,0.0065120720626595735,91.52468507501547,C
11441,2157.73,127,75,0.006511076268390333,91.53119615128386,C
2746,2156.71,29,20,0.006507998358830861,91.53770414964269,C
36623,2156.37,63,25,0.006506972388977704,91.54421112203167,C
28887,2156.34,166,124,0.006506881862225956,91.55071800389389,C
29942,2156.34,166,131,0.006506881862225956,91.55722488575611,C
27330,2155.21,179,108,0.0065034720212434035,91.56372835777735,C
6266,2150.04,276,151,0.0064878712443586315,91.57021622902171,C
5990,2149.57,43,29,0.006486452991914563,91.57670268201362,C
17316,2148.35,65,39,0.006482771570676762,91.58318545358429,C
1740,2145.64,36,30,0.006474593987435422,91.58966004757173,C
13147,2144.87,113,46,0.0064722704674738596,91.5961323180392,C
24029,2143.57,143,84,0.00646834764156473,91.60260066568075,C
21510,2143.05,195,114,0.006466778511201078,91.60906744419195,C
19969,2141.83,17,2,0.006463097089963279,91.61553054128191,C
8359,2141.32,268,122,0.006461558135183543,91.6219920994171,C
3412,2140.59,141,119,0.0064593553175576485,91.62845145473466,C
10927,2137.86,214,135,0.006451117383148475,91.63490257211781,C
15315,2137.86,214,145,0.006451117383148475,91.64135368950096,C
46600,2131.0099999999998,199,76,0.006430447108165749,91.64778413660913,C
23998,2127.87,213,102,0.006420971974816005,91.65420510858395,C
5322,2125.14,86,64,0.006412734040406831,91.66061784262436,C
35668,2121.07,193,126,0.006400452577752863,91.66701829520211,C
5655,2117.4,160,120,0.006389378138455549,91.67340767334056,C
16647,2117.37,163,54,0.006389287611703798,91.67979696095227,C
6438,2116.96,304,111,0.006388050412763227,91.68618501136504,C
41827,2113.25,175,120,0.006376855271130248,91.69256186663617,C
17457,2112.65,235,149,0.006375044736095266,91.69893691137226,C
5708,2107.71,2129,514,0.00636013799764057,91.7052970493699,C
39774,2106.22,78,35,0.006355641835637029,91.71165269120554,C
3153,2104.83,117,96,0.0063514474294726515,91.71800413863501,C
5492,2099.86,14,14,0.006336450164266209,91.72434058879928,C
1798,2099.7,30,26,0.006335967354923544,91.73067655615421,C
686,2098.95,105,89,0.006333704186129816,91.73701026034034,C
8149,2098.95,105,65,0.006333704186129816,91.74334396452647,C
8077,2097.9,210,146,0.006330535749818597,91.7496745002763,C
15748,2097.68,232,148,0.0063298718869724355,91.75600437216328,C
14383,2094.69,131,102,0.006320849387381436,91.76232522155065,C
6658,2094.69,131,60,0.006320849387381436,91.76864607093803,C
21251,2089.7799999999997,122,61,0.00630603317567849,91.77495210411371,C
18806,2089.62,38,31,0.006305550366335828,91.78125765448004,C
4054,2089.53,147,125,0.006305278786080582,91.78756293326613,C
23168,2088.69,131,50,0.006302744037031605,91.79386567730316,C
22910,2087.82,18,2,0.00630011876123088,91.80016579606439,C
46297,2086.2599999999998,174,90,0.006295411370139923,91.80646120743454,C
23479,2085.9,210,123,0.006294325049118934,91.81275553248366,C
32652,2079.97,303,159,0.006276430927856516,91.81903196341152,C
3620,2079.48,52,48,0.006274952324244613,91.82530691573577,C
2818,2078.37,63,55,0.006271602834429894,91.8315785185702,C
3518,2077.97,103,63,0.006270395811073238,91.83784891438127,C
13991,2077.92,208,126,0.006270244933153657,91.84411915931442,C
29427,2076.69,31,21,0.006266533336331943,91.85038569265075,C
28156,2076.41,159,90,0.006265688419982282,91.85665138107073,C
12155,2076.26,174,107,0.006265235786223538,91.86291661685696,C
23323,2074.75,25,5,0.006260679273052162,91.86917729613002,C
18787,2074.2200000000003,178,108,0.006259079967104596,91.87543637609713,C
18449,2070.68,232,112,0.006248397810398192,91.88168477390752,C
3973,2069.91,9,4,0.006246074290436631,91.88793084819795,C
17985,2069.14,86,61,0.00624375077047507,91.89417459896843,C
11354,2067.93,207,128,0.006240099524821187,91.90041469849325,C
5808,2066.61,39,36,0.006236116347744225,91.906650814841,C
7740,2066.55,345,90,0.006235935294240726,91.91288675013524,C
38644,2066.12,188,78,0.006234637744132322,91.91912138787937,C
2997,2063.7599999999998,24,7,0.006227516306328054,91.9253489041857,C
46763,2062.28,172,97,0.00622305031990843,91.9315719545056,C
3294,2060.7599999999998,124,94,0.006218463631153138,91.93779041813676,C
3940,2056.94,206,166,0.00620693655809708,91.94399735469486,C
31163,2056.53,147,98,0.006205699359156508,91.95020305405401,C
24489,2050.92,108,64,0.006188770856579416,91.9563918249106,C
21834,2050.82,118,58,0.006188469100740252,91.96258029401133,C
366,2047.07,93,69,0.006177153256771606,91.9687574472681,C
592,2039.88,12,11,0.0061554570119357254,91.97491290428005,C
17916,2039.88,12,6,0.0061554570119357254,91.98106836129199,C
2647,2039.66,34,19,0.006154793149089565,91.98722315444108,C
26827,2038.52,148,101,0.006151353132523097,91.9933745075736,C
19581,2037.2399999999998,76,47,0.006147490657781799,91.99952199823139,C
45266,2031.39,161,113,0.006129837941190713,92.00565183617258,C
38859,2029.65,35,31,0.006124587389589262,92.01177642356217,C
6584,2028.52,148,109,0.006121177548606711,92.01789760111077,C
3162,2028.51,2049,717,0.0061211473730227945,92.0240187484838,C
13498,2027.48,252,138,0.0061180392878794065,92.03013678777168,C
8444,2023.2099999999998,79,69,0.00610515431354711,92.03624194208523,C
38476,2023.1899999999998,81,48,0.006105093962379276,92.0423470360476,C
19269,2023.12,88,48,0.006104882733291862,92.0484519187809,C
13744,2022.75,225,51,0.006103766236686956,92.05455568501759,C
4252,2015.64,2036,682,0.006082311396522406,92.06063799641412,C
16329,2014.57,143,104,0.006079082609043353,92.06671707902316,C
6495,2013.7599999999998,124,112,0.006076638386746124,92.07279371740991,C
44266,2011.11,189,126,0.0060686418570082825,92.07886235926692,C
18562,2010.34,166,108,0.0060663183370467215,92.08492867760397,C
33212,2003.6399999999999,236,45,0.006046100695822742,92.0909747782998,C
6296,2002.03,257,197,0.006041242426812204,92.09701602072661,C
31452,2001.73,227,106,0.0060403371592947135,92.1030563578859,C
6975,1999.72,228,126,0.006034271866927519,92.10909062975283,C
756,1999.1399999999999,286,106,0.006032521683060369,92.11512315143588,C
26779,1998.0,200,103,0.006029081666493901,92.12115223310238,C
5087,1995.57,143,125,0.006021748999602219,92.12717398210198,C
2043,1994.34,66,60,0.006018037402780504,92.13319201950476,C
6314,1990.3400000000001,166,122,0.00600596716921395,92.13919798667398,C
15233,1989.5600000000002,44,31,0.006003613473668472,92.14520160014764,C
25462,1985.3799999999999,62,33,0.005991000079591422,92.15119260022723,C
30735,1983.32,68,40,0.005984783909304646,92.15717738413653,C
26428,1982.59,141,72,0.00598258109167875,92.1631599652282,C
37048,1981.56,44,19,0.0059794730065353624,92.16913943823474,C
44755,1979.8500000000001,15,5,0.005974312981685661,92.17511375121643,C
17330,1979.59,141,75,0.0059735284165038345,92.18108727963293,C
46568,1979.46,154,95,0.005973136133912922,92.18706041576685,C
19394,1979.34,66,27,0.005972774026905925,92.19303318979375,C
4315,1979.34,66,48,0.005972774026905925,92.19900596382065,C
5220,1978.05,195,99,0.005968881376580711,92.20497484519723,C
34947,1976.28,172,74,0.005963540298227511,92.21093838549545,C
23235,1975.21,179,70,0.005960311510748458,92.2168986970062,C
3279,1974.43,57,44,0.00595795781520298,92.2228566548214,C
3460,1973.66,34,29,0.005955634295241418,92.22881228911665,C
39599,1973.5,250,137,0.005955151485898756,92.23476744060254,C
6116,1973.33,67,45,0.005954638500972177,92.2407220791035,C
4302,1971.77,123,88,0.005949931109881221,92.24667201021339,C
24842,1969.72,225,142,0.005943745115178362,92.25261575532856,C
23464,1968.55,145,88,0.005940214571860144,92.25855596990043,C
20992,1968.03,197,79,0.005938645441496492,92.26449461534193,C
21267,1966.77,123,62,0.005934843317923028,92.27042945865985,C
2878,1959.51,49,40,0.0059129358439997315,92.27634239450384,C
4401,1959.51,49,22,0.0059129358439997315,92.28225533034784,C
8443,1959.0199999999998,98,85,0.005911457240387828,92.28816678758822,C
33370,1956.47,53,34,0.005903762466489151,92.29407055005471,C
6879,1952.28,1972,762,0.0058911188968281845,92.29996166895154,C
19041,1950.05,195,149,0.005884389741614831,92.30584605869315,C
46498,1950.05,195,46,0.005884389741614831,92.31173044843476,C
23340,1949.8700000000001,13,2,0.005883846581104336,92.31761429501586,C
20748,1949.6100000000001,39,27,0.0058830620159225095,92.32349735703178,C
25338,1949.6100000000001,39,14,0.0058830620159225095,92.32938041904771,C
2130,1949.35,65,59,0.0058822774507406835,92.33526269649845,C
33148,1948.05,195,114,0.005878354624831553,92.34114105112327,C
2717,1946.67,33,27,0.005874190394251092,92.34701524151752,C
16174,1946.41,59,29,0.005873405829069266,92.35288864734659,C
3562,1946.34,1966,683,0.005873194599981851,92.35876184194657,C
3404,1943.4099999999999,109,74,0.0058643531538943505,92.36462619510047,C
18733,1943.38,62,38,0.005864262627142601,92.37049045772761,C
15321,1942.1200000000001,188,102,0.005860460503569137,92.37635091823118,C
13492,1938.22,178,103,0.005848692025841746,92.38219961025702,C
5662,1934.24,176,153,0.005836682143443024,92.38803629240046,C
13958,1930.39,161,90,0.005825064543635216,92.39386135694409,C
27460,1928.07,193,104,0.005818063808166614,92.39967942075225,C
7891,1924.65,35,31,0.005807743758467211,92.40548716451072,C
21693,1924.45,55,43,0.005807140246788883,92.4112943047575,C
8298,1923.25,175,122,0.0058035191767189164,92.41709782393423,C
23866,1920.4,160,83,0.005794919135302747,92.42289274306953,C
2440,1919.87,113,99,0.005793319829355177,92.42868606289888,C
649,1919.52,48,42,0.005792263683918104,92.43447832658279,C
26739,1919.52,48,22,0.005792263683918104,92.4402705902667,C
5689,1919.12,88,81,0.0057910566605614494,92.44606164692726,C
41157,1918.8,120,85,0.005790091041876125,92.45185173796914,C
42386,1918.74,226,48,0.005789909988372626,92.4576416479575,C
40801,1918.26,174,106,0.0057884615603446396,92.46343010951784,C
25141,1917.72,128,77,0.005786832078813155,92.46921694159666,C
4491,1915.41,59,52,0.00577986151892847,92.47499680311559,C
17016,1909.53,147,68,0.005762118275585635,92.48075892139117,C
44138,1909.53,147,89,0.005762118275585635,92.48652103966675,C
3568,1907.73,1927,756,0.005756686670480686,92.49227772633724,C
3571,1906.42,958,432,0.005752733668987639,92.49803046000622,C
18884,1905.87,113,69,0.005751074011872238,92.50378153401809,C
40483,1903.73,127,67,0.005744616436914132,92.509526150455,C
4040,1903.33,67,64,0.005743409413557475,92.51526955986856,C
29353,1903.32,68,50,0.005743379237973559,92.52101293910653,C
3773,1901.42,58,53,0.005737645877029447,92.52675058498356,C
23870,1897.92,208,101,0.005727084422658711,92.53247766940622,C
37121,1896.54,146,119,0.00572292019207825,92.5382005895983,C
36200,1894.6,140,87,0.005717066128798471,92.5439176557271,C
3929,1891.5600000000002,44,38,0.00570789275128789,92.54962554847839,C
3233,1889.26,74,56,0.005700952366987121,92.55532650084538,C
33573,1888.74,126,62,0.005699383236623469,92.561025884082,C
6734,1888.1100000000001,189,119,0.005697482174836737,92.56672336625684,C
1399,1886.49,51,43,0.005692593730242282,92.57241595998708,C
18877,1885.64,236,173,0.005690028805609389,92.57810598879269,C
43808,1885.64,236,108,0.005690028805609389,92.58379601759829,C
7219,1885.5900000000001,41,22,0.005689877927689808,92.58948589552598,C
25963,1885.05,95,56,0.005688248446158322,92.59517414397214,C
27581,1883.8999999999999,110,31,0.005684778254007938,92.60085892222615,C
22662,1880.43,57,38,0.005674307326388952,92.60653322955254,C
15399,1880.42,158,74,0.005674277150805036,92.61220750670334,C
5070,1880.3,70,66,0.005673915043798039,92.61788142174714,C
3640,1880.26,74,44,0.005673794341462373,92.6235552160886,C
5560,1880.0099999999998,99,89,0.0056730399518644635,92.62922825604046,C
2770,1879.53,47,39,0.005671591523836477,92.6348998475643,C
33055,1878.91,209,130,0.005669720637633662,92.64056956820193,C
4389,1876.29,71,58,0.005661814634647568,92.64623138283658,C
2624,1874.7299999999998,27,27,0.005657107243556611,92.65188849008013,C
2112,1874.1699999999998,83,62,0.005655417410857294,92.65754390749099,C
3601,1870.53,47,33,0.0056444334983117295,92.66318834098931,C
15620,1868.14,186,122,0.005637221533755714,92.66882556252307,C
27503,1863.67,133,95,0.00562373304774509,92.67444929557081,C
19282,1863.07,93,61,0.005621922512710106,92.68007121808353,C
20729,1862.42,158,113,0.005619961099755541,92.68569117918328,C
22289,1858.76,124,65,0.005608916836042144,92.69130009601932,C
24310,1857.6,140,84,0.005605416468307843,92.69690551248763,C
39983,1855.68,132,90,0.005599622756195897,92.70250513524383,C
35606,1855.27,173,110,0.005598385557255325,92.70810352080107,C
970,1853.84,116,79,0.005594070448755282,92.71369759124983,C
44911,1852.9399999999998,106,58,0.005591354646202806,92.71928894589603,C
17187,1852.9199999999998,108,40,0.005591294295034974,92.72488024019106,C
18758,1852.3600000000001,164,125,0.005589604462335657,92.73046984465338,C
1535,1851.3600000000001,464,243,0.005586586903944019,92.73605643155733,C
22938,1850.9999999999998,100,65,0.005585500582923028,92.74164193214025,C
3296,1849.3,70,46,0.005580370733657243,92.74722230287391,C
6432,1845.3600000000001,1864,529,0.005568481553594187,92.7527907844275,C
22047,1844.16,184,118,0.00556486048352422,92.75835564491103,C
33684,1843.9799999999998,102,86,0.005564317323013725,92.76391996223404,C
19320,1842.85,115,46,0.005560907482031174,92.76948086971608,C
41927,1838.84,116,64,0.0055488070728807026,92.77502967678896,C
13731,1836.9899999999998,101,75,0.005543224589856171,92.78057290137882,C
46062,1835.33,167,92,0.005538215442926052,92.78611111682174,C
4760,1834.9199999999998,108,43,0.005536978243985479,92.79164809506572,C
45601,1834.9199999999998,108,58,0.005536978243985479,92.7971850733097,C
8242,1834.74,126,51,0.005536435083474985,92.80272150839318,C
8458,1831.53,47,39,0.005526748721037825,92.80824825711422,C
12663,1829.71,229,71,0.0055212567647650425,92.81376951387898,C
8965,1829.69,31,26,0.00552119641359721,92.81929071029258,C
44493,1829.63,37,21,0.005521015360093712,92.82481172565267,C
14684,1829.63,37,17,0.005521015360093712,92.83033274101275,C
3939,1829.3899999999999,61,56,0.005520291146079718,92.83585303215884,C
33960,1828.78,122,66,0.005518450435460819,92.8413714825943,C
26429,1824.77,23,17,0.005506350026310348,92.8468778326206,C
8623,1823.9,610,247,0.005503724750509623,92.85238155737112,C
45392,1823.04,96,62,0.005501129650292813,92.85788268702142,C
7413,1821.93,207,113,0.005497780160478095,92.8633804671819,C
5169,1821.34,116,81,0.005495999801027027,92.86887646698293,C
6932,1820.96,304,153,0.005494853128838205,92.87437132011176,C
27591,1820.4299999999998,57,41,0.005493253822890637,92.87986457393465,C
6102,1819.09,91,78,0.005489210294645841,92.8853537842293,C
8246,1818.3,170,90,0.005486826423516447,92.89084061065282,C
22702,1817.82,18,3,0.0054853779954884595,92.8963259886483,C
45294,1817.3500000000001,165,103,0.00548395974304439,92.90180994839135,C
16159,1814.49,151,97,0.005475329526044304,92.9072852779174,C
2582,1813.79,121,99,0.005473217235170157,92.91275849515256,C
9115,1811.81,119,80,0.005467242469554713,92.91822573762211,C
9092,1809.46,54,39,0.005460151207334361,92.92368588882944,C
23270,1808.19,181,102,0.005456318908176981,92.92914220773761,C
45276,1808.19,181,101,0.005456318908176981,92.93459852664579,C
17978,1805.74,226,121,0.005448925890117466,92.94004745253591,C
5390,1804.77,1823,589,0.005445998858477576,92.94549345139438,C
28736,1802.99,301,140,0.00544062760454046,92.95093407899893,C
17296,1802.36,164,98,0.005438726542753727,92.95637280554168,C
24727,1801.66,34,11,0.005436614251879581,92.96180941979355,C
3797,1800.9399999999998,106,68,0.0054344416098376005,92.96724386140339,C
20405,1800.9399999999998,106,66,0.0054344416098376005,92.97267830301323,C
669,1799.5500000000002,45,13,0.005430247203673223,92.9781085502169,C
8523,1796.4,360,189,0.005420741894739562,92.98352929211164,C
46485,1791.68,32,17,0.005406499019131028,92.98893579113077,C
23401,1790.88,112,42,0.005404084972417717,92.99433987610318,C
23764,1790.1200000000001,188,81,0.005401791628040072,92.99974166773123,C
4625,1789.88,12,11,0.005401067414026079,93.00514273514526,C
47009,1786.84,116,54,0.005391894036515496,93.01053462918178,C
3199,1785.6200000000001,38,21,0.005388212615277698,93.01592284179705,C
5054,1777.07,893,354,0.005362412491029187,93.02128525428807,C
2037,1777.05,1795,455,0.005362352139861354,93.02664760642793,C
24018,1775.52,48,26,0.005357735275522147,93.03200534170345,C
38897,1775.34,66,34,0.005357192115011652,93.03736253381847,C
24244,1775.26,74,11,0.005356950710340321,93.0427194845288,C
33214,1774.4099999999999,209,45,0.0053543857857074285,93.04807387031451,C
29112,1774.3899999999999,61,36,0.005354325434539596,93.05342819574905,C
9028,1773.9,110,94,0.0053528468309276935,93.05878104257998,C
1261,1771.1100000000001,1789,456,0.005344427843015022,93.064125470423,C
2563,1769.6100000000001,39,31,0.005339901505427564,93.06946537192842,C
6195,1769.37,63,44,0.00533917729141357,93.07480454921983,C
7017,1768.4499999999998,55,48,0.005336401137693262,93.08014095035753,C
4140,1767.05,295,76,0.005332176555944969,93.08547312691347,C
33210,1765.9199999999998,208,39,0.005328766714962417,93.09080189362844,C
11353,1765.72,28,18,0.0053281632032840896,93.09613005683173,C
43685,1762.74,126,68,0.005319170879277007,93.101449227711,C
34850,1762.73,127,91,0.00531914070369309,93.10676836841469,C
3928,1762.53,147,96,0.0053185371920147625,93.1120869056067,C
31202,1762.46,154,86,0.005318325962927348,93.11740523156963,C
5490,1762.2,1780,640,0.005317541397745522,93.12272277296738,C
46310,1751.56,244,151,0.005285434576458487,93.12800820754384,C
34752,1751.27,73,51,0.005284559484524912,93.13329276702837,C
11926,1750.54,146,69,0.005282356666899016,93.13857512369526,C
15550,1748.49,51,18,0.0052761706721961565,93.14385129436745,C
32294,1748.43,357,81,0.005275989618692659,93.14912728398615,C
29118,1748.26,174,101,0.00527547663376608,93.15440276061992,C
25201,1747.08,92,39,0.005271915914863946,93.15967467653478,C
27567,1744.71,129,70,0.005264764301475763,93.16493944083625,C
31458,1743.96,204,128,0.005262501132682034,93.17020194196893,C
14852,1743.67,133,65,0.005261626040748459,93.17546356800968,C
18856,1743.09,291,168,0.005259875856881309,93.18072344386655,C
22416,1742.91,109,70,0.005259332696370814,93.18598277656292,C
6990,1741.04,96,81,0.005253689862178449,93.1912364664251,C
6227,1739.3,70,62,0.005248439310576998,93.19648490573567,C
24858,1738.8400000000001,116,13,0.005247051233716845,93.2017319569694,C
3481,1737.2099999999998,79,70,0.005242132613538473,93.20697408958293,C
34060,1734.76,124,73,0.005234739595478959,93.21220882917841,C
15292,1734.0900000000001,291,134,0.005232717831356561,93.21744154700977,C
20791,1733.83,217,141,0.005231933266174735,93.22267348027594,C
15194,1733.77,23,16,0.005231752212671237,93.22790523248861,C
14983,1733.3999999999999,60,30,0.0052306357160663295,93.23313586820467,C
36991,1727.75,125,56,0.005213586511153572,93.23834945471582,C
13268,1726.53,247,140,0.005209905089915773,93.24355935980573,C
11367,1725.26,174,111,0.005206072790758392,93.24876543259649,C
2734,1724.75,25,19,0.005204533835978657,93.25396996643246,C
6461,1724.31,119,44,0.005203206110286336,93.25917317254275,C
4818,1722.84,116,102,0.005198770299450627,93.26437194284219,C
525,1722.5700000000002,43,39,0.0051979555586848854,93.26956989840087,C
35088,1722.29,171,88,0.005197110642335225,93.27476700904322,C
28122,1720.25,75,42,0.005190954823216283,93.27995796386644,C
42953,1719.25,75,53,0.005187937264824644,93.28514590113126,C
31561,1718.22,78,37,0.005184829179681256,93.29033073031094,C
11320,1714.57,143,96,0.005173815091551776,93.2955045454025,C
17194,1714.57,143,49,0.005173815091551776,93.30067836049405,C
45600,1714.44,156,95,0.005173422808960863,93.30585178330301,C
5983,1709.43,57,37,0.005158304841418753,93.31101008814443,C
19340,1708.79,121,77,0.005156373604048105,93.31616646174848,C
2508,1705.43,857,403,0.005146234607852199,93.32131269635633,C
24992,1704.69,31,20,0.005144001614642387,93.32645669797097,C
6236,1704.32,168,94,0.005142885118037481,93.331599583089,C
5667,1703.45,155,113,0.005140259842236755,93.33673984293124,C
23360,1701.43,157,99,0.005134164374285645,93.34187400730552,C
3282,1699.83,1717,446,0.005129336280859023,93.34700334358638,C
41762,1699.83,17,9,0.005129336280859023,93.35213267986724,C
25514,1699.66,34,14,0.005128823295932445,93.35726150316317,C
2991,1699.66,34,34,0.005128823295932445,93.3623903264591,C
13451,1698.59,141,60,0.005125594508453391,93.36751592096756,C
2153,1698.3,170,132,0.005124719416519816,93.37264064038408,C
16826,1697.6200000000001,238,158,0.005122667476813502,93.37776330786089,C
43820,1696.1200000000001,188,121,0.005118141139226044,93.38288144900011,C
15255,1695.75,425,197,0.005117024642621137,93.38799847364272,C
3185,1691.64,36,29,0.005104622477631503,93.39310309612036,C
36268,1691.06,94,43,0.005102872293764353,93.39820596841412,C
19376,1691.05,95,72,0.005102842118180436,93.4033088105323,C
3204,1690.29,71,47,0.005100548773802791,93.40840935930609,C
2803,1689.35,65,51,0.00509771226891465,93.41350707157501,C
19035,1688.74,126,46,0.005095871558295751,93.41860294313331,C
43618,1688.7,130,75,0.005095750855960085,93.42369869398927,C
18817,1686.84,116,89,0.005090138197351638,93.42878883218661,C
5155,1685.89,211,165,0.005087271516879581,93.4338761037035,C
2310,1685.46,54,43,0.005085973966771177,93.43896207767027,C
43784,1685.0199999999998,98,50,0.005084646241078855,93.44404672391134,C
14624,1684.59,241,121,0.005083348690970451,93.44913007260232,C
44921,1681.8899999999999,111,61,0.005075201283313026,93.45420527388563,C
3137,1680.03,1697,556,0.005069588624704579,93.45927486251034,C
6270,1680.03,1697,526,0.005069588624704579,93.46434445113505,C
247,1679.92,8,7,0.0050692566932814985,93.46941370782832,C
23287,1679.88,12,4,0.005069135990945834,93.47448284381927,C
1309,1679.72,28,22,0.005068653181603171,93.47955149700088,C
21311,1679.5800000000002,42,32,0.0050682307234283415,93.48461972772431,C
14625,1678.32,168,26,0.005064428599854877,93.48968415632416,C
23777,1676.8700000000001,13,2,0.005060053140187001,93.49474420946434,C
3998,1674.12,88,71,0.005051754854609994,93.49979596431895,C
18974,1673.69,31,9,0.00505045730450159,93.50484642162345,C
46093,1670.5,150,90,0.005040831293232263,93.50988725291668,C
46311,1665.64,236,141,0.0050261659594489,93.51491341887613,C
4034,1663.54,46,33,0.005019829086826458,93.51993324796295,C
3321,1662.9099999999999,179,79,0.005017928025039726,93.524951175988,C
2189,1659.3799999999999,62,55,0.005007276043917242,93.5299584520319,C
20475,1658.34,166,114,0.005004137783189938,93.5349625898151,C
13552,1655.64,36,18,0.0049959903755325144,93.53995858019063,C
25496,1655.08,92,25,0.004994300542833196,93.54495288073346,C
4150,1654.62,138,26,0.004992912465973042,93.54994579319944,C
33953,1652.63,137,91,0.004986907524773682,93.55493270072421,C
23275,1652.51,149,113,0.004986545417766685,93.55991924614197,C
25286,1652.1299999999999,87,41,0.004985398745577862,93.56490464488755,C
18534,1651.4099999999999,59,30,0.0049832261035358824,93.56988787099108,C
4272,1649.4499999999998,55,47,0.00497731168908827,93.57486518268017,C
17326,1649.34,66,35,0.0049769797576651904,93.57984216243784,C
25337,1648.03,97,63,0.004973026756172144,93.58481518919402,C
16261,1645.8700000000001,113,83,0.004966508830046205,93.58978169802407,C
39450,1644.53,47,36,0.0049624653018014095,93.59474416332587,C
7788,1643.89,111,90,0.00496053406443076,93.59970469739031,C
22270,1642.5900000000001,41,25,0.004956611238521631,93.60466130862883,C
4190,1640.35,65,46,0.00494985190772436,93.60961116053656,C
15332,1636.19,131,19,0.004937298864815143,93.61454845940138,C
44217,1633.98,102,69,0.004930630060769622,93.61947908946215,C
8423,1633.74,226,93,0.004929905846755628,93.6244089953089,C
45240,1631.04,96,60,0.004921758439098204,93.629330753748,C
23397,1630.6399999999999,136,48,0.004920551415741548,93.63425130516373,C
21098,1629.8400000000001,116,85,0.004918137369028239,93.63916944253276,C
2639,1627.77,23,21,0.004911891023157546,93.64408133355592,C
13553,1627.56,44,20,0.0049112573358953025,93.64899259089181,C
42212,1625.31,269,158,0.004904467829514115,93.65389705872133,C
19966,1624.87,13,2,0.004903140103821794,93.65880019882515,C
3952,1624.37,63,57,0.004901631324625975,93.66370183014978,C
15252,1623.93,407,199,0.004900303598933654,93.6686021337487,C
19381,1622.44,156,102,0.004895807436930112,93.67349794118563,C
45457,1622.16,184,101,0.004894962520580454,93.67839290370621,C
5094,1619.3600000000001,464,221,0.004886513357083866,93.68327941706329,C
31581,1619.05,95,63,0.004885577913982458,93.68816499497727,C
17612,1618.38,162,103,0.00488355614986006,93.69304855112713,C
22362,1618.38,162,113,0.00488355614986006,93.697932107277,C
8454,1616.51,49,47,0.004877913315667695,93.70281002059266,C
8351,1615.53,147,137,0.00487495610844389,93.7076849767011,C
23155,1615.1899999999998,81,54,0.004873930138590732,93.71255890683969,C
17209,1614.99,101,78,0.004873326626912405,93.7174322334666,C
6362,1613.98,202,61,0.00487027889293685,93.72230251235953,C
23438,1610.76,124,79,0.0048605623549157735,93.72716307471445,C
2392,1609.77,23,15,0.004857574972108051,93.73202064968656,C
6659,1609.38,162,106,0.0048563981243353125,93.73687704781089,C
31345,1609.3,70,17,0.0048561567196639815,93.74173320453056,C
23947,1607.33,67,29,0.004850212129632453,93.7465834166602,C
44915,1606.66,134,73,0.004848190365510056,93.75143160702571,C
35607,1605.53,147,93,0.004844780524527504,93.75627638755023,C
16180,1604.54,146,94,0.004841793141719782,93.76111818069195,C
36383,1603.93,107,70,0.004839952431100882,93.76595813312305,C
2842,1599.96,4,3,0.004827972724286077,93.77078610584734,C
5196,1599.8,20,10,0.004827489914943414,93.77561359576228,C
16264,1599.8,20,7,0.004827489914943414,93.78044108567723,C
6460,1599.08,192,64,0.004825317272901435,93.78526640295013,C
25703,1598.82,118,66,0.004824532707719609,93.79009093565784,C
6687,1596.94,106,60,0.004818859697943329,93.79490979535579,C
19283,1595.42,158,99,0.0048142730091880375,93.79972406836498,C
5106,1594.67,133,110,0.004812009840394309,93.80453607820537,C
10702,1592.77,123,39,0.004806276479450196,93.80934235468483,C
20948,1589.8,20,10,0.004797314331027029,93.81413966901586,C
2655,1589.4699999999998,53,46,0.0047963185367577875,93.81893598755262,C
23649,1588.88,112,57,0.0047945381773067215,93.82373052572993,C
25995,1588.41,159,82,0.004793119924862651,93.8285236456548,C
21690,1587.6299999999999,187,52,0.004790766229317173,93.83331441188412,C
24311,1583.82,18,8,0.00477926933184503,93.83809368121597,C
13113,1583.52,48,24,0.004778364064327539,93.84287204528029,C
46694,1583.34,66,42,0.004777820903817043,93.8476498661841,C
14719,1583.28,72,34,0.004777639850313545,93.85242750603442,C
24975,1583.12,88,37,0.004777157040970883,93.8572046630754,C
213,1581.36,64,49,0.004771846138201598,93.86197650921359,C
8704,1579.1499999999999,85,38,0.004765177334156078,93.86674168654774,C
36511,1578.84,116,70,0.00476424189105467,93.8715059284388,C
6358,1577.97,103,70,0.004761616615253945,93.87626754505405,C
10441,1575.1499999999999,85,61,0.004753107100589523,93.88102065215463,C
22014,1575.04,96,64,0.004752775169166444,93.8857734273238,C
26885,1573.27,73,48,0.004747434090813243,93.89052086141461,C
21627,1573.01,99,77,0.004746649525631417,93.89526751094024,C
13097,1569.54,146,95,0.004736178598012431,93.90000368953825,C
32592,1568.1499999999999,85,69,0.004731984191848053,93.9047356737301,C
6225,1568.0700000000002,393,241,0.004731742787176723,93.90946741651727,C
43224,1565.04,96,63,0.004722599585250058,93.91419001610252,C
16458,1564.8,120,79,0.004721875371236064,93.91891189147375,C
10283,1564.08,392,22,0.0047197027291940846,93.92363159420294,C
27808,1561.47,153,74,0.004711826901791908,93.92834342110474,C
20406,1561.29,71,38,0.004711283741281412,93.93305470484603,C
753,1559.2199999999998,78,55,0.00470503739541072,93.93775974224144,C
7629,1557.27,73,57,0.0046991531565470255,93.94245889539799,C
2029,1553.79,21,20,0.004688652053344123,93.94714754745134,C
34014,1553.74,26,15,0.0046885011754245415,93.95183604862676,C
13454,1553.3799999999999,62,52,0.004687414854403551,93.95652346348116,C
8579,1552.24,176,130,0.004683974837837083,93.961207438319,C
689,1551.59,141,75,0.004682013424882518,93.96588945174388,C
3778,1550.67,33,28,0.004679237271162211,93.97056868901504,C
19895,1549.59,141,96,0.0046759783080992405,93.97524466732314,C
16427,1548.93,107,79,0.00467398671956076,93.9799186540427,C
18593,1548.45,155,104,0.004672538291532773,93.98459119233424,C
17981,1547.1399999999999,86,53,0.004668585290039727,93.98925977762427,C
17906,1547.1299999999999,87,51,0.00466855511445581,93.99392833273872,C
3868,1544.62,238,47,0.004660981042892798,93.99858931378161,C
14386,1541.29,171,84,0.004650932573448641,94.00324024635506,C
2182,1541.1899999999998,81,73,0.004650630817609477,94.00789087717267,C
17867,1540.77,223,143,0.004649363443084989,94.01254024061575,C
12139,1539.93,7,6,0.004646828694036013,94.01718706930978,C
2923,1539.78,22,19,0.0046463760602772665,94.02183344537006,C
19961,1539.78,22,10,0.0046463760602772665,94.02647982143034,C
29489,1539.23,77,52,0.004644716403161865,94.0311245378335,C
25497,1539.23,77,30,0.004644716403161865,94.03576925423667,C
1022,1538.9,110,75,0.004643720608892625,94.04041297484557,C
3702,1538.46,1554,491,0.004642392883200303,94.04505536772876,C
34219,1538.1,90,54,0.004641306562179314,94.04969667429094,C
3629,1536.4699999999998,53,39,0.004636387942000943,94.05433306223294,C
25181,1535.84,16,13,0.00463448688021421,94.05896754911316,C
2543,1535.36,64,58,0.004633038452186224,94.06360058756535,C
8470,1534.5,550,304,0.004630443351969415,94.06823103091732,C
43801,1534.32,168,99,0.00462990019145892,94.07286093110878,C
1663,1533.51,1549,432,0.004627455969161693,94.07748838707793,C
17347,1529.49,51,29,0.004615325384427306,94.08210371246236,C
19740,1529.3899999999999,61,30,0.004615023628588142,94.08671873609094,C
10372,1529.28,172,91,0.0046146916971650615,94.09133342778811,C
23974,1529.1,90,57,0.0046141485366545665,94.09594757632478,C
24398,1529.1,90,67,0.0046141485366545665,94.10056172486144,C
14471,1528.47,153,97,0.004612247474867834,94.1051739723363,C
29646,1527.85,115,80,0.004610376588665018,94.10978434892496,C
860,1527.61,139,21,0.004609652374651024,94.11439400129962,C
6881,1521.73,77,50,0.004591909131308191,94.11898591043092,C
36061,1519.92,8,2,0.004586447350619325,94.12357235778154,C
2868,1519.8400000000001,16,11,0.004586205945947994,94.12815856372748,C
18433,1519.84,16,12,0.004586205945947993,94.13274476967342,C
8221,1519.81,19,19,0.0045861154191962445,94.13733088509262,C
2086,1519.81,19,17,0.0045861154191962445,94.14191700051182,C
36065,1517.94,6,1,0.004580472585003881,94.14649747309683,C
2242,1517.31,69,54,0.004578571523217148,94.15107604462004,C
3533,1515.25,75,67,0.004572355352930372,94.15564839997297,C
37126,1513.24,76,43,0.004566290060563179,94.16021469003354,C
9129,1511.97,303,223,0.004562457761405798,94.16477714779495,C
14096,1511.58,42,8,0.004561280913633059,94.16933842870858,C
18881,1508.49,151,103,0.004551956658202896,94.17389038536679,C
6530,1508.33,167,59,0.004551473848860232,94.17844185921565,C
22353,1506.68,32,14,0.00454649487751403,94.18298835409317,C
43124,1503.49,251,88,0.004536868866244702,94.18752522295941,C
29691,1501.75,125,87,0.004531618314643251,94.19205684127405,C
5268,1501.33,167,96,0.004530350940118763,94.19658719221417,C
1013,1500.21,79,53,0.004526971274720127,94.20111416348888,C
27111,1499.75,25,17,0.004525583197859975,94.20563974668674,C
2802,1499.3999999999999,60,57,0.0045245270524229,94.21016427373917,C
43489,1498.91,109,44,0.004523048448810998,94.21468732218798,C
24971,1498.8600000000001,114,57,0.004522897570891415,94.21921021975888,C
36153,1496.93,107,68,0.004517073683195553,94.22372729344207,C
19557,1496.93,107,72,0.004517073683195553,94.22824436712526,C
29810,1496.07,93,70,0.004514478582978744,94.23275884570823,C
4846,1495.12,88,73,0.004511611902506687,94.23727045761073,C
46489,1493.85,115,84,0.004507779603349306,94.24177823721408,C
23796,1493.85,115,51,0.004507779603349306,94.24628601681742,C
19244,1493.1699999999998,83,57,0.004505727663642991,94.25079174448106,C
25704,1487.97,103,59,0.004490036360006472,94.25528178084107,C
44292,1487.01,99,55,0.004487139503950499,94.25976892034502,C
18813,1486.76,124,77,0.004486385114352589,94.26425530545937,C
19169,1486.14,186,102,0.004484514228149773,94.26873981968753,C
10205,1484.4499999999998,55,17,0.004479414554467903,94.27321923424199,C
24020,1483.65,135,93,0.004477000507754593,94.27769623474974,C
29371,1483.47,53,31,0.004476457347244098,94.28217269209698,C
23079,1481.22,78,2,0.0044696678408629115,94.28664235993784,C
27514,1479.25,75,56,0.004463723250831383,94.29110608318868,C
44916,1479.25,75,62,0.004463723250831383,94.29556980643952,C
20395,1478.52,148,81,0.004461520433205487,94.30003132687273,C
8630,1478.2,180,106,0.0044605548145201625,94.30449188168724,C
15401,1477.3600000000001,164,89,0.004458020065471187,94.30894990175271,C
14631,1476.6000000000001,40,24,0.004455726721093541,94.3134056284738,C
13603,1475.1799999999998,82,73,0.0044514417881774135,94.31785707026198,C
18638,1474.4099999999999,59,41,0.004449118268215852,94.32230618853019,C
2156,1470.6000000000001,40,37,0.00443762137074371,94.32674380990093,C
21281,1469.7,30,19,0.004434905568191235,94.33117871546912,C
15205,1469.5800000000002,42,34,0.004434543461184238,94.33561325893031,C
4274,1469.57,43,31,0.004434513285600321,94.34004777221591,C
2808,1469.51,49,46,0.0044343322320968236,94.344482104448,C
2209,1469.51,49,46,0.0044343322320968236,94.3489164366801,C
37217,1468.95,105,57,0.004432642399397506,94.35334907907949,C
42735,1468.78,122,92,0.004432129414470926,94.35778120849396,C
15265,1467.9,210,141,0.004429473963086285,94.36221068245705,C
31075,1466.46,54,26,0.004425128679002325,94.36663581113605,C
20912,1465.3899999999999,61,30,0.004421899891523272,94.37105771102758,C
37785,1462.91,109,69,0.004414416346712009,94.37547212737428,C
11414,1462.88,212,140,0.00441432581996026,94.37988645319425,C
22697,1462.36,64,46,0.004412756689596607,94.38429920988384,C
18875,1462.17,183,137,0.004412183353502196,94.38871139323734,C
10422,1458.54,146,109,0.004401229616540548,94.39311262285389,C
19635,1457.28,72,52,0.004397427492967083,94.39751005034685,C
3539,1457.1899999999998,81,59,0.004397155912711836,94.40190720625957,C
21813,1456.1599999999999,304,20,0.004394047827568448,94.40630125408714,C
2815,1455.74,26,21,0.00439278045304396,94.41069403454019,C
18535,1455.48,52,35,0.004391995887862134,94.41508603042804,C
45063,1455.41,159,106,0.004391784658774719,94.41947781508682,C
16315,1454.96,104,77,0.004390426757498482,94.42386824184432,C
23797,1454.88,112,56,0.004390185352827151,94.42825842719715,C
32074,1454.88,112,84,0.004390185352827151,94.43264861254998,C
2880,1454.03,97,67,0.004387620428194258,94.43703623297817,C
7995,1453.76,224,155,0.004386805687428516,94.4414230386656,C
10581,1450.68,132,86,0.004377511607582269,94.44580055027319,C
13086,1449.95,5,3,0.0043753087899563725,94.45017585906315,C
6624,1449.71,29,21,0.00437458457594238,94.45455044363909,C
25386,1449.71,29,13,0.00437458457594238,94.45892502821503,C
19782,1449.51,49,33,0.004373981064264051,94.4632990092793,C
5077,1449.1399999999999,86,67,0.004372864567659145,94.46767187384695,C
3930,1449.1,90,58,0.004372743865323479,94.47204461771227,C
8567,1448.56,144,81,0.0043711143837919944,94.47641573209606,C
23403,1447.39,161,106,0.004367583840473778,94.48078331593653,C
8543,1447.27,73,51,0.004367221733466781,94.48515053767,C
13766,1444.8799999999999,112,70,0.004360009768910764,94.48951054743891,C
22170,1441.28,72,52,0.004349146558700866,94.4938596939976,C
23433,1439.84,16,6,0.004344801274616906,94.49820449527222,C
11891,1439.76,24,12,0.004344559869945575,94.50254905514217,C
1050,1439.68,32,28,0.004344318465274244,94.50689337360744,C
5135,1439.3999999999999,60,51,0.004343473548924584,94.51123684715637,C
6115,1439.28,72,68,0.004343111441917589,94.51557995859828,C
5633,1439.04,96,67,0.004342387227903595,94.51992234582619,C
818,1438.56,144,2,0.004340938799875608,94.52426328462606,C
12534,1438.56,144,87,0.004340938799875608,94.52860422342593,C
39598,1432.18,182,104,0.004321686777336955,94.53292591020326,C
18860,1431.6100000000001,239,131,0.004319966769053721,94.53724587697232,C
5536,1430.3999999999999,960,477,0.004316315523399837,94.54156219249572,C
22336,1429.74,26,9,0.004314323934861357,94.54587651643058,C
29621,1428.83,117,79,0.004311577956724965,94.55018809438731,C
25984,1428.57,143,96,0.004310793391543139,94.55449888777885,C
43379,1426.98,102,74,0.004305995473700434,94.55880488325255,C
23379,1426.81,119,76,0.004305482488773855,94.56311036574132,C
27176,1424.05,95,74,0.004297154027612933,94.56740751976893,C
18369,1422.22,178,133,0.004291631895756234,94.57169915166469,C
2733,1421.82,18,16,0.004290424872399579,94.57598957653708,C
28238,1420.42,158,61,0.004286200290651285,94.58027577682773,C
5681,1418.5700000000002,43,39,0.004280617807626754,94.58455639463536,C
15392,1418.31,169,127,0.004279833242444927,94.5888362278778,C
3395,1418.03,97,70,0.004278988326095269,94.5931152162039,C
15837,1416.53,147,104,0.0042744619885078106,94.5973896781924,C
4897,1414.3500000000001,315,194,0.004267883711214039,94.60165756190361,C
7818,1412.6299999999999,237,74,0.00426269351078042,94.60592025541439,C
25689,1411.43,157,41,0.004259072440710453,94.61017932785509,C
19174,1409.8,120,60,0.004254153820532083,94.61443348167562,C
14811,1409.69,131,48,0.004253821889109002,94.61868730356473,C
3651,1408.47,353,214,0.004250140467871203,94.6229374440326,C
26558,1408.4399999999998,56,42,0.004250049941119454,94.62718749397372,C
22318,1407.68,32,15,0.00424775659674181,94.63143525057046,C
31172,1407.36,64,47,0.004246790978056485,94.63568204154852,C
16646,1405.6200000000001,38,7,0.004241540426455034,94.63992358197497,C
8907,1404.99,201,152,0.0042396393646683015,94.64416322133964,C
41062,1403.2199999999998,78,48,0.0042342982863151,94.64839751962596,C
22222,1402.83,117,75,0.0042331214385423616,94.6526306410645,C
43922,1402.44,156,98,0.004231944590769623,94.65686258565528,C
23389,1401.83,117,90,0.004230103880150724,94.66109268953542,C
36579,1401.66,234,106,0.004229590895224145,94.66532228043064,C
24312,1399.8600000000001,14,4,0.004224159290119196,94.66954643972076,C
15161,1399.86,14,12,0.004224159290119195,94.67377059901088,C
2714,1399.86,14,11,0.004224159290119195,94.677994758301,C
3792,1399.86,14,7,0.004224159290119195,94.68221891759111,C
15266,1398.0,200,112,0.0042185466315107474,94.68643746422262,C
45876,1395.07,93,63,0.004209705185423246,94.69064716940804,C
32136,1394.69,31,27,0.004208558513234424,94.69485572792128,C
16469,1394.42,158,127,0.004207743772468682,94.69906347169375,C
5223,1394.35,165,115,0.004207532543381266,94.70327100423712,C
10715,1394.07,93,63,0.004206687627031608,94.70747769186416,C
6481,1394.07,93,55,0.004206687627031608,94.71168437949119,C
13709,1392.78,122,76,0.004202794976706394,94.7158871744679,C
43129,1392.05,95,69,0.004200592159080498,94.72008776662697,C
2262,1391.56,44,38,0.004199113555468595,94.72428688018245,C
3306,1391.52,48,26,0.004198992853132929,94.72848587303558,C
14329,1391.04,96,83,0.004197544425104943,94.73268341746069,C
12140,1390.61,139,77,0.004196246874996538,94.73687966433569,C
283,1389.74,26,23,0.004193621599195813,94.74107328593489,C
12951,1388.74,126,86,0.004190604040804174,94.74526388997569,C
1999,1388.69,31,27,0.004190453162884592,94.74945434313858,C
31847,1385.58,42,23,0.004181068556286596,94.75363541169487,C
9304,1385.37,63,49,0.004180434869024352,94.7578158465639,C
2239,1385.34,66,56,0.0041803443422726025,94.76199619090617,C
25005,1385.23,77,40,0.004180012410849523,94.76617620331703,C
39491,1385.01,99,83,0.004179348548003362,94.77035555186504,C
36573,1383.3,70,43,0.004174188523153661,94.77452974038819,C
11080,1382.55,145,79,0.004171925354359931,94.77870166574255,C
16878,1382.27,173,85,0.004171080438010273,94.78287274618056,C
3439,1380.34,66,56,0.0041652565503144095,94.78703800273087,C
7909,1379.77,23,19,0.004163536542031176,94.7912015392729,C
7780,1379.7,30,8,0.004163325312943762,94.79536486458585,C
10357,1379.54,146,68,0.004162842503601099,94.79952770708945,C
42886,1379.31,69,32,0.004162148465171022,94.80368985555462,C
19822,1377.8700000000001,13,6,0.004157803181087063,94.80784765873571,C
46119,1376.75,25,13,0.004154423515688428,94.8120020822514,C
17188,1376.19,81,9,0.00415273368298911,94.81615481593438,C
46189,1376.1899999999998,81,45,0.00415273368298911,94.82030754961737,C
25204,1374.45,55,25,0.004147483131387659,94.82445503274876,C
5015,1374.28,172,130,0.00414697014646108,94.82860200289522,C
20509,1373.77,123,69,0.004145431191681344,94.83274743408691,C
2797,1369.17,1383,434,0.004131550423079808,94.83687898451,C
16782,1368.63,37,26,0.004129920941548322,94.84100890545155,C
46298,1366.8600000000001,114,78,0.004124579863195122,94.84513348531475,C
6648,1366.45,155,96,0.00412334266425455,94.849256827979,C
2920,1364.76,24,17,0.0041182429905726806,94.85337507096958,C
19336,1364.5800000000002,342,102,0.004117699830062186,94.85749277079964,C
18768,1363.95,105,47,0.004115798768275454,94.86160856956792,C
41899,1363.95,105,53,0.004115798768275454,94.8657243683362,C
23345,1363.48,52,26,0.004114380515831384,94.86983874885203,C
33672,1362.8600000000001,114,74,0.004112509629628568,94.87395125848167,C
22593,1362.76,124,89,0.004112207873789403,94.87806346635546,C
11003,1359.1999999999998,80,37,0.00410146536591517,94.88216493172138,C
14381,1359.15,85,57,0.004101314487995588,94.88626624620937,C
60,1358.76,124,99,0.00410013764022285,94.8903663838496,C
28690,1358.64,136,67,0.0040997755332158525,94.89446615938282,C
45921,1358.64,136,76,0.0040997755332158525,94.89856593491604,C
6361,1358.3,170,41,0.0040987495633626955,94.9026646844794,C
25622,1357.49,151,52,0.004096305341065468,94.90676098982047,C
24874,1356.87,113,38,0.004094434454862652,94.91085542427533,C
46785,1356.6100000000001,139,90,0.004093649889680827,94.91494907416501,C
11337,1355.57,43,28,0.004090511628953522,94.91903958579397,C
22027,1353.47,153,98,0.004084174756331081,94.9231237605503,C
2942,1352.65,35,28,0.004081700358449938,94.92720546090875,C
5707,1352.5900000000001,41,37,0.004081519304946439,94.9312869802137,C
14062,1351.74,26,13,0.004078954380313546,94.93536593459402,C
16971,1351.1799999999998,82,62,0.004077264547614229,94.93944319914164,C
19887,1349.73,27,11,0.004072889087946353,94.94351608822959,C
441,1349.73,27,24,0.004072889087946353,94.94758897731754,C
3681,1349.55,45,38,0.004072345927435858,94.95166132324498,C
10254,1349.05,195,102,0.004070837148240039,94.95573216039321,C
13793,1349.02,98,80,0.00407074662148829,94.9598029070147,C
18747,1348.65,135,63,0.0040696301248833834,94.9638725371396,C
272,1348.65,135,37,0.0040696301248833834,94.96794216726448,C
25647,1345.33,67,42,0.004059611831023143,94.9720017790955,C
1893,1344.79,21,19,0.004057982349491659,94.976059761445,C
22665,1344.75,25,19,0.004057861647155992,94.98011762309216,C
8322,1344.48,152,112,0.004057046906390251,94.98417466999855,C
21000,1343.68,32,13,0.00405463285967694,94.98822930285823,C
10750,1343.52,48,26,0.004054150050334278,94.99228345290857,C
3677,1341.8600000000001,114,90,0.004049140903404158,94.99633259381197,C
20204,1339.93,107,69,0.004043317015708294,95.00037591082769,C
20800,1339.51,149,100,0.004042049641183806,95.00441796046887,C
15334,1338.66,134,65,0.0040394847165509135,95.00845744518543,C
1065,1337.97,103,90,0.0040374026012606834,95.01249484778668,C
24498,1337.5,50,25,0.004035984348816613,95.0165308321355,C
45525,1334.68,132,62,0.004027474834152192,95.02055830696965,C
5822,1334.33,167,155,0.004026418688715118,95.02458472565836,C
18879,1334.1100000000001,89,59,0.004025754825868959,95.02861048048423,C
6021,1333.4199999999998,58,52,0.004023672710578727,95.0326341531948,C
34763,1330.89,111,61,0.004016038287847882,95.03665019148265,C
21144,1329.3,70,47,0.004011240370005177,95.04066143185266,C
8877,1329.07,93,58,0.004010546331575099,95.04467197818423,C
20400,1329.05,95,61,0.004010485980407267,95.04868246416463,C
15264,1329.05,95,66,0.004010485980407267,95.05269295014503,C
3831,1328.67,333,183,0.0040093393082184445,95.05670228945324,C
976,1328.6,140,33,0.00400912807913103,95.06071141753237,C
20160,1328.16,84,48,0.004007800353438709,95.06471921788581,C
45831,1327.2199999999998,78,55,0.004004963848550568,95.06872418173435,C
38473,1327.17,83,51,0.004004812970630987,95.07272899470499,C
24782,1327.17,83,38,0.004004812970630987,95.07673380767562,C
26390,1326.34,166,77,0.0040023083971659264,95.08073611607279,C
2684,1324.75,25,17,0.003997510479323221,95.08473362655211,C
34951,1324.35,65,50,0.003996303455966565,95.08872993000807,C
17167,1321.64,104,68,0.003988125872725226,95.0927180558808,C
32650,1320.84,116,76,0.003985711826011914,95.09670376770681,C
36620,1320.32,68,42,0.003984142695648262,95.10068791040246,C
23284,1319.94,6,2,0.003982996023459439,95.10467090642591,C
29039,1319.7,30,14,0.003982271809445446,95.10865317823536,C
6378,1318.68,132,75,0.0039791938998859746,95.11263237213524,C
11227,1315.1999999999998,80,49,0.003968692796683071,95.11660106493193,C
15314,1315.17,83,31,0.003968602269931324,95.12056966720186,C
18276,1314.77,23,11,0.003967395246574668,95.12453706244844,C
13618,1313.27,73,44,0.00396286890898721,95.12849993135742,C
35048,1312.91,109,70,0.0039617825879662205,95.13246171394539,C
36101,1310.77,23,11,0.003955325013008114,95.1364170389584,C
13636,1310.31,69,49,0.003953936936147959,95.14037097589454,C
45823,1308.69,131,59,0.0039490484915535055,95.14432002438609,C
2232,1307.67,33,29,0.003945970581994034,95.14826599496809,C
31501,1306.83,117,62,0.003943435832945057,95.15220943080104,C
4379,1306.8,1320,562,0.0039433453061933086,95.15615277610723,C
6942,1303.3700000000001,113,90,0.003932995080909989,95.16008577118815,C
24185,1301.8600000000001,14,3,0.003928438567738614,95.16401420975589,C
16727,1301.07,93,78,0.003926054696609219,95.1679402644525,C
1051,1299.87,13,13,0.003922433626539253,95.17186269807904,C
24109,1299.74,26,18,0.00392204134394834,95.175784739423,C
25838,1299.35,65,38,0.003920864496175601,95.17970560391917,C
17837,1297.71,129,28,0.003915915700413313,95.18362151961959,C
17308,1297.4099999999999,59,39,0.003915010432895822,95.18753653005248,C
3061,1296.12,88,65,0.003911117782570608,95.19144764783505,C
24863,1295.46,54,34,0.003909126194032127,95.19535677402908,C
3138,1294.92,108,84,0.003907496712500642,95.19926427074158,C
21861,1294.9,110,22,0.003907436361332809,95.20317170710291,C
2502,1294.63,37,24,0.003906621620567067,95.20707832872348,C
2512,1294.63,37,31,0.003906621620567067,95.21098495034406,C
19458,1294.38,162,100,0.0039058672309691574,95.21489081757503,C
36087,1291.66,34,7,0.0038976594721439,95.21878847704717,C
19855,1291.57,43,27,0.0038973878918886523,95.22268586493905,C
19356,1291.32,68,32,0.0038966335022907425,95.22658249844135,C
40658,1289.57,43,25,0.0038913527751053755,95.23047385121644,C
13505,1288.72,128,78,0.0038887878504724827,95.23436263906692,C
15466,1288.71,129,66,0.0038887576748885665,95.2382513967418,C
17350,1287.08,92,54,0.003883839054710195,95.24213523579651,C
31796,1285.83,117,60,0.003880067106720647,95.24601530290323,C
9439,1283.6200000000001,38,26,0.003873398302675126,95.2498887012059,C
27331,1282.93,107,63,0.0038713161873848954,95.25376001739329,C
18304,1281.99,151,74,0.003868479682496755,95.25762849707579,C
24331,1280.79,21,7,0.003864858612426788,95.26149335568822,C
2743,1279.84,16,3,0.0038619919319547317,95.26535534762017,C
42456,1279.6,40,16,0.003861267717940739,95.26921661533811,C
13487,1277.29,71,43,0.0038542971580560535,95.27307091249617,C
23239,1276.58,142,75,0.00385215469159799,95.27692306718777,C
5317,1276.52,388,237,0.0038519736380944916,95.28077504082586,C
2119,1274.85,15,11,0.003846934315580455,95.28462197514143,C
17001,1273.0900000000001,91,57,0.003841623412811172,95.28846359855424,C
41912,1273.02,98,54,0.0038414121837237565,95.29230501073796,C
978,1272.18,182,42,0.0038388774346747806,95.29614388817264,C
428,1271.66,134,24,0.0038373083043111286,95.29998119647695,C
39716,1271.26,154,94,0.0038361012809544725,95.3038172977579,C
46199,1269.59,141,59,0.003831061958440436,95.30764835971634,C
1296,1268.53,47,41,0.0038278633465452993,95.31147622306288,C
39518,1266.54,46,30,0.0038218584053459383,95.31529808146823,C
2793,1265.49,51,35,0.003818689969034718,95.31911677143727,C
25187,1264.01,99,41,0.0038142239826150933,95.32293099541988,C
18972,1263.85,115,33,0.003813741173272431,95.32674473659316,C
17100,1262.42,158,89,0.0038094260647723883,95.33055416265793,C
15251,1260.8400000000001,316,153,0.0038046583225135994,95.33435882098044,C
2535,1259.93,7,7,0.003801912344377208,95.33816073332481,C
39461,1259.8799999999999,12,11,0.0038017614664576254,95.34196249479128,C
22566,1259.1,90,56,0.0037994077709121474,95.34576190256219,C
8212,1258.49,51,43,0.0037975670602932478,95.34955946962248,C
5680,1257.68,632,324,0.003795122837996021,95.35335459246048,C
34971,1256.53,47,28,0.0037916526458456365,95.35714624510632,C
9361,1254.82,18,18,0.003786492620995934,95.36093273772731,C
13602,1253.72,28,11,0.003783173306765132,95.36471591103408,C
25281,1253.34,66,53,0.0037820266345763094,95.36849793766866,C
19419,1252.75,125,66,0.0037802462751252426,95.37227818394379,C
27212,1249.79,21,9,0.0037713143022859922,95.37604949824608,C
4527,1249.68,32,25,0.0037709823708629124,95.37982048061694,C
23851,1248.31,119,23,0.003766848315866367,95.3835873289328,C
23406,1245.3,70,61,0.003757765465107535,95.38734509439792,C
24299,1243.75,125,94,0.003753088249600495,95.39109818264751,C
19668,1241.94,106,53,0.003747626468911629,95.39484580911642,C
26104,1239.92,8,3,0.00374153100096052,95.39858734011737,C
6698,1239.72,28,15,0.003740927489282192,95.40232826760665,C
20921,1239.3799999999999,62,45,0.0037399015194290344,95.40606816912607,C
34020,1239.3799999999999,62,15,0.0037399015194290344,95.4098080706455,C
37913,1239.3799999999999,62,27,0.0037399015194290344,95.41354797216492,C
41065,1237.34,66,33,0.0037337457003100913,95.41728171786524,C
41605,1235.81,19,10,0.0037291288359708845,95.42101084670121,C
13895,1235.29,71,33,0.0037275597056072324,95.42473840640682,C
36570,1234.81,19,12,0.0037261112775792463,95.42846451768439,C
36843,1231.33,67,38,0.003715610174376344,95.43218012785877,C
4453,1231.12,88,45,0.003714976487114099,95.43589510434589,C
40561,1230.88,112,68,0.0037142522731001067,95.43960935661899,C
24603,1229.59,41,14,0.0037103596227748927,95.44331971624176,C
36154,1229.59,41,25,0.0037103596227748927,95.44703007586453,C
856,1229.59,41,16,0.0037103596227748927,95.4507404354873,C
27146,1228.77,123,80,0.003707885224893749,95.4544483207122,C
26947,1227.52,48,31,0.003704113276904201,95.45815243398911,C
23384,1223.32,68,23,0.0036914395316593185,95.46184387352078,C
1895,1223.25,175,46,0.003691228302571904,95.46553510182335,C
25777,1221.06,94,57,0.0036846198496942157,95.46921972167304,C
2790,1220.63,37,26,0.003683322299585811,95.47290304397262,C
37527,1219.89,111,67,0.003681089306375999,95.476584133279,C
855,1219.89,111,60,0.003681089306375999,95.48026522258539,C
14632,1219.8,20,8,0.0036808177261207506,95.48394604031151,C
40965,1219.59,41,22,0.0036801840388585067,95.48762622435036,C
19001,1219.58,42,24,0.0036801538632745905,95.49130637821364,C
34525,1219.53,47,21,0.0036800029853550085,95.49498638119898,C
2467,1219.4699999999998,53,30,0.00367982193185151,95.49866620313084,C
24787,1219.3899999999999,61,51,0.0036795805271801784,95.50234578365801,C
4583,1218.47,53,37,0.0036768043734598716,95.50602258803147,C
21982,1218.4699999999998,53,31,0.003676804373459871,95.50969939240493,C
4748,1217.4199999999998,58,48,0.003673635937148651,95.51337302834207,C
6357,1217.1299999999999,87,38,0.003672760845215075,95.51704578918729,C
7127,1213.75,25,21,0.0036625614978513374,95.52070835068514,C
18617,1212.07,93,52,0.0036574919997533844,95.52436584268489,C
41412,1210.99,101,50,0.0036542330366904152,95.52802007572157,C
13994,1210.81,119,63,0.00365368987617992,95.53167376559774,C
20152,1209.23,77,42,0.0036489221339211313,95.53532268773166,C
25985,1208.79,121,58,0.00364759440822881,95.5389702821399,C
4705,1206.81,1219,498,0.0036416196426133658,95.54261190178251,C
13837,1206.66,134,90,0.00364116700885462,95.54625306879136,C
6585,1206.49,151,94,0.003640654023928041,95.54989372281528,C
1252,1205.33,67,52,0.0036371536561937406,95.55353087647148,C
38690,1205.32,68,49,0.003637123480609824,95.5571679999521,C
5286,1204.98,302,133,0.003636097510756667,95.56080409746285,C
6145,1204.64,136,89,0.00363507154090351,95.56443916900375,C
29400,1204.4299999999998,57,30,0.0036344378536412652,95.5680736068574,C
2615,1204.05,345,187,0.0036332911814524428,95.57170689803885,C
10676,1203.72,28,20,0.003632295387183203,95.57533919342603,C
16189,1203.57,43,18,0.0036318427534244566,95.57897103617945,C
19908,1203.14,86,57,0.003630545203316052,95.58260158138278,C
41629,1203.14,86,60,0.003630545203316052,95.5862321265861,C
39282,1202.9,110,69,0.0036298209893020593,95.5898619475754,C
2969,1199.99,1,1,0.0036210398943823906,95.59348298746978,C
2301,1199.95,5,3,0.003620919192046725,95.59710390666183,C
2075,1199.94,6,6,0.003620889016462809,95.60072479567829,C
675,1199.8899999999999,11,7,0.0036207381385432265,95.60434553381683,C
41588,1199.8799999999999,12,7,0.0036207079629593103,95.60796624177979,C
21409,1199.8,20,11,0.0036204665582879794,95.61158670833808,C
22264,1199.76,24,15,0.0036203458559523134,95.61520705419403,C
22028,1199.76,24,9,0.0036203458559523134,95.61882740004998,C
37790,1199.54,46,21,0.0036196819931061533,95.62244708204308,C
20674,1199.52,48,33,0.0036196216419383206,95.62606670368501,C
184,1199.5,50,15,0.0036195612907704874,95.62968626497579,C
8075,1198.8,120,77,0.0036174489998963403,95.63330371397568,C
16728,1198.37,63,38,0.0036161514497879354,95.63691986542547,C
24098,1195.29,171,28,0.003606857369941689,95.64052672279541,C
12270,1195.23,77,30,0.0036066763164381913,95.64413339911185,C
806,1195.08,92,64,0.003606223682679445,95.64773962279453,C
46096,1192.81,119,65,0.0035993738251304253,95.65133899661966,C
1012,1192.66,34,18,0.0035989211913716795,95.65493791781103,C
38263,1191.8,120,59,0.00359632609115487,95.65853424390218,C
1038,1191.54,46,41,0.003595541525973044,95.66212978542815,C
8632,1191.37,63,37,0.0035950285410464656,95.66572481396919,C
25260,1190.51,149,88,0.003592433440829657,95.66931724741002,C
8152,1189.93,107,89,0.0035906832569625063,95.67290793066698,C
20339,1189.85,15,5,0.003590441852291175,95.67649837251928,C
2922,1189.83,17,7,0.003590381501123342,95.6800887540204,C
39764,1189.61,39,31,0.0035897176382771816,95.68367847165868,C
45632,1189.3,70,52,0.003588782195175774,95.68726725385386,C
20167,1189.15,85,67,0.0035883295614170282,95.69085558341528,C
35123,1187.6299999999999,37,27,0.0035837428726617376,95.69443932628795,C
555,1187.61,39,37,0.0035836825214939044,95.69802300880944,C
2098,1187.46,54,44,0.003583229887735159,95.70160623869718,C
22475,1187.01,99,36,0.003581871986458922,95.70518811068364,C
16460,1185.02,98,58,0.003575867045259561,95.70876397772889,C
23241,1184.8799999999999,112,53,0.003575444587084731,95.71233942231598,C
3785,1184.77,123,91,0.003575112655661651,95.71591453497165,C
14280,1184.1100000000001,139,98,0.00357312106712317,95.71948765603877,C
44922,1183.68,32,20,0.003571823517014765,95.72305947955579,C
13967,1182.09,91,64,0.0035670255991720593,95.72662650515495,C
2933,1181.77,23,20,0.0035660599804867355,95.73019256513544,C
16948,1180.04,196,105,0.0035608396044692005,95.73375340473991,C
24593,1179.3999999999999,60,42,0.003558908367098552,95.73731231310701,C
31910,1178.82,118,63,0.0035571581832314013,95.74086947129024,C
22842,1177.93,107,54,0.0035544725562628434,95.7444239438465,C
21218,1175.58,42,23,0.0035473812940424922,95.74797132514054,C
1020,1174.53,47,33,0.003544212857731272,95.75151553799827,C
46788,1170.81,119,80,0.0035329875405143768,95.75504852553878,C
1542,1169.61,39,34,0.00352936647044441,95.75857789200923,C
4326,1169.61,39,31,0.00352936647044441,95.76210725847967,C
5325,1169.35,65,36,0.003528581905262584,95.76563584038493,C
12946,1168.83,117,100,0.003527012774898932,95.76916285315983,C
14972,1167.67,33,15,0.0035235124071646318,95.772686365567,C
24587,1165.49,151,76,0.0035169341298708595,95.77620329969687,C
38011,1164.94,106,63,0.003515274472755458,95.77971857416964,C
23400,1164.39,111,42,0.003513614815640057,95.78323218898528,C
11187,1162.79,21,9,0.0035087867222134347,95.78674097570749,C
25708,1160.67,33,21,0.0035023894984231615,95.79024336520591,C
24595,1160.28,132,53,0.003501212650650422,95.79374457785656,C
24703,1159.63,37,24,0.0034992512376958575,95.79724382909426,C
33267,1159.4199999999998,58,46,0.0034986175504336126,95.80074244664469,C
13932,1159.18,242,14,0.0034978933364196198,95.8042403399811,C
17937,1158.84,116,79,0.0034968673665664624,95.80773720734767,C
28919,1158.84,116,79,0.0034968673665664624,95.81123407471424,C
6987,1158.84,116,77,0.0034968673665664624,95.8147309420808,C
2103,1158.3899999999999,61,55,0.0034955094652902247,95.8182264515461,C
18778,1156.99,101,71,0.0034912848835419313,95.82171773642963,C
33075,1156.31,69,30,0.003489232943835617,95.82520696937347,C
34998,1155.32,68,41,0.003486245561027895,95.82869321493449,C
23231,1154.79,21,15,0.003484646255080326,95.83217786118956,C
15482,1154.74,126,65,0.0034844953771607443,95.83566235656673,C
3884,1154.67,33,29,0.0034842841480733303,95.8391466407148,C
27065,1154.67,33,24,0.0034842841480733303,95.84263092486287,C
36138,1152.96,104,65,0.003479124123223628,95.84611004898609,C
10267,1151.68,32,13,0.0034752616484823302,95.84958531063457,C
46429,1148.74,126,74,0.0034663900268109126,95.85305170066138,C
601,1146.36,164,52,0.0034592082378388125,95.85651090889922,C
4391,1145.59,41,34,0.003456884717877251,95.8599677936171,C
38137,1144.62,38,19,0.0034539576862373613,95.86342175130333,C
5308,1144.44,1156,516,0.0034534145257268667,95.86687516582906,C
3125,1144.3,120,103,0.0034529920675520375,95.87032815789661,C
4337,1143.74,26,3,0.0034513022348527196,95.87377946013146,C
4353,1143.68,32,28,0.003451121181349222,95.8772305813128,C
17957,1143.19,81,57,0.0034496425777373186,95.88068022389054,C
22524,1141.62,38,14,0.003444905011062446,95.8841251289016,C
1181,1141.3999999999999,60,50,0.003444241148216285,95.88756937004982,C
24182,1139.88,12,3,0.0034396544594609956,95.89100902450927,C
90080,1139.81,19,3,0.00343944323037358,95.89444846773965,C
22830,1139.81,19,13,0.00343944323037358,95.89788791097003,C
200,1139.62,38,29,0.0034388698942791687,95.90132678086431,C
4160,1139.53,47,29,0.003438598314023921,95.90476537917833,C
14552,1139.43,57,21,0.0034382965581847575,95.90820367573652,C
19552,1139.43,57,34,0.0034382965581847575,95.9116419722947,C
344,1139.4299999999998,57,50,0.003438296558184757,95.91508026885289,C
28983,1139.24,76,50,0.0034377232220903463,95.91851799207498,C
20030,1138.88,112,77,0.0034366369010693566,95.92195462897605,C
878,1138.8600000000001,114,94,0.003436576549901524,95.92539120552595,C
12450,1138.74,126,79,0.003436214442894527,95.92882741996885,C
19039,1135.8700000000001,113,84,0.0034275540503105246,95.93225497401916,C
45298,1133.79,21,17,0.003421277528855916,95.93567625154802,C
775,1132.2,180,28,0.003416479611013211,95.93909273115904,C
31790,1128.59,141,71,0.003405586225219395,95.94249831738425,C
37827,1126.59,141,84,0.0033995511084361184,95.94589786849268,C
82,1124.97,3,1,0.0033946626638416636,95.94929253115652,C
11775,1124.95,5,1,0.003394602312673831,95.95268713346918,C
11776,1124.95,5,1,0.003394602312673831,95.95608173578185,C
17134,1123.37,63,44,0.003389834570415041,95.95947157035226,C
26501,1121.44,56,31,0.0033840106827191796,95.96285558103499,C
17101,1120.4099999999999,59,42,0.003380902597575791,95.96623648363256,C
100,1119.93,7,7,0.0033794541695478055,95.9696159378021,C
25796,1119.68,32,18,0.0033786997799498952,95.97299463758205,C
25158,1119.26,74,46,0.0033774324054254073,95.97637206998748,C
18134,1119.2,80,46,0.003377251351921909,95.9797493213394,C
41759,1118.6,140,92,0.0033754408168869257,95.98312476215628,C
27932,1116.4099999999999,59,43,0.003368832364009237,95.98649359452028,C
5033,1115.3799999999999,62,15,0.0033657242788658493,95.98985931879915,C
3943,1115.07,93,65,0.0033647888357644417,95.99322410763492,C
3597,1114.75,125,97,0.003363823217079117,95.996587930852,C
45526,1112.8899999999999,111,38,0.0033582105584706694,95.99994614141048,C
24558,1111.99,101,40,0.003355494755918195,96.0033016361664,C
18337,1111.31,69,47,0.0033534428162118805,96.0066550789826,C
27528,1109.99,101,31,0.0033494596391349177,96.01000453862174,C
35962,1109.75,25,13,0.0033487354251209244,96.01335327404686,C
23172,1109.6299999999999,37,17,0.003348373318113927,96.01670164736498,C
36123,1109.4199999999998,58,43,0.003347739630851683,96.02004938699584,C
20781,1109.26,74,45,0.0033472568215090217,96.02339664381735,C
21353,1108.89,111,82,0.003346140324904116,96.02674278414226,C
29081,1108.84,116,61,0.0033459894469845333,96.03008877358924,C
13143,1107.26,74,44,0.0033412217047257445,96.03342999529397,C
31195,1106.6299999999999,37,18,0.0033393206429390113,96.03676931593691,C
18380,1105.73,27,20,0.0033366048403865372,96.0401059207773,C
1021,1105.21,79,48,0.003335035710022885,96.04344095648732,C
25609,1103.54,46,12,0.0033299963875088484,96.04677095287482,C
19127,1103.31,69,46,0.0033293023490787712,96.0501002552239,C
12116,1103.22,78,58,0.003329030768823524,96.05342928599272,C
38416,1103.08,92,46,0.003328608310648695,96.05675789430337,C
3565,1102.67,33,28,0.003327371111708123,96.06008526541508,C
2238,1102.62,38,37,0.0033272202337885407,96.06341248564887,C
34580,1101.62,38,15,0.003324202675396902,96.06673668832427,C
13956,1101.21,79,57,0.003322965476456331,96.07005965380073,C
3230,1100.84,116,98,0.003321848979851424,96.07338150278058,C
20932,1100.15,85,53,0.0033197668645611944,96.07670126964514,C
1874,1099.8999999999999,10,10,0.0033190124749632836,96.0800202821201,C
2617,1099.8899999999999,11,11,0.0033189822993793675,96.08333926441948,C
2711,1099.4499999999998,55,54,0.0033176545736870464,96.08665691899317,C
10452,1098.9,110,68,0.0033159949165716463,96.08997291390975,C
13745,1098.9,110,14,0.0033159949165716463,96.09328890882632,C
22297,1098.9,110,92,0.0033159949165716463,96.0966049037429,C
2742,1098.79,21,20,0.003315662985148565,96.09992056672804,C
32604,1098.4,84,59,0.003314486137375826,96.10323505286541,C
35646,1095.4199999999998,58,40,0.0033054938133687426,96.10654054667879,C
3730,1094.94,1106,451,0.003304045385340757,96.10984459206412,C
46217,1091.63,137,50,0.003294057267064433,96.11313864933119,C
17349,1091.22,78,70,0.0032928200681238617,96.11643146939932,C
21151,1091.16,84,43,0.003292639014620363,96.11972410841393,C
16891,1089.2,80,53,0.0032867246001727513,96.1230108330141,C
7898,1088.91,109,67,0.0032858495082391764,96.12629668252235,C
13981,1087.79,121,81,0.0032824698428405405,96.1295791523652,C
5507,1084.62,138,66,0.003272904182739046,96.13285205654793,C
4959,1084.05,1095,449,0.003271184174455812,96.13612324072238,C
14437,1083.44,56,35,0.0032693434638369134,96.13939258418623,C
8895,1081.47,53,27,0.003263398873805385,96.14265598306002,C
32900,1079.8799999999999,12,11,0.0032586009559626796,96.14591458401598,C
2897,1079.82,18,17,0.003258419902459181,96.14917300391845,C
4287,1079.82,18,4,0.003258419902459181,96.15243142382091,C
21981,1079.73,27,18,0.003258148322203934,96.15568957214312,C
8100,1079.73,27,19,0.003258148322203934,96.15894772046532,C
38105,1079.1,90,10,0.0032562472604172016,96.16220396772574,C
37765,1078.8,120,55,0.0032553419928997096,96.16545930971864,C
3701,1078.1100000000001,1089,434,0.0032532598776094795,96.16871256959625,C
2089,1077.51,49,38,0.0032514493425744957,96.17196401893882,C
3648,1076.76,124,93,0.003249186173780767,96.1752132051126,C
29696,1075.44,56,27,0.0032452029967038045,96.17845840810931,C
3909,1074.57,43,32,0.0032425777209030785,96.1817009858302,C
971,1071.33,67,38,0.0032328008317141694,96.18493378666192,C
17459,1069.81,119,69,0.003228214142958879,96.18816200080488,C
540,1069.2,1080,458,0.0032263734323399796,96.19138837423722,C
17918,1067.97,3,1,0.0032226618355182643,96.19461103607274,C
3121,1066.88,112,87,0.0032193726968713786,96.19783040876962,C
16380,1066.03,97,29,0.0032168077722384853,96.20104721654185,C
31347,1066.03,97,55,0.0032168077722384853,96.20426402431409,C
23293,1065.87,13,4,0.003216324962895823,96.20748034927698,C
5641,1064.29,71,67,0.003211557220637034,96.21069190649762,C
22531,1064.01,99,37,0.003210712304287375,96.2139026188019,C
1049,1062.48,152,38,0.003206095439948168,96.21710871424185,C
17471,1059.49,101,47,0.003197072940357169,96.2203057871822,C
15745,1057.54,46,33,0.0031911887014934737,96.22349697588369,C
35318,1057.08,92,70,0.0031898006246333195,96.22668677650833,C
25581,1057.0,100,45,0.0031895592199619885,96.22987633572829,C
7269,1054.68,132,61,0.0031825584844933875,96.23305889421279,C
2163,1054.51,49,41,0.0031820454995668086,96.23624093971236,C
33265,1054.11,89,44,0.003180838476210153,96.23942177818857,C
14433,1054.07,93,54,0.0031807177738744875,96.24260249596244,C
16555,1052.4099999999999,59,37,0.0031757086269443673,96.24577820458939,C
7590,1052.4099999999999,59,37,0.0031757086269443673,96.24895391321633,C
37158,1052.19,81,50,0.0031750447640982076,96.25212895798042,C
16494,1050.4199999999998,58,41,0.003169703685745006,96.25529866166616,C
7371,1050.07,93,49,0.003168647540307933,96.25846730920647,C
5430,1049.97,3,3,0.0031683457844687694,96.26163565499094,C
42884,1049.93,7,2,0.0031682250821331043,96.26480388007307,C
8676,1049.86,14,9,0.003168013853045689,96.26797189392612,C
1045,1049.79,21,17,0.0031678026239582743,96.27113969655008,C
25339,1049.7,30,19,0.003167531043703027,96.27430722759378,C
19531,1049.58,42,26,0.00316716893669603,96.27747439653048,C
38481,1049.3899999999999,61,32,0.0031665956006016187,96.28064099213108,C
34907,1048.95,105,74,0.0031652678749092985,96.28380626000599,C
4304,1047.42,1058,471,0.0031606510105700912,96.28696691101656,C
4025,1047.15,585,258,0.0031598362698043486,96.29012674728637,C
10606,1047.05,95,69,0.003159534513965185,96.29328628180033,C
17202,1046.96,104,68,0.0031592629337099374,96.29644554473404,C
5277,1046.69,131,115,0.0031584481929441952,96.29960399292699,C
5339,1046.22,318,190,0.0031570299405001253,96.30276102286749,C
14130,1046.03,97,46,0.003156456604405713,96.30591747947189,C
5381,1045.44,1056,437,0.003154676244954647,96.30907215571685,C
6929,1045.4199999999998,58,56,0.0031546158937868136,96.31222677161064,C
10576,1045.11,89,47,0.0031536804506854055,96.31538045206132,C
21076,1044.96,104,50,0.00315322781692666,96.31853367987824,C
6563,1044.93,107,48,0.0031531372901749113,96.32168681716841,C
24265,1044.58,42,17,0.003152081144737837,96.32483889831315,C
37422,1043.9099999999999,9,7,0.0031500593806154395,96.32798895769376,C
21730,1043.82,18,12,0.003149787800360192,96.33113874549412,C
32805,1043.65,35,22,0.003149274815433614,96.33428802030954,C
29433,1043.56,44,18,0.003149003235178366,96.33743702354472,C
25382,1043.42,58,25,0.0031485807770035372,96.34058560432173,C
20162,1043.4199999999998,58,44,0.0031485807770035364,96.34373418509874,C
35941,1042.84,116,55,0.0031468305931363857,96.34688101569188,C
38822,1040.97,103,68,0.003141187758944022,96.35002220345082,C
25918,1040.96,104,47,0.0031411575833601058,96.35316336103418,C
45035,1040.71,29,19,0.003140403193762196,96.35630376422795,C
2884,1039.92,8,4,0.003138019322632802,96.35944178355058,C
2638,1039.92,8,8,0.003138019322632802,96.36257980287321,C
1031,1039.77,23,18,0.0031375666888740555,96.36571736956209,C
23195,1039.74,26,7,0.0031374761621223066,96.36885484572421,C
19769,1039.48,52,20,0.0031366915969404806,96.37199153732115,C
17507,1039.35,65,29,0.0031362993143495676,96.3751278366355,C
8231,1038.27,73,55,0.0031330403512865976,96.37826087698679,C
17351,1036.3899999999999,61,40,0.0031273673415103172,96.38138824432829,C
4121,1035.6299999999999,37,33,0.003125073997132672,96.38451331832542,C
8437,1034.76,24,21,0.0031224487213319463,96.38763576704675,C
11480,1034.31,69,28,0.003121090820055709,96.3907568578668,C
14191,1031.14,86,36,0.003111525159954215,96.39386838302676,C
2839,1030.74,26,24,0.003110318136597559,96.39697870116335,C
12416,1028.84,116,61,0.0031045847756534456,96.400083285939,C
45752,1026.14,86,63,0.003096437367996022,96.403179723307,C
33768,1025.62,38,28,0.0030948682376323697,96.40627459154464,C
18375,1025.34,66,48,0.0030940233212827105,96.40936861486593,C
35960,1024.7,30,21,0.003092092083912062,96.41246070694984,C
22675,1022.72,128,52,0.003086117318296618,96.41554682426813,C
24280,1019.8799999999999,12,5,0.003077547452464364,96.4186243717206,C
6783,1018.32,68,51,0.0030728400613734084,96.42169721178198,C
11932,1014.64,36,23,0.0030617354464921778,96.42475894722847,C
2115,1014.46,154,110,0.0030611922859816836,96.42782013951445,C
22338,1013.61,39,13,0.0030586273613487907,96.43087876687581,C
12212,1013.5799999999999,42,30,0.003058536834597041,96.43393730371041,C
24497,1013.22,78,52,0.0030574505135760512,96.43699475422399,C
18278,1012.5799999999999,42,28,0.003055519276205402,96.44005027350019,C
32619,1010.4699999999999,53,33,0.003049152227999045,96.44309942572819,C
4703,1009.8,1020,416,0.003047130463876647,96.44614655619208,C
25375,1008.99,101,39,0.00304468624157942,96.44919124243366,C
25427,1007.7600000000001,24,9,0.003040974644757705,96.45223221707842,C
25417,1007.4699999999999,53,38,0.003040099552824129,96.45527231663124,C
23968,1007.16,84,7,0.0030391641097227214,96.45831148074096,C
44729,1007.16,84,7,0.0030391641097227214,96.46135064485068,C
20903,1006.47,53,10,0.003037081994432491,96.46438772684512,C
14920,1004.33,67,46,0.0030306244194743845,96.4674183512646,C
10647,1002.4099999999999,59,40,0.0030248307073624378,96.47044318197196,C
2664,1002.3100000000001,69,57,0.0030245289515232745,96.47346771092349,C
16968,1001.41,59,41,0.0030218131489707996,96.47648952407246,C
21784,1000.23,77,44,0.003018252430068666,96.47950777650253,C
17297,1000.19,81,63,0.003018131727733001,96.48252590823026,C
23335,999.95,5,1,0.003017407513719007,96.48554331574398,C
20516,999.9,10,4,0.003017256635799425,96.48856057237978,C
15139,999.2,80,54,0.0030151443449252784,96.49157571672471,C
21216,998.91,9,1,0.003014269252991703,96.4945899859777,C
17235,998.21,79,46,0.003012156962117556,96.49760214293981,C
17882,997.5899999999999,41,37,0.00301028607591474,96.50061242901573,C
19037,995.43,57,25,0.0030037681497888007,96.50361619716553,C
2843,994.77,23,17,0.003001776561250319,96.50661797372678,C
44082,993.38,62,21,0.002997582155085942,96.50961555588187,C
33307,991.38,62,42,0.0029915470383026646,96.51260710292017,C
22230,991.38,62,43,0.0029915470383026646,96.51559864995848,C
18836,991.38,62,33,0.0029915470383026646,96.51859019699678,C
17219,991.15,85,52,0.0029908529998725875,96.52158104999666,C
39228,989.78,22,15,0.0029867189448760426,96.52456776894154,C
16568,987.24,76,60,0.0029790543465612806,96.5275468232881,C
23423,986.02,98,70,0.0029753729253234815,96.53052219621343,C
16205,985.42,58,31,0.0029735623902884985,96.53349575860372,C
16400,981.02,98,59,0.0029602851333652884,96.53645604373709,C
23337,979.9300000000001,7,2,0.0029569959947184027,96.53941303973181,C
41868,979.82,18,13,0.0029566640632953224,96.5423697037951,C
26944,979.65,35,8,0.002956151078368744,96.54532585487347,C
34138,978.11,89,52,0.0029515040384456206,96.54827735891192,C
1033,977.6899999999999,31,29,0.0029502366639211322,96.55122759557584,C
23373,977.5500000000001,245,20,0.002949814205746303,96.55417740978159,C
8728,977.41,59,40,0.002949391747571473,96.55712680152917,C
43184,975.39,61,22,0.0029432962796203635,96.56007009780879,C
20404,975.19,81,46,0.0029426927679420357,96.56301279057674,C
20512,974.75,25,2,0.0029413650422497146,96.56595415561898,C
2650,974.6099999999999,39,15,0.002940942584074885,96.56889509820306,C
889,974.25,75,53,0.0029398562630538957,96.57183495446611,C
41416,974.25,75,46,0.0029398562630538957,96.57477481072917,C
19074,972.52,48,35,0.0029346358870363607,96.5777094466162,C
33574,971.4599999999999,54,27,0.0029314372751412235,96.58064088389133,C
24967,971.19,81,54,0.0029306225343754817,96.58357150642571,C
34635,970.8,120,50,0.0029294456866027422,96.58650095211232,C
23420,969.26,74,55,0.002924798646679619,96.58942575075899,C
541,969.03,97,12,0.0029241046082495417,96.59234985536725,C
36625,968.61,39,11,0.002922837233725054,96.59527269260097,C
10021,968.21,79,51,0.002921630210368398,96.59819432281134,C
16778,963.4,60,42,0.002907115754504617,96.60110143856585,C
5838,961.64,36,26,0.002901804851735333,96.60400324341758,C
35972,961.26,74,23,0.0029006581795465104,96.60690390159712,C
13948,959.88,12,8,0.002896493948966049,96.60980039554609,C
39456,959.88,12,3,0.002896493948966049,96.61269688949506,C
33961,959.88,12,5,0.002896493948966049,96.61559338344402,C
40136,959.8000000000001,20,15,0.002896252544294718,96.61848963598831,C
25741,959.76,24,1,0.002896131841959052,96.62138576783028,C
22508,959.68,32,20,0.002895890437287721,96.62428165826756,C
22339,959.4,60,41,0.0028950455209380624,96.6271767037885,C
33879,959.04,96,66,0.0028939591999170727,96.63007066298843,C
453,958.67,33,20,0.002892842703312166,96.63296350569175,C
982,957.63,137,57,0.0028897044425848623,96.63585321013433,C
11396,957.32,68,43,0.0028887689994834542,96.63874197913381,C
23848,953.4699999999999,53,33,0.002877151399675645,96.64161913053348,C
32835,953.4699999999999,53,40,0.002877151399675645,96.64449628193316,C
23650,953.34,66,29,0.0028767591170847325,96.64737304105024,C
29650,952.94,106,75,0.0028755520937280774,96.65024859314397,C
15876,952.43,57,44,0.0028740131389483415,96.65312260628292,C
473,951.72,28,5,0.002871870672490278,96.65599447695541,C
19382,951.24,76,58,0.002870422244462291,96.65886489919987,C
46599,951.13,87,54,0.0028700903130392114,96.66173498951291,C
1598,949.99,1,1,0.002866650296472743,96.66460163980938,C
4627,949.8100000000001,19,11,0.0028661071359622485,96.66746774694533,C
269,949.62,238,72,0.0028655337998678373,96.6703332807452,C
13433,949.4999999999999,50,32,0.00286517169286084,96.67319845243806,C
23249,949.05,95,44,0.002863813791584603,96.67606226622964,C
12235,947.55,45,36,0.002859287453997145,96.67892155368364,C
21271,947.33,67,51,0.0028586235911509847,96.68178017727479,C
40538,946.41,59,44,0.002855847437430677,96.68463602471222,C
29461,945.14,86,55,0.002852015138273296,96.68748803985049,C
8228,944.9300000000001,7,5,0.0028513814510110523,96.6903394213015,C
21058,944.79,21,13,0.0028509589928362223,96.69319038029434,C
3716,944.73,27,20,0.0028507779393327245,96.69604115823367,C
24575,944.73,27,17,0.0028507779393327245,96.698891936173,C
5643,944.37,63,56,0.0028496916183117344,96.70174162779131,C
12589,943.63,197,16,0.002847458625101922,96.7045890864164,C
22291,943.4699999999999,53,34,0.0028469758157592595,96.70743606223216,C
3732,943.41,59,29,0.0028467947622557613,96.71028285699441,C
5417,942.82,118,31,0.0028450144028046944,96.71312787139722,C
24757,942.7700000000001,23,14,0.0028448635248851132,96.7159727349221,C
45330,939.81,119,53,0.0028359315520458625,96.71880866647415,C
12656,939.8000000000001,20,7,0.0028359013764619463,96.7216445678506,C
29182,937.3299999999999,67,31,0.0028284480072345982,96.72447301585784,C
43737,937.11,89,49,0.002827784144388438,96.72730080000223,C
1158,936.66,134,52,0.002826426243112201,96.73012722624534,C
5831,936.66,134,67,0.002826426243112201,96.73295365248846,C
25188,936.11,89,62,0.0028247665859967995,96.73577841907446,C
22942,935.96,4,2,0.002824313952238054,96.7386027330267,C
10734,935.4799999999999,52,34,0.002822865524210067,96.7414255985509,C
41633,935.38,62,32,0.0028225637683709035,96.74424816231928,C
15979,935.28,72,63,0.0028222620125317394,96.74707042433181,C
11745,934.96,104,58,0.0028212963938464156,96.74989172072566,C
22340,934.15,85,39,0.0028188521715491878,96.7527105728972,C
18014,932.5799999999999,42,31,0.002814114604874315,96.75552468750207,C
24303,930.1899999999999,81,28,0.002806902640318299,96.75833159014239,C
5335,929.6899999999999,31,24,0.00280539386112248,96.76113698400351,C
32827,929.6899999999999,31,20,0.00280539386112248,96.76394237786464,C
23197,929.35,65,51,0.0028043678912693226,96.76674674575591,C
6635,929.0699999999999,93,54,0.002803522974919664,96.76955026873082,C
1393,928.1400000000001,186,58,0.0028007166456154404,96.77235098537643,C
17458,925.97,103,76,0.0027941685439055843,96.77514515392033,C
5678,924.64,86,20,0.002790155191244705,96.77793530911158,C
9116,924.63,37,14,0.0027901250156607887,96.78072543412725,C
11199,924.4499999999999,55,33,0.0027895818551502936,96.7835150159824,C
25125,924.26,74,62,0.0027890085190558824,96.78630402450146,C
16541,923.72,28,10,0.0027873790375243976,96.78909140353899,C
4029,923.67,33,30,0.0027872281596048156,96.7918786316986,C
8425,923.5799999999999,42,39,0.002786956579349568,96.79466558827795,C
14799,923.56,44,22,0.0027868962281817353,96.79745248450614,C
39689,923.4399999999999,56,36,0.0027865341211747384,96.80023901862731,C
23800,923.34,66,34,0.0027862323653355748,96.80302525099265,C
10931,923.23,77,29,0.002785900433912495,96.80581115142655,C
6186,923.23,77,29,0.002785900433912495,96.80859705186046,C
19451,922.29,71,51,0.002783063929024354,96.81138011578949,C
21341,921.3000000000001,70,45,0.0027800765462166325,96.8141601923357,C
24736,919.77,23,15,0.002775459681877425,96.81693565201758,C
11249,919.4899999999999,51,38,0.0027746147655277656,96.8197102667831,C
18001,917.4599999999999,54,38,0.0027684891219927395,96.8224787559051,C
15291,917.43,157,73,0.0027683985952409907,96.82524715450033,C
8875,916.63,37,25,0.00276598454852768,96.82801313904886,C
39652,916.47,153,24,0.002765501739185018,96.83077864078805,C
17020,916.1700000000001,83,50,0.0027645964716675265,96.83354323725972,C
2597,914.6099999999999,39,35,0.0027598890805765695,96.8363031263403,C
44780,913.5799999999999,42,31,0.002756780995433182,96.83905990733572,C
19571,911.8699999999999,13,9,0.0027516209705834797,96.84181152830631,C
35650,911.52,48,33,0.0027505648251464065,96.84456209313146,C
25282,911.5199999999999,48,44,0.002750564825146406,96.8473126579566,C
18618,911.43,57,35,0.002750293244891159,96.8500629512015,C
35590,911.1800000000001,82,35,0.0027495388552932496,96.85281249005679,C
23591,909.8699999999999,13,10,0.002745585853800203,96.8555580759106,C
18971,908.65,35,25,0.0027419044325624037,96.85829998034316,C
5925,906.03,47,40,0.002733998429576311,96.86103397877274,C
28497,905.3000000000001,70,51,0.002731795611950415,96.86376577438469,C
25817,904.82,18,14,0.0027303471839224282,96.86649612156862,C
20552,903.42,58,41,0.002726122602174134,96.86922224417079,C
13711,901.89,111,69,0.002721505737834927,96.87194374990862,C
23539,900.4999999999999,50,43,0.002717311331670549,96.87466106124029,C
24647,899.97,3,2,0.002715712025722981,96.87737677326601,C
23331,899.94,6,1,0.002715621498971232,96.88009239476497,C
42052,899.9,10,7,0.0027155007966355666,96.88280789556161,C
20252,899.85,15,4,0.0027153499187159845,96.88552324548033,C
20517,899.75,25,11,0.0027150481628768204,96.88823829364321,C
24540,899.55,45,9,0.0027144446511984926,96.89095273829442,C
22087,897.56,44,23,0.0027084397099991315,96.89366117800442,C
3219,895.95,905,373,0.0027035814409885938,96.8963647594454,C
868,895.7199999999999,28,19,0.002702887402558517,96.89906764684797,C
1416,895.68,32,18,0.0027027667002228516,96.90177041354819,C
3670,895.44,56,55,0.0027020424862088583,96.9044724560344,C
6375,894.87,163,123,0.002700322477925624,96.90717277851232,C
42603,893.16,84,39,0.002695162453075922,96.9098679409654,C
17341,892.84,116,64,0.002694196834390598,96.9125621377998,C
2990,891.64,36,32,0.0026905757643206317,96.91525271356412,C
17145,891.4999999999999,50,43,0.0026901533061458017,96.91794286687026,C
6724,889.09,91,56,0.0026828809904219536,96.92062574786068,C
12310,887.53,47,35,0.0026781735993309966,96.92330392146002,C
7828,886.89,111,86,0.002676242361960348,96.92598016382198,C
41222,886.45,55,33,0.0026749146362680274,96.92865507845825,C
46783,885.11,89,67,0.002670871108023232,96.93132594956627,C
4060,884.41,59,51,0.0026687588171490843,96.93399470838342,C
33441,881.7900000000001,21,15,0.002660852814162992,96.93665556119758,C
13244,879.89,11,4,0.0026551194532188783,96.9393106806508,C
23497,879.89,11,2,0.0026551194532188783,96.94196580010403,C
25009,879.8899999999999,11,6,0.002655119453218878,96.94462091955725,C
1860,879.8699999999999,13,9,0.002655059102051045,96.9472759786593,C
9140,879.5999999999999,40,34,0.0026542443612853025,96.94993022302059,C
18396,879.56,44,7,0.002654123658949637,96.95258434667954,C
7849,879.12,88,47,0.0026527959332573164,96.9552371426128,C
17500,879.12,88,64,0.0026527959332573164,96.95788993854606,C
44733,877.05,95,53,0.0026465495873866244,96.96053648813344,C
217,875.5999999999999,40,20,0.0026421741277187485,96.96317866226116,C
20180,875.42,58,47,0.0026416309672082534,96.96582029322836,C
2863,874.82,18,13,0.002639820432173271,96.96846011366054,C
22294,874.65,35,19,0.002639307447246692,96.9710994211078,C
27472,874.37,63,39,0.002638462530897033,96.97373788363869,C
25182,873.8100000000001,19,13,0.0026367726981977157,96.97637465633689,C
12478,873.54,46,29,0.002635957957431973,96.97901061429432,C
45524,873.13,87,46,0.0026347207584914013,96.98164533505282,C
10164,872.46,54,43,0.0026326989943690035,96.9842780340472,C
4355,872.15,35,31,0.0026317635512675954,96.98690979759846,C
16990,871.36,64,35,0.002629379680138201,96.9895391772786,C
585,869.7099999999999,29,20,0.002624400708791997,96.9921635779874,C
1136,868.26,174,56,0.0026200252491241213,96.99478360323653,C
90014,867.86,14,3,0.002618818225767466,96.9974024214623,C
1425,867.6899999999999,31,21,0.002618305240840887,97.00002072670314,C
1390,864.76,24,19,0.0026094637947533866,97.0026301904979,C
43097,863.76,24,11,0.002606446236361748,97.00523663673425,C
5495,863.46,54,36,0.002605540968844256,97.0078421777031,C
38103,863.28,72,9,0.0026049978083337614,97.01044717551143,C
22757,863.13,87,57,0.0026045451745750152,97.01305172068601,C
19360,861.21,79,45,0.0025987514624630694,97.01565047214847,C
290,859.87,13,6,0.002594707934218274,97.01824518008269,C
19443,859.6,40,12,0.0025938931934525312,97.02083907327614,C
16440,857.74,26,18,0.0025882805348440836,97.02342735381097,C
23116,857.74,26,13,0.0025882805348440836,97.02601563434581,C
29434,856.73,27,14,0.0025852328008685284,97.02860086714668,C
41070,856.41,59,45,0.0025842671821832038,97.03118513432887,C
3903,854.9100000000001,59,32,0.0025797408445957467,97.03376487517346,C
25163,853.29,171,26,0.0025748524000012915,97.03633972757346,C
13567,851.46,54,32,0.002569330268144593,97.03890905784161,C
17990,851.29,71,29,0.0025688172832180147,97.04147787512483,C
23107,849.95,5,4,0.0025647737549732187,97.0440426488798,C
3292,849.95,5,5,0.0025647737549732187,97.04660742263476,C
21012,849.9,10,7,0.0025646228770536367,97.04917204551182,C
90012,849.83,17,7,0.0025644116479662223,97.05173645715979,C
25162,849.83,17,5,0.0025644116479662223,97.05430086880776,C
44529,849.15,85,43,0.002562359708259908,97.05686322851602,C
3722,847.82,68,21,0.002558346355599029,97.05942157487162,C
24330,845.82,18,6,0.0025523112388157517,97.06197388611044,C
21672,845.53,47,34,0.0025514361468821764,97.06452532225732,C
14538,845.53,47,32,0.0025514361468821764,97.06707675840421,C
14704,844.6,140,78,0.0025486298175779526,97.0696253882218,C
8446,844.59,141,87,0.002548599641994036,97.07217398786379,C
778,844.35,65,41,0.0025478754279800427,97.07472186329177,C
2162,843.75,25,18,0.0025460648929450593,97.07726792818471,C
43832,843.2,80,50,0.0025444052358296583,97.07981233342053,C
19814,842.4899999999999,51,36,0.0025422627693715946,97.0823545961899,C
14810,841.42,58,32,0.0025390339818925417,97.08489363017179,C
24888,839.98,2,2,0.002534688697808582,97.0874283188696,C
7890,839.7199999999999,28,20,0.002533904132626756,97.08996222300223,C
2855,839.7199999999999,28,16,0.002533904132626756,97.09249612713486,C
1505,839.7,30,13,0.002533843781458923,97.09502997091633,C
14209,839.65,35,23,0.002533692903539341,97.09756366381987,C
16824,839.5799999999999,42,26,0.0025334816744519264,97.10009714549432,C
7284,839.16,84,68,0.0025322142999274384,97.10262935979425,C
6241,838.5999999999999,140,30,0.002530524467228121,97.10515988426148,C
21321,836.61,139,109,0.00252451952602876,97.10768440378752,C
23452,836.07,93,55,0.0025228900444972755,97.11020729383202,C
484,835.6200000000001,38,5,0.0025215321432210383,97.11272882597524,C
19648,835.44,56,44,0.002520988982710543,97.11524981495795,C
6505,835.24,76,44,0.0025203854710322154,97.11777020042898,C
20650,834.9,10,4,0.002519359501179058,97.12028955993016,C
21795,833.4599999999999,174,12,0.0025150142170950983,97.12280457414725,C
14620,831.8100000000001,119,55,0.002510035245748895,97.125314609393,C
2929,831.6800000000001,32,8,0.002509642963157982,97.12782425235616,C
17921,831.36,64,37,0.002508677344472658,97.13033292970063,C
22943,830.97,3,2,0.002507500496699919,97.13284043019733,C
39473,830.72,28,11,0.002506746107102009,97.13534717630444,C
16537,829.3,70,51,0.002502461174185882,97.13784963747862,C
847,827.82,18,16,0.0024979951877662572,97.14034763266639,C
38889,827.82,18,13,0.0024979951877662572,97.14284562785416,C
5549,827.7800000000001,22,21,0.0024978744854305917,97.14534350233959,C
10591,827.6999999999999,30,19,0.0024976330807592604,97.14784113542035,C
35490,827.3100000000001,69,40,0.0024964562329865213,97.15033759165334,C
13933,827.0799999999999,92,19,0.002495762194556444,97.1528333538479,C
19249,826.51,49,36,0.0024940421862732105,97.15532739603417,C
11310,825.86,14,11,0.0024920807733186455,97.15781947680749,C
5126,824.85,15,5,0.0024890330393430903,97.16030850984683,C
15079,824.36,64,49,0.002487554435731187,97.16279606428256,C
23951,824.25,75,24,0.0024872225043081073,97.16528328678687,C
11200,822.45,55,32,0.002481790899203158,97.16776507768607,C
21369,820.66,34,24,0.0024763894696821246,97.17024146715575,C
4921,819.5899999999999,41,29,0.002473160682203071,97.17271462783795,C
23948,818.79,21,12,0.0024707466354897604,97.17518537447344,C
15761,818.64,216,9,0.0024702940017310143,97.17765566847517,C
18741,818.54,46,35,0.0024699922458918506,97.18012566072106,C
35380,818.37,63,50,0.002469479260965272,97.18259513998203,C
15900,817.39,61,35,0.002466522053741466,97.18506166203576,C
7211,816.3,70,53,0.00246323291509458,97.18752489495085,C
21731,815.88,12,5,0.002461965540570092,97.18998686049143,C
4629,815.76,24,19,0.0024616034335630953,97.19244846392499,C
23220,814.37,63,45,0.0024574090273987177,97.19490587295239,C
15820,813.7800000000001,22,18,0.0024556286679476512,97.19736150162034,C
41614,813.7800000000001,22,14,0.0024556286679476512,97.19981713028828,C
19577,813.46,54,25,0.0024546630492623266,97.20227179333754,C
17535,813.26,74,61,0.002454059537583999,97.20472585287513,C
3815,811.7099999999999,29,28,0.002449382322076959,97.20717523519721,C
13427,811.7099999999999,29,19,0.002449382322076959,97.2096246175193,C
24138,809.9100000000001,9,2,0.00244395071697201,97.21206856823626,C
37542,809.7299999999999,27,20,0.0024434075564615148,97.21451197579272,C
24929,809.66,34,12,0.0024431963273741,97.2169551721201,C
26646,809.46,54,21,0.0024425928156957726,97.21939776493579,C
22361,808.38,162,56,0.0024393338526328026,97.22183709878843,C
39107,807.9200000000001,8,3,0.002437945775772649,97.2242750445642,C
17489,807.38,62,40,0.0024363162942411644,97.22671136085843,C
14415,806.99,101,31,0.002435139446468425,97.22914650030489,C
23159,805.6899999999999,31,26,0.0024312166205592944,97.23157771692546,C
33446,805.12,128,58,0.0024294966122760608,97.23400721353774,C
4230,804.77,23,19,0.002428440466838987,97.23643565400458,C
23917,801.73,27,25,0.002419267089328406,97.2388549210939,C
11153,800.11,89,19,0.0024143786447339516,97.24126929973863,C
11154,800.1099999999999,89,14,0.002414378644733951,97.24368367838336,C
2118,799.96,4,2,0.002413926010975206,97.24609760439434,C
44653,799.9200000000001,8,5,0.0024138053086395408,97.24851140970297,C
2016,799.92,8,8,0.0024138053086395403,97.2509252150116,C
42785,799.92,8,7,0.0024138053086395403,97.25333902032024,C
22438,799.84,16,5,0.002413563903968209,97.25575258422421,C
22568,799.68,32,16,0.0024130810946255466,97.25816566531884,C
17325,799.5999999999999,40,23,0.0024128396899542157,97.2605785050088,C
1672,799.5999999999999,40,20,0.0024128396899542157,97.26299134469875,C
15584,799.2,80,51,0.0024116326665975605,97.26540297736534,C
24193,798.68,32,23,0.002410063536233908,97.26781304090157,C
17405,797.94,6,1,0.002407830543024096,97.2702208714446,C
11055,797.86,14,13,0.002407589138352765,97.27262846058295,C
27679,797.43,57,24,0.00240629158824436,97.2750347521712,C
7485,794.01,199,23,0.0023959715385449562,97.27743072370974,C
8787,793.4300000000001,57,40,0.002394221354677806,97.27982494506442,C
4723,792.99,801,224,0.002392893628985485,97.2822178386934,C
8688,791.21,79,49,0.0023875223750483682,97.28460536106844,C
2949,790.93,7,6,0.002386677458698709,97.28699203852715,C
12191,790.21,79,51,0.0023845048166567296,97.2893765433438,C
32065,789.87,113,58,0.002383478846803572,97.29176002219062,C
2667,789.5999999999999,40,38,0.0023826641060378296,97.29414268629665,C
20343,789.48,52,29,0.002382301999030833,97.29652498829569,C
13795,789.41,59,38,0.002382090769943419,97.29890707906563,C
42601,789.24,76,36,0.0023815777850168403,97.30128865685064,C
42640,789.21,79,43,0.002381487258265091,97.3036701441089,C
17147,786.47,53,46,0.002373219148272001,97.30604336325717,C
12494,786.0300000000001,197,17,0.0023718914225796806,97.30841525467976,C
23522,782.86,74,25,0.002362325762478186,97.31077758044223,C
1878,781.48,52,35,0.0023581615318977243,97.31313574197414,C
5434,781.32,68,58,0.0023576787225550624,97.3154934206967,C
31573,781.23,77,47,0.002357407142299815,97.317850827839,C
9109,781.11,789,277,0.0023570450352928185,97.32020787287429,C
4605,779.94,6,6,0.0023535144919746014,97.32256138736626,C
2955,779.94,6,3,0.0023535144919746014,97.32491490185824,C
14974,779.4,60,14,0.002351885010443116,97.32726678686868,C
6547,779.22,78,44,0.0023513418499326215,97.32961812871861,C
18565,776.33,67,23,0.002342621106180786,97.33196074982479,C
14457,775.44,56,39,0.0023399354792122276,97.334300685304,C
21573,775.03,97,52,0.0023386982802716554,97.33663938358427,C
25467,774.6899999999999,31,16,0.0023376723104184985,97.33897705589469,C
4575,774.6899999999999,31,21,0.0023376723104184985,97.3413147282051,C
23535,774.6899999999999,31,22,0.0023376723104184985,97.34365240051552,C
38153,773.8199999999999,18,5,0.002335047034617773,97.34598744755014,C
6280,773.4,60,35,0.002333779660093285,97.34832122721023,C
42401,773.35,65,35,0.002333628782173703,97.3506548559924,C
16165,772.55,45,27,0.0023312147354603917,97.35298607072787,C
28162,771.48,52,30,0.0023279859479813387,97.35531405667585,C
3530,770.19,81,65,0.002324093297656125,97.35763814997351,C
19684,769.9300000000001,7,2,0.002323308732474299,97.35996145870598,C
15971,769.93,7,4,0.0023233087324742987,97.36228476743845,C
19264,769.89,11,3,0.0023231880301386332,97.36460795546859,C
16889,769.4200000000001,58,42,0.0023217697776945633,97.36692972524628,C
8401,769.3,70,48,0.0023214076706875664,97.36925113291697,C
47027,769.13,87,59,0.0023208946857609884,97.37157202760274,C
24308,767.84,16,4,0.0023170020354357744,97.37388902963818,C
25003,767.84,16,11,0.0023170020354357744,97.37620603167362,C
43019,764.91,9,1,0.002308160589348273,97.37851419226297,C
4899,762.68,32,32,0.002301431434134919,97.3808156236971,C
38197,761.4300000000001,57,46,0.002297659486145371,97.38311328318325,C
22022,759.7800000000001,22,19,0.0022926805147991673,97.38540596369805,C
24024,759.62,38,23,0.002292197705456505,97.3876981614035,C
42275,759.6199999999999,38,30,0.002292197705456505,97.38999035910896,C
24056,759.5999999999999,40,29,0.002292137354288672,97.39228249646325,C
44084,759.48,52,38,0.002291775247281676,97.39457427171054,C
7202,759.34,66,45,0.0022913527891068462,97.39686562449964,C
12165,758.67,33,22,0.0022893310249844485,97.39915495552462,C
17596,755.4300000000001,57,34,0.00227955413579554,97.40143450966042,C
27911,754.53,47,34,0.002276838333243065,97.40371134799366,C
41984,753.74,26,23,0.0022744544621136702,97.40598580245577,C
3408,753.63,37,28,0.00227412253069059,97.40825992498647,C
37943,753.63,87,48,0.00227412253069059,97.41053404751716,C
913,753.48,52,25,0.002273669896931844,97.4128077174141,C
887,753.42,58,32,0.0022734888434283456,97.41508120625753,C
6240,753.09,91,55,0.002272493049159105,97.41735369930669,C
42663,752.34,66,44,0.0022702298803653764,97.41962392918705,C
20424,751.9200000000001,8,3,0.002268962505840888,97.42189289169289,C
11437,751.53,47,33,0.0022677856580681486,97.42416067735095,C
21581,750.75,25,19,0.0022654319625226705,97.42642610931348,C
4697,749.97,3,3,0.002263078266977193,97.42868918758046,C
1676,749.95,5,3,0.00226301791580936,97.43095220549627,C
8412,749.85,15,14,0.002262716159970196,97.43321492165624,C
13558,749.85,15,12,0.002262716159970196,97.43547763781622,C
7241,749.75,25,24,0.002262414404131032,97.43774005222035,C
10531,749.5,50,30,0.0022616600145331225,97.44000171223489,C
18664,749.25,75,17,0.002260905624935213,97.44226261785983,C
2632,747.83,17,1,0.002256620692019086,97.44451923855185,C
21595,746.64,136,6,0.002253029797533036,97.44677226834938,C
6042,745.26,74,66,0.002248865566952575,97.44902113391633,C
13081,743.76,24,18,0.002244339229365117,97.4512654731457,C
22326,743.67,33,21,0.00224406764910987,97.45350954079481,C
46829,743.38,62,52,0.0022431925571762944,97.45575273335199,C
19055,742.41,59,32,0.0022402655255364047,97.45799299887753,C
18952,741.95,55,8,0.0022388774486762513,97.4602318763262,C
18240,741.73,27,8,0.0022382135858300908,97.46247008991203,C
24289,741.47,53,33,0.0022374290206482648,97.46470751893268,C
25285,740.6099999999999,39,21,0.0022348339204314553,97.46694235285311,C
4784,740.6099999999999,39,17,0.0022348339204314553,97.46917718677354,C
35999,740.4300000000001,57,51,0.0022342907599209607,97.47141147753345,C
72,739.8100000000001,19,16,0.002232419873718145,97.47364389740717,C
16860,739.63,37,27,0.0022318767132076494,97.47587577412038,C
23780,737.91,9,5,0.0022266865127740314,97.47810246063315,C
23919,736.7199999999999,28,21,0.002223095618287981,97.48032555625144,C
2837,735.84,16,8,0.0022204401669033394,97.48254599641835,C
24699,735.84,16,13,0.0022204401669033394,97.48476643658526,C
36376,735.54,46,29,0.002219534899385848,97.48698597148464,C
26391,735.08,92,55,0.0022181468225256945,97.48920411830717,C
16796,734.7900000000001,21,9,0.002217271730592119,97.49142139003776,C
5959,734.51,49,35,0.00221642681424246,97.493637816852,C
42118,734.3,70,39,0.0022157931269802156,97.49585360997898,C
19329,733.84,16,12,0.002214405050120062,97.4980680150291,C
3900,731.8000000000001,20,15,0.00220824923100112,97.50027626426011,C
18909,731.53,47,30,0.002207434490235377,97.50248369875034,C
31419,731.39,61,51,0.0022070120320605477,97.5046907107824,C
20377,730.83,17,10,0.0022053221993612302,97.50689603298176,C
2369,729.8899999999999,11,10,0.0022024856944730894,97.50909851867623,C
18332,729.53,47,31,0.0022013993734520997,97.51129991804967,C
4012,728.7299999999999,27,19,0.002198985326738789,97.51349890337642,C
877,728.19,81,67,0.0021973558452073045,97.51569625922163,C
33035,728.19,81,49,0.0021973558452073045,97.51789361506684,C
5014,726.96,104,84,0.002193644248385589,97.52008725931522,C
21980,725.89,11,6,0.0021904154609065354,97.52227767477612,C
32055,725.51,49,23,0.002189268788717713,97.52446694356483,C
7344,725.34,66,60,0.0021887558037911345,97.52665569936862,C
26632,725.2,80,57,0.002188333345616305,97.52884403271423,C
19293,724.75,25,3,0.002186975444340067,97.53103100815858,C
42117,724.5,50,35,0.0021862210547421578,97.53321722921332,C
36989,724.48,52,24,0.002186160703574325,97.5354033899169,C
44818,723.28,72,49,0.0021825396335043586,97.5375859295504,C
4042,722.7,730,366,0.0021807894496372084,97.53976671900004,C
37152,722.64,36,21,0.00218060839613371,97.54194732739617,C
14703,721.44,56,36,0.0021769873260637437,97.54412431472224,C
35709,721.36,64,41,0.0021767459213924128,97.54630106064363,C
30713,720.66,34,18,0.0021746336305182657,97.54847569427415,C
22600,719.98,2,2,0.0021725816908119513,97.55064827596496,C
11709,719.88,12,1,0.0021722799349727876,97.55282055589993,C
90025,719.88,12,3,0.0021722799349727876,97.5549928358349,C
44186,719.84,16,11,0.002172159232637122,97.55716499506754,C
14425,719.84,16,7,0.002172159232637122,97.55933715430018,C
1788,719.82,18,16,0.0021720988814692894,97.56150925318165,C
23752,719.8,20,7,0.0021720385303014562,97.56368129171196,C
25482,719.52,48,25,0.0021711936139517975,97.5658524853259,C
26134,719.4,60,52,0.002170831506944801,97.56802331683285,C
23949,719.28,72,31,0.002170469399937804,97.57019378623279,C
10227,719.28,72,35,0.002170469399937804,97.57236425563273,C
21412,719.1,90,29,0.0021699262394273095,97.57453418187217,C
3770,716.65,35,26,0.0021625332213677947,97.57669671509353,C
19646,715.37,63,32,0.0021586707466264977,97.57885538584016,C
972,713.7900000000001,21,14,0.002153903004367709,97.58100928884453,C
43615,713.67,33,12,0.002153540897360712,97.5831628297419,C
40296,713.66,34,26,0.0021535107217767954,97.58531634046368,C
21157,713.49,51,29,0.002152997736850217,97.58746933820053,C
37817,713.49,51,31,0.002152997736850217,97.58962233593739,C
13595,712.86,14,9,0.0021510966750634846,97.59177343261246,C
2101,712.8100000000001,119,90,0.002150945797143903,97.5939243784096,C
5276,712.8100000000001,119,71,0.002150945797143903,97.59607532420674,C
15171,711.5,50,10,0.002146992795650856,97.59822231700238,C
36267,711.5,50,31,0.002146992795650856,97.60036930979803,C
12963,710.21,79,44,0.0021431001453256424,97.60251240994336,C
10916,709.55,45,14,0.0021411085567871607,97.60465351850014,C
10666,707.41,59,35,0.0021346509818290543,97.60678816948197,C
12681,707.41,59,42,0.0021346509818290543,97.6089228204638,C
23801,703.5600000000001,44,28,0.0021230333820212457,97.61104585384582,C
14382,703.5600000000001,44,38,0.0021230333820212457,97.61316888722784,C
43232,703.36,64,37,0.0021224298703429183,97.61529131709818,C
24646,703.1999999999999,80,32,0.002121947061000256,97.61741326415918,C
24580,702.63,37,24,0.002120227052717022,97.6195334912119,C
8283,701.75,25,20,0.00211757160133238,97.62165106281323,C
23514,701.48,52,19,0.0021167568605666375,97.6237678196738,C
32809,701.46,54,49,0.0021166965093988048,97.6258845161832,C
6344,701.3,70,40,0.0021162137000561424,97.62800072988327,C
15263,700.89,61,43,0.0021149765011155707,97.63011570638439,C
23289,699.99,1,1,0.0021122606985630957,97.63222796708295,C
2421,699.98,2,2,0.0021122305229791796,97.63434019760594,C
21195,699.96,4,2,0.002112170171811347,97.63645236777775,C
685,699.86,14,9,0.0021118684159721827,97.63856423619372,C
45128,699.86,14,12,0.0021118684159721827,97.64067610460968,C
22968,699.8,20,12,0.0021116873624686845,97.64278779197215,C
25340,699.7199999999999,28,17,0.002111445957797353,97.64489923792995,C
24999,699.7199999999999,28,17,0.002111445957797353,97.64701068388774,C
12024,698.5899999999999,41,36,0.0021080361168148015,97.64911872000455,C
22941,697.98,2,1,0.0021061954061959024,97.65122491541075,C
24390,695.71,29,11,0.002099345548646883,97.6533242609594,C
25157,695.54,46,20,0.002098832563720304,97.65542309352311,C
28223,693.64,36,26,0.002093099202776191,97.6575161927259,C
23858,692.67,33,17,0.0020901721711363013,97.65960636489703,C
23245,692.51,49,34,0.0020896893617936394,97.66169605425883,C
20407,692.51,49,32,0.0020896893617936394,97.66378574362062,C
31318,692.37,63,27,0.0020892669036188098,97.66587501052425,C
6245,692.37,63,14,0.0020892669036188098,97.66796427742787,C
4424,692.37,63,19,0.0020892669036188098,97.6700535443315,C
31346,692.37,63,49,0.0020892669036188098,97.67214281123512,C
28039,692.23,77,18,0.0020888444454439806,97.67423165568056,C
16146,691.65,35,19,0.0020870942615768304,97.67631874994214,C
39600,691.13,87,47,0.002085525131213178,97.67840427507335,C
2530,689.97,3,2,0.0020820247634788774,97.68048629983683,C
21027,689.94,6,4,0.0020819342367271285,97.68256823407356,C
13123,689.54,46,32,0.002080727213370473,97.68464896128692,C
28606,689.3100000000001,69,40,0.002080033174940396,97.68672899446186,C
25126,689.3100000000001,69,59,0.002080033174940396,97.6888090276368,C
23101,689.31,69,16,0.0020800331749403957,97.69088906081173,C
8409,688.0699999999999,83,62,0.002076291402534764,97.69296535221426,C
26392,687.14,86,41,0.00207348507323054,97.69503883728748,C
14666,685.62,38,26,0.0020688983844752494,97.69710773567196,C
12086,685.51,49,38,0.002068566453052169,97.69917630212501,C
4219,685.51,49,41,0.002068566453052169,97.70124486857806,C
37923,684.4300000000001,57,48,0.0020653074899891996,97.70331017606804,C
22919,683.64,36,28,0.002062923618859805,97.70537309968691,C
8348,683.62,38,1,0.0020628632676919726,97.7074359629546,C
41348,683.6199999999999,38,22,0.002062863267691972,97.7094988262223,C
19486,683.6199999999999,38,27,0.002062863267691972,97.71156168949,C
25831,683.4300000000001,57,41,0.002062289931597561,97.7136239794216,C
42797,682.0899999999999,41,5,0.002058246403352765,97.71568222582495,C
23297,681.6899999999999,31,22,0.0020570393799961098,97.71773926520494,C
24798,681.54,46,16,0.0020565867462373636,97.71979585195118,C
22168,681.38,62,25,0.0020561039368947017,97.72185195588807,C
18175,681.38,62,13,0.0020561039368947017,97.72390805982496,C
13619,680.64,36,30,0.002053870943684889,97.72596193076865,C
20108,679.96,4,3,0.002051819003978575,97.72801374977263,C
18432,679.96,4,2,0.002051819003978575,97.73006556877661,C
2042,679.83,17,15,0.002051426721387662,97.732116995498,C
23946,679.66,34,18,0.0020509137364610832,97.73416790923446,C
20427,679.5999999999999,40,24,0.002050732682957585,97.73621864191742,C
8958,679.34,66,49,0.0020499481177757594,97.73826859003519,C
36419,679.32,68,45,0.0020498877666079262,97.7403184778018,C
16378,679.32,68,48,0.0020498877666079262,97.7423683655684,C
32679,679.15,85,49,0.0020493747816813478,97.74441774035007,C
46725,678.6899999999999,31,28,0.002047986704821194,97.7464657270549,C
11449,678.51,49,29,0.0020474435443106993,97.74851317059921,C
36370,678.03,97,40,0.0020459951162827127,97.75055916571549,C
37083,677.91,59,46,0.002045633009275716,97.75260479872476,C
39110,677.91,59,37,0.002045633009275716,97.75465043173404,C
11774,674.97,3,1,0.0020367613876042987,97.75668719312164,C
19694,674.91,9,4,0.0020365803341008,97.75872377345574,C
18774,674.73,27,11,0.0020360371735903054,97.76075981062934,C
14657,674.5500000000001,45,33,0.0020354940130798108,97.76279530464242,C
20409,674.55,45,27,0.0020354940130798103,97.76483079865551,C
3406,674.55,45,15,0.0020354940130798103,97.7668662926686,C
18267,671.79,21,7,0.002027165551918888,97.76889345822052,C
4131,671.76,24,23,0.002027075025167139,97.77092053324569,C
1259,671.76,24,20,0.002027075025167139,97.77294760827085,C
16839,671.58,42,9,0.002026531864656644,97.77497414013551,C
13767,671.52,48,10,0.002026350811153145,97.77700049094666,C
36660,671.52,48,4,0.002026350811153145,97.77902684175781,C
356,671.48,52,44,0.0020262301088174797,97.78105307186662,C
18653,671.4399999999999,56,22,0.0020261094064818142,97.78307918127311,C
42602,671.3199999999999,68,31,0.0020257472994748174,97.78510492857258,C
21957,671.13,87,50,0.002025173963380406,97.78713010253595,C
40219,670.39,61,40,0.0020229409701705936,97.78915304350612,C
1414,669.73,27,10,0.0020209493816321124,97.79117399288775,C
21729,668.48,52,38,0.0020171774336425643,97.79319117032139,C
23149,667.48,52,20,0.0020141598752509257,97.79520533019664,C
41575,666.87,13,8,0.002012319164632026,97.79721764936127,C
13693,666.44,56,38,0.0020110216145236216,97.7992286709758,C
18269,665.91,9,4,0.002009422308576053,97.80123809328437,C
21992,665.26,74,49,0.002007460895621488,97.80324555418,C
17406,664.9300000000001,7,3,0.002006465101352247,97.80525201928134,C
23754,664.9300000000001,7,4,0.002006465101352247,97.80725848438269,C
13978,664.8100000000001,19,17,0.0020061029943452507,97.80926458737703,C
1987,664.65,35,33,0.0020056201850025884,97.81127020756203,C
26497,663.65,35,24,0.00200260262661095,97.81327281018865,C
31524,663.33,67,50,0.0020016370079256256,97.81527444719657,C
23969,663.17,83,46,0.0020011541985829632,97.81727560139515,C
22951,662.87,13,9,0.0020002489310654717,97.81927585032622,C
23396,662.49,51,9,0.001999102258876649,97.8212749525851,C
26163,661.01,49,24,0.0019946362724570237,97.82326958885756,C
36483,659.89,11,6,0.0019912566070583886,97.82526084546461,C
12192,659.89,11,10,0.0019912566070583886,97.82725210207167,C
20130,659.89,11,2,0.0019912566070583886,97.82924335867872,C
23875,659.88,12,1,0.001991226431474472,97.8312345851102,C
18740,659.78,22,4,0.001990924675635308,97.83322550978583,C
1920,659.78,22,21,0.001990924675635308,97.83521643446147,C
8447,659.6999999999999,30,26,0.001990683270963977,97.83720711773243,C
3070,659.6999999999999,30,26,0.001990683270963977,97.8391978010034,C
19549,659.5600000000001,44,41,0.001990260812789148,97.84118806181618,C
17984,659.5600000000001,44,9,0.001990260812789148,97.84317832262897,C
6257,659.56,44,14,0.0019902608127891474,97.84516858344176,C
1029,659.34,66,34,0.0019895969499429873,97.8471581803917,C
19669,659.25,75,21,0.00198932536968774,97.8491475057614,C
4073,659.12,88,61,0.001988933087096827,97.85113643884848,C
24119,657.53,47,29,0.0019841351692541213,97.85312057401774,C
23278,655.88,12,4,0.001979156197907918,97.85509973021564,C
11771,655.78,22,18,0.001978854442068754,97.85707858465771,C
27807,655.71,129,59,0.0019786432129813396,97.8590572278707,C
25915,655.49,101,42,0.001977979350135179,97.86103520722082,C
22939,654.99,1,1,0.0019764705709393593,97.86301167779176,C
20184,654.27,113,32,0.00197429792889738,97.86498597572066,C
17146,653.5600000000001,44,38,0.0019721554624393166,97.8669581311831,C
46554,651.59,41,28,0.0019662108724077883,97.86892434205551,C
24672,651.51,49,37,0.0019659694677364573,97.87089031152324,C
8366,650.28,72,49,0.0019622578709147416,97.87285256939415,C
22649,649.87,13,8,0.00196102067197417,97.87481359006613,C
9147,649.87,13,8,0.00196102067197417,97.8767746107381,C
10470,649.6199999999999,38,33,0.00196026628237626,97.87873487702048,C
17294,649.5,50,26,0.0019599041753692635,97.88069478119584,C
20102,649.35,65,29,0.0019594515416105182,97.88265423273745,C
16325,649.35,65,44,0.0019594515416105182,97.88461368427906,C
3618,649.35,65,41,0.0019594515416105182,97.88657313582067,C
24297,648.41,59,37,0.0019566150367223774,97.88852975085739,C
25043,647.28,72,23,0.0019532051957398258,97.89048295605312,C
19865,645.66,34,15,0.0019483167511453712,97.89243127280426,C
25256,645.62,38,22,0.001948196048809706,97.89437946885307,C
15970,644.85,15,9,0.0019458725288481443,97.89632534138192,C
10415,644.57,43,34,0.0019450276124984855,97.89827036899442,C
20253,643.77,23,15,0.0019426135657851745,97.9002129825602,C
3159,641.66,84,70,0.001936246517578817,97.90214922907778,C
23147,641.53,47,21,0.001935854234987904,97.90408508331276,C
16526,640.37,63,32,0.0019323538672536035,97.90601743718001,C
14332,639.96,4,2,0.0019311166683130317,97.90794855384833,C
2765,639.92,8,8,0.0019309959659773658,97.9098795498143,C
31045,639.9,10,9,0.001930935614809533,97.91181048542911,C
2801,639.84,16,14,0.001930754561306035,97.91374123999042,C
23386,639.68,32,26,0.0019302717519633723,97.91567151174237,C
12154,639.58,42,31,0.001929969996124209,97.9176014817385,C
24963,637.7099999999999,29,12,0.0019243271619318447,97.91952580890043,C
36510,637.53,47,30,0.0019237840014213498,97.92144959290185,C
23950,637.42,58,32,0.0019234520699982693,97.92337304497185,C
106,633.09,141,58,0.0019103860421624743,97.92528343101402,C
4524,632.27,23,23,0.0019079116442813305,97.9271913426583,C
35319,632.07,43,38,0.0019073081326030032,97.9290986507909,C
22828,629.93,7,5,0.0019008505576448963,97.93099950134855,C
2050,629.92,8,8,0.00190082038206098,97.93290032173061,C
40605,629.91,9,4,0.0019007902064770634,97.93480111193709,C
25562,629.91,9,8,0.0019007902064770634,97.93670190214357,C
2874,629.91,9,9,0.0019007902064770634,97.93860269235005,C
19231,629.82,18,7,0.0019005186262218163,97.94050321097626,C
40837,629.79,21,16,0.001900428099470067,97.94240363907574,C
4007,629.79,21,17,0.001900428099470067,97.94430406717521,C
46826,629.58,42,34,0.001899794412207823,97.94620386158742,C
21381,629.55,45,30,0.0018997038854560737,97.94810356547288,C
24014,629.55,45,13,0.0018997038854560737,97.95000326935833,C
1035,629.44,56,48,0.0018993719540329936,97.95190264131237,C
46475,629.37,63,31,0.0018991607249455788,97.95380180203732,C
24048,629.37,63,52,0.0018991607249455788,97.95570096276226,C
34906,629.37,63,44,0.0018991607249455788,97.95760012348721,C
8687,629.37,63,40,0.0018991607249455788,97.95949928421216,C
20905,629.3000000000001,70,53,0.0018989494958581642,97.96139823370801,C
21374,629.16,84,6,0.0018985270376833349,97.96329676074569,C
36844,628.6,40,21,0.0018968372049840171,97.96519359795067,C
2200,628.6,40,26,0.0018968372049840171,97.96709043515565,C
24817,626.67,33,23,0.0018910133172881547,97.96898144847295,C
8337,626.63,37,32,0.0018908926149524892,97.9708723410879,C
39472,625.79,21,13,0.0018883578659035125,97.9727606989538,C
25283,624.75,25,22,0.0018852196051762087,97.97464591855898,C
24012,624.75,25,6,0.0018852196051762087,97.97653113816415,C
20439,624.68,92,46,0.0018850083760887937,97.97841614654024,C
23365,623.74,26,18,0.0018821718712006537,97.98029831841144,C
10732,623.61,39,26,0.0018817795886097407,97.98218009800006,C
40240,623.35,65,36,0.0018809950234279147,97.98406109302348,C
20770,623.21,29,17,0.0018805725652530853,97.98594166558874,C
19392,622.63,37,19,0.0018788223813859346,97.98782048797013,C
16725,622.11,89,53,0.0018772532510222826,97.98969774122115,C
44912,621.63,37,31,0.001875804822994296,97.99157354604415,C
15057,621.46,54,40,0.0018752918380677177,97.99344883788221,C
350,620.7299999999999,27,20,0.001873089020441821,97.99532192690265,C
25621,620.3100000000001,69,43,0.0018718216459173336,97.99719374854857,C
18629,619.6899999999999,31,12,0.0018699507597145172,97.99906369930828,C
21338,619.6899999999999,31,15,0.0018699507597145172,98.00093365006799,C
24876,619.6899999999999,31,14,0.0018699507597145172,98.0028036008277,C
12079,619.47,53,37,0.0018692868968683569,98.00467288772457,C
21750,619.38,62,52,0.0018690153166131093,98.00654190304118,C
22077,619.38,62,29,0.0018690153166131093,98.0084109183578,C
33578,618.59,41,32,0.001866631445483715,98.01027754980328,C
1004,618.58,42,23,0.0018666012698997985,98.01214415107317,C
42167,618.53,47,27,0.0018664503919802163,98.01401060146516,C
16310,617.76,24,18,0.0018641268720186548,98.01587472833718,C
994,615.7199999999999,28,15,0.0018579710528997119,98.01773269939008,C
22632,615.62,38,32,0.0018576692970605482,98.01959036868715,C
17945,615.6,40,31,0.0018576089458927157,98.02144797763304,C
3615,615.56,44,21,0.0018574882435570495,98.0233054658766,C
3483,614.59,41,33,0.0018545612119171607,98.02516002708852,C
998,612.8000000000001,20,20,0.0018491597823961277,98.02700918687091,C
602,612.36,84,35,0.0018478320567038066,98.02885701892761,C
41409,611.66,34,22,0.0018457197658296592,98.03070273869344,C
1214,609.39,61,32,0.0018388699082806399,98.03254160860172,C
12374,609.39,61,28,0.0018388699082806399,98.03438047851,C
33706,609.25,75,33,0.0018384474501058103,98.03621892596011,C
21410,607.68,32,16,0.0018337098834309376,98.03805263584354,C
25557,607.64,36,26,0.0018335891810952723,98.03988622502463,C
45185,607.62,38,4,0.0018335288299274398,98.04171975385457,C
15059,605.46,54,26,0.0018270109038015002,98.04354676475836,C
35759,604.89,11,1,0.0018252908955182661,98.04537205565389,C
173,604.7099999999999,29,22,0.0018247477350077708,98.0471968033889,C
44269,604.45,55,34,0.0018239631698259453,98.04902076655873,C
13393,604.45,55,45,0.0018239631698259453,98.05084472972855,C
8943,604.41,59,42,0.0018238424674902796,98.05266857219604,C
658,603.98,202,68,0.001822544917381875,98.05449111711343,C
1037,603.72,28,18,0.001821760352200049,98.05631287746563,C
46141,602.6999999999999,30,15,0.0018186824426405773,98.05813155990828,C
16868,602.67,33,28,0.0018185919158888284,98.05995015182417,C
3978,601.77,23,20,0.0018158761133363539,98.06176602793751,C
18613,601.63,37,23,0.0018154536551615243,98.06358148159266,C
3236,601.37,63,47,0.0018146690899796985,98.06539615068264,C
33987,600.54,46,35,0.0018121645165146381,98.06720831519915,C
4164,599.99,1,1,0.0018105048593992372,98.06901882005855,C
2088,599.98,2,2,0.0018104746838153208,98.07082929474237,C
2660,599.98,2,2,0.0018104746838153208,98.07263976942619,C
11321,599.95,5,4,0.0018103841570635715,98.07445015358326,C
13064,599.94,6,1,0.0018103539814796554,98.07626050756474,C
24166,599.92,8,3,0.0018102936303118222,98.07807080119505,C
13062,599.88,12,6,0.0018101729279761567,98.07988097412303,C
4820,599.88,12,1,0.0018101729279761567,98.081691147051,C
12607,599.8000000000001,20,6,0.001809931523304826,98.08350107857432,C
25715,599.8,20,15,0.0018099315233048256,98.08531101009763,C
20251,599.74,26,15,0.0018097504698013273,98.08712076056743,C
21363,599.6999999999999,30,17,0.0018096297674656617,98.0889303903349,C
18744,599.64,36,3,0.0018094487139621637,98.09073983904885,C
18533,599.6,40,24,0.001809328011626498,98.09254916706048,C
12429,599.6,40,30,0.001809328011626498,98.09435849507211,C
19246,599.4,60,1,0.0018087244999481702,98.09616721957207,C
17340,599.25,75,57,0.0018082718661894246,98.09797549143826,C
7792,597.87,13,3,0.0018041076356089631,98.09977959907387,C
17866,597.54,46,29,0.0018031118413397225,98.10158271091521,C
24075,596.88,72,1,0.0018011202528012411,98.10338383116802,C
30638,595.62,38,14,0.0017973181292277765,98.10518114929725,C
21849,594.65,35,18,0.001794391097587887,98.10697554039484,C
36850,594.57,43,25,0.001794149692916556,98.10876969008775,C
1006,594.51,149,37,0.0017939686394130576,98.11056365872717,C
24728,593.73,27,10,0.0017916149438675795,98.11235527367104,C
1262,593.7299999999999,27,5,0.0017916149438675791,98.11414688861491,C
35747,593.64,36,18,0.001791343363612332,98.11593823197852,C
2036,591.84,16,14,0.0017859117585073826,98.11772414373702,C
39550,591.66,34,20,0.0017853685979968878,98.11950951233501,C
25253,591.63,37,10,0.0017852780712451384,98.12129479040625,C
3737,591.63,37,21,0.0017852780712451384,98.12308006847749,C
40424,591.26,74,4,0.0017841615746402324,98.12486423005213,C
4845,591.26,74,49,0.0017841615746402324,98.12664839162676,C
36081,589.47,3,2,0.0017787601451191993,98.12842715177187,C
17216,588.6899999999999,31,20,0.001776406449573721,98.13020355822145,C
24993,588.6899999999999,31,18,0.001776406449573721,98.13197996467103,C
16592,588.67,33,27,0.001776346098405888,98.13375631076944,C
4868,588.0600000000001,594,157,0.001774505387786989,98.13553081615723,C
2039,587.88,12,1,0.0017739622272764937,98.1373047783845,C
24526,587.88,12,5,0.0017739622272764937,98.13907874061178,C
6862,587.79,21,17,0.0017736906470212461,98.1408524312588,C
8565,587.54,46,32,0.0017729362574233365,98.14262536751623,C
24290,587.51,49,18,0.0017728457306715876,98.1443982132469,C
41974,587.16,84,47,0.001771789585234514,98.14617000283214,C
23260,587.16,84,45,0.001771789585234514,98.14794179241737,C
23943,587.02,98,32,0.0017713671270596846,98.14971315954443,C
10469,586.67,33,20,0.0017703109816226109,98.15148347052606,C
10863,584.91,9,5,0.001765000078853327,98.15324847060491,C
16781,584.91,9,8,0.001765000078853327,98.15501347068376,C
13941,584.87,13,11,0.0017648793765176615,98.15677835006028,C
10175,583.27,73,47,0.0017600512830910399,98.15853840134336,C
3917,581.13,587,194,0.0017535937081329333,98.1602919950515,C
202,579.8,20,13,0.001749580355472054,98.16204157540696,C
28266,579.4,60,30,0.0017483733321153987,98.16378994873908,C
38953,578.61,39,14,0.0017459894609860042,98.16553593820007,C
45599,577.66,34,29,0.0017431227805139475,98.16727906098058,C
13710,576.47,53,25,0.0017395318860278976,98.1690185928666,C
1392,576.11,39,34,0.0017384455650069075,98.17075703843162,C
25190,575.84,16,5,0.0017376308242411651,98.17249466925585,C
24392,575.84,16,5,0.0017376308242411651,98.17423230008009,C
20177,575.84,16,6,0.0017376308242411651,98.17596993090433,C
39437,575.82,68,30,0.0017375704730733326,98.1777075013774,C
21983,575.68,32,25,0.0017371480148985028,98.1794446493923,C
22007,575.64,36,22,0.0017370273125628375,98.18118167670485,C
15362,575.64,36,2,0.0017370273125628375,98.18291870401741,C
42018,575.61,39,12,0.0017369367858110884,98.18465564080323,C
15891,575.52,48,22,0.0017366652055558409,98.18639230600878,C
15529,575.28,72,1,0.0017359409915418474,98.18812824700032,C
22883,573.48,52,21,0.001730509386436898,98.18985875638676,C
32670,573.35,65,38,0.001730117103845985,98.1915888734906,C
21617,573.1800000000001,82,42,0.0017296041189194065,98.19331847760952,C
23366,572.64,36,20,0.0017279746373879217,98.19504645224691,C
23768,571.87,13,2,0.0017256511174263598,98.19677210336434,C
8918,571.83,17,14,0.0017255304150906943,98.19849763377943,C
21442,571.5600000000001,44,30,0.0017247156743249524,98.20022234945375,C
2250,571.5600000000001,44,39,0.0017247156743249524,98.20194706512808,C
21105,569.81,19,15,0.0017194349471395844,98.20366650007522,C
22075,569.81,19,10,0.0017194349471395844,98.20538593502235,C
20519,569.6999999999999,30,17,0.0017191030157165039,98.20710503803807,C
21364,569.66,34,21,0.0017189823133808386,98.20882402035144,C
5062,566.01,49,33,0.001707968225251358,98.21053198857669,C
2193,565.76,24,22,0.0017072138356534483,98.21223920241235,C
44761,565.47,103,44,0.001706338743719873,98.21394554115606,C
16678,563.9399999999999,6,5,0.0017017218793806657,98.21564726303545,C
2985,562.77,23,22,0.0016981913360624486,98.21734545437151,C
25563,560.83,17,4,0.0016923372727826703,98.2190377916443,C
17119,560.6999999999999,30,26,0.0016919449901917568,98.22072973663448,C
16538,560.68,32,18,0.0016918846390239239,98.22242162127351,C
31204,560.52,48,26,0.001691401829681262,98.22411302310319,C
36907,559.86,14,7,0.0016894102411427806,98.22580243334433,C
1864,559.86,14,11,0.0016894102411427806,98.22749184358547,C
22352,559.84,16,6,0.0016893498899749476,98.22918119347544,C
24897,559.8,20,7,0.001689229187639282,98.23087042266307,C
23432,559.65,35,16,0.0016887765538805364,98.23255919921695,C
12387,559.65,35,32,0.0016887765538805364,98.23424797577083,C
7867,559.44,56,24,0.0016881428666182922,98.23593611863744,C
18837,558.57,43,33,0.0016855175908175668,98.23762163622825,C
36000,558.57,43,32,0.0016855175908175668,98.23930715381907,C
10972,557.69,31,10,0.001682862139432925,98.2409900159585,C
44715,557.6899999999999,31,19,0.0016828621394329247,98.24267287809793,C
19827,557.6899999999999,31,20,0.0016828621394329247,98.24435574023737,C
22901,557.6899999999999,31,17,0.0016828621394329247,98.2460386023768,C
22822,557.6,40,19,0.0016825905591776776,98.24772119293598,C
39841,557.38,62,4,0.0016819266963315168,98.24940311963232,C
876,557.38,62,49,0.0016819266963315168,98.25108504632865,C
20324,553.6,40,28,0.001670520325611123,98.25275556665427,C
19747,553.2099999999999,49,18,0.0016693434778383834,98.25442491013212,C
4518,551.88,12,7,0.0016653301251775047,98.2560902402573,C
15043,551.76,24,22,0.001664968018170508,98.25775520827547,C
5502,551.43,557,129,0.001663972223901267,98.25941918049936,C
12324,550.81,19,8,0.001662101337698451,98.26108128183706,C
23039,549.89,11,8,0.0016593251839781436,98.26274060702104,C
24293,549.89,11,1,0.0016593251839781436,98.26439993220502,C
15846,549.78,22,1,0.0016589932525550633,98.26605892545759,C
23273,549.45,55,31,0.0016579974582858232,98.26771692291587,C
44207,548.45,55,31,0.0016549798998941846,98.26937190281576,C
28984,545.76,24,22,0.0016468626678206764,98.27101876548359,C
21428,545.61,39,18,0.0016464100340619309,98.27266517551764,C
37387,543.84,16,12,0.0016410689557087303,98.27430624447335,C
42801,543.66,34,13,0.001640525795198235,98.27594677026855,C
3350,543.66,34,27,0.001640525795198235,98.27758729606374,C
5911,542.79,21,15,0.0016379005193975097,98.27922519658314,C
45424,540.7099999999999,29,22,0.0016316239979429013,98.28085682058108,C
2849,539.97,3,3,0.0016293910047330891,98.2824862115858,C
2555,539.9399999999999,6,6,0.0016293004779813398,98.28411551206379,C
10624,539.91,9,6,0.0016292099512295905,98.28574472201502,C
23749,539.88,12,6,0.0016291194244778414,98.2873738414395,C
12507,539.8199999999999,18,11,0.0016289383709743427,98.28900277981047,C
41820,539.73,27,5,0.0016286667907190956,98.2906314466012,C
788,539.64,36,2,0.0016283952104638483,98.29225984181166,C
19316,539.64,36,3,0.0016283952104638483,98.29388823702212,C
3572,539.46,54,32,0.0016278520499533535,98.29551608907207,C
254,538.51,49,43,0.0016249853694812965,98.29714107444154,C
33767,537.55,45,31,0.0016220885134253234,98.29876316295497,C
20410,536.82,14,12,0.0016198856957994276,98.30038304865077,C
17912,536.49,51,37,0.0016188899015301867,98.30200193855231,C
13805,535.79,21,12,0.0016167776106560396,98.30361871616296,C
19000,535.52,48,39,0.0016159628698902972,98.30523467903285,C
4259,533.55,45,11,0.001610018279858769,98.30684469731271,C
2487,531.8100000000001,19,7,0.0016047677282573182,98.30844946504097,C
5698,531.72,28,16,0.0016044961480020706,98.31005396118897,C
1030,531.72,28,11,0.0016044961480020706,98.31165845733697,C
33326,531.39,61,41,0.0016035003537328298,98.31326195769071,C
24991,530.91,9,6,0.0016020519257048432,98.31486400961641,C
6446,530.65,35,18,0.0016012673605230174,98.31646527697694,C
23827,529.68,32,27,0.0015983403288831277,98.31806361730582,C
23755,528.99,1,1,0.0015962582135928974,98.31965987551942,C
25421,527.9399999999999,6,5,0.0015930897772816765,98.32125296529671,C
19267,527.89,11,6,0.0015929388993620947,98.32284590419607,C
17132,527.76,24,2,0.0015925466167711817,98.32443845081285,C
45300,527.76,24,16,0.0015925466167711817,98.32603099742963,C
6254,527.76,24,16,0.0015925466167711817,98.3276235440464,C
19228,527.76,24,2,0.0015925466167711817,98.32921609066318,C
39334,527.67,33,26,0.0015922750365159341,98.3308083656997,C
16684,527.67,33,26,0.0015922750365159341,98.33240064073621,C
18095,527.67,33,28,0.0015922750365159341,98.33399291577273,C
14300,527.56,44,34,0.001591943105092854,98.33558485887782,C
44238,527.46,54,25,0.0015916413492536904,98.33717650022707,C
5737,526.6899999999999,31,20,0.0015893178292921285,98.33876581805636,C
22902,526.6899999999999,31,24,0.0015893178292921285,98.34035513588564,C
36766,526.6899999999999,31,25,0.0015893178292921285,98.34194445371493,C
804,526.66,34,22,0.0015892273025403792,98.34353368101748,C
31621,526.59,41,21,0.0015890160734529648,98.34512269709093,C
995,525.76,24,20,0.0015865114999879047,98.34670920859092,C
35967,524.79,21,9,0.001583584468348015,98.34829279305927,C
24454,524.75,25,17,0.0015834637660123497,98.34987625682528,C
39219,524.65,35,25,0.0015831620101731856,98.35145941883546,C
18788,524.65,35,12,0.0015831620101731856,98.35304258084564,C
38165,523.55,45,24,0.0015798426959423833,98.35462242354158,C
19995,521.7099999999999,29,18,0.0015742903885017682,98.35619671393009,C
44106,521.7,30,19,0.001574260212917852,98.35777097414301,C
875,521.42,58,51,0.0015734152965681928,98.35934438943957,C
34674,521.42,58,22,0.0015734152965681928,98.36091780473613,C
2106,519.96,4,4,0.001569009661316401,98.36248681439744,C
24496,519.95,5,3,0.0015689794857324845,98.36405579388318,C
2832,519.95,5,3,0.0015689794857324845,98.36562477336892,C
22957,519.92,8,6,0.0015688889589807352,98.3671936623279,C
6525,519.87,13,13,0.0015687380810611533,98.36876240040897,C
17086,519.87,13,5,0.0015687380810611533,98.37033113849003,C
18212,519.8,20,15,0.0015685268519737387,98.371899665342,C
42124,519.74,26,18,0.0015683457984702403,98.37346801114047,C
17024,519.63,37,21,0.0015680138670471598,98.37503602500752,C
25200,519.6,40,27,0.001567923340295411,98.3766039483478,C
547,519.6,40,35,0.001567923340295411,98.3781718716881,C
7855,519.48,52,27,0.0015675612332884143,98.37973943292138,C
35885,519.48,52,32,0.0015675612332884143,98.38130699415467,C
8011,519.48,52,18,0.0015675612332884143,98.38287455538796,C
24621,518.57,43,14,0.0015648152551520234,98.38443937064311,C
33213,518.42,98,5,0.0015643626213932772,98.3860037332645,C
22337,517.86,14,12,0.0015626727886939597,98.3875664060532,C
18130,517.86,14,9,0.0015626727886939597,98.38912907884189,C
13395,517.63,37,3,0.0015619787502638828,98.39069105759215,C
18945,515.94,6,3,0.001556879076582014,98.39224793666874,C
10935,515.88,12,11,0.0015566980230785153,98.39380463469182,C
21439,515.88,12,4,0.0015566980230785153,98.3953613327149,C
36371,515.56,44,28,0.001555732404393191,98.3969170651193,C
24208,513.62,38,25,0.001549878341113412,98.3984669434604,C
21699,513.58,142,43,0.0015497576387777468,98.40001670109919,C
20024,512.97,3,3,0.0015479169281588472,98.40156461802735,C
38241,512.9100000000001,9,6,0.0015477358746553492,98.403112353902,C
16692,512.7299999999999,27,15,0.0015471927141448537,98.40465954661614,C
22517,512.43,57,2,0.0015462874466273622,98.40620583406277,C
22800,511.68,32,17,0.0015440242778336332,98.40774985834061,C
19850,511.54,46,40,0.0015436018196588039,98.40929346016027,C
981,510.72,128,47,0.0015411274217776603,98.41083458758204,C
24165,509.93999999999994,6,3,0.001538773726232182,98.41237336130828,C
12593,509.83,17,10,0.001538441794809102,98.41391180310309,C
21367,509.83,17,15,0.001538441794809102,98.4154502448979,C
31120,509.83,17,14,0.001538441794809102,98.4169886866927,C
17880,509.81999999999994,18,16,0.0015384116192251852,98.41852709831193,C
10621,509.7,30,17,0.001538049512218189,98.42006514782415,C
17983,509.7,30,4,0.001538049512218189,98.42160319733637,C
18571,509.49,51,31,0.0015374158249559448,98.42314061316132,C
20762,507.71999999999997,28,22,0.0015320747466027443,98.42467268790793,C
15915,507.37,113,44,0.0015310186011656712,98.4262037065091,C
24416,506.61,39,38,0.0015287252567880256,98.42773243176589,C
5065,505.71999999999997,28,26,0.0015260396298194673,98.42925847139571,C
21485,503.86,14,7,0.0015204269712110194,98.43077889836692,C
10121,503.86,14,5,0.0015204269712110194,98.43229932533814,C
12149,503.86,14,9,0.0015204269712110194,98.43381975230935,C
21561,503.78,22,13,0.0015201855665396883,98.43533993787588,C
19349,503.76,24,1,0.0015201252153718558,98.43686006309126,C
6764,503.71999999999997,28,4,0.00152000451303619,98.4383800676043,C
24418,503.64,36,27,0.001519763108364859,98.43989983071266,C
20745,503.58,42,9,0.0015195820548613607,98.44141941276753,C
17378,503.58,42,28,0.0015195820548613607,98.4429389948224,C
23148,503.58,42,12,0.0015195820548613607,98.44445857687727,C
10235,503.52,48,19,0.0015194010013578625,98.44597797787863,C
2851,503.44,56,24,0.0015191595966865313,98.44749713747531,C
36209,503.37,63,39,0.0015189483675991167,98.44901608584291,C
25255,502.77,23,16,0.0015171378325641333,98.45053322367548,C
42751,500.28000000000003,132,2,0.0015096241121689534,98.45204284778765,C
883,499.99,1,1,0.0015087490202353782,98.45355159680788,C
25279,499.96,4,3,0.001508658493483629,98.45506025530136,C
23156,499.95000000000005,5,3,0.0015086283178997128,98.45656888361925,C
15193,499.90000000000003,10,7,0.001508477439980131,98.45807736105924,C
14174,499.9,10,6,0.0015084774399801307,98.45958583849922,C
26663,499.75,25,1,0.001508024806221385,98.46109386330545,C
8544,498.69,31,14,0.001504826194326248,98.46259868949977,C
15076,497.64,36,28,0.0015016577580150275,98.46410034725778,C
20598,495.69,31,20,0.0014957735191513323,98.46559612077694,C
1889,495.38,62,23,0.0014948380760499242,98.46709095885299,C
13245,494.91,9,3,0.0014934198236058543,98.4685843786766,C
24483,494.91,9,6,0.0014934198236058543,98.4700777985002,C
45605,494.45,55,41,0.0014920317467457004,98.47156983024695,C
779,493.62,38,25,0.0014895271732806403,98.47305935742023,C
23145,492.83,17,10,0.0014871433021512459,98.47454650072238,C
24305,492.71,29,18,0.0014867811951442492,98.47603328191752,C
41032,492.71,29,20,0.0014867811951442492,98.47752006311266,C
39798,492.38,62,26,0.0014857854008750086,98.47900584851354,C
18167,491.69,31,26,0.001483703285584778,98.48048955179912,C
18098,489.98,2,2,0.001478543260735076,98.48196809505986,C
43134,489.92999999999995,7,6,0.0014783923828154937,98.48344648744268,C
975,489.86,14,10,0.0014781811537280792,98.4849246685964,C
15981,489.65000000000003,35,29,0.0014775474664658352,98.48640221606287,C
38731,489.51,49,26,0.0014771250082910056,98.48787934107116,C
22696,488.58,42,30,0.0014743186789867818,98.48935365975015,C
18822,487.78,22,17,0.001471904632273471,98.49082556438242,C
17617,487.71,29,24,0.0014716934031860562,98.49229725778561,C
564,485.46000000000004,54,38,0.0014649038968048696,98.49376216168241,C
25623,485.46,54,34,0.0014649038968048693,98.49522706557921,C
12913,484.95,5,3,0.0014633649420251337,98.49669043052124,C
22389,484.03000000000003,97,46,0.0014605887883048264,98.49815101930955,C
1000,483.71,29,26,0.0014596231696195018,98.49961064247917,C
13491,483.56,44,23,0.001459170535860756,98.50106981301504,C
7193,482.58,42,32,0.0014562133286369502,98.50252602634367,C
16757,481.74999999999994,25,24,0.00145370875517189,98.50397973509885,C
23246,481.74,26,13,0.001453678579587974,98.50543341367845,C
22413,481.33,127,5,0.001452441380647402,98.5068858550591,C
18193,479.97,3,2,0.0014483375012347738,98.50833419256033,C
25061,479.92,8,3,0.0014481866233151917,98.50978237918365,C
25108,479.90000000000003,10,9,0.001448126272147359,98.5112305054558,C
21732,479.88000000000005,12,8,0.0014480659209795263,98.51267857137678,C
2186,479.84999999999997,15,5,0.0014479753942277767,98.51412654677101,C
23334,479.84999999999997,15,10,0.0014479753942277767,98.51557452216524,C
1267,479.84,16,5,0.0014479452186438606,98.51702246738388,C
25287,479.84,16,11,0.0014479452186438606,98.51847041260253,C
15643,479.76,24,3,0.0014477038139725296,98.51991811641649,C
5953,479.76,24,22,0.0014477038139725296,98.52136582023046,C
34703,479.76,24,2,0.0014477038139725296,98.52281352404442,C
12097,479.76,24,2,0.0014477038139725296,98.52426122785839,C
21270,479.6,40,28,0.0014472210046298675,98.52570844886301,C
5414,479.40000000000003,60,48,0.0014466174929515397,98.52715506635596,C
22645,475.86,14,8,0.001435935336245139,98.5285910016922,C
2087,475.86,14,14,0.001435935336245139,98.53002693702845,C
823,475.83,17,16,0.0014358448094933898,98.53146278183794,C
23188,475.83,17,9,0.0014358448094933898,98.53289862664744,C
6366,475.78,22,12,0.001435693931573808,98.534334320579,C
24001,475.71999999999997,28,7,0.0014355128780703095,98.53576983345708,C
31873,475.7199999999999,28,4,0.0014355128780703093,98.53720534633516,C
15089,475.59000000000003,41,22,0.0014351205954793967,98.53864046693063,C
8402,474.81,19,4,0.0014327668999339186,98.54007323383057,C
23944,474.80999999999995,19,16,0.0014327668999339184,98.54150600073051,C
3414,474.05,95,26,0.001430473555556273,98.54293647428607,C
10792,473.97,3,3,0.0014302321508849422,98.54436670643695,C
33581,473.56,44,33,0.0014289949519443704,98.5457957013889,C
2024,473.21000000000004,79,68,0.0014279388065072968,98.5472236401954,C
22624,472.89,11,5,0.0014269731878219724,98.54865061338322,C
838,472.57,43,19,0.001426007569136648,98.55007662095235,C
652,471.80999999999995,19,19,0.0014237142247590026,98.55150033517711,C
18734,471.48,52,38,0.001422718430489762,98.5529230536076,C
44704,471.09000000000003,41,7,0.001421541582717023,98.55434459519032,C
90087,469.99,1,1,0.0014182222684862207,98.5557628174588,C
14306,469.90000000000003,10,5,0.0014179506882309731,98.55718076814703,C
43662,469.86,14,9,0.0014178299858953077,98.55859859813293,C
4698,467.71000000000004,29,18,0.0014113422353532845,98.56000994036829,C
24812,467.64,36,3,0.0014111310062658697,98.56142107137455,C
46590,467.64,36,13,0.0014111310062658697,98.56283220238082,C
21975,467.64,36,2,0.0014111310062658697,98.56424333338708,C
21260,467.64,36,2,0.0014111310062658697,98.56565446439335,C
24557,467.64,36,13,0.0014111310062658697,98.56706559539961,C
27488,467.64,36,3,0.0014111310062658697,98.56847672640588,C
45090,467.61,39,22,0.0014110404795141208,98.56988776688539,C
25643,466.64,36,25,0.001408113447874231,98.57129588033327,C
6426,465.7,30,23,0.001405276942986091,98.57270115727626,C
42423,464.85,15,5,0.001402712018353198,98.5741038692946,C
3416,464.69,31,2,0.001402229209010536,98.57550609850361,C
16989,464.59000000000003,41,25,0.0014019274531713723,98.57690802595678,C
42410,464.21999999999997,18,6,0.0014008109565664657,98.57830883691335,C
24997,463.84,16,5,0.001399664284377643,98.57970850119773,C
20682,463.84,16,9,0.001399664284377643,98.5811081654821,C
39974,463.69,31,16,0.0013992116506188975,98.58250737713273,C
38355,463.68,32,6,0.001399181475034981,98.58390655860777,C
41215,463.68,32,13,0.001399181475034981,98.5853057400828,C
36845,463.58,42,10,0.001398879719195817,98.58670461980199,C
15247,462.75,25,15,0.0013963751457307572,98.58810099494772,C
19397,462.73999999999995,26,21,0.0013963449701468406,98.58949733991787,C
22765,461.93,7,2,0.0013939007478496134,98.59089124066571,C
21977,461.92999999999995,7,3,0.0013939007478496132,98.59228514141356,C
6156,461.78999999999996,21,9,0.001393478289674784,98.59367861970323,C
15552,461.62,38,36,0.0013929653047482055,98.59507158500797,C
4421,461.58,42,16,0.0013928446024125398,98.59646442961038,C
13724,461.56,44,25,0.001392784251244707,98.59785721386163,C
861,460.79,71,30,0.0013904607312831456,98.59924767459292,C
14962,459.84,96,1,0.0013875940508110887,98.60063526864373,C
15739,459.77,23,13,0.001387382821723674,98.60202265146545,C
3239,459.54,46,36,0.0013866887832935974,98.60340934024875,C
32338,458.83,17,10,0.0013845463168355337,98.60479388656559,C
13122,458.72999999999996,27,10,0.0013842445609963698,98.60617813112658,C
35358,458.66,34,14,0.0013840333319089554,98.60756216445849,C
43193,458.49,51,32,0.0013835203469823767,98.60894568480546,C
19881,458.49,51,32,0.0013835203469823767,98.61032920515244,C
22648,455.88000000000005,12,7,0.0013756445195802001,98.61170484967202,C
377,455.88,12,12,0.0013756445195802001,98.6130804941916,C
36849,455.76,24,1,0.0013752824125732033,98.61445577660417,C
21002,455.62,38,21,0.0013748599543983741,98.61583063655857,C
897,454.93,67,18,0.0013727778391081434,98.61720341439768,C
21010,454.92999999999995,7,5,0.0013727778391081432,98.61857619223679,C
1215,454.92999999999995,7,7,0.0013727778391081432,98.6199489700759,C
24576,454.87,13,10,0.001372596785604645,98.6213215668615,C
23493,454.87,13,2,0.001372596785604645,98.6226941636471,C
117,454.87,13,5,0.001372596785604645,98.6240667604327,C
1591,454.65,35,7,0.0013719329227584844,98.62543869335546,C
13594,453.62,38,33,0.0013688248376150967,98.62680751819308,C
15675,452.59,41,35,0.001365716752471709,98.62817323494555,C
36493,450.89,11,8,0.0013605869032059235,98.62953382184875,C
5517,450.74999999999994,25,21,0.0013601644450310939,98.63089398629378,C
17431,450.59000000000003,41,6,0.001359681635688432,98.63225366792948,C
37712,450.59,41,31,0.0013596816356884318,98.63361334956517,C
16657,450.59,41,20,0.0013596816356884318,98.63497303120086,C
281,450.55,45,43,0.0013595609333527663,98.63633259213421,C
15688,449.99,1,1,0.0013578711006534488,98.63769046323486,C
25461,449.97,3,2,0.001357810749485616,98.63904827398434,C
20316,449.95,5,2,0.0013577503983177833,98.64040602438266,C
2104,449.94,6,5,0.0013577202227338667,98.64176374460538,C
41589,449.91,9,3,0.0013576296959821178,98.64312137430137,C
18237,449.82000000000005,18,5,0.0013573581157268703,98.6444787324171,C
15085,449.74999999999994,25,11,0.0013571468866394553,98.64583587930373,C
24022,449.7,30,25,0.0013569960087198734,98.64719287531246,C
19513,449.5,50,32,0.0013563924970415458,98.6485492678095,C
43143,449.5,50,31,0.0013563924970415458,98.64990566030654,C
8254,449.19,31,16,0.001355457053940138,98.65126111736049,C
24759,448.74999999999994,25,11,0.0013541293282478167,98.65261524668874,C
23769,447.96000000000004,4,2,0.0013517454571184224,98.65396699214585,C
18438,447.92,8,3,0.001351624754782757,98.65531861690064,C
39471,447.85999999999996,14,7,0.0013514437012792585,98.65667006060193,C
4138,447.84,16,15,0.0013513833501114258,98.65802144395204,C
40456,447.68,32,20,0.0013509005407687637,98.65937234449281,C
16468,445.63,37,27,0.0013447145460659044,98.66071705903887,C
22854,443.63,37,22,0.0013386794292826274,98.66205573846815,C
7404,443.52,448,203,0.0013383474978595471,98.66339408596602,C
25423,441.98,2,2,0.0013337004579364235,98.66472778642395,C
15504,441.83,17,7,0.0013332478241776778,98.66606103424813,C
13899,441.75,25,19,0.0013330064195063468,98.66739404066763,C
21979,441.73999999999995,26,20,0.0013329762439224303,98.66872701691155,C
24050,441.66,34,26,0.0013327348392510993,98.6700597517508,C
20000,440.58000000000004,42,22,0.0013294758761881297,98.67138922762699,C
23292,439.99,1,1,0.001327695516737063,98.67271692314372,C
3009,439.92,8,3,0.0013274842876496481,98.67404440743137,C
8010,439.92,8,8,0.0013274842876496481,98.67537189171901,C
25416,439.89000000000004,11,9,0.001327393760897899,98.67669928547991,C
18232,439.78,22,20,0.0013270618294748185,98.67802634730938,C
24662,439.78,22,17,0.0013270618294748185,98.67935340913886,C
23146,439.78,22,10,0.0013270618294748185,98.68068047096833,C
46816,439.56,44,29,0.0013263979666286582,98.68200686893495,C
29129,439.56,44,33,0.0013263979666286582,98.68333326690157,C
23394,439.56,44,27,0.0013263979666286582,98.68465966486819,C
24377,439.12,88,22,0.001325070240936337,98.68598473510913,C
1236,438.81,19,17,0.0013241347978349294,98.68730886990697,C
18901,438.57,43,38,0.0013234105838209362,98.6886322804908,C
17186,437.73999999999995,26,19,0.0013209060103558758,98.68995318650114,C
25258,437.25,35,23,0.001319427406743973,98.69127261390788,C
24406,436.80999999999995,19,4,0.0013180996810516518,98.69259071358894,C
1733,436.77,23,19,0.0013179789787159865,98.69390869256766,C
2184,435.72,28,20,0.001314810542404766,98.69522350311007,C
18102,434.92,8,5,0.0013123964956914553,98.69653589960576,C
12511,434.71000000000004,29,19,0.0013117628084292113,98.69784766241419,C
38242,433.86,14,2,0.0013091978837963183,98.69915686029799,C
21464,431.88,12,3,0.001303223118180874,98.70046008341617,C
25198,431.84,16,13,0.001303102415845208,98.70176318583202,C
18599,431.76,24,1,0.0013028610111738771,98.70306604684319,C
20947,431.76,24,2,0.0013028610111738771,98.70436890785436,C
10650,431.73,27,2,0.001302770484422128,98.70567167833879,C
45061,431.73,27,5,0.001302770484422128,98.70697444882322,C
21832,431.72999999999996,27,11,0.0013027704844221278,98.70827721930765,C
21783,431.68,32,25,0.0013026196065025462,98.70957983891415,C
21252,431.64,36,1,0.0013024989041668807,98.71088233781832,C
15235,431.52,48,4,0.0013021367971598839,98.71218447461548,C
28038,431.28,72,3,0.0013014125831458906,98.71348588719863,C
3285,429.57,43,23,0.0012962525582961887,98.71478213975692,C
831,429.57,43,36,0.0012962525582961887,98.71607839231521,C
12271,428.71000000000004,29,10,0.0012936574580793797,98.71737204977329,C
39209,428.61,39,28,0.0012933557022402158,98.71866540547553,C
18174,428.61,39,6,0.0012933557022402158,98.71995876117778,C
15357,428.61,39,21,0.0012933557022402158,98.72125211688002,C
10400,427.92,8,6,0.001291273586949985,98.72254339046697,C
2812,424.90000000000003,10,8,0.0012821605606072367,98.72382555102757,C
15721,424.83000000000004,17,4,0.001281949331519822,98.72510750035909,C
39285,424.83,17,15,0.0012819493315198217,98.7263894496906,C
2727,424.83,17,17,0.0012819493315198217,98.72767139902211,C
17375,423.92,8,5,0.0012792033533834308,98.72895060237549,C
18584,423.90000000000003,10,7,0.001279143002215598,98.73022974537771,C
23267,422.91,9,7,0.0012761556194078759,98.73150590099712,C
22798,422.90999999999997,9,3,0.0012761556194078756,98.73278205661653,C
39981,422.71,29,27,0.0012755521077295478,98.73405760872426,C
24047,422.53000000000003,47,40,0.001275008947219053,98.73533261767147,C
26811,421.52,88,10,0.001271961213243498,98.73660457888472,C
16560,420.71000000000004,29,23,0.001269516990946271,98.73787409587567,C
21463,419.97,3,2,0.0012672839977364585,98.7391413798734,C
19826,419.96,4,4,0.0012672538221525419,98.74040863369555,C
2294,419.96,4,4,0.0012672538221525419,98.7416758875177,C
10625,419.94,6,3,0.0012671934709847091,98.74294308098868,C
24670,419.94,6,4,0.0012671934709847091,98.74421027445966,C
16991,419.94,6,3,0.0012671934709847091,98.74547746793064,C
45980,419.93,7,6,0.0012671632954007928,98.74674463122604,C
24668,419.93,7,4,0.0012671632954007928,98.74801179452143,C
19584,419.93,7,5,0.0012671632954007928,98.74927895781683,C
22703,419.88,12,1,0.0012670124174812107,98.75054597023431,C
911,419.79999999999995,20,14,0.0012667710128098795,98.75181274124712,C
24884,419.78999999999996,21,15,0.0012667408372259632,98.75307948208435,C
1790,419.78999999999996,21,13,0.0012667408372259632,98.75434622292157,C
21789,419.78999999999996,21,13,0.0012667408372259632,98.7556129637588,C
23385,419.78999999999996,21,16,0.0012667408372259632,98.75687970459602,C
22671,419.7,30,5,0.0012664692569707159,98.75814617385299,C
120,419.7,30,24,0.0012664692569707159,98.75941264310997,C
45334,419.65,35,6,0.0012663183790511338,98.76067896148902,C
20944,418.79999999999995,20,14,0.001263753454418241,98.76194271494344,C
23633,418.75,25,13,0.0012636025764986593,98.76320631751994,C
38952,418.75,25,13,0.0012636025764986593,98.76446992009645,C
12803,417.78,22,20,0.0012606755448587696,98.7657305956413,C
20096,417.61,39,21,0.0012601625599321913,98.76699075820123,C
20507,415.87,13,7,0.0012549120083307401,98.76824567020957,C
18046,415.84,16,6,0.0012548214815789908,98.76950049169115,C
25211,415.68,32,13,0.001254338672236329,98.77075483036339,C
12234,415.40000000000003,60,36,0.00125349375588667,98.77200832411927,C
23434,413.94,6,3,0.0012490881206348775,98.7732574122399,C
44025,413.91,9,2,0.0012489975938831286,98.77450640983378,C
23071,413.77,23,15,0.001248575135708299,98.77575498496948,C
13124,413.72,28,15,0.0012484242577887172,98.77700340922728,C
8272,413.08000000000004,92,12,0.0012464930204180685,98.7782499022477,C
24594,412.73999999999995,26,18,0.001245467050564911,98.77949536929826,C
12067,412.40999999999997,59,11,0.0012444712562956705,98.78073984055456,C
702,412.24999999999994,25,15,0.0012439884469530081,98.78198382900152,C
22298,412.17,33,27,0.0012437470422816774,98.7832275760438,C
190,411.84,96,3,0.0012427512480124366,98.78447032729181,C
24799,409.74,26,3,0.0012364143753899955,98.7857067416672,C
19566,408.30999999999995,19,12,0.0012320992668899522,98.78693884093408,C
23898,407.76,24,13,0.001230439609774551,98.78816928054385,C
3860,407.76,24,2,0.001230439609774551,98.78939972015363,C
36139,407.75,25,17,0.0012304094341906346,98.79063012958781,C
25415,407.74,26,25,0.0012303792586067185,98.79186050884641,C
18800,407.66,34,19,0.0012301378539353873,98.79309064670035,C
19031,407.66,34,25,0.0012301378539353873,98.79432078455429,C
38245,406.89,11,7,0.0012278143339738256,98.79554859888826,C
22435,405.93,7,1,0.0012249174779178525,98.79677351636617,C
20513,405.85999999999996,14,10,0.0012247062488304377,98.797998222615,C
10932,405.71,29,18,0.001224253615071692,98.79922247623009,C
27579,404.93999999999994,6,6,0.00122193009511013,98.8004444063252,C
18431,404.91,9,7,0.0012218395683583814,98.80166624589356,C
19034,404.90999999999997,9,5,0.0012218395683583811,98.80288808546192,C
23853,404.84999999999997,15,11,0.0012216585148548827,98.80410974397677,C
22367,404.73,27,4,0.0012212964078478863,98.80533104038462,C
12415,404.55,45,36,0.0012207532473373912,98.80655179363195,C
1003,403.82,18,7,0.0012185504297114952,98.80777034406167,C
27798,403.6,40,17,0.0012178865668653347,98.80898823062853,C
8438,402.93,407,134,0.0012158648027429367,98.81020409543127,C
11209,402.69,31,22,0.0012151405887289434,98.81141923602,C
24530,401.94,6,3,0.0012128774199352144,98.81263211343993,C
21583,401.84,16,15,0.0012125756640960505,98.81384468910403,C
17915,401.6,40,30,0.0012118514500820575,98.81505654055411,C
19806,400.73,27,14,0.0012092261742813319,98.81626576672839,C
4041,399.99,1,1,0.0012069931810715193,98.81747275990946,C
19077,399.98,2,2,0.001206963005487603,98.81867972291495,C
13229,399.96,4,4,0.0012069026543197702,98.81988662556927,C
22841,399.96,4,3,0.0012069026543197702,98.82109352822359,C
44650,399.96,4,4,0.0012069026543197702,98.8223004308779,C
17315,399.95,5,4,0.0012068724787358536,98.82350730335664,C
437,399.92,8,6,0.0012067819519841045,98.82471408530861,C
21008,399.92,8,6,0.0012067819519841045,98.82592086726059,C
24169,399.92,8,6,0.0012067819519841045,98.82712764921257,C
44716,399.84,16,11,0.0012065405473127733,98.82833418975989,C
13605,399.8,20,9,0.001206419844977108,98.82954060960486,C
21734,399.79999999999995,20,11,0.0012064198449771078,98.83074702944984,C
18637,399.79999999999995,20,17,0.0012064198449771078,98.83195344929482,C
34735,399.79999999999995,20,4,0.0012064198449771078,98.83315986913979,C
18589,399.79999999999995,20,13,0.0012064198449771078,98.83436628898477,C
3962,399.75,25,10,0.001206268967057526,98.83557255795182,C
15209,399.75,25,2,0.001206268967057526,98.83677882691887,C
15832,399.75,25,3,0.001206268967057526,98.83798509588593,C
20706,399.75,25,23,0.001206268967057526,98.83919136485298,C
19935,399.5,50,10,0.0012055145774596163,98.84039687943044,C
24882,397.67,133,14,0.0011999924456029178,98.84159687187605,C
5760,396.01,199,94,0.0011949832986727976,98.84279185517472,C
2618,395.96,4,4,0.0011948324207532157,98.84398668759547,C
45837,395.89,11,6,0.001194621191665801,98.84518130878715,C
23341,395.88,12,2,0.0011945910160818848,98.84637589980323,C
19406,395.88,12,10,0.0011945910160818848,98.84757049081932,C
899,395.82,18,7,0.0011944099625783861,98.8487649007819,C
32303,395.67,33,21,0.0011939573288196406,98.84995885811072,C
24292,395.64,36,24,0.0011938668020678913,98.8511527249128,C
1492,394.95,5,5,0.0011917846867776608,98.85234450959958,C
2814,394.91,9,9,0.0011916639844419953,98.85353617358402,C
41394,393.84,16,12,0.0011884351969629419,98.85472460878098,C
216,393.82,18,4,0.0011883748457951092,98.85591298362678,C
22004,393.71999999999997,68,13,0.0011880730899559452,98.85710105671673,C
4065,391.85999999999996,14,10,0.0011824604313474974,98.85828351714808,C
44703,391.21000000000004,29,5,0.0011804990183929326,98.85946401616647,C
25194,390.77,23,18,0.0011791712927006115,98.86064318745917,C
33206,390.77,23,16,0.0011791712927006115,98.86182235875188,C
14681,389.99,1,1,0.0011768175971551334,98.86299917634904,C
25011,389.90000000000003,10,7,0.001176546016899886,98.86417572236593,C
39400,389.9,10,1,0.0011765460168998859,98.86535226838282,C
1474,389.84999999999997,15,4,0.0011763951389803038,98.8665286635218,C
18585,389.74,26,17,0.0011760632075572238,98.86770472672936,C
24153,389.7,30,23,0.001175942505221558,98.86888066923458,C
24775,389.7,30,13,0.001175942505221558,98.87005661173981,C
14655,389.61,39,5,0.0011756709249663108,98.87123228266478,C
25917,389.61,39,24,0.0011756709249663108,98.87240795358974,C
19242,388.13,37,2,0.0011712049385466856,98.87357915852829,C
46947,387.73,27,21,0.0011699979151900302,98.87474915644347,C
6472,387.03000000000003,97,9,0.0011678856243158833,98.87591704206778,C
44102,384.93,7,2,0.0011615487516934422,98.87707859081948,C
35755,384.93,7,2,0.0011615487516934422,98.87824013957118,C
19160,384.76,24,19,0.0011610357667668635,98.87940117533795,C
19977,384.68,32,18,0.0011607943620955323,98.88056196970004,C
25259,384.65000000000003,35,22,0.0011607038353437834,98.88172267353538,C
23295,383.94,6,2,0.00115856136888572,98.88288123490426,C
27432,383.76,24,22,0.001158018208375225,98.88403925311263,C
34082,383.76,24,14,0.001158018208375225,98.885197271321,C
15137,383.76,24,2,0.001158018208375225,98.88635528952938,C
27138,383.76,24,2,0.001158018208375225,98.88751330773775,C
15426,383.68,32,13,0.001157776803703894,98.88867108454146,C
29955,383.52,48,34,0.0011572939943612318,98.88982837853582,C
5954,383.04,96,1,0.0011558455663332452,98.89098422410216,C
4751,381.15,385,132,0.001150142380973048,98.89213436648313,C
23308,380.97,3,1,0.0011495992204625534,98.8932839657036,C
24588,380.75,25,19,0.001148935357616393,98.89443290106122,C
2610,379.98,2,2,0.0011466118376548312,98.89557951289888,C
22174,379.81,19,7,0.0011460988527282525,98.8967256117516,C
2910,379.81,19,11,0.0011460988527282525,98.89787171060433,C
16996,379.80999999999995,19,16,0.0011460988527282525,98.89901780945706,C
24527,379.80999999999995,19,11,0.0011460988527282525,98.90016390830979,C
22860,379.79999999999995,20,9,0.001146068677144336,98.90130997698694,C
4834,379.79999999999995,20,10,0.001146068677144336,98.90245604566408,C
45331,379.68,32,16,0.0011457065701373395,98.90360175223422,C
7917,379.62,38,20,0.001145525516633841,98.90474727775086,C
22617,379.62,38,2,0.001145525516633841,98.90589280326749,C
26939,378.91,9,6,0.0011433830501757778,98.90703618631767,C
21449,377.93,7,2,0.001140425842951972,98.90817661216062,C
13651,377.73,27,13,0.0011398223312736443,98.90931643449188,C
10735,377.73,27,20,0.0011398223312736443,98.91045625682315,C
5487,377.73,27,5,0.0011398223312736443,98.91159607915442,C
1048,377.58,42,28,0.0011393696975148984,98.91273544885193,C
6762,377.46,54,7,0.001139007590507902,98.91387445644244,C
24386,376.87,13,9,0.0011372272310568351,98.9150116836735,C
915,376.74,26,3,0.001136834948465922,98.91614851862197,C
693,376.71000000000004,29,22,0.001136744421714173,98.91728526304368,C
32807,376.71,29,11,0.0011367444217141728,98.9184220074654,C
11443,376.19,41,28,0.001135175291350521,98.91955718275675,C
39575,375.92,8,4,0.0011343605505847783,98.92069154330733,C
33717,375.92,8,3,0.0011343605505847783,98.92182590385791,C
21286,375.92,8,6,0.0011343605505847783,98.92296026440849,C
40454,375.53000000000003,47,21,0.0011331837028120395,98.9240934481113,C
19786,374.95,5,4,0.001131433518944889,98.92522488163024,C
37342,374.95,5,4,0.001131433518944889,98.92635631514919,C
23045,374.84999999999997,15,10,0.001131131763105725,98.9274874469123,C
11819,374.75,25,20,0.0011308300072665613,98.92861827691956,C
5145,374.7,30,14,0.0011306791293469792,98.92974895604891,C
8616,373.86,14,5,0.001128144380298003,98.93087710042921,C
41003,373.83,17,15,0.0011280538535462538,98.93200515428276,C
21502,373.78,22,20,0.0011279029756266718,98.93313305725839,C
19003,373.78,22,8,0.0011279029756266718,98.93426096023401,C
38198,373.7,30,21,0.0011276615709553408,98.93538862180498,C
23510,373.66,34,14,0.0011275408686196753,98.9365161626736,C
23877,373.65999999999997,34,10,0.0011275408686196751,98.93764370354222,C
21534,371.69,31,27,0.0011215962785881472,98.93876529982082,C
34123,371.07000000000005,93,32,0.0011197253923853315,98.9398850252132,C
45059,370.76,24,20,0.0011187899492839232,98.94100381516249,C
276,369.90000000000003,10,10,0.0011161948490671142,98.94212001001155,C
18891,368.95,5,5,0.0011133281685950574,98.94323333818015,C
90010,367.96,4,2,0.0011103407857873352,98.94434367896594,C
25512,367.92,8,3,0.0011102200834516697,98.94545389904938,C
27370,367.77,23,16,0.001109767449692924,98.94656366649907,C
24937,367.28999999999996,21,15,0.0011083190216649372,98.94767198552074,C
24118,366.77,23,14,0.0011067498913012854,98.94877873541205,C
4857,366.3,370,117,0.0011053316388572152,98.9498840670509,C
44083,365.84999999999997,15,14,0.0011039737375809777,98.95098804078849,C
24246,365.39,61,31,0.001102585660720824,98.9520906264492,C
6768,365.39,61,5,0.001102585660720824,98.95319321210992,C
19834,364.95,5,4,0.001101257935028503,98.95429447004496,C
15037,364.95,5,4,0.001101257935028503,98.95539572797999,C
22819,364.84999999999997,15,13,0.001100956179189339,98.95649668415918,C
21382,363.74,26,22,0.0010976066893746204,98.95759429084855,C
16923,362.89000000000004,11,8,0.0010950417647417278,98.95868933261329,C
20515,360.80999999999995,19,13,0.0010887652432871192,98.95977809785657,C
25055,359.98,2,1,0.0010862606698220593,98.9608643585264,C
2295,359.96,4,1,0.0010862003186542265,98.96195055884505,C
3613,359.96,4,3,0.0010862003186542265,98.9630367591637,C
21478,359.95,5,3,0.0010861701430703102,98.96412292930677,C
2680,359.94,6,1,0.0010861399674863938,98.96520906927425,C
24731,359.94,6,5,0.0010861399674863938,98.96629520924174,C
23348,359.92,8,3,0.001086079616318561,98.96738128885805,C
35896,359.92,8,3,0.001086079616318561,98.96846736847436,C
14193,359.92,8,1,0.001086079616318561,98.96955344809068,C
41983,359.88,12,1,0.0010859589139828954,98.97063940700467,C
23921,359.88,12,1,0.0010859589139828954,98.97172536591866,C
24528,359.84999999999997,15,10,0.001085868387231146,98.9728112343059,C
18851,359.82,18,11,0.0010857778604793972,98.97389701216638,C
24243,359.82,18,15,0.0010857778604793972,98.97498279002686,C
44783,359.76,24,13,0.0010855968069758987,98.97606838683383,C
16694,359.76,24,16,0.0010855968069758987,98.9771539836408,C
20425,359.7,30,10,0.0010854157534724005,98.97823939939428,C
19831,359.64,36,12,0.001085234699968902,98.97932463409425,C
24049,359.6,40,29,0.0010851139976332368,98.98040974809189,C
35801,359.6,40,22,0.0010851139976332368,98.98149486208952,C
14929,359.54999999999995,45,9,0.0010849631197136546,98.98257982520923,C
38106,359.4,60,5,0.0010845104859549088,98.98366433569518,C
38104,359.4,60,4,0.0010845104859549088,98.98474884618113,C
18748,356.46999999999997,43,35,0.0010756690398674078,98.985824515221,C
25789,355.69,31,25,0.0010733153443219297,98.98689783056533,C
45203,355.25,45,29,0.0010719876186296089,98.98796981818396,C
11366,354.64,36,24,0.0010701469080107093,98.98903996509196,C
3147,354.42,358,171,0.0010694830451645487,98.99010944813713,C
23748,353.94,6,5,0.0010680346171365622,98.99117748275427,C
25090,351.84,16,10,0.0010616977445141213,98.99223918049879,C
36541,351.56,44,7,0.0010608528281644623,98.99330003332695,C
11037,351.48,52,34,0.0010606114234931313,98.99436064475044,C
22057,350.87,13,9,0.0010587707128742318,98.99541941546332,C
17292,350.73,27,18,0.0010583482546994024,98.99647776371802,C
5370,349.99,1,1,0.0010561152614895898,98.99753387897951,C
23750,349.95,5,3,0.001055994559153924,98.99858987353866,C
18317,349.95,5,3,0.001055994559153924,98.99964586809782,C
6532,349.95,5,3,0.001055994559153924,99.00070186265697,C
90081,349.93,7,2,0.0010559342079860914,99.00175779686495,C
2230,349.93,7,7,0.0010559342079860914,99.00281373107293,C
10623,349.93,7,5,0.0010559342079860914,99.00386966528092,C
18739,349.90000000000003,10,9,0.0010558436812343425,99.00492550896215,C
25014,349.86,14,7,0.0010557229788986768,99.00598123194105,C
27556,349.86,14,8,0.0010557229788986768,99.00703695491995,C
4545,349.75,25,13,0.0010553910474755965,99.00809234596743,C
16178,349.65,35,5,0.0010550892916364326,99.00914743525907,C
44413,349.3,70,28,0.0010540331461993593,99.01020146840527,C
2218,347.94,6,6,0.0010499292667867307,99.01125139767205,C
14105,344.96999999999997,3,3,0.001040967118363564,99.01229236479041,C
14688,344.90999999999997,9,4,0.0010407860648600656,99.01333315085527,C
24033,344.88,72,6,0.0010406955381083167,99.01437384639338,C
34388,344.77,23,18,0.0010403636066852364,99.01541421000007,C
38945,344.77,23,11,0.0010403636066852364,99.01645457360677,C
17503,344.77,23,21,0.0010403636066852364,99.01749493721346,C
17932,343.96,4,1,0.001037919384388009,99.01853285659784,C
25265,343.92,8,6,0.0010377986820523436,99.01957065527989,C
36572,343.84,16,3,0.0010375572773810124,99.02060821255728,C
21323,343.68,32,11,0.0010370744680383503,99.02164528702532,C
13565,343.57000000000005,43,8,0.0010367425366152702,99.02268202956193,C
36852,342.77,23,18,0.0010343284899019592,99.02371635805184,C
26247,341.94,6,5,0.0010318239164368993,99.02474818196828,C
3564,341.94,6,6,0.0010318239164368993,99.02578000588471,C
5685,341.82,18,12,0.0010314618094299025,99.02681146769415,C
1762,341.82,18,17,0.0010314618094299025,99.02784292950358,C
25122,341.81,19,8,0.0010314316338459863,99.02887436113743,C
25418,341.43,57,12,0.0010302849616571634,99.02990464609908,C
15729,341.13,137,65,0.001029379694139672,99.03093402579323,C
14348,340.69,31,19,0.0010280519684473508,99.03196207776168,C
2916,339.95,5,5,0.0010258189752375383,99.03298789673691,C
27160,339.95,5,2,0.0010258189752375383,99.03401371571215,C
2813,339.83,17,12,0.0010254568682305416,99.03503917258038,C
16583,339.83,17,9,0.0010254568682305416,99.03606462944862,C
44714,339.83,17,11,0.0010254568682305416,99.03709008631685,C
37798,339.82,18,6,0.0010254266926466252,99.0381155130095,C
22905,339.5,50,21,0.001024461073961301,99.03913997408347,C
21121,338.69,31,14,0.0010220168516640738,99.04016199093513,C
41141,337.87,13,3,0.00101954245378293,99.04118153338892,C
34022,337.87,13,5,0.00101954245378293,99.04220107584271,C
906,337.74,26,20,0.001019150171192017,99.0432202260139,C
24520,337.74,26,14,0.001019150171192017,99.04423937618509,C
24705,337.74,26,5,0.001019150171192017,99.04525852635628,C
17473,337.64,36,26,0.0010188484153528532,99.04627737477163,C
18529,337.59999999999997,40,12,0.0010187277130171877,99.04729610248465,C
24152,337.25,25,17,0.0010176715675801141,99.04831377405223,C
3193,336.77,23,18,0.0010162231395521276,99.04932999719179,C
11397,336.72,28,21,0.0010160722616325457,99.05034606945343,C
23783,335.98,2,2,0.0010138392684227331,99.05135990872185,C
6520,335.94,6,3,0.0010137185660870677,99.05237362728793,C
42685,335.93,7,6,0.0010136883905031513,99.05338731567844,C
39234,335.84999999999997,15,10,0.0010134469858318201,99.05440076266427,C
4148,335.79,21,18,0.001013265932328322,99.0554140285966,C
23966,335.76,24,1,0.0010131754055765726,99.05642720400218,C
23891,335.76,24,3,0.0010131754055765726,99.05744037940775,C
13867,335.76,24,2,0.0010131754055765726,99.05845355481333,C
22831,335.76,24,2,0.0010131754055765726,99.0594667302189,C
61,335.76,24,2,0.0010131754055765726,99.06047990562448,C
23126,335.72,28,25,0.0010130547032409071,99.06149296032771,C
4978,335.68,32,12,0.0010129340009052417,99.06250589432862,C
16246,335.58,42,14,0.0010126322450660775,99.06351852657369,C
17487,335.52,48,39,0.0010124511915625793,99.06453097776524,C
35905,334.93,7,5,0.0010106708321115127,99.06554164859736,C
23512,333.21,29,13,0.0010054806316778942,99.06654712922904,C
24180,332.91,9,7,0.0010045753641604027,99.0675517045932,C
36859,332.74,26,19,0.0010040623792338243,99.06855576697244,C
41144,332.71,29,14,0.001003971852482075,99.06955973882492,C
24432,332.63,37,21,0.001003730447810744,99.07056346927273,C
33216,331.11,39,14,0.0009991437590554531,99.07156261303179,C
19318,329.98,2,1,0.0009957339180729017,99.07255834694986,C
24281,329.96999999999997,3,2,0.0009957037424889851,99.07355405069235,C
35756,329.94,6,3,0.000995613215737236,99.07454966390809,C
20465,329.94,6,2,0.000995613215737236,99.07554527712382,C
24187,329.90000000000003,10,7,0.0009954925134015706,99.07654076963722,C
14141,329.9,10,4,0.0009954925134015706,99.07753626215062,C
32803,329.89,11,6,0.000995462337817654,99.07853172448843,C
12388,329.89,11,7,0.000995462337817654,99.07952718682624,C
973,329.78000000000003,22,16,0.000995130406394574,99.08052231723264,C
22789,329.78000000000003,22,7,0.000995130406394574,99.08151744763903,C
41372,329.78000000000003,22,11,0.000995130406394574,99.08251257804542,C
34694,329.78,22,15,0.0009951304063945737,99.08350770845182,C
28146,329.74,26,20,0.0009950097040589084,99.08450271815587,C
46299,329.72,28,24,0.0009949493528910757,99.08549766750876,C
20429,329.7,30,5,0.0009948890017232427,99.08649255651048,C
39977,329.67,33,22,0.0009947984749714936,99.08748735498546,C
24361,328.93,7,4,0.000992565481761681,99.08847992046722,C
36079,327.96,4,1,0.0009896384501217916,99.08946955891734,C
39681,327.18,82,16,0.0009872847545763137,99.09045684367192,C
19798,327.18,82,23,0.0009872847545763137,99.09144412842649,C
35075,325.73,27,18,0.0009829092949084376,99.0924270377214,C
15951,323.94000000000005,6,4,0.0009775078653874046,99.09340454558678,C
2292,323.93,7,7,0.0009774776898034882,99.09438202327658,C
20594,323.88,12,1,0.0009773268118839062,99.09535935008846,C
11749,323.82,18,5,0.000977145758380408,99.09633649584684,C
42934,323.73,27,3,0.0009768741781251604,99.09731337002496,C
884,323.64,36,6,0.0009766025978699129,99.09828997262284,C
23832,323.64,36,1,0.0009766025978699129,99.09926657522071,C
38102,323.46,54,7,0.0009760594373594179,99.10024263465807,C
25383,322.83,17,5,0.0009741583755726856,99.10121679303364,C
18615,322.80999999999995,19,16,0.0009740980244048528,99.10219089105804,C
26219,322.80999999999995,19,15,0.0009740980244048528,99.10316498908244,C
14724,322.80999999999995,19,17,0.0009740980244048528,99.10413908710684,C
1173,321.93,7,1,0.0009714425730202109,99.10511052967986,C
24451,321.86,14,3,0.0009712313439327964,99.1060817610238,C
24684,321.86,14,8,0.0009712313439327964,99.10705299236774,C
23957,321.77,23,3,0.0009709597636775488,99.10802395213142,C
11333,321.77,23,19,0.0009709597636775488,99.1089949118951,C
6394,321.77,23,11,0.0009709597636775488,99.10996587165877,C
18192,319.99,1,1,0.0009655885097404321,99.11093146016852,C
16155,319.98,2,2,0.0009655583341565159,99.11189701850267,C
14333,319.98,2,1,0.0009655583341565159,99.11286257683683,C
15505,319.96,4,2,0.0009654979829886829,99.11382807481982,C
19395,319.92,8,2,0.0009653772806530175,99.11479345210047,C
24933,319.92,8,6,0.0009653772806530175,99.11575882938112,C
44785,319.84,16,12,0.0009651358759816862,99.11672396525711,C
22937,319.8,20,14,0.0009650151736460208,99.11768898043076,C
44972,319.8,20,17,0.0009650151736460208,99.1186539956044,C
20954,319.8,20,15,0.0009650151736460208,99.11961901077805,C
8717,319.8,20,15,0.0009650151736460208,99.1205840259517,C
23902,319.8,20,12,0.0009650151736460208,99.12154904112535,C
6477,319.68,32,13,0.0009646530666390243,99.122513694192,C
18357,319.68,32,21,0.0009646530666390243,99.12347834725864,C
834,319.68,32,24,0.0009646530666390243,99.12444300032529,C
43430,319.68,32,15,0.0009646530666390243,99.12540765339193,C
46111,319.68,32,9,0.0009646530666390243,99.12637230645858,C
35577,319.68,32,1,0.0009646530666390243,99.12733695952522,C
12690,318.89,11,1,0.0009622691955096296,99.12829922872073,C
18628,318.89,11,9,0.0009622691955096296,99.12926149791625,C
11207,318.8,20,13,0.0009619976152543822,99.1302234955315,C
13718,318.71000000000004,29,27,0.0009617260349991349,99.1311852215665,C
23963,317.85999999999996,14,6,0.0009591611103662418,99.13214438267687,C
42789,317.81,19,12,0.00095901023244666,99.13310339290932,C
24181,315.96,4,2,0.0009534277494221285,99.13405682065874,C
21041,315.79,21,12,0.0009529147644955501,99.13500973542324,C
11856,315.75,25,14,0.0009527940621598845,99.1359625294854,C
24725,314.95,5,3,0.0009503800154465737,99.13691290950085,C
22448,314.84999999999997,15,6,0.0009500782596074096,99.13786298776046,C
20049,314.79,21,13,0.0009498972061039115,99.13881288496655,C
23196,314.37,63,23,0.0009486298315794233,99.13976151479814,C
16773,312.91,9,8,0.0009442241963276309,99.14070573899447,C
3740,312.25,25,12,0.0009422326077891494,99.14164797160225,C
23773,311.94,6,6,0.0009412971646877415,99.14258926876694,C
23288,311.94,6,2,0.0009412971646877415,99.14353056593163,C
2474,311.92,8,8,0.0009412368135199088,99.14447180274514,C
3203,311.88,12,1,0.0009411161111842431,99.14541291885632,C
8467,311.85,315,50,0.0009410255844324941,99.14635394444076,C
14097,311.76,24,7,0.0009407540041772466,99.14729469844494,C
12924,311.76,24,20,0.0009407540041772466,99.14823545244911,C
18450,311.76,24,1,0.0009407540041772466,99.14917620645329,C
23123,311.76,24,10,0.0009407540041772466,99.15011696045747,C
41377,311.72,28,20,0.0009406333018415811,99.1510575937593,C
865,311.61,39,11,0.0009403013704185008,99.15199789512972,C
21427,309.69,31,7,0.0009345076583065547,99.15293240278803,C
833,309.69,31,22,0.0009345076583065547,99.15386691044633,C
1025,309.69,31,15,0.0009345076583065547,99.15480141810463,C
12224,309.69,31,26,0.0009345076583065547,99.15573592576293,C
21429,307.96,4,4,0.0009292872822890198,99.15666521304522,C
2913,307.89,11,4,0.000929076053201605,99.15759428909841,C
2596,307.78000000000003,22,6,0.000928744121778525,99.15852303322019,C
23022,307.78,22,12,0.0009287441217785248,99.15945177734197,C
40583,307.72,28,19,0.0009285630682750267,99.16038034041024,C
38726,307.56,44,20,0.0009280802589323646,99.16130842066917,C
19061,305.94,6,5,0.00092319181433791,99.16223161248351,C
13550,305.94,6,2,0.00092319181433791,99.16315480429785,C
19247,305.83,17,4,0.0009228598829148296,99.16407766418077,C
20788,305.82,18,13,0.0009228297073309133,99.1650004938881,C
20963,305.82,18,5,0.0009228297073309133,99.16592332359544,C
46555,305.66,34,24,0.0009223468979882512,99.16684567049343,C
18109,305.03,47,18,0.0009204458362015188,99.16776611632963,C
40926,304.39,61,49,0.0009185145988308701,99.16868463092847,C
1066,303.85999999999996,14,13,0.0009169152928833015,99.16960154622134,C
2584,303.84,16,13,0.0009168549417154688,99.17051840116306,C
12477,303.84,16,9,0.0009168549417154688,99.17143525610479,C
10731,303.81,19,16,0.0009167644149637199,99.17235202051975,C
23799,303.81,19,9,0.0009167644149637199,99.17326878493472,C
24930,300.93,7,5,0.0009080738467958007,99.17417685878152,C
1997,300.93,7,6,0.0009080738467958007,99.17508493262832,C
2458,300.8,20,19,0.0009076815642048877,99.17599261419252,C
2873,299.99,1,1,0.0009052373419076604,99.17689785153443,C
86,299.99,1,1,0.0009052373419076604,99.17780308887635,C
2303,299.98,2,1,0.0009052071663237439,99.17870829604267,C
3573,299.96999999999997,3,3,0.0009051769907398276,99.17961347303341,C
21340,299.96999999999997,3,3,0.0009051769907398276,99.18051865002415,C
1891,299.96999999999997,3,2,0.0009051769907398276,99.1814238270149,C
2670,299.96,4,4,0.0009051468151559111,99.18232897383005,C
2637,299.95,5,5,0.0009051166395719948,99.18323409046963,C
2577,299.94,6,3,0.0009050864639880784,99.18413917693361,C
22398,299.94,6,3,0.0009050864639880784,99.1850442633976,C
21562,299.9,10,6,0.0009049657616524128,99.18594922915925,C
46942,299.9,10,6,0.0009049657616524128,99.1868541949209,C
8434,299.9,10,10,0.0009049657616524128,99.18775916068255,C
956,299.9,10,7,0.0009049657616524128,99.1886641264442,C
38632,299.9,10,7,0.0009049657616524128,99.18956909220584,C
44666,299.88,12,7,0.0009049054104845801,99.19047399761632,C
25154,299.88,12,8,0.0009049054104845801,99.1913789030268,C
25016,299.88,12,8,0.0009049054104845801,99.19228380843728,C
45840,299.88,12,1,0.0009049054104845801,99.19318871384776,C
14935,299.85,15,3,0.0009048148837328309,99.1940935287315,C
6416,299.84999999999997,15,12,0.0009048148837328308,99.19499834361524,C
308,299.84999999999997,15,8,0.0009048148837328308,99.19590315849898,C
41304,299.84999999999997,15,10,0.0009048148837328308,99.19680797338272,C
2809,299.84999999999997,15,4,0.0009048148837328308,99.19771278826646,C
20254,299.8,20,9,0.000904664005813249,99.19861745227227,C
23991,299.8,20,17,0.000904664005813249,99.19952211627809,C
323,299.79,21,20,0.0009046338302293327,99.20042675010832,C
15333,299.75,25,4,0.0009045131278936671,99.20133126323621,C
16753,299.75,25,16,0.0009045131278936671,99.2022357763641,C
5056,299.7,30,20,0.0009043622499740851,99.20314013861407,C
23793,298.77,23,7,0.0009015559206698613,99.20404169453474,C
929,298.77,23,9,0.0009015559206698613,99.2049432504554,C
7205,298.74,26,23,0.0009014653939181122,99.20584471584932,C
5384,296.91,9,9,0.0008959432620614135,99.20674065911139,C
23757,296.91,9,8,0.0008959432620614135,99.20763660237346,C
2491,296.91,9,8,0.0008959432620614135,99.20853254563552,C
15367,296.89,11,8,0.0008958829108935807,99.20942842854642,C
23662,296.89,11,8,0.0008958829108935807,99.21032431145731,C
21078,296.73,27,5,0.0008954001015509186,99.21121971155887,C
11156,296.66999999999996,33,7,0.0008952190480474202,99.21211493060692,C
24394,295.96,4,3,0.0008930765815893569,99.2130080071885,C
16553,295.74,26,23,0.0008924127187431964,99.21390041990725,C
24097,295.26,74,11,0.0008909642907152099,99.21479138419797,C
34950,294.95,5,4,0.0008900288476138018,99.21568141304557,C
25254,294.77,23,19,0.0008894856871033068,99.21657089873267,C
23661,293.94,6,4,0.0008869811136382468,99.21745787984631,C
2978,293.86,14,3,0.0008867397089669159,99.21834461955527,C
370,293.79,21,9,0.0008865284798795011,99.21923114803515,C
19189,291.82,18,15,0.000880583889847973,99.220111731925,C
23474,291.75,25,19,0.0008803726607605584,99.22099210458576,C
23351,291.6,40,13,0.0008799200270018128,99.22187202461276,C
16653,289.98,2,2,0.0008750315824073581,99.22274705619517,C
22107,289.95,5,5,0.0008749410556556089,99.22362199725083,C
7931,289.71000000000004,29,10,0.0008742168416416157,99.22449621409247,C
43673,288.73,27,15,0.0008712596344178098,99.22536747372689,C
13620,288.59000000000003,21,13,0.0008708371762429806,99.22623831090313,C
19229,287.96,4,2,0.0008689361144562481,99.22710724701759,C
6411,287.94,6,1,0.0008688757632884153,99.22797612278087,C
7278,287.92,8,7,0.0008688154121205826,99.22884493819299,C
22768,287.88,12,1,0.000868694709784917,99.22971363290277,C
403,287.88,12,2,0.000868694709784917,99.23058232761255,C
43747,287.76,24,1,0.0008683326027779204,99.23145066021533,C
16808,287.76,24,1,0.0008683326027779204,99.23231899281811,C
39842,287.67999999999995,32,3,0.0008680911981065891,99.23318708401621,C
21419,287.64,36,3,0.0008679704957709237,99.23405505451198,C
8720,287.64,36,24,0.0008679704957709237,99.23492302500776,C
19989,287.64,36,2,0.0008679704957709237,99.23579099550354,C
21420,287.64,36,3,0.0008679704957709237,99.23665896599931,C
20600,287.25,25,14,0.0008667936479981847,99.23752575964731,C
25444,286.93,7,2,0.0008658280293128604,99.23839158767663,C
1042,286.59000000000003,41,29,0.0008648020594597032,99.23925638973608,C
604,286.59000000000003,41,23,0.0008648020594597032,99.24012119179554,C
274,285.89,11,9,0.0008626897685855561,99.24098388156412,C
21196,285.89,11,7,0.0008626897685855561,99.2418465713327,C
15509,285.89,11,8,0.0008626897685855561,99.24270926110128,C
313,285.87,13,12,0.0008626294174177234,99.2435718905187,C
19150,285.87,13,5,0.0008626294174177234,99.2444345199361,C
20008,285.87,13,4,0.0008626294174177234,99.24529714935352,C
2915,285.87,13,12,0.0008626294174177234,99.24615977877093,C
39104,285.78,22,8,0.000862357837162476,99.2470221366081,C
17263,285.74,26,9,0.0008622371348268104,99.24788437374292,C
898,284.96999999999997,3,2,0.0008599136148652487,99.24874428735778,C
18424,284.95,5,3,0.000859853263697416,99.24960414062147,C
37046,284.81,19,14,0.0008594308055225866,99.25046357142699,C
18561,284.81,19,11,0.0008594308055225866,99.25132300223251,C
16959,283.98,2,2,0.0008569262320575266,99.25217992846457,C
24578,283.43,7,6,0.0008552665749421253,99.25303519503952,C
25105,281.94,6,5,0.0008507704129385839,99.25388596545245,C
25104,281.94,6,4,0.0008507704129385839,99.2547367358654,C
1483,281.06,94,44,0.0008481149615539419,99.25558485082695,C
25341,279.99,1,1,0.0008448861740748886,99.25642973700103,C
22935,279.96,4,3,0.0008447956473231393,99.25727453264835,C
2741,279.96,4,4,0.0008447956473231393,99.25811932829568,C
23130,279.96,4,4,0.0008447956473231393,99.258964123943,C
23114,279.93,7,5,0.0008447051205713903,99.25980882906357,C
21015,279.91999999999996,8,4,0.0008446749449874737,99.26065350400856,C
24387,279.86,14,3,0.0008444938914839756,99.26149799790004,C
5653,279.85999999999996,14,12,0.0008444938914839754,99.26234249179151,C
24335,279.8,20,11,0.0008443128379804773,99.2631868046295,C
12662,279.8,20,16,0.0008443128379804773,99.26403111746748,C
751,279.72,28,16,0.0008440714333091461,99.26487518890079,C
17019,279.71999999999997,28,5,0.000844071433309146,99.2657192603341,C
45860,279.44,56,5,0.0008432265169594872,99.26656248685106,C
22725,275.88,12,2,0.000832484009085254,99.26739497086014,C
910,275.88,12,9,0.000832484009085254,99.26822745486922,C
25161,275.77,23,12,0.0008321520776621737,99.26905960694688,C
46765,274.95000000000005,5,4,0.0008296776797810302,99.26988928462666,C
23338,274.95,5,3,0.00082967767978103,99.27071896230643,C
24349,274.95,5,2,0.00082967767978103,99.27154863998621,C
21520,274.89,11,1,0.0008294966262775317,99.27237813661249,C
18962,274.75,25,13,0.0008290741681027023,99.2732072107806,C
22000,274.75,25,9,0.0008290741681027023,99.2740362849487,C
40366,272.93,7,7,0.0008235822118299201,99.27485986716054,C
23959,272.93,7,6,0.0008235822118299201,99.27568344937238,C
25411,272.93,7,5,0.0008235822118299201,99.27650703158422,C
11703,272.87,13,4,0.0008234011583264219,99.27733043274254,C
24774,272.79,21,10,0.0008231597536550908,99.2781535924962,C
4408,272.79,21,13,0.0008231597536550908,99.27897675224985,C
2840,272.78999999999996,21,8,0.0008231597536550905,99.2797999120035,C
24534,271.96,4,2,0.0008206551801900305,99.28062056718369,C
46371,271.84,16,4,0.000820293073183034,99.28144086025688,C
28252,271.84,16,2,0.000820293073183034,99.28226115333007,C
24938,271.83,17,17,0.0008202628975991175,99.28308141622767,C
10870,271.83,17,13,0.0008202628975991175,99.28390167912528,C
18783,271.68,32,18,0.0008198102638403719,99.28472148938911,C
15888,271.65999999999997,34,10,0.000819749912672539,99.28554123930179,C
21737,269.99,1,1,0.0008147105901585028,99.28635594989196,C
23746,269.97,3,1,0.00081465023899067,99.28717060013095,C
25018,269.90999999999997,9,7,0.0008144691854871714,99.28798506931643,C
25015,269.90999999999997,9,9,0.0008144691854871714,99.28879953850192,C
21441,269.9,10,8,0.0008144390099032551,99.28961397751182,C
25185,269.84999999999997,15,15,0.0008142881319836732,99.2904282656438,C
21284,269.84999999999997,15,14,0.0008142881319836732,99.29124255377577,C
17838,269.73,27,18,0.0008139260249766767,99.29205647980075,C
6743,266.79,21,16,0.0008050544033052593,99.29286153420405,C
565,266.37,13,11,0.000803787028780771,99.29366532123284,C
8976,265.90999999999997,9,5,0.0008023989519206172,99.29446772018476,C
19233,265.86,14,3,0.0008022480740010353,99.29526996825875,C
43652,265.85999999999996,14,11,0.0008022480740010351,99.29607221633275,C
39577,265.81,19,5,0.0008020971960814533,99.29687431352883,C
24301,265.67,33,14,0.0008016747379066241,99.29767598826673,C
23763,264.95,5,4,0.0007995020958646441,99.29847549036259,C
3688,264.47,53,39,0.0007980536678366578,99.29927354403043,C
8708,264.18,42,6,0.0007971785759030824,99.30007072260634,C
33719,263.92,8,6,0.0007963940107212564,99.30086711661706,C
11029,263.9,10,9,0.0007963336595534236,99.3016634502766,C
16000,263.89,11,9,0.0007963034839695073,99.30245975376057,C
24512,263.88,12,1,0.0007962733083855908,99.30325602706895,C
25748,263.88,12,3,0.0007962733083855908,99.30405230037734,C
37008,263.88,12,2,0.0007962733083855908,99.30484857368572,C
5688,263.8,20,20,0.0007960319037142599,99.30564460558944,C
19996,263.79,21,8,0.0007960017281303435,99.30644060731757,C
19653,263.76,24,1,0.0007959112013785942,99.30723651851895,C
12536,263.76,24,2,0.0007959112013785942,99.30803242972033,C
20730,263.76,24,1,0.0007959112013785942,99.3088283409217,C
16539,262.84999999999997,15,12,0.000793165223242203,99.30962150614495,C
25159,261.78000000000003,22,12,0.0007899364357631499,99.31041144258072,C
21276,259.98,2,2,0.0007845048306582005,99.31119594741138,C
21434,259.96,4,3,0.0007844444794903676,99.31198039189087,C
1248,259.96,4,4,0.0007844444794903676,99.31276483637036,C
23680,259.87,13,10,0.0007841728992351201,99.3135490092696,C
39308,259.8,20,6,0.0007839616701477055,99.31433297093974,C
1156,259.8,20,10,0.0007839616701477055,99.3151169326099,C
24203,259.8,20,7,0.0007839616701477055,99.31590089428005,C
41778,259.74,26,15,0.0007837806166442071,99.31668467489669,C
1007,259.74,26,21,0.0007837806166442071,99.31746845551334,C
41612,258.93,7,5,0.0007813363943469799,99.31824979190769,C
1148,258.63,37,9,0.0007804311268294884,99.31903022303452,C
23194,255.92,8,6,0.0007722535435881478,99.3198024765781,C
1328,255.84,16,14,0.0007720121389168166,99.32057448871701,C
27433,255.84,16,12,0.0007720121389168166,99.32134650085592,C
11306,255.84,16,4,0.0007720121389168166,99.32211851299483,C
21117,255.68,32,23,0.0007715293295741545,99.3228900423244,C
22944,254.99,1,1,0.0007694472142839239,99.32365948953868,C
25062,254.95,5,3,0.0007693265119482584,99.32442881605063,C
21384,254.91,9,5,0.0007692058096125928,99.32519802186025,C
13442,254.85,15,2,0.0007690247561090945,99.32596704661636,C
3163,254.83,17,14,0.0007689644049412617,99.3267360110213,C
24700,254.82999999999998,17,3,0.0007689644049412616,99.32750497542624,C
11699,254.82999999999998,17,2,0.0007689644049412616,99.32827393983118,C
3707,254.43,257,79,0.0007677573815846061,99.32904169721276,C
2498,253.93,7,7,0.0007662486023887869,99.32980794581515,C
42949,253.82,18,7,0.0007659166709657066,99.33057386248612,C
16140,252.89,11,9,0.0007631103416614827,99.33133697282778,C
45839,252.89,11,8,0.0007631103416614827,99.33210008316945,C
22456,252.89,11,8,0.0007631103416614827,99.33286319351112,C
24791,252.89,11,4,0.0007631103416614827,99.33362630385278,C
18419,252.81,19,5,0.0007628689369901517,99.33438917278977,C
23469,252.8,20,14,0.0007628387614062353,99.33515201155117,C
44992,251.98,2,2,0.0007603643635250917,99.3359123759147,C
24732,251.96,4,3,0.0007603040123572589,99.33667267992706,C
17323,251.94,6,4,0.0007602436611894261,99.33743292358825,C
25925,251.92,8,7,0.0007601833100215934,99.33819310689827,C
19157,251.90999999999997,9,8,0.0007601531344376769,99.33895326003271,C
12684,251.85999999999999,14,12,0.000760002256518095,99.33971326228922,C
29469,251.82,18,3,0.0007598815541824294,99.34047314384341,C
23823,251.82,18,3,0.0007598815541824294,99.3412330253976,C
25017,251.79,21,15,0.0007597910274306803,99.34199281642503,C
19746,251.76,24,12,0.0007597005006789312,99.34275251692571,C
6483,251.72,28,18,0.0007595797983432657,99.34351209672406,C
16869,251.64,36,20,0.0007593383936719346,99.34427143511773,C
6754,251.64,36,3,0.0007593383936719346,99.34503077351141,C
37156,251.58,42,34,0.0007591573401684363,99.34578993085158,C
1667,249.99,1,1,0.0007543594223257309,99.34654429027391,C
1106,249.99,1,1,0.0007543594223257309,99.34729864969624,C
17598,249.99,1,1,0.0007543594223257309,99.34805300911857,C
19988,249.95000000000002,5,4,0.0007542387199900655,99.34880724783856,C
23339,249.95000000000002,5,4,0.0007542387199900655,99.34956148655856,C
23294,249.95000000000002,5,3,0.0007542387199900655,99.35031572527855,C
13887,249.95000000000002,5,5,0.0007542387199900655,99.35106996399854,C
24322,249.95,5,3,0.0007542387199900654,99.35182420271853,C
25140,249.89999999999998,10,9,0.0007540878420704833,99.3525782905606,C
2779,249.88,12,12,0.0007540274909026507,99.3533323180515,C
46923,249.82,18,6,0.0007538464373991523,99.3540861644889,C
7361,249.81,19,13,0.000753816261815236,99.35483998075073,C
879,249.75,25,17,0.0007536352083117377,99.35559361595904,C
1364,249.75,25,12,0.0007536352083117377,99.35634725116735,C
23347,249.75,25,8,0.0007536352083117377,99.35710088637566,C
24195,248.91,9,4,0.0007511004592627612,99.35785198683493,C
12910,247.96,4,3,0.0007482337787907045,99.35860022061372,C
16634,247.92,8,3,0.0007481130764550389,99.35934833369018,C
600,247.86,34,27,0.0007479320229515407,99.36009626571312,C
36539,247.69,31,10,0.0007474190380249621,99.36084368475115,C
18601,246.86999999999998,13,12,0.0007449446401438184,99.36158862939129,C
29620,246.81,19,18,0.0007447635866403202,99.36233339297793,C
23660,246.81,19,7,0.0007447635866403202,99.36307815656457,C
18668,246.81,19,9,0.0007447635866403202,99.36382292015121,C
41415,246.81,19,17,0.0007447635866403202,99.36456768373785,C
18583,244.95000000000002,5,5,0.0007391509280318724,99.36530683466587,C
20001,244.93,7,6,0.0007390905768640396,99.36604592524273,C
21960,244.44,36,1,0.0007376119732521366,99.36678353721598,C
2137,242.94000000000003,6,5,0.000733085635664679,99.36751662285164,C
731,242.90999999999997,9,7,0.0007329951089129296,99.36824961796056,C
25696,242.73,27,14,0.0007324519484024347,99.36898206990897,C
41408,241.89000000000001,11,2,0.0007299171993534584,99.36971198710832,C
4902,241.77999999999997,22,11,0.000729585267930378,99.37044157237625,C
24825,239.97,3,1,0.0007241234872415122,99.3711656958635,C
18550,239.97,3,1,0.0007241234872415122,99.37188981935074,C
950,239.96999999999997,3,3,0.0007241234872415121,99.37261394283799,C
21854,239.96,4,2,0.0007240933116575959,99.37333803614965,C
2909,239.96,4,4,0.0007240933116575959,99.37406212946131,C
1225,239.96,4,1,0.0007240933116575959,99.37478622277297,C
17346,239.95000000000002,5,5,0.0007240631360736795,99.37551028590904,C
41978,239.95000000000002,5,4,0.0007240631360736795,99.37623434904512,C
22596,239.94,6,6,0.000724032960489763,99.37695838200561,C
27907,239.94,6,1,0.000724032960489763,99.3776824149661,C
25130,239.92,8,8,0.0007239726093219303,99.37840638757542,C
35714,239.92,8,6,0.0007239726093219303,99.37913036018475,C
543,239.92,8,6,0.0007239726093219303,99.37985433279407,C
43237,239.92,8,6,0.0007239726093219303,99.38057830540339,C
14661,239.88,12,1,0.0007238519069862648,99.38130215731037,C
23926,239.88,12,1,0.0007238519069862648,99.38202600921736,C
18573,239.88,12,1,0.0007238519069862648,99.38274986112434,C
24559,239.87999999999997,12,10,0.0007238519069862646,99.38347371303132,C
17063,239.85999999999999,14,11,0.000723791555818432,99.38419750458714,C
35392,239.85,15,6,0.0007237613802345156,99.38492126596736,C
13181,239.85,15,2,0.0007237613802345156,99.38564502734759,C
23632,239.85,15,12,0.0007237613802345156,99.38636878872782,C
21413,239.84,16,1,0.0007237312046505992,99.38709251993247,C
21103,239.8,20,11,0.0007236105023149338,99.38781613043479,C
43380,239.8,20,2,0.0007236105023149338,99.3885397409371,C
837,239.76000000000002,24,22,0.0007234897999792683,99.38926323073709,C
11433,239.76,24,2,0.0007234897999792682,99.38998672053707,C
45866,239.76,24,19,0.0007234897999792682,99.39071021033705,C
25919,239.76,24,1,0.0007234897999792682,99.39143370013703,C
12757,239.76,24,17,0.0007234897999792682,99.39215718993701,C
14654,239.76,24,2,0.0007234897999792682,99.39288067973699,C
39997,239.4,60,5,0.0007224034789582782,99.39360308321595,C
13784,238.91,9,4,0.0007209248753463753,99.3943240080913,C
24261,237.93000000000004,7,5,0.0007179676681225695,99.39504197575943,C
258,237.93,7,5,0.0007179676681225695,99.39575994342755,C
38407,237.83,17,9,0.0007176659122834058,99.39647760933984,C
19489,237.82999999999998,17,5,0.0007176659122834056,99.39719527525213,C
21169,237.72,28,13,0.0007173339808603255,99.39791260923299,C
15605,235.99,1,1,0.0007121136048427907,99.39862472283784,C
24027,235.96,4,4,0.0007120230780910416,99.39933674591593,C
19265,233.96999999999997,3,2,0.0007060181368916806,99.40004276405283,C
41485,233.94,6,1,0.0007059276101399315,99.40074869166297,C
25183,233.94,6,6,0.0007059276101399315,99.40145461927311,C
21081,233.94,6,1,0.0007059276101399315,99.40216054688325,C
25020,233.91,9,6,0.0007058370833881824,99.40286638396664,C
14195,233.90999999999997,9,6,0.0007058370833881823,99.40357222105003,C
13669,233.88,12,1,0.0007057465566364332,99.40427796760666,C
17361,233.86999999999998,13,10,0.0007057163810525168,99.40498368398771,C
882,233.82,18,15,0.0007055655031329348,99.40568924949085,C
23987,233.82,18,13,0.0007055655031329348,99.40639481499399,C
3186,233.82,18,5,0.0007055655031329348,99.40710038049713,C
21517,233.70000000000002,30,24,0.0007052033961259383,99.40780558389325,C
16232,232.78,22,16,0.0007024272424056308,99.40850801113565,C
21533,232.19,31,6,0.000700646882954564,99.40920865801861,C
21461,231.96,4,2,0.0006999528445244871,99.40990861086314,C
21166,231.92,8,6,0.0006998321421888215,99.41060844300533,C
18900,231.78,22,17,0.0006994096840139923,99.41130785268935,C
12253,231.71,29,15,0.0006991984549265775,99.41200705114427,C
18963,231.71,29,4,0.0006991984549265775,99.4127062495992,C
24452,230.79000000000002,21,17,0.00069642230120627,99.4134026719004,C
41627,230.78,22,13,0.0006963921256223536,99.41409906402602,C
23694,229.99,1,1,0.0006940082544929591,99.41479307228052,C
22073,229.99,1,1,0.0006940082544929591,99.41548708053502,C
23938,229.89999999999998,10,7,0.0006937366742377116,99.41618081720925,C
42691,229.82,18,11,0.0006934952695663805,99.41687431247883,C
17372,229.77,23,11,0.0006933443916467987,99.41756765687047,C
24408,229.77,23,16,0.0006933443916467987,99.41826100126212,C
10030,229.74,26,13,0.0006932538648950495,99.41895425512702,C
33586,229.33,17,5,0.0006920166659544777,99.41964627179297,C
33966,227.96,4,3,0.0006878826109579328,99.42033415440393,C
44764,227.88,12,1,0.0006876412062866016,99.42102179561022,C
2213,227.87999999999997,12,5,0.0006876412062866015,99.4217094368165,C
45647,227.81,19,12,0.0006874299771991871,99.4223968667937,C
28578,227.81,19,5,0.0006874299771991871,99.42308429677091,C
607,227.78,22,19,0.0006873394504474378,99.42377163622136,C
529,225.99,31,24,0.0006819380209264048,99.42445357424229,C
24819,224.97,3,1,0.0006788601113669334,99.42513243435366,C
21634,224.95000000000002,5,3,0.0006787997601991006,99.42581123411385,C
11279,224.95000000000002,5,4,0.0006787997601991006,99.42649003387405,C
10359,224.95,5,3,0.0006787997601991006,99.42716883363424,C
23326,224.90999999999997,9,6,0.000678679057863435,99.42784751269211,C
23069,224.90999999999997,9,8,0.000678679057863435,99.42852619174998,C
19946,224.85000000000002,15,6,0.0006784980043599368,99.42920468975434,C
37249,224.85,15,14,0.0006784980043599367,99.4298831877587,C
21814,223.92999999999998,7,7,0.0006757218506396293,99.43055890960935,C
13287,223.92999999999998,7,4,0.0006757218506396293,99.43123463145999,C
25257,223.92999999999998,7,6,0.0006757218506396293,99.43191035331063,C
37940,223.92999999999998,7,4,0.0006757218506396293,99.43258607516127,C
15651,223.84,16,13,0.0006754502703843818,99.43326152543165,C
634,223.84,16,12,0.0006754502703843818,99.43393697570203,C
31978,223.84,16,5,0.0006754502703843818,99.4346124259724,C
10722,223.72,28,18,0.0006750881633773852,99.43528751413578,C
43785,221.94,6,1,0.0006697169094402684,99.43595723104522,C
12204,221.63,37,9,0.0006687814663388606,99.43662601251157,C
20192,220.87,13,2,0.0006664881219612151,99.43729250063353,C
24998,220.86999999999998,13,11,0.0006664881219612151,99.4379589887555,C
25381,220.86999999999998,13,12,0.0006664881219612151,99.43862547687746,C
605,220.86999999999998,13,12,0.0006664881219612151,99.43929196499943,C
4399,220.83,17,16,0.0006663674196255497,99.43995833241905,C
17293,220.83,17,11,0.0006663674196255497,99.44062469983868,C
24178,219.98,2,1,0.0006638024949926568,99.44128850233368,C
16896,219.98,2,1,0.0006638024949926568,99.44195230482867,C
20075,219.96,4,3,0.0006637421438248241,99.4426160469725,C
2058,219.95000000000002,5,5,0.0006637119682409078,99.44327975894075,C
21160,219.89999999999998,10,10,0.0006635610903213256,99.44394332003107,C
24288,219.8,20,16,0.0006632593344821618,99.44460657936555,C
635,219.78,22,9,0.0006631989833143291,99.44526977834887,C
17863,219.78,22,3,0.0006631989833143291,99.44593297733219,C
41532,219.65,23,12,0.0006628067007234161,99.44659578403291,C
17069,218.31,19,15,0.0006587631724786204,99.44725454720539,C
2611,217.96,4,4,0.0006577070270415468,99.44791225423243,C
46583,215.96999999999997,3,2,0.000651702085842186,99.44856395631828,C
23193,215.96,4,3,0.0006516719102582697,99.44921562822854,C
24167,215.94,6,4,0.000651611559090437,99.44986723978764,C
18645,215.94,6,1,0.000651611559090437,99.45051885134673,C
45710,215.94,6,1,0.000651611559090437,99.45117046290582,C
46394,215.88,12,1,0.0006514305055869386,99.4518218934114,C
46147,215.88,12,1,0.0006514305055869386,99.45247332391699,C
22262,215.88,12,1,0.0006514305055869386,99.45312475442257,C
16529,215.88,12,1,0.0006514305055869386,99.45377618492816,C
23934,215.88,12,1,0.0006514305055869386,99.45442761543374,C
21822,215.88,12,1,0.0006514305055869386,99.45507904593933,C
14834,215.88,12,1,0.0006514305055869386,99.45573047644491,C
22821,215.82,18,6,0.0006512494520834404,99.456381725897,C
19700,215.82,18,15,0.0006512494520834404,99.4570329753491,C
45745,215.82,18,5,0.0006512494520834404,99.45768422480118,C
24752,215.76,24,4,0.0006510683985799419,99.45833529319977,C
8501,215.76,24,14,0.0006510683985799419,99.45898636159835,C
39843,215.76,24,1,0.0006510683985799419,99.45963742999693,C
23861,215.76,24,9,0.0006510683985799419,99.46028849839551,C
10706,215.76,24,2,0.0006510683985799419,99.4609395667941,C
28753,215.76,24,2,0.0006510683985799419,99.46159063519268,C
7874,215.64,36,2,0.0006507062915729453,99.46224134148424,C
16290,215.54999999999998,45,3,0.0006504347113176978,99.46289177619556,C
694,215.54,26,18,0.0006504045357337815,99.4635421807313,C
8422,215.51999999999998,48,2,0.0006503441845659486,99.46419252491586,C
22820,214.95000000000002,5,5,0.0006486241762827148,99.46484114909214,C
16200,214.95000000000002,5,4,0.0006486241762827148,99.46548977326842,C
18044,214.95,5,1,0.0006486241762827147,99.4661383974447,C
23965,214.86999999999998,13,11,0.0006483827716113836,99.46678678021631,C
2027,213.91,9,9,0.0006454859155554106,99.46743226613187,C
20002,211.96,4,4,0.0006396016766917154,99.46807186780856,C
24567,211.86999999999998,13,8,0.0006393300964364678,99.468711197905,C
20056,209.99,1,1,0.0006336570866601873,99.46934485499166,C
31176,209.96999999999997,3,2,0.0006335967354923545,99.46997845172716,C
23391,209.96999999999997,3,3,0.0006335967354923545,99.47061204846266,C
23410,209.96999999999997,3,2,0.0006335967354923545,99.47124564519815,C
2776,209.95000000000002,5,4,0.0006335363843245218,99.47187918158248,C
22012,209.94,6,6,0.0006335062087406054,99.47251268779122,C
12592,209.93,7,2,0.0006334760331566891,99.47314616382438,C
165,209.92999999999998,7,6,0.000633476033156689,99.47377963985754,C
15838,209.87,13,11,0.0006332949796531907,99.47441293483719,C
18844,209.85999999999999,14,3,0.0006332648040692742,99.47504619964126,C
22422,209.85,15,14,0.0006332346284853579,99.47567943426974,C
21615,209.70000000000002,30,18,0.0006327819947266122,99.47631221626446,C
1972,209.7,30,20,0.0006327819947266121,99.47694499825919,C
8909,209.7,30,5,0.0006327819947266121,99.47757778025391,C
8043,209.65,35,9,0.0006326311168070302,99.47821041137071,C
1026,208.89,11,8,0.0006303377724293848,99.47884074914315,C
34841,208.89,11,10,0.0006303377724293848,99.47947108691558,C
24486,208.89,11,7,0.0006303377724293848,99.48010142468802,C
23945,208.89,11,6,0.0006303377724293848,99.48073176246045,C
23513,208.81,19,6,0.0006300963677580538,99.48136185882821,C
20520,207.92,8,5,0.0006274107407894954,99.481989269569,C
8618,207.92,8,4,0.0006274107407894954,99.48261668030979,C
25203,207.84,16,13,0.0006271693361181645,99.4832438496459,C
24554,207.84,16,10,0.0006271693361181645,99.48387101898201,C
19763,207.48000000000002,52,4,0.0006260830150971745,99.4844971019971,C
18265,206.96999999999997,3,2,0.0006245440603174386,99.48512164605742,C
18838,206.81,19,17,0.0006240612509747766,99.4857457073084,C
19832,206.77,23,8,0.0006239405486391112,99.48636964785703,C
44613,206.77,23,13,0.0006239405486391112,99.48699358840567,C
19158,205.83,17,14,0.0006211040437509709,99.48761469244941,C
22228,204.95000000000002,5,4,0.0006184485923663289,99.48823314104177,C
451,204.59,41,21,0.000617362271345339,99.48885050331312,C
22471,203.88,12,1,0.0006152198048872755,99.489465723118,C
16172,203.88,12,1,0.0006152198048872755,99.49008094292289,C
20488,203.88,12,1,0.0006152198048872755,99.49069616272777,C
21359,203.88,12,1,0.0006152198048872755,99.49131138253266,C
24556,203.88,12,1,0.0006152198048872755,99.49192660233754,C
44895,203.88,12,1,0.0006152198048872755,99.49254182214243,C
19345,203.88,12,1,0.0006152198048872755,99.49315704194731,C
11078,203.88,12,1,0.0006152198048872755,99.4937722617522,C
4043,203.88,12,1,0.0006152198048872755,99.49438748155708,C
19251,203.88,12,1,0.0006152198048872755,99.49500270136197,C
8327,203.88,12,7,0.0006152198048872755,99.49561792116685,C
18636,203.88,12,7,0.0006152198048872755,99.49623314097174,C
36894,203.83,17,14,0.0006150689269676937,99.4968482098987,C
20506,202.92999999999998,7,6,0.0006123531244152188,99.49746056302311,C
22950,202.92999999999998,7,5,0.0006123531244152188,99.49807291614752,C
5912,202.85999999999999,14,2,0.0006121418953278042,99.49868505804285,C
25065,200.96999999999997,3,3,0.0006064387099676072,99.49929149675282,C
19315,200.96999999999997,3,2,0.0006064387099676072,99.49989793546278,C
21172,199.99,1,1,0.0006034815027438015,99.50050141696553,C
23286,199.99,1,1,0.0006034815027438015,99.50110489846828,C
2074,199.98,2,2,0.0006034513271598851,99.50170834979545,C
932,199.98,2,1,0.0006034513271598851,99.50231180112262,C
25564,199.98,2,2,0.0006034513271598851,99.50291525244978,C
25180,199.98,2,2,0.0006034513271598851,99.50351870377695,C
21454,199.96,4,1,0.0006033909759920522,99.50412209475294,C
2739,199.96,4,4,0.0006033909759920522,99.50472548572894,C
18595,199.96,4,2,0.0006033909759920522,99.50532887670494,C
19672,199.96,4,2,0.0006033909759920522,99.50593226768093,C
2384,199.95000000000002,5,5,0.0006033608004081359,99.50653562848134,C
46367,199.92,8,6,0.0006032702736563867,99.507138898755,C
38900,199.9,10,1,0.000603209922488554,99.50774210867749,C
20767,199.9,10,4,0.000603209922488554,99.50834531859998,C
35266,199.89999999999998,10,8,0.0006032099224885539,99.50894852852247,C
23785,199.89999999999998,10,7,0.0006032099224885539,99.50955173844496,C
19661,199.89999999999998,10,9,0.0006032099224885539,99.51015494836744,C
34507,199.75,25,2,0.0006027572887298082,99.51075770565618,C
25335,197.96999999999997,3,2,0.0005973860347926914,99.51135509169097,C
25057,197.94,6,5,0.0005972955080409424,99.51195238719902,C
44756,197.91,9,9,0.0005972049812891931,99.5125495921803,C
989,197.91,9,9,0.0005972049812891931,99.5131467971616,C
42403,197.90999999999997,9,5,0.0005972049812891931,99.51374400214289,C
34802,197.89,11,5,0.0005971446301213603,99.514341146773,C
23511,197.82000000000002,18,11,0.0005969334010339458,99.51493808017403,C
40560,197.82,18,2,0.0005969334010339456,99.51553501357506,C
21273,197.82,18,12,0.0005969334010339456,99.51613194697609,C
13504,197.82,18,2,0.0005969334010339456,99.51672888037712,C
46074,197.82,18,3,0.0005969334010339456,99.51732581377814,C
12389,197.82,18,3,0.0005969334010339456,99.51792274717917,C
4398,197.79,21,16,0.0005968428742821964,99.51851959005346,C
18125,197.78,22,16,0.0005968126986982802,99.51911640275216,C
36077,195.96,4,2,0.0005913207424254979,99.51970772349459,C
23460,195.96,4,3,0.0005913207424254979,99.52029904423702,C
24720,195.93,7,6,0.0005912302156737488,99.5208902744527,C
25428,195.93,7,4,0.0005912302156737488,99.52148150466837,C
24722,195.92999999999998,7,6,0.0005912302156737487,99.52207273488405,C
24285,195.86,14,14,0.0005910189865863341,99.52266375387063,C
20382,195.85999999999999,14,3,0.000591018986586334,99.52325477285721,C
42385,195.73,37,4,0.000590626703995421,99.52384539956121,C
1061,195.72,28,20,0.0005905965284115046,99.52443599608962,C
3560,195.34,16,5,0.000589449856222682,99.52502544594584,C
90082,194.96999999999997,3,2,0.0005883333596177756,99.52561377930546,C
4052,194.96999999999997,3,3,0.0005883333596177756,99.52620211266508,C
21045,194.92999999999998,7,7,0.0005882126572821101,99.52679032532235,C
20426,194.87,13,3,0.0005880316037786119,99.52737835692614,C
22008,194.85,15,10,0.000587971252610779,99.52796632817875,C
2071,192.39,11,6,0.0005805480589673481,99.52854687623771,C
5789,192.39,11,10,0.0005805480589673481,99.52912742429668,C
22058,191.98,2,2,0.0005793108600267762,99.52970673515671,C
24715,191.97,3,2,0.00057928068444286,99.53028601584116,C
23775,191.92,8,6,0.000579129806523278,99.53086514564768,C
2938,191.88,12,11,0.0005790091041876125,99.53144415475187,C
24751,191.88,12,1,0.0005790091041876125,99.53202316385605,C
44221,191.88,12,1,0.0005790091041876125,99.53260217296024,C
19346,191.88,12,1,0.0005790091041876125,99.53318118206442,C
45239,191.88,12,5,0.0005790091041876125,99.53376019116861,C
44290,191.88,12,1,0.0005790091041876125,99.5343392002728,C
13183,191.88,12,1,0.0005790091041876125,99.53491820937698,C
23982,191.88,12,1,0.0005790091041876125,99.53549721848117,C
1120,191.88,12,1,0.0005790091041876125,99.53607622758535,C
22355,191.88,12,1,0.0005790091041876125,99.53665523668954,C
3301,191.88,12,6,0.0005790091041876125,99.53723424579373,C
28943,191.88,12,2,0.0005790091041876125,99.53781325489791,C
20088,191.88,12,1,0.0005790091041876125,99.5383922640021,C
15977,191.88,12,1,0.0005790091041876125,99.53897127310628,C
13985,191.84,16,12,0.000578888401851947,99.53955016150813,C
19636,191.84,16,7,0.000578888401851947,99.54012904990998,C
16248,191.76,24,4,0.0005786469971806159,99.54070769690716,C
38128,191.76,24,1,0.0005786469971806159,99.54128634390435,C
20534,191.76,24,2,0.0005786469971806159,99.54186499090153,C
13993,191.76,24,1,0.0005786469971806159,99.54244363789871,C
34509,191.76,24,1,0.0005786469971806159,99.5430222848959,C
1059,191.68,32,17,0.0005784055925092847,99.5436006904884,C
20626,191.51999999999998,48,2,0.0005779227831666225,99.54417861327157,C
21006,189.98,2,2,0.0005732757432434991,99.54475188901482,C
43152,189.95000000000002,5,5,0.0005731852164917501,99.54532507423131,C
21435,189.95000000000002,5,2,0.0005731852164917501,99.54589825944781,C
25707,189.95,5,2,0.00057318521649175,99.5464714446643,C
3467,189.89999999999998,10,4,0.000573034338572168,99.54704447900288,C
34153,189.89999999999998,10,6,0.000573034338572168,99.54761751334145,C
25879,189.81,19,12,0.0005727627583169205,99.54819027609976,C
6892,189.61999999999998,38,3,0.0005721894222225092,99.54876246552199,C
20200,188.97,3,2,0.0005702280092679443,99.54933269353126,C
24262,188.97,3,2,0.0005702280092679443,99.54990292154052,C
13150,188.92999999999998,7,7,0.0005701073069322786,99.55047302884745,C
240,188.91,9,7,0.0005700469557644458,99.55104307580321,C
42158,188.82999999999998,17,5,0.0005698055510931147,99.5516128813543,C
40566,188.82,18,13,0.0005697753755091984,99.55218265672981,C
548,188.79,21,17,0.0005696848487574492,99.55275234157857,C
109,188.21,29,26,0.0005679346648902988,99.55332027624345,C
13061,187.99,1,1,0.0005672708020441384,99.5538875470455,C
22397,186.89,11,8,0.0005639514878133359,99.55445149853333,C
15350,186.83,17,13,0.0005637704343098377,99.55501526896764,C
45246,186.82999999999998,17,2,0.0005637704343098376,99.55557903940195,C
18126,186.82999999999998,17,8,0.0005637704343098376,99.55614280983626,C
13045,186.69,31,9,0.0005633479761350082,99.5567061578124,C
21447,185.98,2,2,0.0005612055096769448,99.55726736332208,C
1352,185.97,3,3,0.0005611753340930284,99.55782853865618,C
22227,185.85,15,10,0.0005608132270860318,99.55838935188326,C
21431,183.98,2,2,0.0005551703928936676,99.55894452227616,C
39574,183.95000000000002,5,4,0.0005550798661419185,99.55949960214231,C
23070,181.92999999999998,7,3,0.0005489843981908084,99.5600485865405,C
20383,181.87,13,11,0.0005488033446873102,99.56059738988519,C
17494,181.86,14,7,0.0005487731691033938,99.56114616305429,C
27797,181.85999999999999,14,3,0.0005487731691033938,99.56169493622339,C
39470,180.9,30,18,0.0005458763130474208,99.56224081253643,C
22396,179.98,2,1,0.0005431001593271133,99.56278391269576,C
21179,179.97,3,3,0.0005430699837431969,99.56332698267951,C
8767,179.94,6,6,0.0005429794569914477,99.56386996213651,C
19685,179.94,6,1,0.0005429794569914477,99.5644129415935,C
20801,179.94,6,1,0.0005429794569914477,99.5649559210505,C
25077,179.94,6,4,0.0005429794569914477,99.56549890050749,C
15720,179.91,9,6,0.0005428889302396986,99.56604178943773,C
2921,179.91,9,8,0.0005428889302396986,99.56658467836797,C
25012,179.91,9,6,0.0005428889302396986,99.56712756729821,C
23784,179.89999999999998,10,7,0.0005428587546557821,99.56767042605287,C
43777,179.89999999999998,10,9,0.0005428587546557821,99.56821328480753,C
21408,179.89999999999998,10,10,0.0005428587546557821,99.56875614356218,C
3120,179.88,12,4,0.0005427984034879494,99.56929894196567,C
46402,179.88,12,2,0.0005427984034879494,99.56984174036916,C
38314,179.88,12,1,0.0005427984034879494,99.57038453877264,C
18859,179.88,12,1,0.0005427984034879494,99.57092733717613,C
3765,179.88,12,11,0.0005427984034879494,99.57147013557962,C
20814,179.88,12,1,0.0005427984034879494,99.5720129339831,C
3187,179.88,12,4,0.0005427984034879494,99.57255573238659,C
21250,179.88,12,1,0.0005427984034879494,99.57309853079008,C
24734,179.88,12,1,0.0005427984034879494,99.57364132919356,C
24701,179.88,12,10,0.0005427984034879494,99.57418412759705,C
23025,179.88,12,8,0.0005427984034879494,99.57472692600054,C
39434,179.88,12,2,0.0005427984034879494,99.57526972440402,C
23349,179.88,12,8,0.0005427984034879494,99.57581252280751,C
187,179.88,12,1,0.0005427984034879494,99.576355321211,C
188,179.88,12,1,0.0005427984034879494,99.57689811961448,C
25120,179.88,12,1,0.0005427984034879494,99.57744091801797,C
22481,179.82,18,12,0.000542617349984451,99.57798353536795,C
21375,179.76,24,2,0.0005424362964809527,99.57852597166443,C
6891,179.64000000000001,36,2,0.0005420741894739562,99.5790680458539,C
38852,179.64000000000001,36,3,0.0005420741894739562,99.57961012004337,C
38853,179.64000000000001,36,2,0.0005420741894739562,99.58015219423284,C
23468,178.99,1,1,0.0005401127765193911,99.58069230700936,C
41918,178.8,20,6,0.0005395394404249797,99.58123184644978,C
15211,178.32999999999998,17,8,0.0005381211879809096,99.58176996763777,C
20098,177.85,15,14,0.000536672759952923,99.58230664039772,C
13251,177.37,13,2,0.0005352243319249366,99.58284186472964,C
23282,176.97,3,1,0.0005340173085682811,99.58337588203821,C
24314,175.96,4,4,0.0005309695745927262,99.58390685161281,C
363,175.92000000000002,8,2,0.0005308488722570606,99.58443770048507,C
3008,175.89,11,7,0.0005307583455053114,99.58496845883057,C
24868,175.84,16,14,0.0005306074675857296,99.58549906629815,C
20187,175.40999999999997,9,6,0.0005293099174773247,99.58602837621564,C
25727,174.99,1,1,0.0005280425429528367,99.58655641875859,C
25070,174.95000000000002,5,5,0.0005279218406171712,99.5870843405992,C
787,174.95000000000002,5,4,0.0005279218406171712,99.58761226243982,C
20259,174.95000000000002,5,3,0.0005279218406171712,99.58814018428043,C
21288,174.95000000000002,5,2,0.0005279218406171712,99.58866810612105,C
3341,174.95000000000002,5,5,0.0005279218406171712,99.58919602796166,C
1210,174.95,5,2,0.0005279218406171711,99.58972394980228,C
16792,174.93,7,4,0.0005278614894493384,99.59025181129172,C
23014,174.93,7,5,0.0005278614894493384,99.59077967278117,C
3355,174.92999999999998,7,5,0.0005278614894493383,99.59130753427061,C
33967,173.96,4,4,0.000524934457809449,99.59183246872843,C
764,173.88,12,7,0.0005246930531381178,99.59235716178156,C
24148,173.88,12,2,0.0005246930531381178,99.5928818548347,C
914,173.88,12,9,0.0005246930531381178,99.59340654788784,C
912,173.88,12,7,0.0005246930531381178,99.59393124094098,C
23285,171.96,4,3,0.0005188993410261718,99.594450140282,C
19603,171.96,4,2,0.0005188993410261718,99.59496903962304,C
20189,171.43,7,5,0.0005173000350786034,99.59548633965812,C
23151,170.91,9,8,0.0005157309047149512,99.59600207056283,C
6877,170.91,9,9,0.0005157309047149512,99.59651780146754,C
24952,170.88,12,12,0.0005156403779632021,99.59703344184551,C
29470,169.99,1,1,0.0005129547509946438,99.5975463965965,C
23110,169.99,1,1,0.0005129547509946438,99.59805935134749,C
36076,169.99,1,1,0.0005129547509946438,99.59857230609848,C
17677,169.95,5,2,0.0005128340486589782,99.59908514014714,C
17026,169.89999999999998,10,9,0.0005126831707393963,99.59959782331788,C
586,169.89999999999998,10,7,0.0005126831707393963,99.60011050648862,C
6568,169.66,34,21,0.0005119589567254031,99.60062246544534,C
24790,168.99,1,1,0.0005099371926030052,99.60113240263794,C
23990,168.87,13,13,0.0005095750855960085,99.60164197772355,C
10057,168.87,13,2,0.0005095750855960085,99.60215155280915,C
46165,168.74,26,5,0.0005091828030050955,99.60266073561215,C
8038,168.74,26,18,0.0005091828030050955,99.60316991841515,C
24529,167.97,3,3,0.0005068592830435338,99.6036767776982,C
23105,167.96,4,3,0.0005068291074596175,99.60418360680566,C
2903,167.94,6,1,0.0005067687562917847,99.60469037556196,C
16708,167.88,12,1,0.0005065877027882863,99.60519696326475,C
44394,167.88,12,1,0.0005065877027882863,99.60570355096753,C
38471,167.88,12,9,0.0005065877027882863,99.60621013867032,C
19444,167.88,12,1,0.0005065877027882863,99.60671672637311,C
22086,167.88,12,1,0.0005065877027882863,99.6072233140759,C
10708,167.88,12,1,0.0005065877027882863,99.60772990177868,C
18338,167.88,12,1,0.0005065877027882863,99.60823648948147,C
19253,167.88,12,1,0.0005065877027882863,99.60874307718426,C
23635,167.88,12,1,0.0005065877027882863,99.60924966488705,C
24055,167.88,12,1,0.0005065877027882863,99.60975625258983,C
18811,167.86,14,12,0.0005065273516204536,99.61026277994145,C
16245,167.79,21,6,0.0005063161225330388,99.61076909606399,C
21313,167.76,24,20,0.0005062255957812897,99.61127532165978,C
104,167.01,19,16,0.0005039624269875607,99.61177928408677,C
23122,165.94,6,6,0.0005007336395085075,99.61228001772628,C
5855,165.92,8,6,0.0005006732883406747,99.61278069101462,C
24579,165.89999999999998,10,8,0.0005006129371728419,99.6132813039518,C
22050,164.97,3,2,0.000497806607868618,99.61377911055966,C
21034,164.97,3,2,0.000497806607868618,99.61427691716753,C
22048,164.97,3,3,0.000497806607868618,99.6147747237754,C
2329,164.97,3,1,0.000497806607868618,99.61527253038327,C
23189,164.95000000000002,5,5,0.0004977462567007853,99.61577027663996,C
27033,164.95000000000002,5,4,0.0004977462567007853,99.61626802289666,C
3468,164.89000000000001,11,9,0.000497565203197287,99.61676558809985,C
25006,164.89000000000001,11,10,0.000497565203197287,99.61726315330304,C
4556,164.89000000000001,11,10,0.000497565203197287,99.61776071850623,C
516,164.85,15,14,0.0004974445008616214,99.6182581630071,C
3152,164.85,15,10,0.0004974445008616214,99.61875560750796,C
10124,164.85,15,4,0.0004974445008616214,99.61925305200883,C
4104,164.82,18,6,0.0004973539741098723,99.61975040598294,C
23962,163.92,8,7,0.0004946381715573975,99.6202450441545,C
5693,163.88,12,12,0.000494517469221732,99.62073956162372,C
44033,163.20000000000002,30,15,0.0004924655295154177,99.62123202715324,C
19588,161.98,2,2,0.0004887841082776186,99.62172081126151,C
22923,161.91,9,6,0.000488572879190204,99.6222093841407,C
38392,161.91,9,7,0.000488572879190204,99.6226979570199,C
2308,161.91,9,4,0.000488572879190204,99.62318652989909,C
44705,161.88,12,1,0.0004884823524384549,99.62367501225152,C
36197,161.82,18,1,0.0004883012989349564,99.62416331355045,C
16998,159.99,1,1,0.00048277916707825793,99.62464609271753,C
11164,159.98,2,1,0.00048274899149434146,99.62512884170901,C
21352,159.98,2,1,0.00048274899149434146,99.6256115907005,C
15508,159.98,2,1,0.00048274899149434146,99.62609433969199,C
21475,159.98,2,2,0.00048274899149434146,99.62657708868348,C
24384,159.98,2,2,0.00048274899149434146,99.62705983767496,C
18209,159.96,4,4,0.0004826886403265088,99.6275425263153,C
24964,159.96,4,3,0.0004826886403265088,99.62802521495563,C
23873,159.96,4,3,0.0004826886403265088,99.62850790359596,C
4574,159.95,5,5,0.00048265846474259235,99.62899056206071,C
22813,159.92,8,8,0.0004825679379908431,99.6294731299987,C
24216,159.9,10,5,0.0004825075868230104,99.62995563758552,C
12476,159.9,10,8,0.0004825075868230104,99.63043814517235,C
3424,159.9,10,9,0.0004825075868230104,99.63092065275917,C
36851,159.89999999999998,10,4,0.0004825075868230103,99.631403160346,C
21115,159.8,20,15,0.00048220583098384655,99.63188536617697,C
21700,159.77,23,15,0.0004821153042320974,99.63236748148121,C
16242,159.68,32,8,0.0004818437239768499,99.63284932520519,C
1230,159.6,40,1,0.00048160231930551885,99.6333309275245,C
12646,158.97,3,3,0.0004797012575187865,99.63381062878202,C
21959,158.75,25,9,0.00047903739467262604,99.63428966617668,C
21468,157.98,2,1,0.00047671387471106424,99.63476638005139,C
26889,157.92,8,6,0.000476532821207566,99.6352429128726,C
14119,157.92,48,2,0.000476532821207566,99.63571944569381,C
18275,157.88,12,6,0.0004764121188719004,99.63619585781268,C
10762,157.75,25,14,0.0004760198362809874,99.63667187764896,C
2484,156.97,3,3,0.0004736661407355093,99.6371455437897,C
20555,156.87,13,2,0.00047336438489634547,99.6376189081746,C
22016,156.17000000000002,23,15,0.00047125209402219847,99.63809016026862,C
23190,155.96,4,3,0.0004706184067599544,99.63856077867538,C
22535,155.96,4,3,0.0004706184067599544,99.63903139708215,C
24013,155.94,6,5,0.00047055805559212155,99.63950195513775,C
20743,155.94,6,1,0.00047055805559212155,99.63997251319334,C
4215,155.94,6,1,0.00047055805559212155,99.64044307124894,C
14444,155.94,6,3,0.00047055805559212155,99.64091362930453,C
24531,155.94,6,6,0.00047055805559212155,99.64138418736013,C
21380,155.92,8,7,0.00047049770442428876,99.64185468506456,C
4948,155.88,12,10,0.0004703770020886233,99.64232506206665,C
21333,155.88,12,1,0.0004703770020886233,99.64279543906873,C
36386,155.88,12,1,0.0004703770020886233,99.64326581607082,C
23663,155.88,12,1,0.0004703770020886233,99.64373619307291,C
12625,155.88,12,1,0.0004703770020886233,99.644206570075,C
261,155.88,12,9,0.0004703770020886233,99.64467694707709,C
21733,155.88,12,9,0.0004703770020886233,99.64514732407918,C
11744,155.88,12,1,0.0004703770020886233,99.64561770108126,C
22556,155.88,12,1,0.0004703770020886233,99.64608807808335,C
24334,155.88,12,1,0.0004703770020886233,99.64655845508544,C
24040,155.88,12,4,0.0004703770020886233,99.64702883208753,C
24685,155.88,12,1,0.0004703770020886233,99.64749920908962,C
24704,155.88,12,1,0.0004703770020886233,99.6479695860917,C
14432,155.88,12,1,0.0004703770020886233,99.6484399630938,C
43433,155.88,12,4,0.0004703770020886233,99.64891034009588,C
12378,155.88,12,2,0.0004703770020886233,99.64938071709797,C
38622,155.88,12,7,0.0004703770020886233,99.64985109410006,C
18732,155.88,12,1,0.0004703770020886233,99.65032147110215,C
22809,155.87,13,12,0.0004703468265047069,99.65079181792865,C
23765,155.87,13,8,0.0004703468265047069,99.65126216475515,C
114,155.76,24,20,0.0004700148950816266,99.65173217965024,C
41087,155.76,24,16,0.0004700148950816266,99.65220219454532,C
26828,155.74,26,7,0.0004699545439137939,99.65267214908924,C
28980,154.99,1,1,0.000467691375120065,99.65313984046436,C
18761,154.9,10,5,0.00046741979486481747,99.65360726025922,C
6383,154.69,31,7,0.00046678610760257335,99.65407404636683,C
14236,154.38,62,37,0.00046585066450116543,99.65453989703133,C
3628,153.92999999999998,7,6,0.00046449276322492797,99.65500438979456,C
10414,153.89000000000001,11,10,0.0004643720608892625,99.65546876185545,C
19526,153.89000000000001,11,10,0.0004643720608892625,99.65593313391634,C
22838,153.86,14,7,0.00046428153413751334,99.65639741545047,C
15812,153.78,22,15,0.0004640401294661823,99.65686145557994,C
23831,152.90999999999997,9,8,0.0004614148536654565,99.6573228704336,C
25537,152.90999999999997,9,7,0.0004614148536654565,99.65778428528726,C
18284,152.90999999999997,9,6,0.0004614148536654565,99.65824570014092,C
36069,151.98,2,2,0.00045860852436123276,99.65870430866528,C
20889,151.96,4,3,0.0004585481731934001,99.65916285683848,C
21837,151.92000000000002,8,3,0.0004584274708577345,99.65962128430934,C
8114,151.81,19,14,0.0004580955394346542,99.66007937984877,C
12218,151.81,19,13,0.0004580955394346542,99.6605374753882,C
24099,151.62,38,3,0.0004575222033402429,99.66099499759153,C
18000,151.62,38,27,0.0004575222033402429,99.66145251979486,C
5361,151.47,153,56,0.00045706956958149704,99.66190958936444,C
31502,150.96,24,2,0.0004555306148017614,99.66236511997924,C
20744,150.9,10,7,0.00045534956129826315,99.66282046954053,C
24574,149.97,3,3,0.0004525432319940392,99.66327301277254,C
39765,149.97,3,1,0.0004525432319940392,99.66372555600454,C
43667,149.97,3,1,0.0004525432319940392,99.66417809923654,C
24572,149.97,3,3,0.0004525432319940392,99.66463064246854,C
11274,149.97,3,2,0.0004525432319940392,99.66508318570054,C
14120,149.97,3,2,0.0004525432319940392,99.66553572893254,C
13860,149.97,3,2,0.0004525432319940392,99.66598827216454,C
43387,149.95,5,1,0.0004524828808262064,99.66644075504537,C
2427,149.95,5,3,0.0004524828808262064,99.6668932379262,C
25252,149.95,5,2,0.0004524828808262064,99.66734572080703,C
13530,149.94,6,3,0.0004524527052422901,99.66779817351228,C
5645,149.94,6,1,0.0004524527052422901,99.66825062621753,C
3599,149.94,6,1,0.0004524527052422901,99.66870307892277,C
46070,149.9,10,7,0.0004523320029066245,99.66915541092568,C
7838,149.9,10,8,0.0004523320029066245,99.66960774292859,C
20639,149.9,10,6,0.0004523320029066245,99.6700600749315,C
17138,149.88,12,2,0.0004522716517387917,99.67051234658324,C
20091,149.85,15,4,0.00045218112498704254,99.67096452770822,C
880,149.85,15,3,0.00045218112498704254,99.6714167088332,C
640,149.85,15,4,0.00045218112498704254,99.67186888995819,C
920,149.85,15,3,0.00045218112498704254,99.67232107108318,C
17059,149.85,15,13,0.00045218112498704254,99.67277325220816,C
38190,149.85,15,3,0.00045218112498704254,99.67322543333314,C
890,149.85,15,10,0.00045218112498704254,99.67367761445813,C
3508,149.75,25,3,0.0004518793691478787,99.67412949382728,C
8079,149.70000000000002,30,11,0.00045172849122829685,99.67458122231851,C
112,149.27,23,14,0.00045043094111989223,99.67503165325962,C
46163,149.26999999999998,23,6,0.0004504309411198921,99.67548208420074,C
13696,149.26999999999998,23,6,0.0004504309411198921,99.67593251514185,C
19595,147.98,2,1,0.00044653829079467844,99.67637905343264,C
24724,147.96,4,4,0.00044647793962684565,99.67682553137227,C
25084,147.95,5,4,0.0004464477640429292,99.67727197913632,C
18784,146.97,3,3,0.0004434905568191234,99.67771546969314,C
6159,146.97,3,3,0.0004434905568191234,99.67815896024996,C
14235,146.91,59,28,0.00044330950331562515,99.67860226975327,C
23542,146.86,14,7,0.0004431586253960432,99.67904542837867,C
39581,146.79000000000002,21,13,0.00044294739630862856,99.67948837577498,C
11389,145.98,2,1,0.0004405031740114012,99.67992887894899,C
21280,145.98,2,1,0.0004405031740114012,99.68036938212299,C
18624,145.98,2,1,0.0004405031740114012,99.680809885297,C
1240,145.96,4,2,0.0004404428228435685,99.68125032811984,C
5691,145.89000000000001,11,10,0.0004402315937561538,99.6816905597136,C
24144,144.98,2,2,0.0004374856156197626,99.68212804532922,C
21645,144.95,5,5,0.0004373950888680135,99.68256544041809,C
19045,144.95,5,3,0.0004373950888680135,99.68300283550695,C
40213,144.91,9,6,0.00043727438653234793,99.68344010989348,C
10122,143.94,6,4,0.0004343473548924585,99.68387445724838,C
23953,143.92,8,1,0.0004342870037246257,99.6843087442521,C
20554,143.92,8,2,0.0004342870037246257,99.68474303125583,C
22922,143.92,8,6,0.0004342870037246257,99.68517731825956,C
24273,143.91,9,5,0.0004342568281407094,99.6856115750877,C
23205,143.91,9,7,0.0004342568281407094,99.68604583191585,C
24513,143.88,12,1,0.0004341663013889602,99.68647999821724,C
18131,143.88,12,1,0.0004341663013889602,99.68691416451863,C
22629,143.88,12,1,0.0004341663013889602,99.68734833082002,C
13808,143.88,12,1,0.0004341663013889602,99.6877824971214,C
6258,143.88,12,4,0.0004341663013889602,99.68821666342279,C
19736,143.88,12,1,0.0004341663013889602,99.68865082972418,C
18976,143.88,12,1,0.0004341663013889602,99.68908499602557,C
26826,143.88,12,1,0.0004341663013889602,99.68951916232696,C
38107,143.88,12,2,0.0004341663013889602,99.68995332862835,C
7428,143.88,12,1,0.0004341663013889602,99.69038749492974,C
24717,143.88,12,1,0.0004341663013889602,99.69082166123113,C
15319,143.88,12,1,0.0004341663013889602,99.69125582753252,C
6592,143.84,16,12,0.00043404559905329464,99.69168987313157,C
40766,143.84,16,11,0.00043404559905329464,99.69212391873062,C
6140,143.82,18,15,0.00043398524788546184,99.6925579039785,C
7215,143.76,24,1,0.0004338041943819636,99.69299170817288,C
901,143.76,24,1,0.0004338041943819636,99.69342551236727,C
14670,143.76,24,2,0.0004338041943819636,99.69385931656166,C
16257,143.76,24,2,0.0004338041943819636,99.69429312075604,C
17040,143.76,24,8,0.0004338041943819636,99.69472692495043,C
21416,143.76,24,2,0.0004338041943819636,99.69516072914482,C
10724,143.7,30,5,0.0004336231408784652,99.6955943522857,C
14413,143.64000000000001,36,3,0.000433442087374967,99.69602779437307,C
12188,143.52,48,1,0.00043307998036797035,99.69646087435343,C
5463,142.89,11,7,0.000431178918581238,99.69689205327201,C
37708,142.87,13,2,0.0004311185674134052,99.69732317183943,C
840,142.87,13,9,0.0004311185674134052,99.69775429040685,C
21320,142.87,13,9,0.0004311185674134052,99.69818540897427,C
1242,142.87,13,8,0.0004311185674134052,99.69861652754169,C
18017,142.87,13,2,0.0004311185674134052,99.69904764610911,C
38412,141.86,14,12,0.00042807083343785027,99.69947571694254,C
7851,141.57,143,54,0.0004271957415042751,99.69990291268405,C
3892,140.64,36,11,0.0004243894122000511,99.70032730209626,C
25054,139.99,1,1,0.00042242799924548617,99.7007497300955,C
22429,139.98,2,2,0.00042239782366156964,99.70117212791915,C
1927,139.98,2,2,0.00042239782366156964,99.7015945257428,C
24341,139.98,2,1,0.00042239782366156964,99.70201692356646,C
25000,139.98,2,1,0.00042239782366156964,99.70243932139012,C
38244,139.96,4,3,0.0004223374724937369,99.70286165886262,C
24495,139.96,4,4,0.0004223374724937369,99.70328399633512,C
22533,139.96,4,3,0.0004223374724937369,99.70370633380762,C
3440,139.95,5,2,0.0004223072969098205,99.70412864110453,C
7750,139.95,5,5,0.0004223072969098205,99.70455094840145,C
12351,139.93,7,4,0.0004222469457419878,99.7049731953472,C
20659,139.92999999999998,7,3,0.0004222469457419877,99.70539544229294,C
11296,139.9,10,9,0.00042215641899023864,99.70581759871193,C
16947,139.9,10,9,0.00042215641899023864,99.70623975513092,C
844,139.86,14,13,0.00042203571665457305,99.70666179084758,C
14341,139.86,14,9,0.00042203571665457305,99.70708382656423,C
3160,139.86,14,12,0.00042203571665457305,99.70750586228088,C
869,139.86,14,12,0.00042203571665457305,99.70792789799754,C
23496,137.97,3,3,0.00041633253129437617,99.70834423052882,C
41081,137.93,7,6,0.00041621182895871064,99.70876044235779,C
6952,137.92999999999998,7,7,0.0004162118289587106,99.70917665418675,C
20532,137.9,10,6,0.0004161213022069614,99.70959277548896,C
42256,137.54,26,4,0.0004150349811859715,99.71000781047015,C
21769,137.06,14,2,0.000413586553157985,99.7104213970233,C
5515,137.06,14,10,0.000413586553157985,99.71083498357645,C
22043,136.44,36,2,0.0004117156669551691,99.7112466992434,C
42753,136.44,36,2,0.0004117156669551691,99.71165841491036,C
304,135.96,4,4,0.0004102672389271826,99.7120686821493,C
18619,135.96,4,4,0.0004102672389271826,99.71247894938823,C
46374,135.92,8,1,0.000410146536591517,99.71288909592482,C
44993,135.84,16,10,0.00040990513192018594,99.71329900105674,C
16426,135.83,17,7,0.0004098749563362696,99.71370887601307,C
21674,134.95,5,4,0.00040721950495162755,99.71411609551802,C
23332,134.95,5,5,0.00040721950495162755,99.71452331502297,C
372,134.94,6,1,0.00040718932936771124,99.71493050435234,C
20118,134.91,9,2,0.0004070988026159621,99.71533760315495,C
116,134.91,9,3,0.0004070988026159621,99.71574470195756,C
881,134.85,15,11,0.0004069177491124637,99.71615161970668,C
18344,134.85,15,12,0.0004069177491124637,99.7165585374558,C
16239,134.73000000000002,27,7,0.00040655564210546717,99.7169650930979,C
36198,134.73,27,8,0.00040655564210546706,99.71737164874,C
23414,134.45999999999998,54,6,0.0004057409013397247,99.71777738964134,C
23772,133.99,1,1,0.0004043226488956546,99.71818171229023,C
23781,133.99,1,1,0.0004043226488956546,99.71858603493912,C
18093,133.98,2,2,0.00040429247331173816,99.71899032741243,C
23121,132.95,5,4,0.00040118438816835034,99.7193915118006,C
24939,132.93,7,5,0.00040112403700051766,99.71979263583759,C
25535,132.92999999999998,7,7,0.00040112403700051755,99.72019375987459,C
21086,132.81,19,7,0.000400761929993521,99.72059452180459,C
21884,132.62,38,9,0.00040018859389910974,99.72099471039849,C
19951,131.98,2,2,0.00039825735652846095,99.72139296775501,C
25064,131.97,3,3,0.0003982271809445446,99.72179119493595,C
17529,131.97,3,3,0.0003982271809445446,99.72218942211688,C
19308,131.96,4,2,0.0003981970053606282,99.72258761912225,C
25082,131.94,6,4,0.0003981366541927954,99.72298575577645,C
866,131.94,6,3,0.0003981366541927954,99.72338389243065,C
37921,131.94,6,4,0.0003981366541927954,99.72378202908484,C
249,131.94,6,6,0.0003981366541927954,99.72418016573904,C
22966,131.94,6,6,0.0003981366541927954,99.72457830239324,C
16127,131.9,10,8,0.00039801595185712994,99.7249763183451,C
21424,131.89000000000001,11,5,0.0003979857762732136,99.72537430412137,C
8017,131.88,12,1,0.0003979556006892971,99.72577225972206,C
12768,131.88,12,1,0.0003979556006892971,99.72617021532275,C
13920,131.88,12,1,0.0003979556006892971,99.72656817092344,C
37794,131.88,12,9,0.0003979556006892971,99.72696612652413,C
19807,131.88,12,1,0.0003979556006892971,99.72736408212482,C
18173,131.88,12,1,0.0003979556006892971,99.72776203772551,C
17332,131.88,12,1,0.0003979556006892971,99.7281599933262,C
41864,131.88,12,10,0.0003979556006892971,99.72855794892689,C
19652,131.88,12,1,0.0003979556006892971,99.72895590452758,C
41132,131.88,12,1,0.0003979556006892971,99.72935386012827,C
19936,131.88,12,1,0.0003979556006892971,99.72975181572896,C
22918,131.88,12,1,0.0003979556006892971,99.73014977132965,C
43789,131.88,12,1,0.0003979556006892971,99.73054772693034,C
19275,131.88,12,1,0.0003979556006892971,99.73094568253103,C
37166,131.88,12,1,0.0003979556006892971,99.73134363813172,C
19497,131.88,12,1,0.0003979556006892971,99.73174159373241,C
15572,131.88,12,1,0.0003979556006892971,99.7321395493331,C
19543,131.88,12,1,0.0003979556006892971,99.73253750493379,C
226,131.88,12,12,0.0003979556006892971,99.73293546053448,C
13921,131.88,12,1,0.0003979556006892971,99.73333341613517,C
21268,131.88,12,8,0.0003979556006892971,99.73373137173586,C
6365,131.88,12,1,0.0003979556006892971,99.73412932733655,C
6545,129.99,1,1,0.00039225241532910027,99.73452157975187,C
1253,129.98,2,2,0.0003922222397451838,99.73491380199161,C
23425,129.98,2,2,0.0003922222397451838,99.73530602423135,C
17758,129.95,5,3,0.0003921317129934347,99.73569815594435,C
713,129.95,5,5,0.0003921317129934347,99.73609028765735,C
46132,129.9,10,7,0.00039198083507385273,99.73648226849242,C
22808,129.9,10,7,0.00039198083507385273,99.7368742493275,C
4340,129.9,10,8,0.00039198083507385273,99.73726623016258,C
23201,129.87,13,4,0.00039189030832210357,99.7376581204709,C
21300,129.87,13,10,0.00039189030832210357,99.73805001077922,C
13823,129.87,13,2,0.00039189030832210357,99.73844190108754,C
24926,129.87,13,11,0.00039189030832210357,99.73883379139586,C
46164,129.8,20,4,0.0003916790792346889,99.73922547047509,C
2750,128.97,3,3,0.0003891745057696288,99.73961464498086,C
19488,128.81,19,11,0.00038869169642696664,99.74000333667729,C
3705,128.7,130,3,0.00038835976500388637,99.74039169644229,C
21017,127.94,6,6,0.0003860664206262411,99.74077776286292,C
8460,127.92,8,2,0.0003860060694584083,99.74116376893238,C
14652,127.92,8,5,0.0003860060694584083,99.74154977500184,C
28155,127.92,8,5,0.0003860060694584083,99.7419357810713,C
11640,127.92,8,2,0.0003860060694584083,99.74232178714077,C
21411,127.92,8,6,0.0003860060694584083,99.74270779321023,C
23798,127.92,8,6,0.0003860060694584083,99.74309379927969,C
21753,127.84,16,5,0.00038576466478707725,99.74347956394448,C
24546,127.68,32,15,0.0003852818554444151,99.74386484579992,C
18271,126.99,1,1,0.00038319974015418444,99.74424804554008,C
33209,126.96,24,2,0.00038310921340243523,99.74463115475348,C
19968,125.99,1,1,0.00038018218176254584,99.74501133693524,C
19967,125.99,1,1,0.00038018218176254584,99.74539151911699,C
22643,125.98,2,2,0.00038015200617862947,99.74577167112317,C
20041,125.98,2,2,0.00038015200617862947,99.74615182312934,C
23192,125.98,2,2,0.00038015200617862947,99.74653197513551,C
24477,125.98,2,1,0.00038015200617862947,99.74691212714168,C
405,125.97,3,1,0.00038012183059471305,99.74729224897227,C
19502,125.97,3,3,0.00038012183059471305,99.74767237080286,C
19586,125.97,3,2,0.00038012183059471305,99.74805249263345,C
18385,125.94,6,1,0.00038003130384296394,99.7484325239373,C
21386,125.93999999999998,6,5,0.0003800313038429639,99.74881255524114,C
17528,125.93,7,3,0.00038000112825904757,99.74919255636941,C
45565,125.93,7,1,0.00038000112825904757,99.74957255749767,C
24754,125.91,9,6,0.0003799407770912147,99.74995249827477,C
23021,125.91,9,9,0.0003799407770912147,99.75033243905186,C
24124,125.86,14,12,0.00037978989917163283,99.75071222895103,C
8908,125.82,18,2,0.0003796691968359673,99.75109189814786,C
6919,125.82,18,1,0.0003796691968359673,99.7514715673447,C
19971,124.99,1,1,0.00037716462337090723,99.75184873196807,C
11918,124.99,1,1,0.00037716462337090723,99.75222589659144,C
19610,124.99,1,1,0.00037716462337090723,99.75260306121481,C
24706,124.94999999999999,5,4,0.00037704392103524165,99.75298010513585,C
25184,124.94999999999999,5,5,0.00037704392103524165,99.75335714905688,C
18797,124.9,10,3,0.0003768930431156598,99.75373404209999,C
23242,124.37,13,4,0.00037529373716809134,99.75410933583716,C
35290,123.31,19,10,0.0003720951252729544,99.75448143096243,C
23747,122.97,3,2,0.00037106915541979733,99.75485250011785,C
22928,120.94,6,6,0.00036494351188477096,99.75521744362973,C
45992,120.89,11,6,0.000364792633965189,99.75558223626369,C
44859,120.89,11,4,0.000364792633965189,99.75594702889765,C
25528,119.99,1,1,0.0003620768314127143,99.75630910572906,C
2943,119.99,1,1,0.0003620768314127143,99.75667118256047,C
24696,119.99,1,1,0.0003620768314127143,99.75703325939187,C
10910,119.98,2,2,0.00036204665582879794,99.7573953060477,C
24723,119.98,2,1,0.00036204665582879794,99.75775735270352,C
18199,119.98,2,1,0.00036204665582879794,99.75811939935934,C
20661,119.98,2,1,0.00036204665582879794,99.75848144601517,C
25067,119.98,2,2,0.00036204665582879794,99.75884349267099,C
4010,119.98,2,2,0.00036204665582879794,99.75920553932681,C
4354,119.98,2,1,0.00036204665582879794,99.75956758598264,C
23291,119.98,2,1,0.00036204665582879794,99.75992963263846,C
22105,119.97,3,3,0.0003620164802448815,99.7602916491187,C
24170,119.97,3,3,0.0003620164802448815,99.76065366559894,C
24411,119.97,3,2,0.0003620164802448815,99.76101568207918,C
25002,119.97,3,3,0.0003620164802448815,99.76137769855941,C
8261,119.97,3,2,0.0003620164802448815,99.76173971503965,C
25063,119.97,3,2,0.0003620164802448815,99.76210173151989,C
23494,119.96,4,2,0.00036198630466096514,99.76246371782456,C
22599,119.96,4,3,0.00036198630466096514,99.76282570412923,C
25008,119.96,4,3,0.00036198630466096514,99.7631876904339,C
24415,119.96,4,3,0.00036198630466096514,99.76354967673856,C
25069,119.96,4,4,0.00036198630466096514,99.76391166304323,C
3022,119.96,4,1,0.00036198630466096514,99.7642736493479,C
16585,119.96,4,3,0.00036198630466096514,99.76463563565257,C
39797,119.94999999999999,5,3,0.0003619561290770487,99.76499759178165,C
20129,119.94999999999999,5,4,0.0003619561290770487,99.76535954791073,C
749,119.94,6,5,0.0003619259534931324,99.76572147386423,C
35910,119.94,6,4,0.0003619259534931324,99.76608339981773,C
33734,119.94,6,4,0.0003619259534931324,99.76644532577123,C
34803,119.94,6,6,0.0003619259534931324,99.76680725172473,C
3646,119.94,6,1,0.0003619259534931324,99.76716917767823,C
7680,119.93999999999998,6,5,0.0003619259534931323,99.76753110363173,C
20980,119.93999999999998,6,5,0.0003619259534931323,99.76789302958522,C
3711,119.92,8,3,0.0003618656023252996,99.76825489518755,C
24052,119.92,8,7,0.0003618656023252996,99.76861676078988,C
16190,119.92,8,4,0.0003618656023252996,99.76897862639221,C
22898,119.9,10,6,0.0003618052511574669,99.76934043164337,C
19414,119.9,10,9,0.0003618052511574669,99.76970223689453,C
25160,119.9,10,10,0.0003618052511574669,99.77006404214569,C
43393,119.9,10,3,0.0003618052511574669,99.77042584739685,C
17988,119.9,10,4,0.0003618052511574669,99.77078765264801,C
44781,119.88000000000001,12,2,0.00036174489998963414,99.771149397548,C
835,119.88,12,1,0.0003617448999896341,99.77151114244799,C
24494,119.88,12,1,0.0003617448999896341,99.77187288734798,C
21526,119.88,12,1,0.0003617448999896341,99.77223463224797,C
22388,119.88,12,1,0.0003617448999896341,99.77259637714796,C
40666,119.88,12,1,0.0003617448999896341,99.77295812204795,C
18309,119.88,12,5,0.0003617448999896341,99.77331986694794,C
17367,119.88,12,1,0.0003617448999896341,99.77368161184793,C
845,119.88,12,10,0.0003617448999896341,99.77404335674792,C
23894,119.88,12,1,0.0003617448999896341,99.77440510164791,C
24476,119.88,12,11,0.0003617448999896341,99.7747668465479,C
16863,119.88,12,1,0.0003617448999896341,99.7751285914479,C
37722,119.88,12,1,0.0003617448999896341,99.77549033634789,C
14357,119.88,12,6,0.0003617448999896341,99.77585208124788,C
45214,119.88,12,1,0.0003617448999896341,99.77621382614787,C
10701,119.88,12,9,0.0003617448999896341,99.77657557104786,C
21504,119.88,12,1,0.0003617448999896341,99.77693731594785,C
8008,119.88,12,10,0.0003617448999896341,99.77729906084784,C
34501,119.88,12,1,0.0003617448999896341,99.77766080574783,C
17470,119.88,12,1,0.0003617448999896341,99.77802255064782,C
17017,119.88,12,1,0.0003617448999896341,99.77838429554781,C
40220,119.88,12,1,0.0003617448999896341,99.7787460404478,C
18384,119.88,12,1,0.0003617448999896341,99.77910778534779,C
46090,119.85000000000001,15,3,0.0003616543732378849,99.77946943972103,C
44302,119.85,15,7,0.00036165437323788487,99.77983109409426,C
24051,119.80000000000001,20,15,0.000361503495318303,99.78019259758958,C
17911,119.8,20,5,0.00036150349531830297,99.78055410108489,C
8063,119.4,60,40,0.0003602964719616476,99.78091439755686,C
2858,118.92999999999999,7,3,0.0003588782195175774,99.78127327577637,C
23066,118.92999999999999,7,2,0.0003588782195175774,99.78163215399589,C
4387,118.86,14,12,0.00035866699043016274,99.78199082098632,C
37100,117.98,2,1,0.0003560115390455208,99.78234683252536,C
20685,117.98,2,2,0.0003560115390455208,99.7827028440644,C
21473,117.98,2,1,0.0003560115390455208,99.78305885560344,C
2976,117.92999999999999,7,4,0.00035586066112593877,99.78341471626457,C
23792,117.48,12,1,0.00035450275984970147,99.78376921902442,C
38529,116.97,3,1,0.00035296380506996575,99.78412218282949,C
25376,116.97,3,1,0.00035296380506996575,99.78447514663456,C
20772,116.97,3,2,0.00035296380506996575,99.78482811043963,C
23236,116.97,3,2,0.00035296380506996575,99.7851810742447,C
23543,116.91,9,4,0.0003527827515664674,99.78553385699627,C
46065,116.91,9,9,0.0003527827515664674,99.78588663974783,C
536,116.91,9,7,0.0003527827515664674,99.78623942249939,C
780,116.91,9,8,0.0003527827515664674,99.78659220525095,C
20420,116.91,9,5,0.0003527827515664674,99.78694498800252,C
25199,116.91,9,7,0.0003527827515664674,99.78729777075408,C
25319,116.91,9,6,0.0003527827515664674,99.78765055350564,C
23925,116.87,13,8,0.00035266204923080195,99.78800321555487,C
700,116.05999999999999,14,12,0.0003502178269335746,99.7883534333818,C
20854,115.98,2,1,0.00034997642226224356,99.78870340980406,C
19594,115.96,4,2,0.00034991607109441077,99.78905332587514,C
278,115.96,4,1,0.00034991607109441077,99.78940324194623,C
918,115.92,8,4,0.00034979536875874524,99.789753037315,C
16430,115.80000000000001,20,5,0.00034943326175174865,99.79010247057674,C
23592,114.99,1,1,0.0003469890394545214,99.7904494596162,C
14265,114.94999999999999,5,5,0.0003468683371188558,99.79079632795332,C
24136,114.94999999999999,5,4,0.0003468683371188558,99.79114319629043,C
23186,114.94999999999999,5,4,0.0003468683371188558,99.79149006462755,C
21087,113.98,2,2,0.0003439413054789664,99.79183400593303,C
13606,113.97,3,1,0.00034391112989505003,99.79217791706292,C
2215,113.94,6,5,0.0003438206031433008,99.79252173766606,C
23538,113.94,6,1,0.0003438206031433008,99.79286555826921,C
9191,112.86,114,51,0.00034056164008033115,99.7932061199093,C
17384,112.47,3,2,0.0003393847923075921,99.79354550470161,C
15020,112.35,15,5,0.0003390226853005955,99.79388452738691,C
945,111.96,4,4,0.00033784583752785645,99.79422237322443,C
36571,111.96,4,2,0.00033784583752785645,99.79456021906195,C
22644,111.96,4,2,0.00033784583752785645,99.79489806489947,C
21426,111.94999999999999,5,5,0.00033781566194394,99.79523588056142,C
20174,111.93,7,7,0.0003377553107761073,99.7955736358722,C
18880,111.92,8,5,0.0003377251351921909,99.7959113610074,C
25106,110.97,3,3,0.0003348584547201342,99.79624621946212,C
23203,110.91,9,9,0.0003346774012166359,99.79658089686333,C
4141,110.88000000000001,112,49,0.0003345868744648868,99.79691548373779,C
45129,109.98,2,1,0.00033187107191241203,99.7972473548097,C
25007,109.98,2,2,0.00033187107191241203,99.7975792258816,C
22049,109.98,2,2,0.00033187107191241203,99.79791109695351,C
24860,109.98,2,2,0.00033187107191241203,99.79824296802542,C
12199,109.98,2,2,0.00033187107191241203,99.79857483909733,C
25004,109.94999999999999,5,4,0.0003317805451606628,99.7989066196425,C
18938,109.9,10,7,0.0003316296672410809,99.79923824930974,C
4322,109.9,10,7,0.0003316296672410809,99.79956987897698,C
842,109.9,10,8,0.0003316296672410809,99.79990150864423,C
20550,109.9,10,8,0.0003316296672410809,99.80023313831147,C
20549,109.9,10,7,0.0003316296672410809,99.80056476797871,C
16749,109.9,10,8,0.0003316296672410809,99.80089639764596,C
17914,109.9,10,9,0.0003316296672410809,99.8012280273132,C
38526,109.9,10,6,0.0003316296672410809,99.80155965698044,C
17938,109.89,11,11,0.00033159949165716455,99.8018912564721,C
4331,109.89,11,10,0.00033159949165716455,99.80222285596376,C
25146,109.78,22,13,0.0003312675602340843,99.80255412352399,C
22906,108.11,19,4,0.0003262282377200479,99.80288035176171,C
20428,107.98,2,1,0.00032583595512913487,99.80320618771684,C
2614,107.98,2,2,0.00032583595512913487,99.80353202367196,C
23411,107.96,4,4,0.000325775603961302,99.80385779927592,C
25137,107.94,6,6,0.0003257152527934693,99.80418351452872,C
3432,107.94,6,5,0.0003257152527934693,99.80450922978152,C
11148,107.94,6,1,0.0003257152527934693,99.80483494503432,C
22793,107.88,12,1,0.00032553419928997096,99.8051604792336,C
46508,107.88,12,2,0.00032553419928997096,99.8054860134329,C
13583,107.88,12,1,0.00032553419928997096,99.80581154763219,C
15188,107.88,12,1,0.00032553419928997096,99.80613708183148,C
17706,107.88,12,1,0.00032553419928997096,99.80646261603077,C
1408,107.88,12,9,0.00032553419928997096,99.80678815023006,C
39840,107.88,12,1,0.00032553419928997096,99.80711368442935,C
22620,107.88,12,8,0.00032553419928997096,99.80743921862864,C
8634,107.88,12,10,0.00032553419928997096,99.80776475282794,C
38318,107.88,12,1,0.00032553419928997096,99.80809028702723,C
14190,107.88,12,1,0.00032553419928997096,99.80841582122652,C
19370,107.82,18,6,0.00032535314578647264,99.8087411743723,C
18363,107.82,18,5,0.00032535314578647264,99.80906652751808,C
19849,106.93,17,11,0.00032266751881791436,99.8093891950369,C
23825,106.92,8,6,0.00032263734323399794,99.80971183238013,C
24260,105.98,2,1,0.0003198008383458577,99.81003163321847,C
19695,104.97,3,2,0.0003167531043703027,99.81034838632284,C
40436,104.93,7,3,0.00031663240203463715,99.81066501872488,C
24125,104.93,7,6,0.00031663240203463715,99.81098165112691,C
23935,104.93,7,6,0.00031663240203463715,99.81129828352894,C
17520,104.65,35,6,0.0003157874856849784,99.81161407101463,C
6633,104.39,11,9,0.0003150029205031523,99.81192907393513,C
18937,103.96,4,3,0.0003137053703947477,99.81224277930552,C
24692,103.92,8,7,0.00031358466805908223,99.81255636397358,C
161,103.92,8,7,0.00031358466805908223,99.81286994864165,C
3361,103.92,8,6,0.00031358466805908223,99.81318353330971,C
18639,103.92,8,5,0.00031358466805908223,99.81349711797778,C
905,103.92,8,5,0.00031358466805908223,99.81381070264584,C
3402,103.92,8,6,0.00031358466805908223,99.8141242873139,C
15349,103.87,13,10,0.0003134337901395003,99.81443772110404,C
113,103.84,16,13,0.0003133432633877511,99.81475106436743,C
16559,102.93,7,6,0.00031059728525136,99.81506166165268,C
19062,101.98,2,2,0.00030773060477930333,99.81536939225745,C
22621,101.97,3,2,0.0003077004291953869,99.81567709268664,C
19201,101.94,6,1,0.00030760990244363775,99.81598470258909,C
587,101.94,6,4,0.00030760990244363775,99.81629231249154,C
14638,101.94,6,4,0.00030760990244363775,99.81659992239399,C
15192,101.92,8,7,0.000307549551275805,99.81690747194527,C
15058,101.91,9,8,0.0003075193756918886,99.81721499132097,C
20842,101.88,12,1,0.00030742884894013943,99.81752242016991,C
34646,101.88,12,1,0.00030742884894013943,99.81782984901885,C
15366,101.88,12,1,0.00030742884894013943,99.81813727786779,C
44338,101.88,12,1,0.00030742884894013943,99.81844470671673,C
735,101.43,7,3,0.0003060709476639021,99.81875077766439,C
5371,100.98,102,36,0.00030471304638766473,99.81905549071078,C
36769,100.88,12,6,0.0003044112905485008,99.81935990200132,C
44651,99.99,1,1,0.00030172566357994254,99.8196616276649,C
1032,99.99,1,1,0.00030172566357994254,99.81996335332848,C
1404,99.99,1,1,0.00030172566357994254,99.82026507899205,C
25056,99.99,1,1,0.00030172566357994254,99.82056680465563,C
24159,99.99,1,1,0.00030172566357994254,99.8208685303192,C
21339,99.99,1,1,0.00030172566357994254,99.82117025598278,C
25156,99.98,2,1,0.0003016954879960261,99.82147195147077,C
3461,99.98,2,2,0.0003016954879960261,99.82177364695876,C
24473,99.98,2,2,0.0003016954879960261,99.82207534244675,C
21830,99.98,2,2,0.0003016954879960261,99.82237703793474,C
22787,99.98,2,2,0.0003016954879960261,99.82267873342273,C
123,99.98,2,2,0.0003016954879960261,99.82298042891072,C
46140,99.98,2,1,0.0003016954879960261,99.82328212439872,C
14277,99.98,2,2,0.0003016954879960261,99.82358381988671,C
21481,99.98,2,1,0.0003016954879960261,99.8238855153747,C
2715,99.98,2,2,0.0003016954879960261,99.82418721086269,C
19427,99.98,2,1,0.0003016954879960261,99.82448890635068,C
39736,99.98,2,2,0.0003016954879960261,99.82479060183867,C
19417,99.98,2,2,0.0003016954879960261,99.82509229732666,C
19049,99.98,2,2,0.0003016954879960261,99.82539399281465,C
24585,99.96,4,4,0.00030163513682819333,99.82569562795148,C
14013,99.96,4,4,0.00030163513682819333,99.8259972630883,C
22323,99.96,4,2,0.00030163513682819333,99.82629889822512,C
29676,99.94999999999999,5,5,0.00030160496124427696,99.82660050318637,C
25139,99.94999999999999,5,4,0.00030160496124427696,99.82690210814762,C
19216,99.94999999999999,5,4,0.00030160496124427696,99.82720371310887,C
19789,99.94999999999999,5,5,0.00030160496124427696,99.82750531807012,C
836,99.9,10,10,0.00030145408332469506,99.82780677215345,C
19070,99.9,10,5,0.00030145408332469506,99.82810822623678,C
827,99.9,10,9,0.00030145408332469506,99.8284096803201,C
15914,99.75,25,3,0.00030100144956594926,99.82871068176968,C
715,99.47999999999999,12,10,0.0003001867088002068,99.82901086847848,C
23322,98.99,1,1,0.00029870810518830394,99.82930957658367,C
5610,98.97,3,2,0.0002986477540204712,99.82960822433769,C
33971,98.97,3,3,0.0002986477540204712,99.82990687209171,C
22934,98.97,3,3,0.0002986477540204712,99.83020551984573,C
18781,98.91000000000001,9,7,0.0002984667005169729,99.83050398654625,C
8570,98.91,9,9,0.0002984667005169728,99.83080245324676,C
19056,98.89,11,8,0.0002984063493491401,99.8311008595961,C
10374,98.89,11,7,0.0002984063493491401,99.83139926594545,C
7902,98.01,99,28,0.0002957508979644981,99.83169501684341,C
23099,97.98,2,1,0.00029566037121274896,99.83199067721462,C
1985,97.98,2,2,0.00029566037121274896,99.83228633758583,C
14126,97.93,7,4,0.00029550949329316706,99.83258184707913,C
11340,97.93,7,6,0.00029550949329316706,99.83287735657242,C
6957,97.93,7,6,0.00029550949329316706,99.83317286606572,C
13703,97.35,15,7,0.00029375930942601665,99.83346662537515,C
23309,96.99,1,1,0.0002926729884050267,99.83375929836356,C
17816,96.69,11,1,0.00029176772088753517,99.83405106608444,C
23593,95.99,1,1,0.0002896554300133881,99.83434072151445,C
22173,95.98,2,2,0.0002896252544294718,99.83463034676888,C
23321,95.97,3,3,0.0002895950788455554,99.83491994184772,C
23144,95.97,3,2,0.0002895950788455554,99.83520953692656,C
41634,95.97,3,3,0.0002895950788455554,99.8354991320054,C
23603,95.96,4,4,0.000289564903261639,99.83578869690865,C
23354,95.94,6,2,0.00028950455209380627,99.83607820146075,C
21296,95.94,6,3,0.00028950455209380627,99.83636770601285,C
21039,95.94,6,1,0.00028950455209380627,99.83665721056495,C
16586,95.94,6,5,0.00028950455209380627,99.83694671511705,C
24663,95.94,6,6,0.00028950455209380627,99.83723621966915,C
13255,95.94,6,5,0.00028950455209380627,99.83752572422125,C
21366,95.93,7,7,0.00028947437650988985,99.83781519859777,C
12268,95.88,12,1,0.00028932349859030795,99.83810452209636,C
23905,95.88,12,1,0.00028932349859030795,99.83839384559495,C
18299,95.88,12,1,0.00028932349859030795,99.83868316909354,C
32987,95.88,12,1,0.00028932349859030795,99.83897249259213,C
44709,95.88,12,1,0.00028932349859030795,99.83926181609073,C
43543,95.88,12,2,0.00028932349859030795,99.83955113958932,C
36653,95.88,12,10,0.00028932349859030795,99.83984046308791,C
32543,95.88,12,1,0.00028932349859030795,99.8401297865865,C
885,95.88,12,1,0.00028932349859030795,99.8404191100851,C
21099,95.88,12,7,0.00028932349859030795,99.84070843358369,C
8207,95.76,24,2,0.0002889613915833113,99.84099739497528,C
39995,95.76,24,2,0.0002889613915833113,99.84128635636687,C
39996,95.76,24,2,0.0002889613915833113,99.84157531775845,C
46059,95.76,24,1,0.0002889613915833113,99.84186427915004,C
41172,95.76,24,1,0.0002889613915833113,99.84215324054163,C
18414,95.76,24,2,0.0002889613915833113,99.84244220193322,C
28313,95.76,24,2,0.0002889613915833113,99.84273116332481,C
19955,94.99,1,1,0.00028663787162174956,99.84301780119644,C
1090,94.94999999999999,5,4,0.000286517169286084,99.84330431836572,C
23436,94.94999999999999,5,4,0.000286517169286084,99.84359083553501,C
19959,94.94999999999999,5,3,0.000286517169286084,99.8438773527043,C
20508,94.94999999999999,5,4,0.000286517169286084,99.84416386987358,C
21159,94.94999999999999,5,3,0.000286517169286084,99.84445038704287,C
19809,93.98,2,2,0.0002835901376461946,99.84473397718051,C
14973,93.98,2,2,0.0002835901376461946,99.84501756731815,C
298,93.39,11,4,0.0002818097781951278,99.84529937709635,C
15899,92.99,1,1,0.0002806027548384724,99.8455799798512,C
4348,92.94,6,1,0.00028045187691889045,99.84586043172811,C
1107,91.98,2,2,0.0002775550208629174,99.84613798674897,C
6046,91.98,2,2,0.0002775550208629174,99.84641554176983,C
18569,91.98,2,1,0.0002775550208629174,99.84669309679069,C
2703,91.96,4,4,0.00027749466969508464,99.84697059146038,C
15470,91.96,4,2,0.00027749466969508464,99.84724808613007,C
41170,91.77000000000001,23,6,0.00027692133360067336,99.84752500746366,C
42752,90.96,24,2,0.00027447711130344603,99.84779948457496,C
10733,90.93,7,7,0.0002743865845516969,99.84807387115951,C
886,90.93,7,5,0.0002743865845516969,99.84834825774406,C
19906,90.86999999999999,13,2,0.0002742055310481986,99.8486224632751,C
2349,89.99,1,1,0.00027155007966355664,99.84889401335477,C
23040,89.99,1,1,0.00027155007966355664,99.84916556343443,C
22538,89.99,1,1,0.00027155007966355664,99.84943711351409,C
22426,89.99,1,1,0.00027155007966355664,99.84970866359374,C
20883,89.99,1,1,0.00027155007966355664,99.8499802136734,C
25206,89.99,1,1,0.00027155007966355664,99.85025176375306,C
1274,89.98,2,2,0.00027151990407964027,99.85052328365714,C
15507,89.98,2,2,0.00027151990407964027,99.85079480356121,C
465,89.98,2,2,0.00027151990407964027,99.85106632346529,C
43900,89.98,2,2,0.00027151990407964027,99.85133784336936,C
16281,89.97,3,2,0.00027148972849572384,99.85160933309785,C
194,89.97,3,2,0.00027148972849572384,99.85188082282635,C
13791,89.97,3,1,0.00027148972849572384,99.85215231255484,C
24533,89.97,3,3,0.00027148972849572384,99.85242380228333,C
22324,89.97,3,2,0.00027148972849572384,99.85269529201182,C
19796,89.97,3,3,0.00027148972849572384,99.8529667817403,C
25588,89.97,3,1,0.00027148972849572384,99.8532382714688,C
31194,89.96,4,3,0.0002714595529118075,99.8535097310217,C
20376,89.94999999999999,5,2,0.00027142937732789105,99.85378116039902,C
24410,89.94999999999999,5,4,0.00027142937732789105,99.85405258977634,C
23495,89.94999999999999,5,3,0.00027142937732789105,99.85432401915367,C
6916,89.94,6,4,0.0002713992017439747,99.85459541835542,C
229,89.94,6,1,0.0002713992017439747,99.85486681755717,C
3084,89.94,6,5,0.0002713992017439747,99.85513821675892,C
16649,89.94,6,6,0.0002713992017439747,99.85540961596067,C
14370,89.94,6,1,0.0002713992017439747,99.85568101516242,C
530,89.94,6,6,0.0002713992017439747,99.85595241436417,C
17289,89.94,6,3,0.0002713992017439747,99.85622381356592,C
22097,89.94,6,1,0.0002713992017439747,99.85649521276767,C
2939,89.94,6,5,0.0002713992017439747,99.85676661196942,C
19944,89.91000000000001,9,5,0.0002713086749922256,99.85703792064442,C
21622,89.91,9,9,0.0002713086749922255,99.85730922931941,C
549,89.9,10,10,0.0002712784994083092,99.85758050781882,C
43499,89.88,12,1,0.00027121814824047636,99.85785172596707,C
35855,89.88,12,1,0.00027121814824047636,99.85812294411531,C
11743,89.88,12,1,0.00027121814824047636,99.85839416226355,C
17065,89.85000000000001,15,13,0.00027112762148872726,99.85866528988504,C
2784,88.10999999999999,9,7,0.00026587706988727606,99.85893116695493,C
18697,87.99,1,1,0.0002655149628802794,99.85919668191781,C
17615,87.96,4,2,0.0002654244361285303,99.85946210635393,C
24191,87.96,4,3,0.0002654244361285303,99.85972753079005,C
5273,87.89,11,9,0.00026521320704111557,99.8599927439971,C
24095,87.78,22,2,0.00026488127561803535,99.86025762527271,C
24046,87.48,12,5,0.0002639760081005438,99.86052160128081,C
13418,87.48,12,1,0.0002639760081005438,99.86078557728891,C
244,86.97,3,2,0.0002624370533208081,99.86104801434223,C
25058,86.97,3,3,0.0002624370533208081,99.86131045139555,C
11077,86.97,3,3,0.0002624370533208081,99.86157288844888,C
42115,86.94,6,6,0.0002623465265690589,99.86183523497544,C
20218,86.93,7,2,0.0002623163509851426,99.86209755132643,C
24183,85.99,1,1,0.00025947984609700226,99.86235703117252,C
10864,85.99,1,1,0.00025947984609700226,99.86261651101862,C
19604,85.98,2,2,0.0002594496705130859,99.86287596068912,C
36067,85.98,2,2,0.0002594496705130859,99.86313541035963,C
19632,85.98,2,1,0.0002594496705130859,99.86339486003014,C
22700,84.99,1,1,0.0002564622877053637,99.86365132231785,C
45871,84.9,10,9,0.00025619070745011623,99.8639075130253,C
11420,84.83000000000001,17,4,0.00025597947836270154,99.86416349250366,C
6343,84.83000000000001,17,3,0.00025597947836270154,99.86441947198203,C
18853,84.37,13,8,0.00025459140150254776,99.86467406338353,C
108,84.37,13,11,0.00025459140150254776,99.86492865478503,C
111,84.37,13,12,0.00025459140150254776,99.86518324618653,C
25107,83.98,2,2,0.00025341455372980873,99.86543666074026,C
19824,83.98,2,1,0.00025341455372980873,99.86569007529398,C
3742,83.97,3,3,0.00025338437814589236,99.86594345967212,C
19430,83.96,4,4,0.0002533542025619759,99.86619681387468,C
38641,83.94,6,1,0.00025329385139414315,99.86645010772608,C
23899,83.94,6,1,0.00025329385139414315,99.86670340157748,C
22927,83.94,6,2,0.00025329385139414315,99.86695669542888,C
12575,83.94,6,3,0.00025329385139414315,99.86720998928028,C
12539,83.94,6,4,0.00025329385139414315,99.86746328313168,C
43919,83.93,7,6,0.0002532636758102268,99.8677165468075,C
3719,83.93,7,3,0.0002532636758102268,99.86796981048332,C
10336,83.92999999999999,7,2,0.0002532636758102268,99.86822307415913,C
41727,83.88,12,1,0.00025311279789064483,99.86847618695703,C
667,83.88,12,1,0.00025311279789064483,99.86872929975492,C
22234,83.88,12,1,0.00025311279789064483,99.86898241255281,C
23928,83.88,12,1,0.00025311279789064483,99.8692355253507,C
6456,83.86,14,4,0.0002530524467228121,99.86948857779743,C
22101,82.9,10,1,0.00025015559066683907,99.86973873338809,C
20680,81.98,2,1,0.0002473794369465316,99.86998611282503,C
17671,81.48,12,1,0.0002458706577507122,99.87023198348278,C
15923,81.42999999999999,17,5,0.0002457197798311303,99.87047770326261,C
23041,80.98,2,2,0.00024436187855489297,99.87072206514117,C
19818,80.97,3,2,0.00024433170297097654,99.87096639684414,C
23659,80.97,3,3,0.00024433170297097654,99.87121072854711,C
18676,80.97,3,3,0.00024433170297097654,99.87145506025009,C
38649,80.97,3,2,0.00024433170297097654,99.87169939195306,C
8456,80.94,6,1,0.00024424117621922744,99.87194363312928,C
23415,80.82,18,5,0.00024387906921223077,99.8721875121985,C
28272,80.82,18,1,0.00024387906921223077,99.87243139126771,C
8848,80.19,81,46,0.00024197800742549845,99.87267336927513,C
3065,80.19,81,30,0.00024197800742549845,99.87291534728256,C
37910,79.99,1,1,0.00024137449574717073,99.8731567217783,C
24924,79.99,1,1,0.00024137449574717073,99.87339809627404,C
15545,79.99,1,1,0.00024137449574717073,99.87363947076979,C
20669,79.99,1,1,0.00024137449574717073,99.87388084526553,C
22597,79.98,2,2,0.0002413443201632544,99.87412218958569,C
14389,79.98,2,2,0.0002413443201632544,99.87436353390585,C
37419,79.98,2,1,0.0002413443201632544,99.87460487822601,C
18110,79.98,2,1,0.0002413443201632544,99.87484622254617,C
44742,79.98,2,2,0.0002413443201632544,99.87508756686633,C
35957,79.96,4,3,0.00024128396899542154,99.87532885083532,C
3095,79.96,4,2,0.00024128396899542154,99.8755701348043,C
12353,79.96,4,4,0.00024128396899542154,99.8758114187733,C
23807,79.96,4,3,0.00024128396899542154,99.87605270274229,C
25426,79.96,4,3,0.00024128396899542154,99.87629398671127,C
19637,79.96,4,2,0.00024128396899542154,99.87653527068026,C
21342,79.95,5,2,0.0002412537934115052,99.87677652447367,C
23534,79.95,5,2,0.0002412537934115052,99.87701777826707,C
10766,79.95,5,5,0.0002412537934115052,99.87725903206048,C
7311,79.95,5,4,0.0002412537934115052,99.87750028585388,C
22454,79.92,8,5,0.00024116326665975607,99.87774144912055,C
19699,79.92,8,7,0.00024116326665975607,99.87798261238721,C
832,79.92,8,6,0.00024116326665975607,99.87822377565388,C
4383,79.92,8,7,0.00024116326665975607,99.87846493892054,C
20885,79.92,8,8,0.00024116326665975607,99.87870610218721,C
19547,79.92,8,1,0.00024116326665975607,99.87894726545387,C
46950,79.9,10,6,0.00024110291549192327,99.87918836836937,C
23666,79.9,10,5,0.00024110291549192327,99.87942947128487,C
39601,79.9,10,1,0.00024110291549192327,99.87967057420036,C
17399,78.99,1,1,0.00023835693735553212,99.87990893113772,C
21480,77.99,1,1,0.00023533937896389357,99.88014427051668,C
2959,77.98,2,2,0.0002353092033799772,99.88037957972006,C
16309,77.97,3,1,0.00023527902779606078,99.88061485874785,C
23157,77.97,3,3,0.00023527902779606078,99.88085013777564,C
22646,77.97,3,3,0.00023527902779606078,99.88108541680343,C
613,77.97,3,3,0.00023527902779606078,99.88132069583122,C
10370,77.97,3,2,0.00023527902779606078,99.88155597485901,C
25083,77.97,3,3,0.00023527902779606078,99.8817912538868,C
40513,77.96,4,2,0.00023524885221214438,99.88202650273901,C
24560,77.94,6,4,0.00023518850104431164,99.88226169124006,C
44637,77.94,6,1,0.00023518850104431164,99.88249687974111,C
22197,77.94,6,2,0.00023518850104431164,99.88273206824216,C
23202,77.94,6,4,0.00023518850104431164,99.88296725674321,C
22866,77.94,6,1,0.00023518850104431164,99.88320244524427,C
39433,77.94,6,1,0.00023518850104431164,99.88343763374532,C
15968,77.94,6,2,0.00023518850104431164,99.88367282224637,C
10544,77.94,6,1,0.00023518850104431164,99.88390801074742,C
37733,77.94,6,1,0.00023518850104431164,99.88414319924847,C
46166,77.88,12,3,0.0002350074475408133,99.88437820669601,C
12900,77.87,13,8,0.00023497727195689695,99.88461318396797,C
24922,77.45,5,5,0.00023370989743240874,99.8848468938654,C
5250,76.93,7,7,0.00023214076706875667,99.88507903463247,C
551,76.93,7,7,0.00023214076706875667,99.88531117539954,C
21109,76.93,7,5,0.00023214076706875667,99.8855433161666,C
19108,76.93,7,6,0.00023214076706875667,99.88577545693367,C
20181,76.89,11,7,0.00023202006473309114,99.8860074769984,C
2475,76.89,11,8,0.00023202006473309114,99.88623949706313,C
8535,76.84,16,16,0.00023186918681350921,99.88647136624995,C
19867,76.33,17,3,0.0002303302320337735,99.88670169648198,C
23170,75.99,1,1,0.00022930426218061638,99.88693100074416,C
23328,75.99,1,1,0.00022930426218061638,99.88716030500633,C
19633,75.98,2,2,0.00022927408659670004,99.88738957909293,C
20702,75.98,2,1,0.00022927408659670004,99.88761885317952,C
16584,75.98,2,1,0.00022927408659670004,99.88784812726611,C
1129,75.98,2,1,0.00022927408659670004,99.8880774013527,C
34021,75.96,4,2,0.0002292137354288672,99.88830661508813,C
34982,75.96,4,4,0.0002292137354288672,99.88853582882355,C
22439,75.96,4,2,0.0002292137354288672,99.88876504255897,C
41529,75.96,4,2,0.0002292137354288672,99.8889942562944,C
21259,75.96,4,4,0.0002292137354288672,99.88922347002982,C
2129,75.96,4,3,0.0002292137354288672,99.88945268376524,C
24015,75.96,4,4,0.0002292137354288672,99.88968189750067,C
1565,75.96,4,4,0.0002292137354288672,99.88991111123609,C
18263,75.96,4,3,0.0002292137354288672,99.89014032497151,C
15064,75.96,4,4,0.0002292137354288672,99.89036953870693,C
31496,75.48,12,1,0.0002277653074008807,99.89059730401434,C
399,75.48,12,1,0.0002277653074008807,99.89082506932174,C
8801,75.24000000000001,76,40,0.00022704109338688745,99.89105211041512,C
23137,74.99,1,1,0.00022628670378897777,99.89127839711891,C
19825,74.99,1,1,0.00022628670378897777,99.8915046838227,C
40365,74.99,1,1,0.00022628670378897777,99.8917309705265,C
24365,74.97,3,3,0.00022622635262114504,99.89195719687912,C
18652,74.97,3,2,0.00022622635262114504,99.89218342323174,C
21711,74.97,3,2,0.00022622635262114504,99.89240964958437,C
23530,74.97,3,2,0.00022622635262114504,99.89263587593699,C
6774,74.97,3,3,0.00022622635262114504,99.89286210228961,C
39098,74.97,3,3,0.00022622635262114504,99.89308832864224,C
20418,74.95,5,5,0.00022616600145331225,99.89331449464369,C
18767,74.95,5,2,0.00022616600145331225,99.89354066064514,C
46135,74.85000000000001,15,8,0.00022586424561414842,99.89376652489076,C
9219,74.25,75,43,0.00022405371057916524,99.89399057860135,C
20275,73.98,2,1,0.00022323896981342283,99.89421381757116,C
90085,73.98,2,1,0.00022323896981342283,99.89443705654097,C
24275,73.96,4,4,0.00022317861864559003,99.8946602351596,C
18587,71.98,2,1,0.00021720385303014564,99.89487743901263,C
25086,71.98,2,2,0.00021720385303014564,99.89509464286566,C
21831,71.98,2,2,0.00021720385303014564,99.89531184671868,C
1516,71.97,3,3,0.00021717367744622924,99.89552902039613,C
14110,71.97,3,3,0.00021717367744622924,99.89574619407357,C
3441,71.97,3,2,0.00021717367744622924,99.89596336775101,C
45912,71.96,4,3,0.00021714350186231285,99.89618051125287,C
17131,71.96,4,1,0.00021714350186231285,99.89639765475472,C
20724,71.96,4,4,0.00021714350186231285,99.89661479825658,C
8986,71.96,4,3,0.00021714350186231285,99.89683194175844,C
37314,71.96,4,1,0.00021714350186231285,99.89704908526029,C
814,71.96,4,4,0.00021714350186231285,99.89726622876215,C
15063,71.96,4,1,0.00021714350186231285,99.897483372264,C
13831,71.94,6,1,0.0002170831506944801,99.89770045541471,C
35644,71.94,6,3,0.0002170831506944801,99.89791753856541,C
15582,71.94,6,5,0.0002170831506944801,99.89813462171611,C
19673,71.94,6,1,0.0002170831506944801,99.89835170486681,C
16478,71.94,6,1,0.0002170831506944801,99.89856878801751,C
22865,71.94,6,5,0.0002170831506944801,99.89878587116822,C
874,71.92,8,7,0.00021702279952664732,99.89900289396775,C
14100,71.88,12,1,0.0002169020971909818,99.89921979606494,C
3271,71.88,12,7,0.0002169020971909818,99.89943669816213,C
21318,71.88,12,1,0.0002169020971909818,99.89965360025933,C
16163,71.88,12,2,0.0002169020971909818,99.89987050235652,C
14101,71.88,12,1,0.0002169020971909818,99.90008740445371,C
26396,71.88,12,1,0.0002169020971909818,99.90030430655091,C
7375,71.88,12,1,0.0002169020971909818,99.9005212086481,C
39111,71.76,24,1,0.00021653999018398517,99.90073774863828,C
26644,71.39,11,1,0.00021542349357907888,99.90095317213186,C
5603,71.28,72,29,0.00021509156215599864,99.90116826369402,C
979,70.11,9,7,0.00021156101883778146,99.90137982471286,C
24279,69.99,1,1,0.00021119891183078482,99.90159102362469,C
19436,69.99,1,1,0.00021119891183078482,99.90180222253652,C
13557,69.99,1,1,0.00021119891183078482,99.90201342144834,C
12655,69.98,2,2,0.00021116873624686845,99.90222459018459,C
19391,69.98,2,1,0.00021116873624686845,99.90243575892083,C
319,69.98,2,2,0.00021116873624686845,99.90264692765707,C
21016,69.98,2,2,0.00021116873624686845,99.90285809639332,C
19630,69.98,2,1,0.00021116873624686845,99.90306926512956,C
25076,69.98,2,2,0.00021116873624686845,99.9032804338658,C
22552,69.98,2,2,0.00021116873624686845,99.90349160260205,C
21407,69.95,5,5,0.00021107820949511932,99.90370268081153,C
24671,69.95,5,5,0.00021107820949511932,99.90391375902102,C
34532,69.95,5,4,0.00021107820949511932,99.90412483723051,C
21686,69.95,5,2,0.00021107820949511932,99.90433591544,C
21592,69.94,6,5,0.00021104803391120292,99.9045469634739,C
23988,69.93,7,7,0.00021101785832728653,99.90475798133224,C
20504,69.48,12,5,0.00020965995705104918,99.90496764128929,C
46185,68.97,3,3,0.0002081210022713135,99.90517576229156,C
776,68.97,3,3,0.0002081210022713135,99.90538388329384,C
614,68.97,3,2,0.0002081210022713135,99.90559200429611,C
18610,68.97,3,3,0.0002081210022713135,99.90580012529838,C
6136,68.97,3,3,0.0002081210022713135,99.90600824630066,C
24792,68.97,3,2,0.0002081210022713135,99.90621636730293,C
21458,67.99,1,1,0.00020516379504750763,99.90642153109798,C
46766,67.98,2,2,0.0002051336194635913,99.90662666471744,C
12665,67.96,4,1,0.0002050732682957585,99.90683173798573,C
24449,67.96,4,1,0.0002050732682957585,99.90703681125402,C
8828,67.96,4,3,0.0002050732682957585,99.9072418845223,C
40607,67.96,4,4,0.0002050732682957585,99.9074469577906,C
17595,67.96,4,3,0.0002050732682957585,99.90765203105889,C
14635,67.96,4,4,0.0002050732682957585,99.90785710432718,C
24353,67.96,4,4,0.0002050732682957585,99.90806217759547,C
12052,67.96,4,4,0.0002050732682957585,99.90826725086376,C
16466,67.96,4,2,0.0002050732682957585,99.90847232413205,C
3151,67.41,9,8,0.0002034136111803573,99.90867573774322,C
3809,66.43,7,2,0.0002004564039565515,99.90887619414718,C
3250,66.42999999999999,7,2,0.00020045640395655148,99.90907665055114,C
8151,66.33,67,41,0.0002001546481173876,99.90927680519926,C
16961,65.99,1,1,0.00019912867826423047,99.90947593387752,C
23983,65.99,1,1,0.00019912867826423047,99.90967506255578,C
2877,65.99,1,1,0.00019912867826423047,99.90987419123404,C
23233,65.98,2,2,0.0001990985026803141,99.91007328973672,C
19369,65.97,3,3,0.0001990683270963977,99.9102723580638,C
5098,65.97,3,3,0.0001990683270963977,99.9104714263909,C
22399,65.97,3,3,0.0001990683270963977,99.91067049471799,C
22440,65.97,3,3,0.0001990683270963977,99.91086956304508,C
47011,65.97,3,2,0.0001990683270963977,99.91106863137217,C
24602,65.97,3,3,0.0001990683270963977,99.91126769969927,C
21385,65.97,3,3,0.0001990683270963977,99.91146676802636,C
1982,65.97,3,3,0.0001990683270963977,99.91166583635345,C
19836,65.97,3,3,0.0001990683270963977,99.91186490468054,C
34135,65.94,6,1,0.00019897780034464855,99.91206388248088,C
12134,65.94,6,5,0.00019897780034464855,99.91226286028122,C
19568,65.94,6,5,0.00019897780034464855,99.91246183808155,C
4415,65.94,6,6,0.00019897780034464855,99.91266081588189,C
20793,65.94,6,2,0.00019897780034464855,99.91285979368223,C
8028,65.94,6,1,0.00019897780034464855,99.91305877148257,C
36846,65.94,6,1,0.00019897780034464855,99.9132577492829,C
3058,65.34,66,30,0.00019716726530966545,99.91345491654822,C
18564,64.98,2,2,0.00019608094428867555,99.91365099749251,C
21529,64.95,5,5,0.00019599041753692637,99.91384698791005,C
3131,64.95,5,5,0.00019599041753692637,99.91404297832759,C
23896,64.95,5,5,0.00019599041753692637,99.91423896874512,C
23042,64.95,5,2,0.00019599041753692637,99.91443495916266,C
16240,64.87,13,4,0.0001957490128655953,99.91463070817552,C
19621,63.99,1,1,0.00019309356148095334,99.914823801737,C
90084,63.98,2,2,0.00019306338589703695,99.9150168651229,C
21460,63.98,2,1,0.00019306338589703695,99.91520992850879,C
3182,63.98,2,1,0.00019306338589703695,99.91540299189468,C
19612,63.98,2,1,0.00019306338589703695,99.91559605528057,C
24424,63.98,2,2,0.00019306338589703695,99.91578911866647,C
5363,63.96,4,4,0.00019300303472920415,99.91598212170119,C
36749,63.96,4,4,0.00019300303472920415,99.91617512473591,C
22799,63.96,4,3,0.00019300303472920415,99.91636812777064,C
22207,63.96,4,1,0.00019300303472920415,99.91656113080536,C
37194,63.940000000000005,6,5,0.00019294268356137142,99.91675407348892,C
22975,63.48,12,1,0.00019155460670121761,99.91694562809562,C
33211,63.48,12,1,0.00019155460670121761,99.91713718270232,C
45576,63.4,10,9,0.00019131320202988656,99.91732849590434,C
1711,62.97,3,3,0.00019001565192148197,99.91751851155627,C
46190,62.97,3,2,0.00019001565192148197,99.91770852720819,C
21978,62.93,7,6,0.00018989494958581641,99.91789842215778,C
4101,62.93,7,7,0.00018989494958581641,99.91808831710736,C
37530,62.91,9,1,0.00018983459841798365,99.91827815170578,C
5683,62.72,128,2,0.0001892612623235723,99.9184674129681,C
40246,60.39,11,7,0.0001822303512710544,99.91864964331937,C
39718,59.99,1,1,0.00018102332791439897,99.91883066664728,C
704,59.99,1,1,0.00018102332791439897,99.91901168997519,C
24691,59.99,1,1,0.00018102332791439897,99.9191927133031,C
20853,59.99,1,1,0.00018102332791439897,99.91937373663102,C
21217,59.99,1,1,0.00018102332791439897,99.91955475995893,C
20602,59.99,1,1,0.00018102332791439897,99.91973578328684,C
24107,59.99,1,1,0.00018102332791439897,99.91991680661475,C
19833,59.99,1,1,0.00018102332791439897,99.92009782994266,C
33765,59.99,1,1,0.00018102332791439897,99.92027885327057,C
2252,59.98,2,1,0.00018099315233048257,99.9204598464229,C
608,59.98,2,2,0.00018099315233048257,99.92064083957523,C
22548,59.98,2,1,0.00018099315233048257,99.92082183272755,C
6090,59.98,2,2,0.00018099315233048257,99.92100282587988,C
22555,59.98,2,2,0.00018099315233048257,99.92118381903221,C
25085,59.98,2,2,0.00018099315233048257,99.92136481218454,C
5181,59.98,2,2,0.00018099315233048257,99.92154580533686,C
2271,59.98,2,2,0.00018099315233048257,99.92172679848919,C
22630,59.98,2,1,0.00018099315233048257,99.92190779164152,C
13950,59.98,2,2,0.00018099315233048257,99.92208878479384,C
3475,59.98,2,2,0.00018099315233048257,99.92226977794617,C
35480,59.97,3,3,0.0001809629767465662,99.92245074092291,C
24366,59.97,3,3,0.0001809629767465662,99.92263170389965,C
16445,59.97,3,1,0.0001809629767465662,99.9228126668764,C
11263,59.97,3,2,0.0001809629767465662,99.92299362985314,C
2719,59.97,3,3,0.0001809629767465662,99.92317459282988,C
5080,59.97,3,3,0.0001809629767465662,99.92335555580662,C
33204,59.97,3,1,0.0001809629767465662,99.92353651878337,C
40608,59.96,4,1,0.0001809328011626498,99.92371745158452,C
34473,59.96,4,1,0.0001809328011626498,99.92389838438568,C
14627,59.96,4,1,0.0001809328011626498,99.92407931718684,C
7458,59.95,5,2,0.00018090262557873344,99.92426021981241,C
10127,59.95,5,4,0.00018090262557873344,99.92444112243798,C
24881,59.95,5,5,0.00018090262557873344,99.92462202506356,C
22450,59.95,5,5,0.00018090262557873344,99.92480292768913,C
43923,59.95,5,5,0.00018090262557873344,99.9249838303147,C
4357,59.940000000000005,6,5,0.00018087244999481707,99.92516470276469,C
830,59.940000000000005,6,3,0.00018087244999481707,99.92534557521468,C
24123,59.94,6,5,0.00018087244999481704,99.92552644766467,C
21754,59.94,6,5,0.00018087244999481704,99.92570732011465,C
17339,59.94,6,6,0.00018087244999481704,99.92588819256464,C
11174,59.94,6,1,0.00018087244999481704,99.92606906501463,C
2833,59.94,6,3,0.00018087244999481704,99.92624993746462,C
6373,59.88,12,1,0.00018069139649131872,99.92643062886111,C
39346,59.88,12,1,0.00018069139649131872,99.9266113202576,C
41171,59.85,15,4,0.00018060086973956956,99.92679192112735,C
354,58.47,3,3,0.0001764366391591083,99.92696835776651,C
16689,57.99,1,1,0.00017498821113112178,99.92714334597764,C
17170,57.99,1,1,0.00017498821113112178,99.92731833418877,C
24872,57.99,1,1,0.00017498821113112178,99.9274933223999,C
21060,57.99,1,1,0.00017498821113112178,99.92766831061103,C
22657,57.98,2,2,0.00017495803554720538,99.92784326864657,C
45645,57.98,2,1,0.00017495803554720538,99.92801822668211,C
17282,57.98,2,1,0.00017495803554720538,99.92819318471766,C
15774,57.96,4,3,0.00017489768437937262,99.92836808240203,C
22781,56.99,1,1,0.0001719706527394832,99.92854005305477,C
12475,56.97,3,3,0.0001719103015716504,99.92871196335635,C
4824,56.97,3,3,0.0001719103015716504,99.92888387365792,C
22518,56.97,3,1,0.0001719103015716504,99.9290557839595,C
4077,56.97,3,1,0.0001719103015716504,99.92922769426107,C
4212,56.97,3,3,0.0001719103015716504,99.92939960456265,C
24430,56.94,6,4,0.00017181977481990125,99.92957142433747,C
14923,56.849999999999994,15,3,0.00017154819456465377,99.92974297253203,C
24658,55.99,1,1,0.00016895309434784462,99.92991192562637,C
957,55.98,2,2,0.00016892291876392822,99.93008084854513,C
926,55.98,2,1,0.00016892291876392822,99.93024977146389,C
2263,55.98,2,1,0.00016892291876392822,99.93041869438265,C
22778,55.98,2,2,0.00016892291876392822,99.93058761730141,C
3777,55.98,2,2,0.00016892291876392822,99.93075654022017,C
15859,55.98,2,2,0.00016892291876392822,99.93092546313893,C
22108,55.96,4,2,0.00016886256759609546,99.93109432570652,C
17433,55.96,4,4,0.00016886256759609546,99.93126318827412,C
22099,55.96,4,4,0.00016886256759609546,99.9314320508417,C
20605,55.96,4,4,0.00016886256759609546,99.9316009134093,C
21003,55.96,4,1,0.00016886256759609546,99.93176977597689,C
22418,55.96,4,2,0.00016886256759609546,99.93193863854448,C
12595,55.93,7,3,0.0001687720408443463,99.93210741058533,C
18756,55.93,7,6,0.0001687720408443463,99.93227618262618,C
1096,55.92,8,3,0.0001687418652604299,99.93244492449145,C
21082,54.99,1,1,0.00016593553595620601,99.93261086002741,C
2762,54.99,1,1,0.00016593553595620601,99.93277679556337,C
23961,54.99,1,1,0.00016593553595620601,99.93294273109933,C
6040,54.95,5,3,0.00016581483362054046,99.93310854593295,C
589,54.95,5,5,0.00016581483362054046,99.93327436076657,C
46802,54.89,11,7,0.00016563378011704214,99.93343999454669,C
15239,53.99,1,1,0.00016291797756456743,99.93360291252425,C
19063,53.99,1,1,0.00016291797756456743,99.93376583050181,C
24555,53.98,2,2,0.000162887801980651,99.93392871830379,C
21230,53.97,3,3,0.00016285762639673464,99.93409157593018,C
23185,53.97,3,2,0.00016285762639673464,99.93425443355657,C
16696,53.97,3,2,0.00016285762639673464,99.93441729118297,C
22924,53.97,3,3,0.00016285762639673464,99.93458014880936,C
20090,53.97,3,2,0.00016285762639673464,99.93474300643575,C
10618,53.95,5,3,0.00016279727522890188,99.93490580371098,C
42439,53.94,6,1,0.00016276709964498548,99.93506857081061,C
22195,53.94,6,6,0.00016276709964498548,99.93523133791025,C
18906,53.91,9,6,0.00016267657289323632,99.93539401448315,C
23344,53.88,12,8,0.0001625860461414872,99.9355566005293,C
19703,53.88,12,1,0.0001625860461414872,99.93571918657544,C
8274,53.88,12,1,0.0001625860461414872,99.93588177262158,C
8495,53.46,54,29,0.00016131867161699897,99.9360430912932,C
23024,52.99,1,1,0.00015990041917292885,99.93620299171238,C
2320,52.99,1,1,0.00015990041917292885,99.93636289213156,C
2572,52.99,1,1,0.00015990041917292885,99.93652279255073,C
21355,52.45,5,2,0.00015827093764144402,99.93668106348838,C
21026,52.43,7,4,0.00015821058647361123,99.93683927407486,C
90086,51.99,1,1,0.00015688286078129027,99.93699615693563,C
24994,51.98,2,2,0.00015685268519737385,99.93715300962083,C
4214,51.96,4,4,0.00015679233402954111,99.93730980195485,C
23587,51.96,4,4,0.00015679233402954111,99.93746659428888,C
41411,51.96,4,3,0.00015679233402954111,99.9376233866229,C
12774,51.96,4,1,0.00015679233402954111,99.93778017895693,C
13918,51.96,4,1,0.00015679233402954111,99.93793697129095,C
22279,51.92,8,6,0.00015667163169387556,99.93809364292265,C
19125,50.99,1,1,0.00015386530238965167,99.93824750822505,C
16587,50.97,3,3,0.00015380495122181888,99.93840131317627,C
5658,50.97,3,3,0.00015380495122181888,99.9385551181275,C
16580,49.99,1,1,0.00015084774399801306,99.93870596587149,C
21519,49.99,1,1,0.00015084774399801306,99.93885681361549,C
248,49.99,1,1,0.00015084774399801306,99.93900766135948,C
22263,49.99,1,1,0.00015084774399801306,99.93915850910348,C
20250,49.99,1,1,0.00015084774399801306,99.93930935684747,C
2188,49.99,1,1,0.00015084774399801306,99.93946020459147,C
15476,49.99,1,1,0.00015084774399801306,99.93961105233547,C
37909,49.99,1,1,0.00015084774399801306,99.93976190007946,C
407,49.99,1,1,0.00015084774399801306,99.93991274782346,C
20913,49.99,1,1,0.00015084774399801306,99.94006359556745,C
20952,49.98,2,2,0.00015081756841409666,99.94021441313586,C
23048,49.98,2,2,0.00015081756841409666,99.94036523070427,C
34352,49.98,2,2,0.00015081756841409666,99.94051604827268,C
20360,49.98,2,1,0.00015081756841409666,99.9406668658411,C
3873,49.98,2,2,0.00015081756841409666,99.9408176834095,C
21155,49.98,2,2,0.00015081756841409666,99.94096850097792,C
24364,49.98,2,2,0.00015081756841409666,99.94111931854633,C
3934,49.98,2,1,0.00015081756841409666,99.94127013611474,C
40771,49.98,2,2,0.00015081756841409666,99.94142095368315,C
828,49.95,5,5,0.00015072704166234753,99.9415716807248,C
849,49.95,5,5,0.00015072704166234753,99.94172240776646,C
5537,49.95,5,5,0.00015072704166234753,99.94187313480812,C
23380,49.95,5,5,0.00015072704166234753,99.94202386184978,C
45875,49.95,5,1,0.00015072704166234753,99.94217458889143,C
1034,49.900000000000006,10,8,0.0001505761637427656,99.94232516505518,C
1932,49.5,50,14,0.00014936914038611015,99.94247453419557,C
45874,49.410000000000004,9,5,0.0001490975601308627,99.9426236317557,C
22622,48.99,1,1,0.00014783018560637448,99.9427714619413,C
24359,48.99,1,1,0.00014783018560637448,99.94291929212692,C
22915,48.99,1,1,0.00014783018560637448,99.94306712231253,C
19914,48.93,7,7,0.00014764913210287616,99.94321477144463,C
41985,47.99,1,1,0.0001448126272147359,99.94335958407184,C
11259,47.99,1,1,0.0001448126272147359,99.94350439669905,C
19058,47.99,1,1,0.0001448126272147359,99.94364920932627,C
22661,47.99,1,1,0.0001448126272147359,99.94379402195348,C
2995,47.98,2,2,0.0001447824516308195,99.94393880440511,C
20413,47.98,2,1,0.0001447824516308195,99.94408358685673,C
21538,47.97,3,2,0.00014475227604690314,99.94422833913278,C
8580,47.97,3,1,0.00014475227604690314,99.94437309140882,C
17512,47.97,3,3,0.00014475227604690314,99.94451784368486,C
24287,47.97,3,3,0.00014475227604690314,99.9446625959609,C
24347,47.97,3,2,0.00014475227604690314,99.94480734823695,C
15871,47.97,3,2,0.00014475227604690314,99.94495210051299,C
32669,47.97,3,3,0.00014475227604690314,99.94509685278904,C
23897,47.97,3,3,0.00014475227604690314,99.94524160506508,C
43890,47.97,3,2,0.00014475227604690314,99.94538635734112,C
13144,47.97,3,3,0.00014475227604690314,99.94553110961716,C
16061,47.97,3,2,0.00014475227604690314,99.9456758618932,C
45495,47.97,3,3,0.00014475227604690314,99.94582061416925,C
14711,47.96,4,4,0.00014472210046298674,99.94596533626971,C
22863,47.96,4,2,0.00014472210046298674,99.94611005837017,C
2065,47.96,4,4,0.00014472210046298674,99.94625478047062,C
20492,47.96,4,3,0.00014472210046298674,99.94639950257108,C
20728,47.96,4,3,0.00014472210046298674,99.94654422467154,C
826,47.96,4,4,0.00014472210046298674,99.946688946772,C
31788,47.940000000000005,6,2,0.00014466174929515398,99.94683360852129,C
420,47.94,6,1,0.00014466174929515398,99.94697827027058,C
20778,47.94,6,4,0.00014466174929515398,99.94712293201987,C
14410,47.94,6,1,0.00014466174929515398,99.94726759376915,C
46580,47.94,6,4,0.00014466174929515398,99.94741225551844,C
43541,47.94,6,1,0.00014466174929515398,99.94755691726773,C
8235,47.94,6,1,0.00014466174929515398,99.94770157901702,C
16247,47.94,6,1,0.00014466174929515398,99.94784624076631,C
46567,47.88,12,4,0.00014448069579165565,99.9479907214621,C
42436,47.88,12,1,0.00014448069579165565,99.9481352021579,C
20050,47.88,12,1,0.00014448069579165565,99.9482796828537,C
14628,47.88,12,1,0.00014448069579165565,99.94842416354949,C
3748,47.45,5,5,0.00014318314568325104,99.94856734669517,C
636,47.45,5,4,0.00014318314568325104,99.94871052984085,C
21471,46.99,1,1,0.0001417950688230973,99.94885232490968,C
24426,46.99,1,1,0.0001417950688230973,99.94899411997851,C
16208,46.99,1,1,0.0001417950688230973,99.94913591504734,C
24921,46.47,3,3,0.00014022593845944523,99.9492761409858,C
43924,46.47,3,1,0.00014022593845944523,99.94941636692427,C
22625,46.449999999999996,5,4,0.00014016558729161243,99.94955653251156,C
19835,46.059999999999995,14,6,0.0001389887395188734,99.94969552125109,C
23774,45.99,1,1,0.0001387775104314587,99.94983429876152,C
42104,45.99,1,1,0.0001387775104314587,99.94997307627195,C
20668,45.99,1,1,0.0001387775104314587,99.95011185378237,C
18425,45.99,1,1,0.0001387775104314587,99.9502506312928,C
2028,45.99,1,1,0.0001387775104314587,99.95038940880323,C
2671,45.98,2,2,0.00013874733484754232,99.95052815613808,C
18651,45.98,2,2,0.00013874733484754232,99.95066690347292,C
23964,45.98,2,2,0.00013874733484754232,99.95080565080777,C
25458,45.98,2,2,0.00013874733484754232,99.95094439814261,C
36307,45.98,2,1,0.00013874733484754232,99.95108314547745,C
21503,45.98,2,2,0.00013874733484754232,99.9512218928123,C
14712,45.48,12,1,0.00013723855565172301,99.95135913136795,C
14922,45.48,12,1,0.00013723855565172301,99.9514963699236,C
16775,45.48,12,1,0.00013723855565172301,99.95163360847926,C
13702,45.43,7,2,0.00013708767773214112,99.95177069615698,C
22171,44.99,1,1,0.00013575995203982013,99.95190645610903,C
25066,44.99,1,1,0.00013575995203982013,99.95204221606107,C
21457,44.99,1,1,0.00013575995203982013,99.95217797601312,C
28538,44.97,3,1,0.00013569960087198734,99.952313675614,C
23830,44.97,3,3,0.00013569960087198734,99.95244937521487,C
44925,44.97,3,2,0.00013569960087198734,99.95258507481574,C
4289,44.97,3,3,0.00013569960087198734,99.95272077441662,C
36360,44.97,3,3,0.00013569960087198734,99.9528564740175,C
23520,44.97,3,1,0.00013569960087198734,99.95299217361837,C
174,44.97,3,3,0.00013569960087198734,99.95312787321924,C
75,44.97,3,3,0.00013569960087198734,99.95326357282012,C
11372,44.97,3,3,0.00013569960087198734,99.953399272421,C
18452,44.97,3,2,0.00013569960087198734,99.95353497202187,C
15056,44.96,4,3,0.00013566942528807097,99.95367064144716,C
457,44.95,5,2,0.0001356392497041546,99.95380628069687,C
21691,44.94,6,5,0.00013560907412023818,99.95394188977099,C
401,44.94,6,1,0.00013560907412023818,99.95407749884511,C
6265,44.910000000000004,9,8,0.00013551854736848905,99.95421301739248,C
20188,43.98,2,2,0.00013271221806426516,99.95434572961054,C
8508,43.98,2,2,0.00013271221806426516,99.9544784418286,C
19845,43.98,2,1,0.00013271221806426516,99.95461115404666,C
2710,43.98,2,2,0.00013271221806426516,99.95474386626472,C
25210,43.98,2,2,0.00013271221806426516,99.95487657848278,C
19368,43.98,2,1,0.00013271221806426516,99.95500929070084,C
3092,43.98,2,2,0.00013271221806426516,99.9551420029189,C
40137,43.98,2,2,0.00013271221806426516,99.95527471513697,C
15510,43.98,2,2,0.00013271221806426516,99.95540742735503,C
6935,43.96,4,2,0.0001326518668964324,99.95554007922192,C
122,43.96,4,3,0.0001326518668964324,99.95567273108881,C
8563,43.96,4,4,0.0001326518668964324,99.9558053829557,C
45993,43.96,4,3,0.0001326518668964324,99.9559380348226,C
15178,43.96,4,2,0.0001326518668964324,99.95607068668949,C
5083,43.96,4,3,0.0001326518668964324,99.95620333855638,C
21632,43.96,4,3,0.0001326518668964324,99.95633599042327,C
20792,43.96,4,3,0.0001326518668964324,99.95646864229016,C
17015,43.949999999999996,5,5,0.000132621691312516,99.95660126398147,C
41831,43.92,8,3,0.00013253116456076684,99.95673379514604,C
3752,43.47,3,3,0.00013117326328452946,99.95686496840932,C
207,43.47,3,3,0.00013117326328452946,99.9569961416726,C
4427,43.47,3,3,0.00013117326328452946,99.95712731493589,C
16399,42.99,1,1,0.00012972483525654295,99.95725703977115,C
22540,42.99,1,1,0.00012972483525654295,99.95738676460641,C
18586,42.99,1,1,0.00012972483525654295,99.95751648944167,C
22567,42.96,4,4,0.00012963430850479379,99.95764612375018,C
1341,42.45,5,5,0.00012809535372505811,99.95777421910391,C
20771,41.99,1,1,0.00012670727686490437,99.95790092638077,C
36269,41.99,1,1,0.00012670727686490437,99.95802763365764,C
21430,41.99,1,1,0.00012670727686490437,99.9581543409345,C
25353,41.97,3,2,0.00012664692569707157,99.95828098786019,C
17159,41.97,3,2,0.00012664692569707157,99.95840763478589,C
17093,41.97,3,1,0.00012664692569707157,99.95853428171158,C
21383,41.97,3,3,0.00012664692569707157,99.95866092863727,C
22867,41.97,3,2,0.00012664692569707157,99.95878757556297,C
18611,41.97,3,2,0.00012664692569707157,99.95891422248866,C
41231,41.97,3,3,0.00012664692569707157,99.95904086941435,C
23855,41.97,3,1,0.00012664692569707157,99.95916751634005,C
10380,41.97,3,2,0.00012664692569707157,99.95929416326574,C
19768,41.97,3,3,0.00012664692569707157,99.95942081019143,C
17266,41.97,3,2,0.00012664692569707157,99.95954745711713,C
46819,41.97,3,2,0.00012664692569707157,99.95967410404282,C
23528,41.97,3,3,0.00012664692569707157,99.95980075096851,C
8914,41.96,4,3,0.0001266167501131552,99.95992736771862,C
42348,41.94,6,1,0.00012655639894532241,99.96005392411756,C
8419,41.94,6,6,0.00012655639894532241,99.9601804805165,C
1062,41.94,6,1,0.00012655639894532241,99.96030703691544,C
8699,41.94,6,1,0.00012655639894532241,99.96043359331438,C
8705,41.94,6,1,0.00012655639894532241,99.96056014971332,C
19396,41.94,6,4,0.00012655639894532241,99.96068670611226,C
34474,41.94,6,1,0.00012655639894532241,99.9608132625112,C
6798,41.94,6,1,0.00012655639894532241,99.96093981891013,C
7271,41.94,6,1,0.00012655639894532241,99.96106637530907,C
15294,41.93,7,4,0.00012652622336140605,99.96119290153243,C
24878,40.99,1,1,0.0001236897184732658,99.9613165912509,C
18540,40.98,2,2,0.00012365954288934936,99.9614402507938,C
22672,40.74,6,5,0.0001229353288753561,99.96156318612267,C
19860,40.410000000000004,9,3,0.00012193953460611541,99.96168512565728,C
10399,39.99,1,1,0.0001206721600816272,99.96180579781736,C
20655,39.99,1,1,0.0001206721600816272,99.96192646997744,C
20654,39.99,1,1,0.0001206721600816272,99.96204714213752,C
20776,39.99,1,1,0.0001206721600816272,99.9621678142976,C
25078,39.99,1,1,0.0001206721600816272,99.96228848645768,C
19785,39.99,1,1,0.0001206721600816272,99.96240915861776,C
5167,39.99,1,1,0.0001206721600816272,99.96252983077784,C
10398,39.99,1,1,0.0001206721600816272,99.96265050293792,C
935,39.99,1,1,0.0001206721600816272,99.962771175098,C
16398,39.99,1,1,0.0001206721600816272,99.96289184725808,C
45602,39.98,2,1,0.00012064198449771077,99.96301248924257,C
3304,39.98,2,2,0.00012064198449771077,99.96313313122707,C
5866,39.98,2,2,0.00012064198449771077,99.96325377321156,C
222,39.98,2,1,0.00012064198449771077,99.96337441519606,C
19660,39.98,2,2,0.00012064198449771077,99.96349505718055,C
16756,39.98,2,2,0.00012064198449771077,99.96361569916505,C
25513,39.98,2,2,0.00012064198449771077,99.96373634114954,C
4535,39.98,2,2,0.00012064198449771077,99.96385698313404,C
23997,39.98,2,2,0.00012064198449771077,99.96397762511853,C
24388,39.98,2,2,0.00012064198449771077,99.96409826710303,C
13424,39.96,4,1,0.00012058163332987803,99.96421884873635,C
14840,39.96,4,1,0.00012058163332987803,99.96433943036968,C
19245,39.96,4,2,0.00012058163332987803,99.964460012003,C
21673,39.96,4,4,0.00012058163332987803,99.96458059363633,C
23954,39.96,4,4,0.00012058163332987803,99.96470117526965,C
10274,39.96,4,4,0.00012058163332987803,99.96482175690298,C
44172,39.96,4,1,0.00012058163332987803,99.9649423385363,C
364,39.95,5,4,0.00012055145774596164,99.96506288999404,C
22619,39.95,5,4,0.00012055145774596164,99.96518344145179,C
143,38.99,1,1,0.0001176546016899886,99.96530109605348,C
18210,38.99,1,1,0.0001176546016899886,99.96541875065518,C
201,38.98,2,1,0.00011762442610607219,99.96553637508129,C
22864,38.97,3,1,0.00011759425052215582,99.96565396933181,C
23508,38.97,3,2,0.00011759425052215582,99.96577156358234,C
40667,38.97,3,2,0.00011759425052215582,99.96588915783286,C
24857,38.97,3,3,0.00011759425052215582,99.96600675208339,C
20941,38.97,3,2,0.00011759425052215582,99.96612434633391,C
42933,38.97,3,3,0.00011759425052215582,99.96624194058444,C
17490,38.97,3,1,0.00011759425052215582,99.96635953483496,C
5376,38.97,3,3,0.00011759425052215582,99.96647712908549,C
16369,38.97,3,2,0.00011759425052215582,99.96659472333602,C
23533,38.97,3,3,0.00011759425052215582,99.96671231758654,C
369,38.97,3,3,0.00011759425052215582,99.96682991183707,C
15261,38.94,6,1,0.00011750372377040665,99.96694741556084,C
15262,38.94,6,1,0.00011750372377040665,99.96706491928461,C
1771,38.870000000000005,13,3,0.00011729249468299199,99.96718221177929,C
22829,38.37,3,1,0.00011578371548717265,99.96729799549477,C
19589,37.99,1,1,0.00011463704329835002,99.96741263253807,C
15065,37.99,1,1,0.00011463704329835002,99.96752726958137,C
24346,37.99,1,1,0.00011463704329835002,99.96764190662466,C
18597,37.99,1,1,0.00011463704329835002,99.96775654366796,C
18948,37.99,1,1,0.00011463704329835002,99.96787118071126,C
23472,37.98,2,2,0.0001146068677144336,99.96798578757897,C
3587,37.98,2,1,0.0001146068677144336,99.96810039444668,C
3170,37.96,4,3,0.00011454651654660086,99.96821494096322,C
47075,37.16,4,3,0.00011213246983328997,99.96832707343306,C
12133,37.14,6,1,0.00011207211866545719,99.96843914555173,C
18426,36.99,1,1,0.00011161948490671141,99.96855076503664,C
18466,36.99,1,1,0.00011161948490671141,99.96866238452155,C
15126,36.99,1,1,0.00011161948490671141,99.96877400400646,C
18623,36.99,1,1,0.00011161948490671141,99.96888562349137,C
23109,36.99,1,1,0.00011161948490671141,99.96899724297629,C
20186,36.98,2,2,0.00011158930932279502,99.96910883228561,C
4815,36.98,2,2,0.00011158930932279502,99.96922042159494,C
13242,36.97,3,2,0.00011155913373887863,99.96933198072868,C
12084,35.99,1,1,0.00010860192651507282,99.9694405826552,C
16503,35.98,2,1,0.00010857175093115642,99.96954915440612,C
22970,35.98,2,1,0.00010857175093115642,99.96965772615705,C
22055,35.98,2,1,0.00010857175093115642,99.96976629790798,C
24256,35.98,2,1,0.00010857175093115642,99.96987486965891,C
11149,35.98,2,2,0.00010857175093115642,99.96998344140984,C
21046,35.98,2,2,0.00010857175093115642,99.97009201316077,C
15790,35.97,3,1,0.00010854157534724005,99.97020055473611,C
21123,35.97,3,3,0.00010854157534724005,99.97030909631145,C
42759,35.97,3,3,0.00010854157534724005,99.9704176378868,C
20567,35.97,3,1,0.00010854157534724005,99.97052617946214,C
25544,35.97,3,2,0.00010854157534724005,99.97063472103748,C
22449,35.97,3,3,0.00010854157534724005,99.97074326261283,C
5654,35.97,3,3,0.00010854157534724005,99.97085180418817,C
18378,35.97,3,3,0.00010854157534724005,99.97096034576352,C
24970,35.96,4,1,0.00010851139976332366,99.97106885716327,C
21108,35.96,4,4,0.00010851139976332366,99.97117736856303,C
13260,35.96,4,2,0.00010851139976332366,99.97128587996279,C
19678,35.96,4,3,0.00010851139976332366,99.97139439136255,C
15329,35.94,6,4,0.0001084510485954909,99.97150284241114,C
6431,35.88,12,1,0.00010826999509199259,99.97161111240624,C
46662,35.88,12,1,0.00010826999509199259,99.97171938240133,C
46664,35.88,12,1,0.00010826999509199259,99.97182765239643,C
22534,34.99,1,1,0.00010558436812343423,99.97193323676456,C
22547,34.99,1,1,0.00010558436812343423,99.97203882113268,C
22553,34.99,1,1,0.00010558436812343423,99.97214440550081,C
25145,34.99,1,1,0.00010558436812343423,99.97224998986894,C
22549,34.99,1,1,0.00010558436812343423,99.97235557423707,C
22544,34.99,1,1,0.00010558436812343423,99.9724611586052,C
22543,34.99,1,1,0.00010558436812343423,99.97256674297333,C
23473,34.98,2,2,0.00010555419253951784,99.97267229716587,C
11341,34.95,5,2,0.0001054636657877687,99.97277776083166,C
16241,34.93,7,4,0.0001054033146199359,99.97288316414628,C
199,34.93,7,4,0.0001054033146199359,99.9729885674609,C
977,34.47,3,3,0.00010401523775978216,99.97309258269865,C
44220,33.99,1,1,0.00010256680973179565,99.97319514950838,C
21761,33.98,2,1,0.00010253663414787925,99.97329768614253,C
46018,33.98,2,2,0.00010253663414787925,99.97340022277668,C
15542,33.98,2,2,0.00010253663414787925,99.97350275941082,C
32296,33.98,2,2,0.00010253663414787925,99.97360529604497,C
42871,33.98,2,1,0.00010253663414787925,99.97370783267911,C
14217,33.98,2,2,0.00010253663414787925,99.97381036931326,C
19866,33.98,2,2,0.00010253663414787925,99.9739129059474,C
16377,33.98,2,2,0.00010253663414787925,99.97401544258155,C
11770,33.98,2,2,0.00010253663414787925,99.97411797921569,C
23477,33.98,2,2,0.00010253663414787925,99.97422051584984,C
42097,33.96,4,2,0.00010247628298004649,99.97432299213281,C
21168,33.96,4,1,0.00010247628298004649,99.97442546841579,C
8282,33.660000000000004,34,10,0.00010157101546255491,99.97452703943125,C
8065,33.660000000000004,34,14,0.00010157101546255491,99.97462861044671,C
336,32.99,1,1,9.954925134015705e-05,99.97472815969806,C
25459,32.99,1,1,9.954925134015705e-05,99.9748277089494,C
31522,32.99,1,1,9.954925134015705e-05,99.97492725820075,C
16527,32.99,1,1,9.954925134015705e-05,99.9750268074521,C
46453,32.97,3,3,9.948890017232427e-05,99.97512629635227,C
29714,32.97,3,1,9.948890017232427e-05,99.97522578525245,C
25652,32.97,3,2,9.948890017232427e-05,99.97532527415262,C
21776,32.97,3,2,9.948890017232427e-05,99.9754247630528,C
3729,32.97,3,3,9.948890017232427e-05,99.97552425195298,C
317,31.99,1,1,9.653169294851847e-05,99.97562078364592,C
129,31.99,1,1,9.653169294851847e-05,99.97571731533887,C
967,31.99,1,1,9.653169294851847e-05,99.97581384703182,C
23106,31.98,2,2,9.650151736460208e-05,99.97591034854918,C
2539,31.98,2,1,9.650151736460208e-05,99.97600685006654,C
22358,31.98,2,1,9.650151736460208e-05,99.9761033515839,C
18955,31.98,2,1,9.650151736460208e-05,99.97619985310126,C
46418,31.98,2,2,9.650151736460208e-05,99.97629635461863,C
28316,31.96,4,1,9.644116619676931e-05,99.97639279578482,C
19398,31.96,4,2,9.644116619676931e-05,99.97648923695101,C
18852,31.96,4,3,9.644116619676931e-05,99.9765856781172,C
21772,31.740000000000002,6,3,9.577730335060883e-05,99.97668145542056,C
21564,30.98,2,2,9.348395897296348e-05,99.97677493937954,C
18941,29.99,1,1,9.049657616524129e-05,99.9768654359557,C
15322,29.99,1,1,9.049657616524129e-05,99.97695593253187,C
23810,29.99,1,1,9.049657616524129e-05,99.97704642910803,C
24539,29.99,1,1,9.049657616524129e-05,99.97713692568419,C
21325,29.99,1,1,9.049657616524129e-05,99.97722742226036,C
20722,29.99,1,1,9.049657616524129e-05,99.97731791883652,C
21080,29.99,1,1,9.049657616524129e-05,99.97740841541268,C
19949,29.99,1,1,9.049657616524129e-05,99.97749891198885,C
23167,29.99,1,1,9.049657616524129e-05,99.97758940856501,C
41224,29.99,1,1,9.049657616524129e-05,99.97767990514117,C
2974,29.99,1,1,9.049657616524129e-05,99.97777040171734,C
19598,29.99,1,1,9.049657616524129e-05,99.9778608982935,C
2396,29.99,1,1,9.049657616524129e-05,99.97795139486966,C
505,29.99,1,1,9.049657616524129e-05,99.97804189144583,C
22559,29.99,1,1,9.049657616524129e-05,99.97813238802199,C
25653,29.99,1,1,9.049657616524129e-05,99.97822288459815,C
20423,29.99,1,1,9.049657616524129e-05,99.97831338117432,C
12355,29.98,2,2,9.04664005813249e-05,99.9784038475749,C
21110,29.98,2,2,9.04664005813249e-05,99.97849431397547,C
24591,29.98,2,2,9.04664005813249e-05,99.97858478037605,C
36367,29.98,2,2,9.04664005813249e-05,99.97867524677663,C
37902,29.98,2,1,9.04664005813249e-05,99.97876571317721,C
4248,29.98,2,2,9.04664005813249e-05,99.97885617957779,C
3673,29.98,2,2,9.04664005813249e-05,99.97894664597837,C
33147,29.98,2,1,9.04664005813249e-05,99.97903711237895,C
41309,29.98,2,1,9.04664005813249e-05,99.97912757877953,C
13734,29.98,2,1,9.04664005813249e-05,99.9792180451801,C
23984,29.98,2,2,9.04664005813249e-05,99.97930851158068,C
23404,29.97,3,3,9.043622499740852e-05,99.97939894780568,C
19304,29.97,3,3,9.043622499740852e-05,99.97948938403067,C
6986,29.97,3,3,9.043622499740852e-05,99.97957982025567,C
5742,29.94,6,1,9.034569824565936e-05,99.9796701659539,C
6395,29.94,6,5,9.034569824565936e-05,99.97976051165215,C
22119,29.94,6,2,9.034569824565936e-05,99.97985085735039,C
6063,28.99,1,1,8.747901777360269e-05,99.97993833636816,C
24532,28.99,1,1,8.747901777360269e-05,99.98002581538594,C
22858,28.99,1,1,8.747901777360269e-05,99.98011329440372,C
10642,28.99,1,1,8.747901777360269e-05,99.9802007734215,C
46333,28.99,1,1,8.747901777360269e-05,99.98028825243928,C
2181,28.71,29,18,8.66341014239439e-05,99.9803748865407,C
852,28.47,3,3,8.590988740995062e-05,99.9804607964281,C
455,27.99,1,1,8.446145938196411e-05,99.98054525788748,C
17747,27.99,1,1,8.446145938196411e-05,99.98062971934687,C
3449,27.99,1,1,8.446145938196411e-05,99.98071418080625,C
4028,27.98,2,1,8.443128379804773e-05,99.98079861209004,C
43490,27.98,2,2,8.443128379804773e-05,99.98088304337384,C
22225,27.98,2,1,8.443128379804773e-05,99.98096747465763,C
13094,27.98,2,2,8.443128379804773e-05,99.98105190594143,C
20114,27.98,2,2,8.443128379804773e-05,99.98113633722522,C
6784,27.98,2,1,8.443128379804773e-05,99.98122076850902,C
42080,27.98,2,2,8.443128379804773e-05,99.98130519979281,C
44907,27.98,2,2,8.443128379804773e-05,99.98138963107661,C
23552,27.98,2,2,8.443128379804773e-05,99.9814740623604,C
14036,27.96,4,3,8.437093263021495e-05,99.98155843329303,C
6062,27.96,4,3,8.437093263021495e-05,99.98164280422566,C
16072,27.96,4,1,8.437093263021495e-05,99.98172717515828,C
19059,26.99,1,1,8.14439009903255e-05,99.98180861905928,C
19143,26.99,1,1,8.14439009903255e-05,99.98189006296028,C
19262,26.99,1,1,8.14439009903255e-05,99.98197150686127,C
39013,26.99,1,1,8.14439009903255e-05,99.98205295076227,C
2358,26.99,1,1,8.14439009903255e-05,99.98213439466326,C
2505,26.99,1,1,8.14439009903255e-05,99.98221583856426,C
22431,26.99,1,1,8.14439009903255e-05,99.98229728246525,C
35977,26.98,2,2,8.141372540640914e-05,99.98237869619066,C
6941,26.97,3,2,8.138354982249274e-05,99.98246007974049,C
40825,26.97,3,1,8.138354982249274e-05,99.98254146329032,C
29472,26.97,3,2,8.138354982249274e-05,99.98262284684014,C
576,26.97,3,3,8.138354982249274e-05,99.98270423038997,C
21272,26.97,3,3,8.138354982249274e-05,99.9827856139398,C
43803,26.94,6,2,8.12930230707436e-05,99.98286690696287,C
12354,26.45,5,1,7.981441945884069e-05,99.98294672138233,C
4308,25.99,1,1,7.842634259868693e-05,99.98302514772493,C
17753,25.99,1,1,7.842634259868693e-05,99.98310357406753,C
24363,25.99,1,1,7.842634259868693e-05,99.98318200041012,C
803,25.98,2,2,7.839616701477056e-05,99.98326039657714,C
19219,25.98,2,1,7.839616701477056e-05,99.98333879274415,C
19693,25.98,2,2,7.839616701477056e-05,99.98341718891116,C
15423,25.98,2,2,7.839616701477056e-05,99.98349558507817,C
4676,25.98,2,1,7.839616701477056e-05,99.98357398124519,C
22653,25.98,2,1,7.839616701477056e-05,99.9836523774122,C
3015,25.98,2,1,7.839616701477056e-05,99.98373077357921,C
22092,25.98,2,1,7.839616701477056e-05,99.98380916974622,C
8119,25.98,2,2,7.839616701477056e-05,99.98388756591324,C
21833,25.98,2,1,7.839616701477056e-05,99.98396596208025,C
22477,25.98,2,1,7.839616701477056e-05,99.98404435824726,C
24694,25.98,2,1,7.839616701477056e-05,99.98412275441427,C
18866,25.98,2,2,7.839616701477056e-05,99.98420115058128,C
20991,25.98,2,2,7.839616701477056e-05,99.9842795467483,C
23878,25.98,2,1,7.839616701477056e-05,99.98435794291531,C
21107,25.98,2,2,7.839616701477056e-05,99.98443633908232,C
742,25.98,2,2,7.839616701477056e-05,99.98451473524933,C
17486,25.96,4,2,7.833581584693778e-05,99.98459307106518,C
17154,25.96,4,3,7.833581584693778e-05,99.98467140688102,C
3888,25.740000000000002,26,16,7.767195300077729e-05,99.98474907883401,C
39665,25.47,3,2,7.685721223503486e-05,99.98482593604625,C
22345,24.99,1,1,7.540878420704833e-05,99.98490134483046,C
33930,24.99,1,1,7.540878420704833e-05,99.98497675361467,C
21446,24.99,1,1,7.540878420704833e-05,99.98505216239889,C
20178,24.99,1,1,7.540878420704833e-05,99.9851275711831,C
25594,24.99,1,1,7.540878420704833e-05,99.98520297996731,C
31157,24.99,1,1,7.540878420704833e-05,99.98527838875152,C
19544,24.99,1,1,7.540878420704833e-05,99.98535379753574,C
15404,24.99,1,1,7.540878420704833e-05,99.98542920631995,C
7974,24.99,1,1,7.540878420704833e-05,99.98550461510416,C
23525,24.99,1,1,7.540878420704833e-05,99.98558002388837,C
4260,24.49,1,1,7.390000501122904e-05,99.98565392389338,C
20935,24.49,1,1,7.390000501122904e-05,99.98572782389839,C
19217,23.99,1,1,7.239122581540975e-05,99.9858002151242,C
797,23.99,1,1,7.239122581540975e-05,99.98587260635001,C
172,23.99,1,1,7.239122581540975e-05,99.98594499757583,C
7439,23.98,2,2,7.236105023149337e-05,99.98601735862606,C
24276,23.98,2,2,7.236105023149337e-05,99.98608971967629,C
23900,23.98,2,2,7.236105023149337e-05,99.98616208072652,C
17989,23.98,2,2,7.236105023149337e-05,99.98623444177674,C
21614,23.98,2,2,7.236105023149337e-05,99.98630680282697,C
43013,23.98,2,2,7.236105023149337e-05,99.9863791638772,C
20825,23.98,2,1,7.236105023149337e-05,99.98645152492743,C
11423,23.98,2,2,7.236105023149337e-05,99.98652388597766,C
18831,23.97,3,3,7.233087464757699e-05,99.9865962168523,C
41531,23.97,3,3,7.233087464757699e-05,99.98666854772695,C
862,23.97,3,2,7.233087464757699e-05,99.9867408786016,C
23665,23.97,3,1,7.233087464757699e-05,99.98681320947624,C
1888,23.97,3,3,7.233087464757699e-05,99.98688554035088,C
17381,23.96,4,1,7.230069906366059e-05,99.98695784104994,C
784,23.96,4,1,7.230069906366059e-05,99.987030141749,C
19787,23.95,5,5,7.227052347974421e-05,99.98710241227248,C
2626,23.88,12,1,7.20592943923295e-05,99.98717447156687,C
338,23.49,1,1,7.088244661959045e-05,99.9872453540135,C
45859,22.99,1,1,6.937366742377116e-05,99.98731472768092,C
43021,22.99,1,1,6.937366742377116e-05,99.98738410134835,C
23131,22.99,1,1,6.937366742377116e-05,99.98745347501578,C
18418,22.99,1,1,6.937366742377116e-05,99.98752284868321,C
24135,22.99,1,1,6.937366742377116e-05,99.98759222235064,C
2277,22.99,1,1,6.937366742377116e-05,99.98766159601807,C
5408,22.98,2,2,6.934349183985478e-05,99.98773093950992,C
23078,21.99,1,1,6.635610903213258e-05,99.98779729561895,C
19052,21.99,1,1,6.635610903213258e-05,99.98786365172798,C
26886,21.99,1,1,6.635610903213258e-05,99.98793000783701,C
8060,21.99,1,1,6.635610903213258e-05,99.98799636394604,C
2616,21.99,1,1,6.635610903213258e-05,99.98806272005507,C
23863,21.99,1,1,6.635610903213258e-05,99.9881290761641,C
18662,21.99,1,1,6.635610903213258e-05,99.98819543227313,C
993,21.98,2,2,6.63259334482162e-05,99.98826175820658,C
20092,21.98,2,2,6.63259334482162e-05,99.98832808414002,C
19019,21.98,2,1,6.63259334482162e-05,99.98839441007347,C
24336,21.98,2,1,6.63259334482162e-05,99.98846073600691,C
15747,21.98,2,1,6.63259334482162e-05,99.98852706194036,C
12538,21.98,2,2,6.63259334482162e-05,99.9885933878738,C
15328,21.98,2,2,6.63259334482162e-05,99.98865971380725,C
23955,21.98,2,2,6.63259334482162e-05,99.9887260397407,C
19760,21.98,2,2,6.63259334482162e-05,99.98879236567414,C
6129,21.89,11,5,6.605435319296872e-05,99.98885842002734,C
3359,21.78,22,10,6.572242176988848e-05,99.98892414244911,C
5635,21.49,1,1,6.484732983631328e-05,99.98898898977895,C
22634,20.99,1,1,6.333855064049397e-05,99.98905232832959,C
17369,20.99,1,1,6.333855064049397e-05,99.98911566688024,C
610,20.99,1,1,6.333855064049397e-05,99.98917900543088,C
16531,20.99,1,1,6.333855064049397e-05,99.98924234398153,C
20653,20.98,2,2,6.33083750565776e-05,99.98930565235659,C
42864,20.98,2,1,6.33083750565776e-05,99.98936896073165,C
718,20.98,2,2,6.33083750565776e-05,99.98943226910671,C
18002,20.97,3,3,6.327819947266121e-05,99.98949554730619,C
46327,20.97,3,3,6.327819947266121e-05,99.98955882550567,C
11038,20.97,3,3,6.327819947266121e-05,99.98962210370514,C
43871,19.99,1,1,6.0320992248855385e-05,99.98968242469739,C
3196,19.99,1,1,6.0320992248855385e-05,99.98974274568964,C
18268,19.99,1,1,6.0320992248855385e-05,99.98980306668189,C
24274,19.99,1,1,6.0320992248855385e-05,99.98986338767413,C
9105,19.99,1,1,6.0320992248855385e-05,99.98992370866638,C
2729,19.99,1,1,6.0320992248855385e-05,99.98998402965863,C
14573,19.99,1,1,6.0320992248855385e-05,99.99004435065088,C
14407,19.99,1,1,6.0320992248855385e-05,99.99010467164312,C
16389,19.99,1,1,6.0320992248855385e-05,99.99016499263537,C
5178,19.99,1,1,6.0320992248855385e-05,99.99022531362762,C
25445,19.99,1,1,6.0320992248855385e-05,99.99028563461987,C
22618,19.99,1,1,6.0320992248855385e-05,99.99034595561211,C
23805,19.99,1,1,6.0320992248855385e-05,99.99040627660436,C
46684,19.99,1,1,6.0320992248855385e-05,99.99046659759661,C
6872,19.98,2,2,6.0290816664939016e-05,99.99052688841327,C
13132,19.98,2,1,6.0290816664939016e-05,99.99058717922993,C
853,19.98,2,1,6.0290816664939016e-05,99.9906474700466,C
18557,19.98,2,2,6.0290816664939016e-05,99.99070776086326,C
22032,19.98,2,2,6.0290816664939016e-05,99.99076805167992,C
20662,19.98,2,2,6.0290816664939016e-05,99.99082834249658,C
11022,19.98,2,2,6.0290816664939016e-05,99.99088863331325,C
24053,19.98,2,2,6.0290816664939016e-05,99.99094892412991,C
24147,19.98,2,2,6.0290816664939016e-05,99.99100921494657,C
4319,19.98,2,1,6.0290816664939016e-05,99.99106950576324,C
871,19.98,2,1,6.0290816664939016e-05,99.9911297965799,C
19243,19.47,3,3,5.8751861885203324e-05,99.99118854844178,C
20607,18.99,1,1,5.73034338572168e-05,99.99124585187565,C
19047,18.99,1,1,5.73034338572168e-05,99.99130315530951,C
36088,18.99,1,1,5.73034338572168e-05,99.99136045874337,C
20739,18.99,1,1,5.73034338572168e-05,99.99141776217724,C
2918,18.99,1,1,5.73034338572168e-05,99.9914750656111,C
17741,18.99,1,1,5.73034338572168e-05,99.99153236904496,C
14718,18.99,1,1,5.73034338572168e-05,99.99158967247882,C
2820,18.99,1,1,5.73034338572168e-05,99.99164697591269,C
20374,18.99,1,1,5.73034338572168e-05,99.99170427934655,C
19236,18.99,1,1,5.73034338572168e-05,99.99176158278041,C
24470,18.99,1,1,5.73034338572168e-05,99.99181888621428,C
3622,18.49,1,1,5.579465466139751e-05,99.99187468086893,C
25236,17.99,1,1,5.428587546557821e-05,99.9919289667444,C
9144,17.99,1,1,5.428587546557821e-05,99.99198325261986,C
24883,17.99,1,1,5.428587546557821e-05,99.99203753849532,C
24253,17.99,1,1,5.428587546557821e-05,99.99209182437079,C
5521,17.99,1,1,5.428587546557821e-05,99.99214611024625,C
12637,17.98,2,2,5.425569988166183e-05,99.99220036594613,C
23044,17.98,2,1,5.425569988166183e-05,99.99225462164601,C
22010,17.98,2,2,5.425569988166183e-05,99.99230887734589,C
22958,17.98,2,2,5.425569988166183e-05,99.99236313304577,C
39512,17.98,2,2,5.425569988166183e-05,99.99241738874565,C
33707,17.98,2,2,5.425569988166183e-05,99.99247164444553,C
2401,17.98,2,2,5.425569988166183e-05,99.99252590014541,C
12390,17.97,3,2,5.422552429774545e-05,99.9925801256697,C
17819,17.94,6,3,5.4134997545996294e-05,99.99263426066724,C
23920,17.58,2,2,5.304867652500639e-05,99.99268730934376,C
330,16.99,1,1,5.1268317073939625e-05,99.99273857766084,C
45494,16.99,1,1,5.1268317073939625e-05,99.99278984597792,C
4015,16.99,1,1,5.1268317073939625e-05,99.992841114295,C
3030,16.99,1,1,5.1268317073939625e-05,99.99289238261208,C
22385,16.99,1,1,5.1268317073939625e-05,99.99294365092916,C
18428,16.99,1,1,5.1268317073939625e-05,99.99299491924624,C
3955,16.99,1,1,5.1268317073939625e-05,99.99304618756332,C
15785,16.99,1,1,5.1268317073939625e-05,99.9930974558804,C
19890,16.99,1,1,5.1268317073939625e-05,99.99314872419748,C
19797,16.99,1,1,5.1268317073939625e-05,99.99319999251456,C
21860,16.99,1,1,5.1268317073939625e-05,99.99325126083164,C
18394,16.99,1,1,5.1268317073939625e-05,99.99330252914872,C
12496,16.98,2,1,5.123814149002324e-05,99.99335376729022,C
23135,16.98,2,2,5.123814149002324e-05,99.99340500543171,C
38255,16.49,1,1,4.9759537878120335e-05,99.99345476496958,C
1043,16.49,1,1,4.9759537878120335e-05,99.99350452450746,C
23206,16.47,3,2,4.969918671028756e-05,99.99355422369416,C
12340,15.99,1,1,4.825075868230104e-05,99.99360247445284,C
21625,15.99,1,1,4.825075868230104e-05,99.99365072521152,C
20689,15.99,1,1,4.825075868230104e-05,99.9936989759702,C
20707,15.99,1,1,4.825075868230104e-05,99.99374722672889,C
21031,15.99,1,1,4.825075868230104e-05,99.99379547748757,C
14996,15.99,1,1,4.825075868230104e-05,99.99384372824625,C
2000,15.99,1,1,4.825075868230104e-05,99.99389197900493,C
12585,15.99,1,1,4.825075868230104e-05,99.99394022976361,C
2108,15.99,1,1,4.825075868230104e-05,99.99398848052229,C
151,15.99,1,1,4.825075868230104e-05,99.99403673128097,C
39988,15.99,1,1,4.825075868230104e-05,99.99408498203965,C
863,15.98,2,2,4.8220583098384656e-05,99.99413320262275,C
29558,15.98,2,2,4.8220583098384656e-05,99.99418142320584,C
16787,15.98,2,2,4.8220583098384656e-05,99.99422964378894,C
16263,15.98,2,1,4.8220583098384656e-05,99.99427786437204,C
12519,15.96,4,2,4.8160231930551885e-05,99.99432602460396,C
3671,15.92,8,6,4.803952959488634e-05,99.99437406413355,C
21298,15.58,2,1,4.7013559741729216e-05,99.99442107769329,C
13379,14.99,1,1,4.523320029066245e-05,99.99446631089359,C
6968,14.99,1,1,4.523320029066245e-05,99.99451154409388,C
18089,14.99,1,1,4.523320029066245e-05,99.99455677729418,C
24564,14.99,1,1,4.523320029066245e-05,99.99460201049448,C
16365,14.99,1,1,4.523320029066245e-05,99.99464724369477,C
189,14.98,2,1,4.520302470674607e-05,99.99469244671948,C
7222,14.98,2,2,4.520302470674607e-05,99.9947376497442,C
18012,14.98,2,1,4.520302470674607e-05,99.9947828527689,C
3371,14.85,15,7,4.4810742115833046e-05,99.99482766351102,C
5818,14.85,15,9,4.4810742115833046e-05,99.99487247425313,C
3753,14.49,1,1,4.3724421094843155e-05,99.99491619867422,C
148,14.49,1,1,4.3724421094843155e-05,99.99495992309531,C
20768,14.49,1,1,4.3724421094843155e-05,99.9950036475164,C
204,14.49,1,1,4.3724421094843155e-05,99.99504737193749,C
3750,14.49,1,1,4.3724421094843155e-05,99.99509109635858,C
150,14.49,1,1,4.3724421094843155e-05,99.99513482077967,C
19163,14.37,3,1,4.336231408784652e-05,99.99517818309376,C
20257,13.99,1,1,4.2215641899023865e-05,99.99522039873565,C
19087,13.99,1,1,4.2215641899023865e-05,99.99526261437755,C
23350,13.99,1,1,4.2215641899023865e-05,99.99530483001945,C
22478,13.99,1,1,4.2215641899023865e-05,99.99534704566135,C
17856,13.99,1,1,4.2215641899023865e-05,99.99538926130325,C
19706,13.99,1,1,4.2215641899023865e-05,99.99543147694514,C
44857,13.99,1,1,4.2215641899023865e-05,99.99547369258704,C
13960,13.99,1,1,4.2215641899023865e-05,99.99551590822894,C
21178,13.99,1,1,4.2215641899023865e-05,99.99555812387084,C
19795,13.99,1,1,4.2215641899023865e-05,99.99560033951273,C
24885,13.99,1,1,4.2215641899023865e-05,99.99564255515463,C
23237,13.99,1,1,4.2215641899023865e-05,99.99568477079653,C
22836,13.99,1,1,4.2215641899023865e-05,99.99572698643843,C
7294,13.98,2,2,4.2185466315107476e-05,99.99576917190474,C
28317,13.98,2,1,4.2185466315107476e-05,99.99581135737105,C
603,13.98,2,1,4.2185466315107476e-05,99.99585354283737,C
6066,13.98,2,2,4.2185466315107476e-05,99.99589572830368,C
1056,13.49,1,1,4.070686270320457e-05,99.99593643516639,C
4576,12.99,1,1,3.919808350738528e-05,99.9959756332499,C
14369,12.99,1,1,3.919808350738528e-05,99.99601483133341,C
16330,12.99,1,1,3.919808350738528e-05,99.99605402941692,C
13478,12.99,1,1,3.919808350738528e-05,99.99609322750044,C
17329,12.99,1,1,3.919808350738528e-05,99.99613242558395,C
23596,12.99,1,1,3.919808350738528e-05,99.99617162366746,C
40590,12.99,1,1,3.919808350738528e-05,99.99621082175098,C
24589,12.99,1,1,3.919808350738528e-05,99.99625001983449,C
22421,12.99,1,1,3.919808350738528e-05,99.996289217918,C
43247,12.99,1,1,3.919808350738528e-05,99.99632841600152,C
23989,12.99,1,1,3.919808350738528e-05,99.99636761408503,C
15949,12.99,1,1,3.919808350738528e-05,99.99640681216854,C
20441,12.99,1,1,3.919808350738528e-05,99.99644601025206,C
11319,12.99,1,1,3.919808350738528e-05,99.99648520833557,C
34333,12.99,1,1,3.919808350738528e-05,99.99652440641908,C
25191,12.99,1,1,3.919808350738528e-05,99.9965636045026,C
6204,12.99,1,1,3.919808350738528e-05,99.99660280258611,C
19663,12.99,1,1,3.919808350738528e-05,99.99664200066962,C
14137,12.99,1,1,3.919808350738528e-05,99.99668119875314,C
18810,12.98,2,2,3.916790792346889e-05,99.99672036666107,C
35663,12.58,2,2,3.796088456681345e-05,99.99675832754563,C
21850,12.530000000000001,7,3,3.7810006647231524e-05,99.99679613755228,C
19042,11.99,1,1,3.6180525115746685e-05,99.9968323180774,C
23517,11.99,1,1,3.6180525115746685e-05,99.99686849860251,C
14826,11.99,1,1,3.6180525115746685e-05,99.99690467912762,C
31972,11.99,1,1,3.6180525115746685e-05,99.99694085965274,C
3853,11.99,1,1,3.6180525115746685e-05,99.99697704017785,C
38301,11.99,1,1,3.6180525115746685e-05,99.99701322070297,C
3277,11.99,1,1,3.6180525115746685e-05,99.99704940122808,C
24404,11.99,1,1,3.6180525115746685e-05,99.9970855817532,C
22201,11.99,1,1,3.6180525115746685e-05,99.99712176227831,C
20794,11.99,1,1,3.6180525115746685e-05,99.99715794280343,C
22451,11.99,1,1,3.6180525115746685e-05,99.99719412332854,C
19347,11.99,1,1,3.6180525115746685e-05,99.99723030385366,C
38558,11.99,1,1,3.6180525115746685e-05,99.99726648437877,C
21282,11.99,1,1,3.6180525115746685e-05,99.99730266490388,C
7433,11.99,1,1,3.6180525115746685e-05,99.997338845429,C
13561,11.99,1,1,3.6180525115746685e-05,99.99737502595411,C
16752,11.99,1,1,3.6180525115746685e-05,99.99741120647923,C
17171,11.98,2,2,3.6150349531830296e-05,99.99744735682876,C
3514,11.98,2,2,3.6150349531830296e-05,99.99748350717829,C
24000,11.98,2,1,3.6150349531830296e-05,99.99751965752782,C
16850,11.98,2,1,3.6150349531830296e-05,99.99755580787735,C
6127,11.94,6,4,3.602964719616475e-05,99.99759183752454,C
14675,11.49,1,1,3.467174591992739e-05,99.99762650927046,C
20403,11.49,1,1,3.467174591992739e-05,99.99766118101638,C
3473,10.99,1,1,3.31629667241081e-05,99.99769434398311,C
8411,10.99,1,1,3.31629667241081e-05,99.99772750694984,C
12073,10.99,1,1,3.31629667241081e-05,99.99776066991657,C
6457,10.99,1,1,3.31629667241081e-05,99.9977938328833,C
4460,10.99,1,1,3.31629667241081e-05,99.99782699585003,C
15386,10.99,1,1,3.31629667241081e-05,99.99786015881676,C
19938,10.99,1,1,3.31629667241081e-05,99.9978933217835,C
5116,10.99,1,1,3.31629667241081e-05,99.99792648475022,C
16612,10.99,1,1,3.31629667241081e-05,99.99795964771695,C
37682,10.99,1,1,3.31629667241081e-05,99.99799281068368,C
15835,10.99,1,1,3.31629667241081e-05,99.99802597365041,C
12259,10.99,1,1,3.31629667241081e-05,99.99805913661714,C
19754,10.99,1,1,3.31629667241081e-05,99.99809229958387,C
19179,10.99,1,1,3.31629667241081e-05,99.9981254625506,C
8432,10.89,11,3,3.286121088494424e-05,99.99815832376149,C
5114,10.49,1,1,3.16541875282888e-05,99.99818997794901,C
23566,10.49,1,1,3.16541875282888e-05,99.99822163213653,C
19255,10.47,3,2,3.159383636045603e-05,99.99825322597289,C
14836,10.29,1,1,3.1050675849961075e-05,99.99828427664873,C
12443,9.99,1,1,3.0145408332469508e-05,99.99831442205706,C
19240,9.99,1,1,3.0145408332469508e-05,99.9983445674654,C
18626,9.99,1,1,3.0145408332469508e-05,99.99837471287373,C
36463,9.99,1,1,3.0145408332469508e-05,99.99840485828206,C
22001,9.99,1,1,3.0145408332469508e-05,99.99843500369039,C
42939,9.99,1,1,3.0145408332469508e-05,99.99846514909872,C
11088,9.99,1,1,3.0145408332469508e-05,99.99849529450705,C
19139,9.99,1,1,3.0145408332469508e-05,99.99852543991538,C
20477,9.99,1,1,3.0145408332469508e-05,99.99855558532371,C
3002,9.99,1,1,3.0145408332469508e-05,99.99858573073205,C
4892,9.99,1,1,3.0145408332469508e-05,99.99861587614038,C
23645,9.98,2,2,3.011523274855312e-05,99.99864599137312,C
43317,9.98,2,2,3.011523274855312e-05,99.99867610660587,C
29205,9.49,1,1,2.8636629136650215e-05,99.99870474323501,C
3055,9.49,1,1,2.8636629136650215e-05,99.99873337986415,C
3453,9.49,1,1,2.8636629136650215e-05,99.99876201649329,C
20953,8.99,1,1,2.7127849940830915e-05,99.99878914434323,C
17842,8.99,1,1,2.7127849940830915e-05,99.99881627219318,C
39834,8.99,1,1,2.7127849940830915e-05,99.99884340004313,C
888,8.99,1,1,2.7127849940830915e-05,99.99887052789308,C
427,8.99,1,1,2.7127849940830915e-05,99.99889765574302,C
44278,8.99,1,1,2.7127849940830915e-05,99.99892478359297,C
808,8.99,1,1,2.7127849940830915e-05,99.99895191144292,C
11868,8.99,1,1,2.7127849940830915e-05,99.99897903929286,C
19071,8.99,1,1,2.7127849940830915e-05,99.99900616714281,C
23160,8.99,1,1,2.7127849940830915e-05,99.99903329499276,C
15414,8.99,1,1,2.7127849940830915e-05,99.9990604228427,C
3096,8.91,9,5,2.688644526949983e-05,99.99908730928797,C
23970,8.49,1,1,2.561907074501162e-05,99.99911292835871,C
13890,8.29,1,1,2.50155590666839e-05,99.99913794391777,C
6290,7.99,1,1,2.4110291549192328e-05,99.99916205420932,C
34508,7.99,1,1,2.4110291549192328e-05,99.99918616450087,C
14133,7.99,1,1,2.4110291549192328e-05,99.99921027479242,C
36045,7.99,1,1,2.4110291549192328e-05,99.99923438508397,C
6652,7.99,1,1,2.4110291549192328e-05,99.99925849537551,C
43547,7.99,1,1,2.4110291549192328e-05,99.99928260566706,C
15297,7.99,1,1,2.4110291549192328e-05,99.99930671595861,C
25422,7.99,1,1,2.4110291549192328e-05,99.99933082625016,C
21593,7.99,1,1,2.4110291549192328e-05,99.9993549365417,C
3053,7.92,8,6,2.3899062461777625e-05,99.99937883560416,C
28323,7.49,1,1,2.2601512353373035e-05,99.99940143711652,C
17274,7.49,1,1,2.2601512353373035e-05,99.99942403862887,C
6389,6.99,1,1,2.1092733157553738e-05,99.99944513136204,C
45293,6.99,1,1,2.1092733157553738e-05,99.9994662240952,C
650,6.99,1,1,2.1092733157553738e-05,99.99948731682836,C
4173,6.93,7,5,2.0911679654055424e-05,99.99950822850802,C
42162,6.79,1,1,2.048922147922602e-05,99.9995287177295,C
15014,6.49,1,1,1.9583953961734445e-05,99.99954830168346,C
557,6.29,1,1,1.8980442283406725e-05,99.99956728212574,C
17908,5.99,1,1,1.8075174765915148e-05,99.9995853573005,C
714,5.99,1,1,1.8075174765915148e-05,99.99960343247527,C
22363,5.99,1,1,1.8075174765915148e-05,99.99962150765003,C
29131,5.99,1,1,1.8075174765915148e-05,99.9996395828248,C
590,5.99,1,1,1.8075174765915148e-05,99.99965765799956,C
17172,5.99,1,1,1.8075174765915148e-05,99.99967573317433,C
13888,5.98,2,2,1.8044999181998762e-05,99.99969377817351,C
21616,5.97,3,3,1.8014823598082377e-05,99.9997117929971,C
8527,5.97,3,3,1.8014823598082377e-05,99.9997298078207,C
6120,5.97,3,3,1.8014823598082377e-05,99.9997478226443,C
13394,5.79,1,1,1.747166308758743e-05,99.99976529430738,C
11427,5.49,1,1,1.6566395570095855e-05,99.99978186070295,C
17576,5.49,1,1,1.6566395570095855e-05,99.99979842709853,C
5341,5.39,11,1,1.6264639730931995e-05,99.99981469173825,C
27934,4.99,1,1,1.505761637427656e-05,99.99982974935463,C
22120,4.99,1,1,1.505761637427656e-05,99.99984480697101,C
105,4.49,1,1,1.3548837178457266e-05,99.99985835580819,C
16935,4.49,1,1,1.3548837178457266e-05,99.99987190464536,C
8268,4.49,1,1,1.3548837178457266e-05,99.99988545348253,C
18627,4.39,1,1,1.3247081339293406e-05,99.99989870056388,C
13716,3.99,1,1,1.2040057982637971e-05,99.99991074062186,C
20609,3.99,1,1,1.2040057982637971e-05,99.99992278067984,C
3697,3.98,2,2,1.2009882398721586e-05,99.99993479056224,C
5456,3.96,4,2,1.1949531230888813e-05,99.99994674009346,C
22407,3.29,1,1,9.927767108490958e-06,99.99995666786057,C
2134,2.49,1,1,7.513720395180088e-06,99.99996418158096,C
8729,1.98,2,2,5.974765615444406e-06,99.99997015634658,C
3407,1.98,2,2,5.974765615444406e-06,99.99997613111219,C
3933,1.98,2,1,5.974765615444406e-06,99.9999821058778,C
3623,1.98,2,2,5.974765615444406e-06,99.99998808064342,C
2773,0.99,1,1,2.987382807722203e-06,99.99999106802623,C
8872,0.99,1,1,2.987382807722203e-06,99.99999405540905,C
3303,0.99,1,1,2.987382807722203e-06,99.99999704279186,C
5287,0.98,2,2,2.957207223805817e-06,99.99999999999909,C
