Brand,EndingStock,AvgPrice,InventoryValue,TotalSold,StockToSales,MovementClass
58,385,12.99,5001.15,288.0,1.3368055555555556,Normal
60,146,10.99,1604.54,124.0,1.1774193548387097,Normal
61,12,13.99,167.88,24.0,0.5,Fast Moving
62,459,36.99,16978.41,162.0,2.8333333333333335,Slow Moving
63,442,38.99,17233.58,131.0,3.3740458015267176,Slow Moving
72,139,34.99,4863.610000000001,19.0,7.315789473684211,Slow Moving
75,7,14.99,104.93,3.0,2.3333333333333335,Slow Moving
77,1764,14.99,26442.36,908.0,1.9427312775330396,Normal
79,995,14.99,14915.050000000001,416.0,2.391826923076923,Slow Moving
86,18,299.99,5399.82,1.0,18.0,Slow Moving
97,12,14.49,173.88,0.0,inf,Dead Stock
100,59,169.99,10029.41,7.0,8.428571428571429,Slow Moving
104,53,8.79,465.86999999999995,19.0,2.789473684210526,Slow Moving
105,9,4.49,40.410000000000004,1.0,9.0,Slow Moving
106,128,4.49,574.72,141.0,0.9078014184397163,Normal
107,7,5.79,40.53,0.0,inf,Dead Stock
108,33,6.49,214.17000000000002,13.0,2.5384615384615383,Slow Moving
109,50,5.79,289.5,29.0,1.7241379310344827,Normal
110,4,6.49,25.96,0.0,inf,Dead Stock
111,52,6.489999999999999,337.47999999999996,13.0,4.0,Slow Moving
112,66,6.49,428.34000000000003,23.0,2.869565217391304,Slow Moving
113,37,6.489999999999999,240.12999999999997,16.0,2.3125,Slow Moving
114,83,6.49,538.6700000000001,24.0,3.4583333333333335,Slow Moving
115,1526,27.99,42712.74,623.0,2.449438202247191,Slow Moving
120,56,13.99,783.44,30.0,1.8666666666666667,Normal
123,3,59.99,179.97,2.0,1.5,Normal
126,4464,29.99,133875.36,1968.0,2.268292682926829,Slow Moving
128,5,32.99,164.95000000000002,0.0,inf,Dead Stock
129,5,29.99,149.95,1.0,5.0,Slow Moving
131,16,15.99,255.84,0.0,inf,Dead Stock
143,9,36.99,332.91,1.0,9.0,Slow Moving
148,8,14.49,115.92,1.0,8.0,Slow Moving
150,9,14.49,130.41,1.0,9.0,Slow Moving
151,58,15.99,927.42,1.0,58.0,Slow Moving
156,191,19.99,3818.0899999999997,0.0,inf,Dead Stock
159,86,34.99,3009.1400000000003,131.0,0.6564885496183206,Normal
161,49,12.99,636.51,8.0,6.125,Slow Moving
162,210,22.99,4827.9,98.0,2.142857142857143,Slow Moving
168,771,11.99,9244.29,264.0,2.9204545454545454,Slow Moving
169,6,16.99,101.94,0.0,inf,Dead Stock
171,965,49.99,48240.35,510.0,1.892156862745098,Normal
175,228,41.99,9573.720000000001,72.0,3.1666666666666665,Slow Moving
178,514,26.99,13872.859999999999,149.0,3.4496644295302015,Slow Moving
181,4,24.99,99.96,0.0,inf,Dead Stock
184,1,20.99,20.99,50.0,0.02,Fast Moving
190,20,4.29,85.8,96.0,0.20833333333333334,Fast Moving
192,261,35.99,9393.390000000001,66.0,3.9545454545454546,Slow Moving
194,1,29.99,29.99,3.0,0.3333333333333333,Fast Moving
197,5,22.49,112.44999999999999,0.0,inf,Dead Stock
200,298,29.99,8937.02,38.0,7.842105263157895,Slow Moving
202,59,28.99,1710.4099999999999,20.0,2.95,Slow Moving
203,4,21.99,87.96,0.0,inf,Dead Stock
204,9,14.49,130.41,1.0,9.0,Slow Moving
206,16,17.99,287.84,0.0,inf,Dead Stock
207,5,14.49,72.45,3.0,1.6666666666666667,Normal
211,539,29.99,16164.609999999999,126.0,4.277777777777778,Slow Moving
213,114,22.990000000000002,2620.86,64.0,1.78125,Normal
216,17,19.99,339.83,18.0,0.9444444444444444,Normal
217,45,19.99,899.55,40.0,1.125,Normal
222,48,19.99,959.52,2.0,24.0,Slow Moving
226,56,10.99,615.44,12.0,4.666666666666667,Slow Moving
233,329,42.99,14143.710000000001,64.0,5.140625,Slow Moving
234,6,15.49,92.94,0.0,inf,Dead Stock
236,16,17.99,287.84,0.0,inf,Dead Stock
240,20,20.99,419.79999999999995,9.0,2.2222222222222223,Slow Moving
247,74,199.99,14799.26,8.0,9.25,Slow Moving
248,5,49.99,249.95000000000002,1.0,5.0,Slow Moving
249,15,21.99,329.84999999999997,6.0,2.5,Slow Moving
253,146,5.79,845.34,479.0,0.3048016701461378,Fast Moving
254,149,10.99,1637.51,49.0,3.0408163265306123,Slow Moving
258,21,33.99,713.7900000000001,7.0,3.0,Slow Moving
261,117,12.990000000000002,1519.8300000000002,12.0,9.75,Slow Moving
262,2,11.99,23.98,0.0,inf,Dead Stock
263,10,17.99,179.89999999999998,0.0,inf,Dead Stock
269,126,3.9899999999999998,502.73999999999995,238.0,0.5294117647058824,Normal
271,279,35.99,10041.210000000001,0.0,inf,Dead Stock
272,106,7.489999999999999,793.9399999999999,135.0,0.7851851851851852,Normal
273,4052,21.99,89103.48,612.0,6.620915032679738,Slow Moving
274,5,25.99,129.95,11.0,0.45454545454545453,Fast Moving
275,134,19.99,2678.66,0.0,inf,Dead Stock
276,19,36.99,702.8100000000001,10.0,1.9,Normal
277,30,14.49,434.7,0.0,inf,Dead Stock
278,15,28.99,434.84999999999997,4.0,3.75,Slow Moving
281,67,9.99,669.33,45.0,1.488888888888889,Normal
283,147,57.989999999999995,8524.529999999999,26.0,5.653846153846154,Slow Moving
284,201,77.99,15675.99,30.0,6.7,Slow Moving
285,6,16.99,101.94,0.0,inf,Dead Stock
286,114,34.99,3988.86,0.0,inf,Dead Stock
287,124,34.99,4338.76,0.0,inf,Dead Stock
288,314,29.99,9416.859999999999,0.0,inf,Dead Stock
290,380,74.99,28496.199999999997,13.0,29.23076923076923,Slow Moving
294,171,8.49,1451.79,402.0,0.4253731343283582,Fast Moving
298,29,8.49,246.21,11.0,2.6363636363636362,Slow Moving
300,1,18.99,18.99,0.0,inf,Dead Stock
304,12,33.99,407.88,4.0,3.0,Slow Moving
305,827,27.99,23147.73,746.0,1.1085790884718498,Normal
308,10,26.99,269.9,15.0,0.6666666666666666,Normal
309,1,45.99,45.99,0.0,inf,Dead Stock
311,54,42.99,2321.46,61.0,0.8852459016393442,Normal
313,11,21.99,241.89,13.0,0.8461538461538461,Normal
315,1,15.99,15.99,0.0,inf,Dead Stock
319,0,32.99,0.0,2.0,0.0,Fast Moving
323,16,14.99,239.84,21.0,0.7619047619047619,Normal
327,26,23.99,623.74,0.0,inf,Dead Stock
332,20,19.99,399.79999999999995,0.0,inf,Dead Stock
344,207,19.99,4137.929999999999,57.0,3.6315789473684212,Slow Moving
350,32,22.99,735.68,27.0,1.1851851851851851,Normal
354,3,19.49,58.47,3.0,1.0,Normal
356,39,11.99,467.61,52.0,0.75,Normal
361,784,19.99,15672.159999999998,202.0,3.881188118811881,Slow Moving
364,171,7.99,1366.29,5.0,34.2,Slow Moving
365,154,8.99,1384.46,0.0,inf,Dead Stock
368,9,1559.99,14039.91,0.0,inf,Dead Stock
369,14,12.99,181.86,3.0,4.666666666666667,Slow Moving
370,22,13.99,307.78000000000003,21.0,1.0476190476190477,Normal
371,16,9.99,159.84,0.0,inf,Dead Stock
373,8,19.99,159.92,0.0,inf,Dead Stock
376,547,28.99,15857.529999999999,155.0,3.529032258064516,Slow Moving
377,406,37.99,15423.94,12.0,33.833333333333336,Slow Moving
381,880,19.99,17591.199999999997,130.0,6.769230769230769,Slow Moving
382,19,10.49,199.31,0.0,inf,Dead Stock
384,260,69.99,18197.399999999998,50.0,5.2,Slow Moving
385,1,447.99,447.99,0.0,inf,Dead Stock
388,1604,14.49,23241.96,739.0,2.1705006765899864,Slow Moving
397,1,7.49,7.49,0.0,inf,Dead Stock
398,11,7.49,82.39,0.0,inf,Dead Stock
401,3,7.49,22.47,6.0,0.5,Fast Moving
407,1,49.99,49.99,1.0,1.0,Normal
408,2618,19.99,52333.81999999999,806.0,3.2481389578163773,Slow Moving
415,1558,21.99,34260.42,866.0,1.7990762124711317,Normal
418,5,49.99,249.95000000000002,0.0,inf,Dead Stock
419,342,19.99,6836.579999999999,242.0,1.4132231404958677,Normal
423,6,4696.99,28181.94,0.0,inf,Dead Stock
425,20,799.99,15999.8,0.0,inf,Dead Stock
426,1080,7.99,8629.2,401.0,2.693266832917706,Slow Moving
427,12,8.99,107.88,1.0,12.0,Slow Moving
428,129,9.49,1224.21,134.0,0.9626865671641791,Normal
435,1124,15.99,17972.760000000002,192.0,5.854166666666667,Slow Moving
438,1059,17.99,19051.41,471.0,2.248407643312102,Slow Moving
441,1,49.99,49.99,27.0,0.037037037037037035,Fast Moving
443,1218,34.99,42617.82,419.0,2.9069212410501195,Slow Moving
445,14,8.79,123.05999999999999,0.0,inf,Dead Stock
446,289,14.990000000000002,4332.110000000001,152.0,1.9013157894736843,Normal
450,406,24.99,10145.939999999999,158.0,2.569620253164557,Slow Moving
451,25,4.99,124.75,41.0,0.6097560975609756,Normal
453,82,29.99,2459.18,33.0,2.484848484848485,Slow Moving
455,5,27.99,139.95,1.0,5.0,Slow Moving
457,10,8.99,89.9,5.0,2.0,Normal
463,601,33.99,20427.99,165.0,3.6424242424242426,Slow Moving
473,35,33.99,1189.65,28.0,1.25,Normal
482,2716,21.99,59724.84,2191.0,1.2396166134185302,Normal
485,296,12.99,3845.04,200.0,1.48,Normal
495,16,15.99,255.84,0.0,inf,Dead Stock
497,2237,19.99,44717.63,2339.0,0.9563916203505771,Normal
500,10,3049.99,30499.899999999998,1.0,10.0,Slow Moving
505,109,29.99,3268.91,1.0,109.0,Slow Moving
506,13,24.99,324.87,0.0,inf,Dead Stock
508,2829,15.49,43821.21,3625.0,0.7804137931034483,Normal
510,8,9.99,79.92,0.0,inf,Dead Stock
513,525,29.989999999999995,15744.749999999998,162.0,3.240740740740741,Slow Moving
515,246,34.99,8607.54,86.0,2.86046511627907,Slow Moving
516,42,10.99,461.58,15.0,2.8,Slow Moving
518,12,17.99,215.88,0.0,inf,Dead Stock
523,905,9.99,9040.95,862.0,1.0498839907192576,Normal
525,236,39.99,9437.640000000001,43.0,5.488372093023256,Slow Moving
529,51,7.29,371.79,31.0,1.6451612903225807,Normal
533,261,28.99,7566.389999999999,0.0,inf,Dead Stock
536,64,12.99,831.36,9.0,7.111111111111111,Slow Moving
538,1612,13.99,22551.88,1314.0,1.2267884322678844,Normal
539,324,5.79,1875.96,513.0,0.631578947368421,Normal
540,237,0.99,234.63,1080.0,0.21944444444444444,Fast Moving
541,48,7.49,359.52,97.0,0.4948453608247423,Fast Moving
543,38,34.99,1329.6200000000001,8.0,4.75,Slow Moving
546,7,7.49,52.43,0.0,inf,Dead Stock
547,48,12.99,623.52,40.0,1.2,Normal
548,18,8.99,161.82,21.0,0.8571428571428571,Normal
549,65,8.99,584.35,10.0,6.5,Slow Moving
550,12,8.99,107.88,0.0,inf,Dead Stock
551,55,10.99,604.45,7.0,7.857142857142857,Slow Moving
555,148,32.99,4882.52,39.0,3.7948717948717947,Slow Moving
557,9,6.29,56.61,1.0,9.0,Slow Moving
561,288,28.99,8349.119999999999,0.0,inf,Dead Stock
563,81,28.990000000000002,2348.19,0.0,inf,Dead Stock
564,78,8.99,701.22,54.0,1.4444444444444444,Normal
565,89,22.99,2046.11,13.0,6.846153846153846,Slow Moving
567,1194,28.99,34614.06,750.0,1.592,Normal
573,21,9.99,209.79,0.0,inf,Dead Stock
576,16,8.99,143.84,3.0,5.333333333333333,Slow Moving
583,4,16.99,67.96,0.0,inf,Dead Stock
585,108,29.99,3238.9199999999996,29.0,3.7241379310344827,Slow Moving
586,10,16.99,169.89999999999998,10.0,1.0,Normal
587,114,16.99,1936.86,6.0,19.0,Slow Moving
588,3,114.99,344.96999999999997,0.0,inf,Dead Stock
589,30,10.99,329.7,5.0,6.0,Slow Moving
590,13,5.99,77.87,1.0,13.0,Slow Moving
592,122,189.99,23178.780000000002,12.0,10.166666666666666,Slow Moving
596,6,21.99,131.94,0.0,inf,Dead Stock
597,1490,27.99,41705.1,826.0,1.8038740920096852,Normal
598,194,22.99,4460.0599999999995,102.0,1.9019607843137254,Normal
599,361,22.99,8299.39,280.0,1.2892857142857144,Normal
600,113,7.29,823.77,34.0,3.323529411764706,Slow Moving
601,102,6.99,712.98,164.0,0.6219512195121951,Normal
602,260,7.289999999999999,1895.3999999999999,84.0,3.0952380952380953,Slow Moving
603,30,6.99,209.70000000000002,2.0,15.0,Slow Moving
604,110,6.99,768.9,41.0,2.682926829268293,Slow Moving
605,216,14.990000000000002,3237.8400000000006,13.0,16.615384615384617,Slow Moving
607,184,8.99,1654.16,22.0,8.363636363636363,Slow Moving
610,192,20.99,4030.08,1.0,192.0,Slow Moving
613,3,25.99,77.97,3.0,1.0,Normal
626,8,8.79,70.32,0.0,inf,Dead Stock
630,37,14.99,554.63,0.0,inf,Dead Stock
634,83,13.99,1161.17,16.0,5.1875,Slow Moving
635,6,9.99,59.94,22.0,0.2727272727272727,Fast Moving
636,30,9.49,284.7,5.0,6.0,Slow Moving
640,14,9.99,139.86,15.0,0.9333333333333333,Normal
644,113,27.990000000000002,3162.8700000000003,126.0,0.8968253968253969,Normal
649,251,39.99,10037.49,48.0,5.229166666666667,Slow Moving
650,12,6.99,83.88,1.0,12.0,Slow Moving
652,124,21.99,2726.7599999999998,19.0,6.526315789473684,Slow Moving
653,551,37.99,20932.49,253.0,2.177865612648221,Slow Moving
656,4,49.99,199.96,0.0,inf,Dead Stock
657,12,7.99,95.88,0.0,inf,Dead Stock
658,168,2.99,502.32000000000005,202.0,0.8316831683168316,Normal
659,215,33.99,7307.85,79.0,2.721518987341772,Slow Moving
661,1193,14.99,17883.07,638.0,1.8699059561128526,Normal
664,259,73.99,19163.41,44.0,5.886363636363637,Slow Moving
665,30,6.99,209.70000000000002,0.0,inf,Dead Stock
669,161,39.99,6438.39,45.0,3.577777777777778,Slow Moving
675,79,99.99,7899.21,11.0,7.181818181818182,Slow Moving
676,1071,9.99,10699.29,811.0,1.3205918618988903,Normal
680,822,19.99,16431.78,217.0,3.7880184331797233,Slow Moving
685,78,49.99,3899.2200000000003,14.0,5.571428571428571,Slow Moving
686,733,19.990000000000002,14652.670000000002,105.0,6.980952380952381,Slow Moving
689,511,11.989999999999998,6126.889999999999,141.0,3.624113475177305,Slow Moving
693,131,12.99,1701.69,29.0,4.517241379310345,Slow Moving
694,35,8.29,290.15,26.0,1.3461538461538463,Normal
700,23,8.29,190.67,14.0,1.6428571428571428,Normal
702,60,16.49,989.3999999999999,25.0,2.4,Slow Moving
703,3,16.49,49.47,0.0,inf,Dead Stock
704,2,69.99,139.98,1.0,2.0,Normal
709,112,19.99,2238.8799999999997,0.0,inf,Dead Stock
711,220,19.99,4397.799999999999,0.0,inf,Dead Stock
712,8,10.99,87.92,0.0,inf,Dead Stock
714,11,5.99,65.89,1.0,11.0,Slow Moving
715,18,8.29,149.21999999999997,12.0,1.5,Normal
717,3,999.99,2999.9700000000003,0.0,inf,Dead Stock
718,10,10.49,104.9,2.0,5.0,Slow Moving
722,118,8.99,1060.82,0.0,inf,Dead Stock
728,438,43.99,19267.620000000003,0.0,inf,Dead Stock
731,11,26.99,296.89,9.0,1.2222222222222223,Normal
735,12,14.49,173.88,7.0,1.7142857142857142,Normal
742,45,12.99,584.55,2.0,22.5,Slow Moving
743,344,49.99,17196.56,143.0,2.4055944055944054,Slow Moving
744,115,8.99,1033.8500000000001,0.0,inf,Dead Stock
746,11,5.99,65.89,0.0,inf,Dead Stock
749,907,9.99,9060.93,6.0,151.16666666666666,Slow Moving
751,6,9.99,59.94,28.0,0.21428571428571427,Fast Moving
752,4,24.99,99.96,0.0,inf,Dead Stock
753,850,19.99,16991.5,78.0,10.897435897435898,Slow Moving
754,3013,9.99,30099.87,0.0,inf,Dead Stock
755,11,27.99,307.89,0.0,inf,Dead Stock
756,306,6.989999999999999,2138.9399999999996,286.0,1.06993006993007,Normal
757,821,18.99,15590.789999999999,278.0,2.9532374100719423,Slow Moving
758,106,41.99,4450.9400000000005,121.0,0.8760330578512396,Normal
759,444,59.989999999999995,26635.559999999998,96.0,4.625,Slow Moving
764,35,14.49,507.15000000000003,12.0,2.9166666666666665,Slow Moving
765,20,27.99,559.8,0.0,inf,Dead Stock
771,2,14.99,29.98,0.0,inf,Dead Stock
775,170,6.29,1069.3,180.0,0.9444444444444444,Normal
776,53,22.99,1218.47,3.0,17.666666666666668,Slow Moving
778,107,12.99,1389.93,65.0,1.646153846153846,Normal
779,113,12.99,1467.8700000000001,38.0,2.973684210526316,Slow Moving
780,66,12.99,857.34,9.0,7.333333333333333,Slow Moving
781,34,12.99,441.66,0.0,inf,Dead Stock
782,762,46.99,35806.380000000005,469.0,1.6247334754797442,Normal
784,12,5.99,71.88,4.0,3.0,Slow Moving
787,1,34.99,34.99,5.0,0.2,Fast Moving
788,3,14.99,44.97,36.0,0.08333333333333333,Fast Moving
792,4,19.99,79.96,0.0,inf,Dead Stock
799,1,12.99,12.99,0.0,inf,Dead Stock
800,1561,32.99,51497.39000000001,911.0,1.7135016465422612,Normal
802,1021,9.99,10199.79,347.0,2.9423631123919307,Slow Moving
803,57,15.49,882.9300000000001,2.0,28.5,Slow Moving
804,132,15.49,2044.68,34.0,3.8823529411764706,Slow Moving
805,16,32.99,527.84,0.0,inf,Dead Stock
806,180,12.99,2338.2,92.0,1.9565217391304348,Normal
807,891,17.99,16029.089999999998,1051.0,0.8477640342530923,Normal
809,806,19.99,16111.939999999999,362.0,2.226519337016575,Slow Moving
811,1860,27.99,52061.399999999994,1789.0,1.0396869759642258,Normal
812,1391,20.99,29197.089999999997,1176.0,1.1828231292517006,Normal
814,554,9.99,5534.46,4.0,138.5,Slow Moving
818,41,9.99,409.59000000000003,144.0,0.2847222222222222,Fast Moving
821,784,38.99,30568.16,443.0,1.7697516930022574,Normal
822,1021,26.99,27556.789999999997,673.0,1.5170876671619613,Normal
823,64,27.99,1791.36,17.0,3.764705882352941,Slow Moving
824,897,26.99,24210.03,636.0,1.4103773584905661,Normal
825,220,41.99,9237.800000000001,145.0,1.5172413793103448,Normal
826,25,11.99,299.75,4.0,6.25,Slow Moving
827,97,9.99,969.03,10.0,9.7,Slow Moving
828,99,9.99,989.01,5.0,19.8,Slow Moving
829,23,14.99,344.77,187.0,0.12299465240641712,Fast Moving
830,39,9.99,389.61,6.0,6.5,Slow Moving
831,183,9.99,1828.17,43.0,4.255813953488372,Slow Moving
832,58,9.99,579.42,8.0,7.25,Slow Moving
833,65,9.99,649.35,31.0,2.096774193548387,Slow Moving
834,69,9.99,689.3100000000001,32.0,2.15625,Slow Moving
835,20,9.99,199.8,12.0,1.6666666666666667,Normal
836,54,9.99,539.46,10.0,5.4,Slow Moving
837,59,9.99,589.41,24.0,2.4583333333333335,Slow Moving
838,72,10.99,791.28,43.0,1.6744186046511629,Normal
839,25,10.49,262.25,0.0,inf,Dead Stock
840,56,10.99,615.44,13.0,4.3076923076923075,Slow Moving
842,20,10.99,219.8,10.0,2.0,Normal
844,36,9.99,359.64,14.0,2.5714285714285716,Slow Moving
845,48,9.99,479.52,12.0,4.0,Slow Moving
849,17,9.99,169.83,5.0,3.4,Slow Moving
853,17,9.99,169.83,2.0,8.5,Slow Moving
854,466,15.990000000000002,7451.340000000001,276.0,1.6884057971014492,Normal
855,95,10.99,1044.05,111.0,0.8558558558558559,Normal
856,162,29.99,4858.38,41.0,3.951219512195122,Slow Moving
857,1912,22.99,43956.88,1476.0,1.2953929539295392,Normal
858,812,11.99,9735.880000000001,720.0,1.1277777777777778,Normal
859,745,22.99,17127.55,243.0,3.065843621399177,Slow Moving
860,118,10.99,1296.82,139.0,0.8489208633093526,Normal
861,160,6.49,1038.4,71.0,2.2535211267605635,Slow Moving
862,15,7.99,119.85000000000001,3.0,5.0,Slow Moving
863,20,8.99,179.8,2.0,10.0,Slow Moving
864,15,7.99,119.85000000000001,0.0,inf,Dead Stock
865,43,7.99,343.57,39.0,1.1025641025641026,Normal
867,5,7.29,36.45,0.0,inf,Dead Stock
868,11,32.99,362.89000000000004,28.0,0.39285714285714285,Fast Moving
869,28,9.99,279.72,14.0,2.0,Normal
870,256,29.989999999999995,7677.439999999999,163.0,1.5705521472392638,Normal
871,40,9.99,399.6,2.0,20.0,Slow Moving
872,20,9.99,199.8,0.0,inf,Dead Stock
874,23,8.99,206.77,8.0,2.875,Slow Moving
875,59,8.99,530.41,58.0,1.0172413793103448,Normal
876,179,8.99,1609.21,62.0,2.8870967741935485,Slow Moving
877,241,8.99,2166.59,81.0,2.9753086419753085,Slow Moving
878,411,9.99,4105.89,114.0,3.6052631578947367,Slow Moving
879,26,9.99,259.74,25.0,1.04,Normal
880,21,9.99,209.79,15.0,1.4,Normal
881,50,8.99,449.5,15.0,3.3333333333333335,Slow Moving
882,44,12.99,571.5600000000001,18.0,2.4444444444444446,Slow Moving
883,43,499.99,21499.57,1.0,43.0,Slow Moving
884,34,8.99,305.66,36.0,0.9444444444444444,Normal
886,19,12.99,246.81,7.0,2.7142857142857144,Slow Moving
887,73,12.99,948.27,58.0,1.2586206896551724,Normal
888,13,8.99,116.87,1.0,13.0,Slow Moving
889,168,8.99,1510.32,75.0,2.24,Slow Moving
890,16,9.99,159.84,15.0,1.0666666666666667,Normal
892,651,34.99,22778.49,163.0,3.9938650306748467,Slow Moving
895,121,23.99,2902.79,111.0,1.09009009009009,Normal
896,107,23.99,2566.93,158.0,0.6772151898734177,Normal
897,87,6.79,590.73,67.0,1.2985074626865671,Normal
898,11,94.99,1044.8899999999999,3.0,3.6666666666666665,Slow Moving
899,72,19.99,1439.28,18.0,4.0,Slow Moving
900,6,14.99,89.94,0.0,inf,Dead Stock
903,942,27.989999999999995,26366.579999999994,548.0,1.718978102189781,Normal
904,500,17.99,8995.0,353.0,1.4164305949008498,Normal
905,45,12.99,584.55,8.0,5.625,Slow Moving
906,62,12.99,805.38,26.0,2.3846153846153846,Slow Moving
910,32,22.99,735.68,12.0,2.6666666666666665,Slow Moving
912,15,14.49,217.35,12.0,1.25,Normal
913,79,14.49,1144.71,52.0,1.5192307692307692,Normal
914,18,14.49,260.82,12.0,1.5,Normal
915,34,14.49,492.66,26.0,1.3076923076923077,Normal
918,28,14.49,405.72,8.0,3.5,Slow Moving
920,20,9.99,199.8,15.0,1.3333333333333333,Normal
921,255,39.99,10197.45,0.0,inf,Dead Stock
923,2,12.99,25.98,0.0,inf,Dead Stock
924,1,1.99,1.99,0.0,inf,Dead Stock
926,4,27.99,111.96,2.0,2.0,Normal
929,89,12.99,1156.1100000000001,23.0,3.869565217391304,Slow Moving
932,33,99.99,3299.6699999999996,2.0,16.5,Slow Moving
934,452,35.99,16267.480000000001,121.0,3.7355371900826446,Slow Moving
936,21,39.99,839.7900000000001,0.0,inf,Dead Stock
938,271,29.99,8127.29,89.0,3.044943820224719,Slow Moving
942,344,61.99,21324.56,73.0,4.712328767123288,Slow Moving
945,14,27.99,391.85999999999996,4.0,3.5,Slow Moving
950,4,79.99,319.96,3.0,1.3333333333333333,Normal
953,19,29.99,569.81,0.0,inf,Dead Stock
955,3,5.99,17.97,0.0,inf,Dead Stock
956,14,29.99,419.85999999999996,10.0,1.4,Normal
957,4,27.99,111.96,2.0,2.0,Normal
961,2,50.49,100.98,0.0,inf,Dead Stock
966,1223,20.99,25670.769999999997,591.0,2.069373942470389,Slow Moving
967,10,31.99,319.9,1.0,10.0,Slow Moving
970,3,14.99,44.97,116.0,0.02586206896551724,Fast Moving
971,219,15.99,3501.81,67.0,3.2686567164179103,Slow Moving
972,38,33.99,1291.6200000000001,21.0,1.8095238095238095,Normal
974,36,15.49,557.64,0.0,inf,Dead Stock
975,16,34.99,559.84,14.0,1.1428571428571428,Normal
976,15,9.49,142.35,140.0,0.10714285714285714,Fast Moving
977,38,11.49,436.62,3.0,12.666666666666666,Slow Moving
978,62,6.989999999999999,433.37999999999994,182.0,0.34065934065934067,Fast Moving
979,16,7.79,124.64,9.0,1.7777777777777777,Normal
981,81,3.9899999999999998,323.19,128.0,0.6328125,Normal
982,164,6.989999999999999,1146.36,137.0,1.197080291970803,Normal
984,1496,25.99,38881.04,425.0,3.52,Slow Moving
989,46,19.99,919.54,9.0,5.111111111111111,Slow Moving
990,1,134.49,134.49,0.0,inf,Dead Stock
994,17,21.99,373.83,28.0,0.6071428571428571,Normal
995,29,19.99,579.7099999999999,24.0,1.2083333333333333,Normal
996,27,299.99000000000007,8099.730000000001,0.0,inf,Dead Stock
998,156,24.99,3898.4399999999996,20.0,7.8,Slow Moving
999,202,129.99,26257.980000000003,23.0,8.782608695652174,Slow Moving
1001,425,5.99,2545.75,853.0,0.49824150058616645,Fast Moving
1003,2683,22.99,61682.17,18.0,149.05555555555554,Slow Moving
1004,7,22.99,160.92999999999998,42.0,0.16666666666666666,Fast Moving
1012,51,34.99,1784.49,34.0,1.5,Normal
1019,112,26.99,3022.8799999999997,83.0,1.3493975903614457,Normal
1023,28,46.99,1315.72,237.0,0.11814345991561181,Fast Moving
1024,95,32.99,3134.05,512.0,0.185546875,Fast Moving
1025,8,9.99,79.92,31.0,0.25806451612903225,Fast Moving
1026,5,18.99,94.94999999999999,11.0,0.45454545454545453,Fast Moving
1028,578,9.990000000000002,5774.220000000001,0.0,inf,Dead Stock
1030,87,18.99,1652.1299999999999,28.0,3.107142857142857,Slow Moving
1031,24,49.99,1199.76,23.0,1.0434782608695652,Normal
1033,6,29.99,179.94,31.0,0.1935483870967742,Fast Moving
1034,1,4.99,4.99,10.0,0.1,Fast Moving
1036,92,39.99,3679.0800000000004,58.0,1.5862068965517242,Normal
1037,8,21.99,175.92,28.0,0.2857142857142857,Fast Moving
1038,88,21.990000000000002,1935.1200000000001,46.0,1.9130434782608696,Normal
1044,0,13.49,0.0,0.0,inf,Dead Stock
1045,16,49.99,799.84,21.0,0.7619047619047619,Normal
1048,1,8.99,8.99,42.0,0.023809523809523808,Fast Moving
1050,5,44.99,224.95000000000002,32.0,0.15625,Fast Moving
1059,1,5.99,5.99,32.0,0.03125,Fast Moving
1060,1917,27.99,53656.829999999994,383.0,5.005221932114883,Slow Moving
1062,1,6.99,6.99,6.0,0.16666666666666666,Fast Moving
1063,36,33.99,1223.64,0.0,inf,Dead Stock
1064,18,26.99,485.82,320.0,0.05625,Fast Moving
1065,242,12.99,3143.58,103.0,2.349514563106796,Slow Moving
1067,238,11.99,2853.62,0.0,inf,Dead Stock
1068,5,14.99,74.95,0.0,inf,Dead Stock
1069,804,39.99,32151.960000000003,0.0,inf,Dead Stock
1070,788,14.990000000000002,11812.12,0.0,inf,Dead Stock
1071,1140,19.99,22788.6,0.0,inf,Dead Stock
1073,168,34.99,5878.320000000001,0.0,inf,Dead Stock
1074,570,49.99,28494.300000000003,0.0,inf,Dead Stock
1076,71,0.9899999999999999,70.28999999999999,0.0,inf,Dead Stock
1078,338,12.99,4390.62,0.0,inf,Dead Stock
1081,165,29.989999999999995,4948.349999999999,0.0,inf,Dead Stock
1082,184,26.99,4966.16,0.0,inf,Dead Stock
1084,106,29.99,3178.94,0.0,inf,Dead Stock
1085,1,18.99,18.99,0.0,inf,Dead Stock
1086,240,46.99,11277.6,0.0,inf,Dead Stock
1088,8,23.99,191.92,0.0,inf,Dead Stock
1091,226,54.99,12427.74,0.0,inf,Dead Stock
1093,182,24.99,4548.179999999999,0.0,inf,Dead Stock
1094,552,41.99,23178.48,194.0,2.845360824742268,Slow Moving
1095,865,13.99,12101.35,0.0,inf,Dead Stock
1106,268,249.99,66997.32,1.0,268.0,Slow Moving
1107,4,45.99,183.96,2.0,2.0,Normal
1111,16,6.99,111.84,0.0,inf,Dead Stock
1112,27,43.99,1187.73,138.0,0.1956521739130435,Fast Moving
1114,15,19.99,299.84999999999997,0.0,inf,Dead Stock
1121,471,3.99,1879.2900000000002,0.0,inf,Dead Stock
1124,12,54.99,659.88,0.0,inf,Dead Stock
1125,1156,26.99,31200.44,0.0,inf,Dead Stock
1127,43,11.99,515.57,0.0,inf,Dead Stock
1128,17,31.99,543.8299999999999,0.0,inf,Dead Stock
1129,12,37.99,455.88,2.0,6.0,Slow Moving
1130,319,45.99,14670.810000000001,0.0,inf,Dead Stock
1132,717,25.990000000000002,18634.83,0.0,inf,Dead Stock
1133,69,31.989999999999995,2207.3099999999995,108.0,0.6388888888888888,Normal
1135,677,19.99,13533.23,345.0,1.96231884057971,Normal
1136,569,5.99,3408.31,174.0,3.2701149425287355,Slow Moving
1148,5,6.99,34.95,37.0,0.13513513513513514,Fast Moving
1149,0,14.99,0.0,0.0,inf,Dead Stock
1150,0,46.99,0.0,0.0,inf,Dead Stock
1152,0,16.99,0.0,0.0,inf,Dead Stock
1156,2,12.99,25.98,20.0,0.1,Fast Moving
1157,0,21.99,0.0,0.0,inf,Dead Stock
1158,6,6.99,41.94,134.0,0.04477611940298507,Fast Moving
1162,0,79.99,0.0,0.0,inf,Dead Stock
1163,0,19.99,0.0,0.0,inf,Dead Stock
1174,816,19.99,16311.839999999998,429.0,1.902097902097902,Normal
1176,6,1999.99,11999.94,0.0,inf,Dead Stock
1178,1031,11.49,11846.19,825.0,1.2496969696969698,Normal
1180,2184,20.99,45842.159999999996,2660.0,0.8210526315789474,Normal
1181,5,18.99,94.94999999999999,60.0,0.08333333333333333,Fast Moving
1186,550,27.99,15394.5,109.0,5.045871559633028,Slow Moving
1188,212,16.99,3601.8799999999997,0.0,inf,Dead Stock
1189,271,49.99,13547.29,0.0,inf,Dead Stock
1193,6,799.9900000000001,4799.9400000000005,0.0,inf,Dead Stock
1195,44,0.99,43.56,0.0,inf,Dead Stock
1212,27,19.99,539.7299999999999,717.0,0.03765690376569038,Fast Moving
1215,113,64.99,7343.869999999999,7.0,16.142857142857142,Slow Moving
1217,3,449.99,1349.97,0.0,inf,Dead Stock
1220,1122,30.99,34770.78,1016.0,1.1043307086614174,Normal
1226,540,23.99,12954.599999999999,142.0,3.8028169014084505,Slow Moving
1228,421,94.99,39990.79,71.0,5.929577464788732,Slow Moving
1231,2338,10.99,25694.62,2258.0,1.0354295837023915,Normal
1232,4920,26.99,132790.8,4806.0,1.0237203495630463,Normal
1233,15047,34.99,526494.53,9578.0,1.5709960325746501,Normal
1234,0,45.99,0.0,0.0,inf,Dead Stock
1236,1,26.99,26.99,19.0,0.05263157894736842,Fast Moving
1237,2336,44.99,105096.64,317.0,7.369085173501578,Slow Moving
1238,3317,4.99,16551.83,692.0,4.793352601156069,Slow Moving
1239,538,50.99,27432.620000000003,254.0,2.1181102362204722,Slow Moving
1240,71,34.99,2484.29,4.0,17.75,Slow Moving
1244,1204,15.99,19251.96,469.0,2.5671641791044775,Slow Moving
1245,4,399.99,1599.96,0.0,inf,Dead Stock
1248,138,64.99,8968.619999999999,4.0,34.5,Slow Moving
1249,746,24.99,18642.539999999997,0.0,inf,Dead Stock
1251,6,3699.99,22199.94,0.0,inf,Dead Stock
1253,129,64.99,8383.71,2.0,64.5,Slow Moving
1258,912,22.99,20966.879999999997,314.0,2.9044585987261144,Slow Moving
1259,73,27.99,2043.27,24.0,3.0416666666666665,Slow Moving
1261,107,0.99,105.92999999999999,1789.0,0.05980994969256568,Fast Moving
1262,70,21.99,1539.3,27.0,2.5925925925925926,Slow Moving
1263,5,1199.99,5999.95,0.0,inf,Dead Stock
1267,66,29.99,1979.34,16.0,4.125,Slow Moving
1269,2788,25.990000000000002,72460.12000000001,937.0,2.975453575240128,Slow Moving
1271,623,49.99,31143.77,211.0,2.9526066350710902,Slow Moving
1273,581,31.99,18586.19,182.0,3.1923076923076925,Slow Moving
1274,30,44.99,1349.7,2.0,15.0,Slow Moving
1276,1751,4.99,8737.49,472.0,3.7097457627118646,Slow Moving
1277,24,114.98999999999998,2759.7599999999993,0.0,inf,Dead Stock
1278,1602,35.99,57655.98,663.0,2.416289592760181,Slow Moving
1279,142,99.99,14198.58,0.0,inf,Dead Stock
1281,1398,17.99,25150.019999999997,942.0,1.484076433121019,Normal
1282,592,26.99,15978.08,218.0,2.7155963302752295,Slow Moving
1295,1035,3.99,4129.650000000001,1564.0,0.6617647058823529,Normal
1296,144,26.99,3886.56,47.0,3.0638297872340425,Slow Moving
1297,975,0.99,965.25,0.0,inf,Dead Stock
1300,9,1999.99,17999.91,0.0,inf,Dead Stock
1309,305,59.99,18296.95,28.0,10.892857142857142,Slow Moving
1310,1,159.99,159.99,0.0,inf,Dead Stock
1323,1053,17.99,18943.469999999998,473.0,2.226215644820296,Slow Moving
1330,53,49.99,2649.4700000000003,146.0,0.363013698630137,Fast Moving
1336,196,27.99,5486.04,151.0,1.2980132450331126,Normal
1339,99,47.99,4751.01,85.0,1.1647058823529413,Normal
1340,214,17.99,3849.8599999999997,137.0,1.562043795620438,Normal
1342,15,99.99,1499.85,0.0,inf,Dead Stock
1343,79,165.99,13113.210000000001,16.0,4.9375,Slow Moving
1345,1257,37.99,47753.43,900.0,1.3966666666666667,Normal
1346,5694,30.99,176457.06,1994.0,2.855566700100301,Slow Moving
1347,730,39.99,29192.7,86.0,8.488372093023257,Slow Moving
1348,1187,16.99,20167.129999999997,1046.0,1.1347992351816443,Normal
1352,2,61.99,123.98,3.0,0.6666666666666666,Normal
1355,3113,3.99,12420.87,1754.0,1.774800456100342,Normal
1358,980,59.99,58790.200000000004,316.0,3.1012658227848102,Slow Moving
1359,1957,29.990000000000002,58690.43,387.0,5.056847545219639,Slow Moving
1361,100,189.99,18999.0,13.0,7.6923076923076925,Slow Moving
1364,1,9.99,9.99,25.0,0.04,Fast Moving
1365,1552,7.99,12400.48,609.0,2.548440065681445,Slow Moving
1366,6376,1.29,8225.04,5188.0,1.2289899768696992,Normal
1373,2521,14.99,37789.79,1155.0,2.1826839826839826,Slow Moving
1375,2413,16.99,40996.869999999995,2368.0,1.0190033783783783,Normal
1376,13180,20.99,276648.19999999995,7362.0,1.7902743819614235,Normal
1377,605,24.99,15118.949999999999,0.0,inf,Dead Stock
1378,2011,9.49,19084.39,2015.0,0.998014888337469,Normal
1379,1486,16.99,25247.14,1280.0,1.1609375,Normal
1380,1580,47.99,75824.2,371.0,4.258760107816712,Slow Moving
1382,725,37.99,27542.75,310.0,2.338709677419355,Slow Moving
1383,2,12.99,25.98,0.0,inf,Dead Stock
1384,3834,25.99,99645.65999999999,1744.0,2.198394495412844,Slow Moving
1385,6595,24.99,164809.05,3122.0,2.112427930813581,Slow Moving
1386,543,20.99,11397.57,130.0,4.176923076923077,Slow Moving
1388,1141,24.99,28513.589999999997,475.0,2.4021052631578947,Slow Moving
1389,5021,2.99,15012.79,1745.0,2.8773638968481374,Slow Moving
1390,67,36.99,2478.33,24.0,2.7916666666666665,Slow Moving
1392,20,16.49,329.79999999999995,39.0,0.5128205128205128,Normal
1394,1014,16.99,17227.859999999997,598.0,1.6956521739130435,Normal
1395,1056,7.99,8437.44,929.0,1.1367061356297095,Normal
1396,1315,15.99,21026.85,1280.0,1.02734375,Normal
1397,2759,14.99,41357.41,739.0,3.733423545331529,Slow Moving
1398,191,57.99,11076.09,264.0,0.7234848484848485,Normal
1399,22,36.99,813.7800000000001,51.0,0.43137254901960786,Fast Moving
1415,929,13.99,12996.710000000001,883.0,1.0520951302378256,Normal
1424,1063,15.99,16997.37,259.0,4.104247104247104,Slow Moving
1425,365,27.99,10216.349999999999,31.0,11.774193548387096,Slow Moving
1460,2,21.99,43.98,0.0,inf,Dead Stock
1464,620,24.99,15493.8,203.0,3.0541871921182264,Slow Moving
1465,904,15.99,14454.960000000001,1375.0,0.6574545454545454,Normal
1468,1588,41.99,66680.12000000001,293.0,5.419795221843003,Slow Moving
1474,20,26.99,539.8,15.0,1.3333333333333333,Normal
1479,1087,14.99,16294.130000000001,975.0,1.1148717948717948,Normal
1483,42,2.99,125.58000000000001,94.0,0.44680851063829785,Fast Moving
1484,425,55.99,23795.75,0.0,inf,Dead Stock
1489,37,59.99,2219.63,0.0,inf,Dead Stock
1498,1,99.99,99.99,0.0,inf,Dead Stock
1505,585,27.99,16374.15,30.0,19.5,Slow Moving
1515,731,14.989999999999998,10957.689999999999,364.0,2.008241758241758,Slow Moving
1516,2,23.99,47.98,3.0,0.6666666666666666,Normal
1520,242,3.99,965.58,671.0,0.36065573770491804,Fast Moving
1523,34,159.99,5439.66,0.0,inf,Dead Stock
1535,2714,3.9899999999999998,10828.859999999999,464.0,5.849137931034483,Slow Moving
1542,4,24.99,99.96,39.0,0.10256410256410256,Fast Moving
1545,2458,28.99,71257.42,1006.0,2.4433399602385686,Slow Moving
1550,25,3.99,99.75,1103.0,0.022665457842248413,Fast Moving
1556,498,18.99,9457.019999999999,217.0,2.294930875576037,Slow Moving
1575,16,13.99,223.84,0.0,inf,Dead Stock
1591,14,12.99,181.86,35.0,0.4,Fast Moving
1595,807,13.99,11289.93,654.0,1.2339449541284404,Normal
1598,11,949.99,10449.89,1.0,11.0,Slow Moving
1603,6,43.99,263.94,0.0,inf,Dead Stock
1605,14,31.99,447.85999999999996,0.0,inf,Dead Stock
1620,6,46.99,281.94,0.0,inf,Dead Stock
1623,1209,15.99,19331.91,741.0,1.631578947368421,Normal
1634,1987,27.990000000000002,55616.130000000005,699.0,2.8426323319027182,Slow Moving
1637,1894,10.99,20815.06,1389.0,1.363570914326854,Normal
1639,918,19.99,18350.82,437.0,2.1006864988558354,Slow Moving
1648,259,49.99,12947.41,0.0,inf,Dead Stock
1655,111,198.99,22087.89,0.0,inf,Dead Stock
1657,191,69.99,13368.089999999998,72.0,2.6527777777777777,Slow Moving
1663,362,0.9900000000000001,358.38000000000005,1549.0,0.23369916074887023,Fast Moving
1667,15,249.99,3749.8500000000004,1.0,15.0,Slow Moving
1676,13,149.99,1949.8700000000001,5.0,2.6,Slow Moving
1686,109,99.99,10898.91,0.0,inf,Dead Stock
1692,1042,17.99,18745.579999999998,397.0,2.624685138539043,Slow Moving
1695,4,22.99,91.96,0.0,inf,Dead Stock
1698,250,129.99,32497.500000000004,0.0,inf,Dead Stock
1704,81,19.99,1619.1899999999998,0.0,inf,Dead Stock
1714,424,27.99,11867.76,0.0,inf,Dead Stock
1715,524,18.99,9950.759999999998,200.0,2.62,Slow Moving
1719,3,1199.99,3599.9700000000003,0.0,inf,Dead Stock
1720,87,54.99,4784.13,0.0,inf,Dead Stock
1722,13,449.99,5849.87,7.0,1.8571428571428572,Normal
1725,591,18.99,11223.089999999998,314.0,1.8821656050955413,Normal
1727,816,21.99,17943.84,314.0,2.5987261146496814,Slow Moving
1728,323,59.99,19376.77,136.0,2.375,Slow Moving
1730,1579,29.99,47354.21,0.0,inf,Dead Stock
1731,103,54.99,5663.97,0.0,inf,Dead Stock
1733,54,16.99,917.4599999999999,23.0,2.347826086956522,Slow Moving
1734,1227,22.99,28208.73,469.0,2.6162046908315566,Slow Moving
1737,3156,49.99,157768.44,1648.0,1.9150485436893203,Normal
1738,602,18.99,11431.98,356.0,1.6910112359550562,Normal
1740,193,57.989999999999995,11192.07,36.0,5.361111111111111,Slow Moving
1742,82,99.99,8199.18,0.0,inf,Dead Stock
1744,377,21.99,8290.23,146.0,2.5821917808219177,Slow Moving
1746,511,31.99,16346.89,127.0,4.0236220472440944,Slow Moving
1748,617,14.99,9248.83,257.0,2.4007782101167314,Slow Moving
1757,24,159.99,3839.76,0.0,inf,Dead Stock
1758,465,41.99,19525.350000000002,377.0,1.23342175066313,Normal
1760,413,24.99,10320.869999999999,251.0,1.6454183266932272,Normal
1762,2,16.99,33.98,18.0,0.1111111111111111,Fast Moving
1766,487,0.99,482.13,0.0,inf,Dead Stock
1767,1939,25.99,50394.61,1152.0,1.6831597222222223,Normal
1770,3428,37.99,130229.72,683.0,5.019033674963397,Slow Moving
1771,6361,2.99,19019.390000000003,13.0,489.3076923076923,Slow Moving
1781,413,49.99,20645.870000000003,100.0,4.13,Slow Moving
1788,61,39.99,2439.3900000000003,18.0,3.388888888888889,Slow Moving
1789,4159,25.99,108092.40999999999,1787.0,2.327364297705652,Slow Moving
1790,5,13.99,69.95,21.0,0.23809523809523808,Fast Moving
1798,174,69.99,12178.259999999998,30.0,5.8,Slow Moving
1801,1407,12.99,18276.93,0.0,inf,Dead Stock
1808,21,499.98999999999995,10499.789999999999,0.0,inf,Dead Stock
1817,433,21.99,9521.67,220.0,1.9681818181818183,Normal
1820,216,49.99,10797.84,0.0,inf,Dead Stock
1828,175,29.990000000000002,5248.25,0.0,inf,Dead Stock
1832,99,128.99,12770.01,0.0,inf,Dead Stock
1835,719,31.990000000000002,23000.81,127.0,5.661417322834645,Slow Moving
1836,358,29.989999999999995,10736.419999999998,105.0,3.4095238095238094,Slow Moving
1845,27,17.99,485.72999999999996,200.0,0.135,Fast Moving
1848,220,59.99,13197.800000000001,70.0,3.142857142857143,Slow Moving
1860,191,64.99,12413.089999999998,13.0,14.692307692307692,Slow Moving
1862,595,26.990000000000002,16059.050000000001,233.0,2.5536480686695278,Slow Moving
1867,5619,2.99,16800.81,1982.0,2.8350151362260343,Slow Moving
1868,1254,69.99,87767.45999999999,449.0,2.7928730512249444,Slow Moving
1869,1382,57.989999999999995,80142.18,479.0,2.88517745302714,Slow Moving
1870,216,79.99,17277.84,106.0,2.0377358490566038,Slow Moving
1874,3,109.99,329.96999999999997,10.0,0.3,Fast Moving
1875,754,26.99,20350.46,206.0,3.6601941747572817,Slow Moving
1876,259,154.99,40142.41,26.0,9.961538461538462,Slow Moving
1880,418,67.99,28419.819999999996,62.0,6.741935483870968,Slow Moving
1882,94,4.99,469.06,0.0,inf,Dead Stock
1883,3017,17.99,54275.829999999994,2663.0,1.132932782576042,Normal
1886,1044,10.99,11473.56,851.0,1.226792009400705,Normal
1888,15,7.989999999999999,119.85,3.0,5.0,Slow Moving
1889,121,7.989999999999999,966.79,62.0,1.9516129032258065,Normal
1890,223,59.989999999999995,13377.769999999999,101.0,2.207920792079208,Slow Moving
1891,52,109.99,5719.48,3.0,17.333333333333332,Slow Moving
1892,12764,0.99,12636.36,23121.0,0.5520522468751352,Normal
1893,270,59.989999999999995,16197.3,21.0,12.857142857142858,Slow Moving
1895,177,6.989999999999999,1237.2299999999998,175.0,1.0114285714285713,Normal
1896,514,109.99,56534.86,115.0,4.469565217391304,Slow Moving
1897,1173,24.99,29313.269999999997,0.0,inf,Dead Stock
1905,5,16.99,84.94999999999999,0.0,inf,Dead Stock
1906,6,25.99,155.94,0.0,inf,Dead Stock
1919,51,29.989999999999995,1529.4899999999998,0.0,inf,Dead Stock
1920,111,29.989999999999995,3328.8899999999994,22.0,5.045454545454546,Slow Moving
1921,1648,65.99,108751.51999999999,401.0,4.109725685785536,Slow Moving
1927,451,64.99,29310.489999999998,2.0,225.5,Slow Moving
1929,4,6.989999999999999,27.959999999999997,0.0,inf,Dead Stock
1932,1283,0.99,1270.17,50.0,25.66,Slow Moving
1952,7,249.99,1749.93,0.0,inf,Dead Stock
1955,1627,10.99,17880.73,1388.0,1.1721902017291066,Normal
1956,1871,54.99,102886.29000000001,395.0,4.736708860759494,Slow Moving
1961,698,32.99,23027.02,275.0,2.538181818181818,Slow Moving
1962,2407,14.99,36080.93,1270.0,1.895275590551181,Normal
1963,31,199.99,6199.6900000000005,0.0,inf,Dead Stock
1964,378,29.99,11336.22,76.0,4.973684210526316,Slow Moving
1980,2,45.99,91.98,0.0,inf,Dead Stock
1982,642,16.99,10907.579999999998,3.0,214.0,Slow Moving
1984,41,169.99,6969.59,0.0,inf,Dead Stock
1985,4,48.99,195.96,2.0,2.0,Normal
1987,18,13.99,251.82,35.0,0.5142857142857142,Normal
1988,214,29.989999999999995,6417.859999999999,0.0,inf,Dead Stock
1989,104,35.99,3742.96,0.0,inf,Dead Stock
1992,364,20.99,7640.36,0.0,inf,Dead Stock
1993,249,18.99,4728.509999999999,0.0,inf,Dead Stock
1994,22,999.99,21999.78,0.0,inf,Dead Stock
1996,3,30.99,92.97,0.0,inf,Dead Stock
1997,52,42.99,2235.48,7.0,7.428571428571429,Slow Moving
1999,4,35.99,143.96,31.0,0.12903225806451613,Fast Moving
2004,4,29.99,119.96,0.0,inf,Dead Stock
2008,194,19.99,3878.0599999999995,188.0,1.0319148936170213,Normal
2009,15,36.99,554.85,0.0,inf,Dead Stock
2013,189,69.99,13228.109999999999,0.0,inf,Dead Stock
2014,2,23.99,47.98,0.0,inf,Dead Stock
2015,4336,26.99,117028.64,2308.0,1.8786828422876949,Normal
2016,22,99.99,2199.7799999999997,8.0,2.75,Slow Moving
2017,455,64.99,29570.449999999997,193.0,2.3575129533678756,Slow Moving
2018,21,29.99,629.79,0.0,inf,Dead Stock
2024,45,5.99,269.55,79.0,0.569620253164557,Normal
2025,21,18.99,398.78999999999996,0.0,inf,Dead Stock
2026,1860,18.99,35321.399999999994,308.0,6.038961038961039,Slow Moving
2029,214,73.99,15833.859999999999,21.0,10.19047619047619,Slow Moving
2030,462,28.99,13393.38,143.0,3.230769230769231,Slow Moving
2033,670,7.99,5353.3,0.0,inf,Dead Stock
2034,452,27.99,12651.48,149.0,3.033557046979866,Slow Moving
2035,359,17.99,6458.41,211.0,1.7014218009478672,Normal
2036,51,36.99,1886.49,16.0,3.1875,Slow Moving
2037,226,0.99,223.74,1795.0,0.12590529247910864,Fast Moving
2038,13,34.99,454.87,0.0,inf,Dead Stock
2040,279,24.99,6972.209999999999,0.0,inf,Dead Stock
2041,402,89.99,36175.979999999996,64.0,6.28125,Slow Moving
2042,158,39.99,6318.42,17.0,9.294117647058824,Slow Moving
2043,396,29.99,11876.039999999999,66.0,6.0,Slow Moving
2044,271,34.99,9482.29,0.0,inf,Dead Stock
2045,416,37.99,15803.84,135.0,3.0814814814814815,Slow Moving
2047,261,34.99,9132.390000000001,93.0,2.806451612903226,Slow Moving
2048,257,29.99,7707.429999999999,0.0,inf,Dead Stock
2049,207,27.99,5793.929999999999,0.0,inf,Dead Stock
2050,230,79.99,18397.699999999997,8.0,28.75,Slow Moving
2051,157,49.99,7848.43,0.0,inf,Dead Stock
2054,13,43.99,571.87,120.0,0.10833333333333334,Fast Moving
2055,149,48.99,7299.51,0.0,inf,Dead Stock
2056,193,31.989999999999995,6174.069999999999,0.0,inf,Dead Stock
2057,5051,0.9900000000000001,5000.490000000001,0.0,inf,Dead Stock
2058,17,43.99,747.83,5.0,3.4,Slow Moving
2059,124,26.99,3346.7599999999998,0.0,inf,Dead Stock
2062,255,60.99000000000001,15552.450000000003,296.0,0.8614864864864865,Normal
2070,3,11.99,35.97,0.0,inf,Dead Stock
2071,2,17.99,35.98,11.0,0.18181818181818182,Fast Moving
2075,37,199.99,7399.63,6.0,6.166666666666667,Slow Moving
2077,402,21.99,8839.98,0.0,inf,Dead Stock
2079,277,46.99,13016.230000000001,0.0,inf,Dead Stock
2080,64,69.99,4479.36,0.0,inf,Dead Stock
2082,364,99.99,36396.36,46.0,7.913043478260869,Slow Moving
2083,327,39.99,13076.730000000001,140.0,2.335714285714286,Slow Moving
2085,772,13.99,10800.28,307.0,2.514657980456026,Slow Moving
2086,2,79.99,159.98,19.0,0.10526315789473684,Fast Moving
2087,42,26.99,1133.58,14.0,3.0,Slow Moving
2088,3,299.99,899.97,2.0,1.5,Normal
2092,217,36.99,8026.830000000001,0.0,inf,Dead Stock
2093,11,179.99,1979.89,0.0,inf,Dead Stock
2094,226,66.99,15139.739999999998,0.0,inf,Dead Stock
2096,0,99.99,0.0,36.0,0.0,Fast Moving
2097,200,17.99,3597.9999999999995,0.0,inf,Dead Stock
2098,85,14.99,1274.15,54.0,1.5740740740740742,Normal
2100,1317,9.99,13156.83,1629.0,0.8084714548802947,Normal
2102,6,37.99,227.94,0.0,inf,Dead Stock
2103,45,15.99,719.55,61.0,0.7377049180327869,Normal
2104,189,79.99,15118.109999999999,6.0,31.5,Slow Moving
2105,1900,9.99,18981.0,844.0,2.251184834123223,Slow Moving
2107,6950,0.9899999999999999,6880.499999999999,0.0,inf,Dead Stock
2109,128,92.99,11902.72,34.0,3.764705882352941,Slow Moving
2110,250,44.99,11247.5,0.0,inf,Dead Stock
2114,9058,12.99,117663.42,6858.0,1.320793234179061,Normal
2116,469,44.99,21100.31,91.0,5.153846153846154,Slow Moving
2117,1338,8.99,12028.62,1624.0,0.8238916256157636,Normal
2118,1,199.99,199.99,4.0,0.25,Fast Moving
2119,75,84.99,6374.25,15.0,5.0,Slow Moving
2120,10510,15.99,168054.9,8732.0,1.2036188731103985,Normal
2121,1057,10.99,11616.43,612.0,1.727124183006536,Normal
2122,1429,10.99,15704.710000000001,1041.0,1.372718539865514,Normal
2123,26,79.99,2079.74,53.0,0.49056603773584906,Fast Moving
2124,242,29.989999999999995,7257.579999999999,0.0,inf,Dead Stock
2125,810,49.99,40491.9,171.0,4.7368421052631575,Slow Moving
2126,120,74.99,8998.8,0.0,inf,Dead Stock
2127,6370,10.49,66821.3,7499.0,0.8494465928790506,Normal
2130,374,29.99,11216.26,65.0,5.753846153846154,Slow Moving
2131,1,12.99,12.99,763.0,0.001310615989515072,Fast Moving
2132,1278,12.99,16601.22,705.0,1.8127659574468085,Normal
2136,650,28.99,18843.5,308.0,2.1103896103896105,Slow Moving
2137,35,40.49,1417.15,6.0,5.833333333333333,Slow Moving
2140,226,51.99,11749.74,0.0,inf,Dead Stock
2141,48,60.989999999999995,2927.5199999999995,0.0,inf,Dead Stock
2142,1214,14.99,18197.86,369.0,3.289972899728997,Slow Moving
2143,3233,13.99,45229.67,2441.0,1.3244571896763622,Normal
2144,206,37.99,7825.9400000000005,0.0,inf,Dead Stock
2145,521,17.99,9372.789999999999,266.0,1.9586466165413534,Normal
2149,1367,7.99,10922.33,987.0,1.3850050658561297,Normal
2151,286,31.989999999999995,9149.14,0.0,inf,Dead Stock
2152,1342,10.99,14748.58,1128.0,1.1897163120567376,Normal
2153,319,9.99,3186.81,170.0,1.8764705882352941,Normal
2155,359,35.99,12920.41,214.0,1.6775700934579438,Normal
2156,289,34.99,10112.11,40.0,7.225,Slow Moving
2157,389,12.99,5053.11,0.0,inf,Dead Stock
2158,387,19.99,7736.129999999999,148.0,2.614864864864865,Slow Moving
2159,358,39.99,14316.42,61.0,5.868852459016393,Slow Moving
2160,223,64.99,14492.769999999999,0.0,inf,Dead Stock
2161,1105,19.99,22088.949999999997,222.0,4.9774774774774775,Slow Moving
2162,250,32.99,8247.5,25.0,10.0,Slow Moving
2164,3599,16.99,61147.009999999995,1718.0,2.0948777648428405,Slow Moving
2166,283,54.99,15562.17,0.0,inf,Dead Stock
2167,938,34.99,32820.62,0.0,inf,Dead Stock
2169,5446,1.99,10837.539999999999,0.0,inf,Dead Stock
2170,4026,3.49,14050.740000000002,702.0,5.735042735042735,Slow Moving
2171,282,21.99,6201.179999999999,91.0,3.098901098901099,Slow Moving
2173,355,17.99,6386.45,0.0,inf,Dead Stock
2174,417,34.99,14590.83,0.0,inf,Dead Stock
2175,277,39.99,11077.230000000001,0.0,inf,Dead Stock
2177,716,0.9900000000000001,708.84,0.0,inf,Dead Stock
2178,216,36.99,7989.84,0.0,inf,Dead Stock
2180,120,39.99,4798.8,0.0,inf,Dead Stock
2181,0,0.99,0.0,29.0,0.0,Fast Moving
2182,459,19.99,9175.41,81.0,5.666666666666667,Slow Moving
2183,699,19.99,13973.009999999998,311.0,2.247588424437299,Slow Moving
2184,149,14.99,2233.51,28.0,5.321428571428571,Slow Moving
2186,175,31.989999999999995,5598.249999999999,15.0,11.666666666666666,Slow Moving
2189,131,24.99,3273.6899999999996,62.0,2.1129032258064515,Slow Moving
2191,13,19.99,259.87,0.0,inf,Dead Stock
2192,370,49.99,18496.3,0.0,inf,Dead Stock
2194,319,22.99,7333.8099999999995,0.0,inf,Dead Stock
2195,2,16.99,33.98,0.0,inf,Dead Stock
2196,947,11.99,11354.53,0.0,inf,Dead Stock
2198,383,34.99,13401.17,0.0,inf,Dead Stock
2199,490,29.99,14695.099999999999,76.0,6.447368421052632,Slow Moving
2200,138,14.99,2068.62,40.0,3.45,Slow Moving
2201,141,76.99,10855.59,0.0,inf,Dead Stock
2202,630,29.99,18893.7,105.0,6.0,Slow Moving
2204,79,429.99000000000007,33969.21000000001,0.0,inf,Dead Stock
2207,228,59.989999999999995,13677.72,36.0,6.333333333333333,Slow Moving
2208,322,69.99,22536.78,147.0,2.1904761904761907,Slow Moving
2209,230,17.99,4137.7,49.0,4.6938775510204085,Slow Moving
2211,4,25.49,101.96,0.0,inf,Dead Stock
2212,743,10.99,8165.57,319.0,2.329153605015674,Slow Moving
2214,295,33.99,10027.050000000001,87.0,3.3908045977011496,Slow Moving
2218,6,57.99,347.94,6.0,1.0,Normal
2219,1426,1.99,2837.74,0.0,inf,Dead Stock
2221,228,68.99,15729.72,0.0,inf,Dead Stock
2226,762,36.99,28186.38,210.0,3.6285714285714286,Slow Moving
2230,58,34.49,2000.42,7.0,8.285714285714286,Slow Moving
2231,133,76.99,10239.67,0.0,inf,Dead Stock
2232,255,37.99,9687.45,33.0,7.7272727272727275,Slow Moving
2235,328,32.99,10820.720000000001,78.0,4.205128205128205,Slow Moving
2236,286,44.99,12867.140000000001,0.0,inf,Dead Stock
2237,325,54.99,17871.75,48.0,6.770833333333333,Slow Moving
2238,614,24.99,15343.859999999999,38.0,16.157894736842106,Slow Moving
2240,8,27.99,223.92,0.0,inf,Dead Stock
2241,306,25.99,7952.94,113.0,2.7079646017699117,Slow Moving
2244,2764,22.99,63544.35999999999,0.0,inf,Dead Stock
2245,502,39.99,20074.98,112.0,4.482142857142857,Slow Moving
2246,319,18.99,6057.8099999999995,274.0,1.1642335766423357,Normal
2247,178,209.99,37378.22,17.0,10.470588235294118,Slow Moving
2250,493,14.99,7390.07,44.0,11.204545454545455,Slow Moving
2251,5129,0.99,5077.71,0.0,inf,Dead Stock
2252,137,29.989999999999995,4108.629999999999,2.0,68.5,Slow Moving
2253,23,129.99,2989.7700000000004,0.0,inf,Dead Stock
2254,1168,12.99,15172.32,375.0,3.1146666666666665,Slow Moving
2255,2,36.99,73.98,0.0,inf,Dead Stock
2256,228,99.99,22797.719999999998,0.0,inf,Dead Stock
2258,814,12.99,10573.86,207.0,3.9323671497584543,Slow Moving
2259,538,26.99,14520.619999999999,0.0,inf,Dead Stock
2262,44,27.99,1231.56,44.0,1.0,Normal
2264,5,75.99,379.95,0.0,inf,Dead Stock
2265,45,28.99,1304.55,0.0,inf,Dead Stock
2270,451,74.99,33820.49,47.0,9.595744680851064,Slow Moving
2271,230,24.99,5747.7,2.0,115.0,Slow Moving
2277,2699,12.99,35060.01,1.0,2699.0,Slow Moving
2280,1125,36.99,41613.75,151.0,7.450331125827814,Slow Moving
2287,1519,39.99,60744.810000000005,369.0,4.116531165311653,Slow Moving
2289,149,298.99,44549.51,0.0,inf,Dead Stock
2290,995,23.99,23870.05,318.0,3.1289308176100628,Slow Moving
2291,281,49.99,14047.19,0.0,inf,Dead Stock
2292,20,46.99,939.8000000000001,7.0,2.857142857142857,Slow Moving
2295,0,89.99,0.0,4.0,0.0,Fast Moving
2296,126,49.99,6298.740000000001,0.0,inf,Dead Stock
2299,3851,0.9900000000000001,3812.4900000000002,0.0,inf,Dead Stock
2301,18,239.99,4319.82,5.0,3.6,Slow Moving
2302,409,29.99,12265.91,92.0,4.445652173913044,Slow Moving
2310,172,28.99,4986.28,54.0,3.185185185185185,Slow Moving
2312,23,99.99,2299.77,0.0,inf,Dead Stock
2313,228,21.99,5013.719999999999,0.0,inf,Dead Stock
2320,82,52.99,4345.18,1.0,82.0,Slow Moving
2322,92,79.99,7359.08,0.0,inf,Dead Stock
2326,8,119.99,959.92,0.0,inf,Dead Stock
2327,1,22.99,22.99,0.0,inf,Dead Stock
2329,150,44.99,6748.5,3.0,50.0,Slow Moving
2331,298,29.989999999999995,8937.019999999999,0.0,inf,Dead Stock
2332,389,74.99,29171.109999999997,0.0,inf,Dead Stock
2333,288,49.99,14397.12,64.0,4.5,Slow Moving
2344,137,141.99,19452.63,0.0,inf,Dead Stock
2346,530,18.99,10064.699999999999,0.0,inf,Dead Stock
2347,233,67.99,15841.669999999998,0.0,inf,Dead Stock
2349,3,99.99,299.96999999999997,1.0,3.0,Slow Moving
2366,469,34.99,16410.31,237.0,1.978902953586498,Normal
2367,3,5799.990000000001,17399.97,0.0,inf,Dead Stock
2368,280,139.99,39197.200000000004,43.0,6.511627906976744,Slow Moving
2369,5,64.99,324.95,11.0,0.45454545454545453,Fast Moving
2373,2726,14.99,40862.74,1140.0,2.3912280701754387,Slow Moving
2374,1804,39.99,72141.96,385.0,4.685714285714286,Slow Moving
2382,1,16.99,16.99,83.0,0.012048192771084338,Fast Moving
2384,345,28.99,10001.55,5.0,69.0,Slow Moving
2392,0,69.99,0.0,23.0,0.0,Fast Moving
2398,2788,21.99,61308.119999999995,526.0,5.300380228136882,Slow Moving
2405,484,26.99,13063.16,0.0,inf,Dead Stock
2407,3,176.99,530.97,0.0,inf,Dead Stock
2410,62,54.99,3409.38,0.0,inf,Dead Stock
2412,517,21.99,11368.83,136.0,3.801470588235294,Slow Moving
2414,283,37.99,10751.17,0.0,inf,Dead Stock
2418,2804,22.99,64463.96,1932.0,1.4513457556935818,Normal
2421,5,349.99,1749.95,2.0,2.5,Slow Moving
2426,594,54.989999999999995,32664.059999999998,481.0,1.2349272349272349,Normal
2429,347,24.99,8671.529999999999,0.0,inf,Dead Stock
2432,7862,22.99,180747.37999999998,2994.0,2.625918503674015,Slow Moving
2433,299,131.99,39465.01,38.0,7.868421052631579,Slow Moving
2435,844,38.99,32907.560000000005,177.0,4.768361581920904,Slow Moving
2436,1837,14.99,27536.63,1236.0,1.4862459546925566,Normal
2438,517,72.99,37735.829999999994,87.0,5.942528735632184,Slow Moving
2439,13,299.99,3899.87,0.0,inf,Dead Stock
2443,4034,20.99,84673.65999999999,3050.0,1.322622950819672,Normal
2444,273,29.99,8187.2699999999995,0.0,inf,Dead Stock
2445,1170,11.99,14028.300000000001,596.0,1.9630872483221478,Normal
2446,116,34.99,4058.84,0.0,inf,Dead Stock
2448,264,15.99,4221.36,192.0,1.375,Normal
2454,1,59.99,59.99,0.0,inf,Dead Stock
2458,209,22.990000000000002,4804.910000000001,20.0,10.45,Slow Moving
2460,454,39.99,18155.46,0.0,inf,Dead Stock
2461,322,22.99,7402.78,0.0,inf,Dead Stock
2464,503,13.49,6785.47,0.0,inf,Dead Stock
2465,4069,2.99,12166.310000000001,2316.0,1.7569084628670122,Normal
2466,849,46.99,39894.51,73.0,11.63013698630137,Slow Moving
2467,211,30.99,6538.889999999999,53.0,3.981132075471698,Slow Moving
2468,1818,27.99,50885.82,380.0,4.78421052631579,Slow Moving
2474,586,38.99,22848.14,8.0,73.25,Slow Moving
2476,490,22.99,11265.099999999999,410.0,1.1951219512195121,Normal
2478,352,36.99,13020.480000000001,0.0,inf,Dead Stock
2480,46,89.99,4139.54,0.0,inf,Dead Stock
2482,370,89.99,33296.299999999996,25.0,14.8,Slow Moving
2484,90,52.989999999999995,4769.099999999999,3.0,30.0,Slow Moving
2487,312,35.99,11228.880000000001,19.0,16.42105263157895,Slow Moving
2490,71,99.99,7099.29,0.0,inf,Dead Stock
2491,319,40.99,13075.810000000001,9.0,35.44444444444444,Slow Moving
2492,57,54.99,3134.4300000000003,426.0,0.13380281690140844,Fast Moving
2494,768,46.99,36088.32,280.0,2.742857142857143,Slow Moving
2495,218,49.99,10897.82,0.0,inf,Dead Stock
2496,455,52.99,24110.45,190.0,2.3947368421052633,Slow Moving
2498,289,43.99,12713.11,7.0,41.285714285714285,Slow Moving
2499,1064,27.990000000000002,29781.36,253.0,4.205533596837944,Slow Moving
2504,112,179.99,20158.88,0.0,inf,Dead Stock
2508,417,1.9900000000000002,829.83,857.0,0.4865810968494749,Fast Moving
2512,305,34.99,10671.95,37.0,8.243243243243244,Slow Moving
2514,1111,14.990000000000002,16653.890000000003,277.0,4.0108303249097474,Slow Moving
2517,473,67.99,32159.269999999997,303.0,1.561056105610561,Normal
2518,509,50.99,25953.91,149.0,3.4161073825503356,Slow Moving
2520,1585,54.989999999999995,87159.15,476.0,3.3298319327731094,Slow Moving
2521,291,94.99,27642.09,57.0,5.105263157894737,Slow Moving
2522,1006,49.99,50289.94,350.0,2.874285714285714,Slow Moving
2525,931,12.99,12093.69,0.0,inf,Dead Stock
2530,51,249.99,12749.49,3.0,17.0,Slow Moving
2531,1643,69.99,114993.56999999999,282.0,5.826241134751773,Slow Moving
2532,277,146.99,40716.23,41.0,6.7560975609756095,Slow Moving
2534,450,59.99,26995.5,145.0,3.103448275862069,Slow Moving
2535,7,179.99,1259.93,7.0,1.0,Normal
2543,147,19.99,2938.5299999999997,64.0,2.296875,Slow Moving
2547,2444,6.99,17083.56,0.0,inf,Dead Stock
2549,635,41.99,26663.65,109.0,5.825688073394495,Slow Moving
2550,434,22.99,9977.66,0.0,inf,Dead Stock
2552,205,37.99,7787.950000000001,0.0,inf,Dead Stock
2554,450,109.99,49495.5,79.0,5.69620253164557,Slow Moving
2555,20,89.99,1799.8,6.0,3.3333333333333335,Slow Moving
2563,306,49.99,15296.94,39.0,7.846153846153846,Slow Moving
2564,243,59.989999999999995,14577.569999999998,0.0,inf,Dead Stock
2568,425,64.99,27620.749999999996,0.0,inf,Dead Stock
2570,1114,79.99,89108.86,92.0,12.108695652173912,Slow Moving
2572,154,52.99,8160.46,1.0,154.0,Slow Moving
2573,3,19.99,59.97,0.0,inf,Dead Stock
2579,476,22.99,10943.24,0.0,inf,Dead Stock
2580,486,34.99,17005.14,183.0,2.6557377049180326,Slow Moving
2581,5,49.99,249.95000000000002,0.0,inf,Dead Stock
2584,103,18.99,1955.9699999999998,16.0,6.4375,Slow Moving
2585,10487,25.99,272557.13,6940.0,1.5110951008645532,Normal
2586,6382,2.99,19082.18,3845.0,1.659817945383615,Normal
2587,1700,18.99,32282.999999999996,671.0,2.5335320417287632,Slow Moving
2589,7922,37.99,300956.78,4649.0,1.704022370402237,Normal
2590,960,39.99,38390.4,100.0,9.6,Slow Moving
2591,479,39.99,19155.210000000003,68.0,7.044117647058823,Slow Moving
2593,448,29.99,13435.519999999999,73.0,6.136986301369863,Slow Moving
2595,423,16.99,7186.7699999999995,137.0,3.0875912408759123,Slow Moving
2598,734,16.99,12470.659999999998,320.0,2.29375,Slow Moving
2602,405,56.99,23080.95,78.0,5.1923076923076925,Slow Moving
2604,259,99.99,25897.41,46.0,5.630434782608695,Slow Moving
2606,384,99.99,38396.159999999996,49.0,7.836734693877551,Slow Moving
2607,431,21.99,9477.689999999999,187.0,2.304812834224599,Slow Moving
2609,246,24.99,6147.54,102.0,2.411764705882353,Slow Moving
2610,55,189.99,10449.45,2.0,27.5,Slow Moving
2611,160,39.99,6398.400000000001,4.0,40.0,Slow Moving
2614,43,53.99,2321.57,2.0,21.5,Slow Moving
2615,3052,3.49,10651.480000000001,345.0,8.846376811594203,Slow Moving
2617,175,99.99,17498.25,11.0,15.909090909090908,Slow Moving
2619,377,64.99,24501.23,127.0,2.968503937007874,Slow Moving
2621,97,48.99,4752.03,0.0,inf,Dead Stock
2622,528,24.99,13194.72,87.0,6.068965517241379,Slow Moving
2623,793,27.990000000000002,22196.070000000003,387.0,2.049095607235142,Slow Moving
2624,321,64.99,20861.789999999997,27.0,11.88888888888889,Slow Moving
2625,291,59.99,17457.09,40.0,7.275,Slow Moving
2628,1587,29.990000000000002,47594.130000000005,211.0,7.521327014218009,Slow Moving
2630,414,37.99,15727.86,148.0,2.7972972972972974,Slow Moving
2631,368,69.99,25756.32,79.0,4.658227848101266,Slow Moving
2636,0,68.99,0.0,64.0,0.0,Fast Moving
2637,60,41.99,2519.4,5.0,12.0,Slow Moving
2638,127,129.99,16508.73,8.0,15.875,Slow Moving
2639,264,71.99,19005.359999999997,23.0,11.478260869565217,Slow Moving
2640,440,41.99,18475.600000000002,227.0,1.9383259911894273,Normal
2641,5,49.99,249.95000000000002,0.0,inf,Dead Stock
2643,22,184.99,4069.78,0.0,inf,Dead Stock
2644,315,74.99,23621.85,63.0,5.0,Slow Moving
2645,3408,29.99,102205.92,738.0,4.617886178861789,Slow Moving
2646,1937,54.99,106515.63,556.0,3.4838129496402876,Slow Moving
2647,401,52.99,21248.99,34.0,11.794117647058824,Slow Moving
2648,647,15.99,10345.53,168.0,3.8511904761904763,Slow Moving
2652,401,39.99,16035.990000000002,0.0,inf,Dead Stock
2653,153,44.99,6883.47,0.0,inf,Dead Stock
2654,55,28.99,1594.4499999999998,128.0,0.4296875,Fast Moving
2655,476,29.99,14275.24,53.0,8.981132075471699,Slow Moving
2656,1967,24.99,49155.329999999994,1009.0,1.9494549058473736,Normal
2658,582,15.99,9306.18,317.0,1.83596214511041,Normal
2661,634,70.99,45007.659999999996,121.0,5.239669421487603,Slow Moving
2663,6771,29.990000000000002,203062.29,2984.0,2.2691018766756033,Slow Moving
2665,1667,19.99,33323.329999999994,1167.0,1.4284490145672666,Normal
2667,61,15.99,975.39,40.0,1.525,Normal
2668,1254,13.99,17543.46,481.0,2.607068607068607,Slow Moving
2670,168,74.99,12598.32,4.0,42.0,Slow Moving
2671,28,22.99,643.7199999999999,2.0,14.0,Slow Moving
2672,5467,2.29,12519.43,1960.0,2.789285714285714,Slow Moving
2675,784,44.99,35272.16,148.0,5.297297297297297,Slow Moving
2676,1076,14.99,16129.24,339.0,3.174041297935103,Slow Moving
2678,424,44.99,19075.760000000002,170.0,2.4941176470588236,Slow Moving
2679,2,17.99,35.98,440.0,0.004545454545454545,Fast Moving
2680,295,54.989999999999995,16222.05,6.0,49.166666666666664,Slow Moving
2682,334,57.99,19368.66,51.0,6.549019607843137,Slow Moving
2684,48,41.99,2015.52,25.0,1.92,Normal
2686,486,37.99,18463.14,164.0,2.9634146341463414,Slow Moving
2689,27,18.99,512.7299999999999,192.0,0.140625,Fast Moving
2690,1209,9.99,12077.91,871.0,1.3880597014925373,Normal
2692,1448,34.99,50665.520000000004,255.0,5.67843137254902,Slow Moving
2693,1,13999.9,13999.9,0.0,inf,Dead Stock
2694,553,49.99,27644.47,110.0,5.027272727272727,Slow Moving
2695,390,11.99,4676.1,0.0,inf,Dead Stock
2696,574,35.99,20658.260000000002,267.0,2.149812734082397,Slow Moving
2703,48,22.99,1103.52,4.0,12.0,Slow Moving
2704,116,0.99,114.84,3126.0,0.037108125399872044,Fast Moving
2708,495,11.99,5935.05,0.0,inf,Dead Stock
2711,283,19.99,5657.169999999999,55.0,5.1454545454545455,Slow Moving
2713,892,13.99,12479.08,463.0,1.9265658747300216,Normal
2714,78,99.99,7799.219999999999,14.0,5.571428571428571,Slow Moving
2715,259,49.99,12947.41,2.0,129.5,Slow Moving
2716,9,69.99,629.91,0.0,inf,Dead Stock
2717,175,59.99,10498.25,33.0,5.303030303030303,Slow Moving
2719,8,19.99,159.92,3.0,2.6666666666666665,Slow Moving
2720,10,8.99,89.9,0.0,inf,Dead Stock
2721,1253,59.99000000000001,75167.47000000002,251.0,4.99203187250996,Slow Moving
2722,558,21.99,12270.419999999998,217.0,2.5714285714285716,Slow Moving
2723,2147,27.990000000000002,60094.530000000006,588.0,3.651360544217687,Slow Moving
2727,37,24.99,924.63,17.0,2.176470588235294,Slow Moving
2729,400,19.99,7995.999999999999,1.0,400.0,Slow Moving
2730,38,31.99,1215.62,0.0,inf,Dead Stock
2733,90,78.99,7109.099999999999,18.0,5.0,Slow Moving
2734,242,68.99,16695.579999999998,25.0,9.68,Slow Moving
2737,359,34.99,12561.41,71.0,5.056338028169014,Slow Moving
2738,7,599.99,4199.93,0.0,inf,Dead Stock
2739,0,49.99,0.0,4.0,0.0,Fast Moving
2740,108,96.99,10474.92,100.0,1.08,Normal
2741,10,69.99,699.9,4.0,2.5,Slow Moving
2742,240,44.99,10797.6,21.0,11.428571428571429,Slow Moving
2743,3,79.99,239.96999999999997,16.0,0.1875,Fast Moving
2746,21,71.99,1511.79,29.0,0.7241379310344828,Normal
2747,44,159.99,7039.56,16.0,2.75,Slow Moving
2748,296,309.99,91757.04000000001,45.0,6.5777777777777775,Slow Moving
2749,470,16.99,7985.299999999999,455.0,1.032967032967033,Normal
2750,48,42.99,2063.52,3.0,16.0,Slow Moving
2751,994,19.99,19870.059999999998,425.0,2.3388235294117647,Slow Moving
2752,2018,35.99,72627.82,1542.0,1.3086900129701686,Normal
2753,7849,59.99,470861.51,1019.0,7.702649656526006,Slow Moving
2755,1608,24.99,40183.92,488.0,3.2950819672131146,Slow Moving
2756,2676,29.990000000000002,80253.24,749.0,3.572763684913218,Slow Moving
2757,11603,28.990000000000002,336370.97000000003,5191.0,2.2352147948372183,Slow Moving
2759,1433,13.99,20047.670000000002,399.0,3.591478696741855,Slow Moving
2760,3994,37.99,151732.06,1208.0,3.306291390728477,Slow Moving
2762,131,38.99,5107.6900000000005,1.0,131.0,Slow Moving
2764,561,29.990000000000002,16824.39,0.0,inf,Dead Stock
2767,736,191.99,141304.64,103.0,7.145631067961165,Slow Moving
2769,460,56.99,26215.4,109.0,4.220183486238532,Slow Moving
2770,585,39.99,23394.15,47.0,12.446808510638299,Slow Moving
2772,453,49.99,22645.47,70.0,6.4714285714285715,Slow Moving
2779,363,17.49,6348.869999999999,12.0,30.25,Slow Moving
2780,1344,39.99,53746.560000000005,164.0,8.195121951219512,Slow Moving
2781,237,59.99,14217.630000000001,37.0,6.405405405405405,Slow Moving
2783,1101,13.99,15402.99,702.0,1.5683760683760684,Normal
2784,72,9.79,704.8799999999999,9.0,8.0,Slow Moving
2787,241,41.99,10119.59,108.0,2.2314814814814814,Slow Moving
2788,957,39.99,38270.43,626.0,1.5287539936102237,Normal
2790,402,29.99,12055.98,37.0,10.864864864864865,Slow Moving
2792,53,0.99,52.47,2814.0,0.018834399431414357,Fast Moving
2793,93,17.49,1626.57,51.0,1.8235294117647058,Normal
2794,79,17.99,1421.2099999999998,539.0,0.14656771799628943,Fast Moving
2795,532,24.99,13294.679999999998,178.0,2.9887640449438204,Slow Moving
2796,49,59.99,2939.51,0.0,inf,Dead Stock
2797,14,0.99,13.86,1383.0,0.01012292118582791,Fast Moving
2800,85,81.99,6969.15,90.0,0.9444444444444444,Normal
2801,3,39.99,119.97,16.0,0.1875,Fast Moving
2802,115,24.99,2873.85,60.0,1.9166666666666667,Normal
2803,149,25.99,3872.5099999999998,65.0,2.292307692307692,Slow Moving
2804,70,44.99,3149.3,0.0,inf,Dead Stock
2806,0,54.99,0.0,0.0,inf,Dead Stock
2807,337,89.99,30326.629999999997,0.0,inf,Dead Stock
2808,262,29.99,7857.379999999999,49.0,5.346938775510204,Slow Moving
2809,54,19.99,1079.4599999999998,15.0,3.6,Slow Moving
2810,248,55.99,13885.52,55.0,4.509090909090909,Slow Moving
2812,22,44.99,989.7800000000001,10.0,2.2,Slow Moving
2813,40,19.99,799.5999999999999,17.0,2.3529411764705883,Slow Moving
2814,4,44.99,179.96,9.0,0.4444444444444444,Fast Moving
2815,154,55.99,8622.460000000001,26.0,5.923076923076923,Slow Moving
2816,277,45.99,12739.230000000001,53.0,5.226415094339623,Slow Moving
2817,331,69.99,23166.69,0.0,inf,Dead Stock
2818,259,32.99,8544.41,63.0,4.111111111111111,Slow Moving
2820,69,16.49,1137.81,1.0,69.0,Slow Moving
2821,281,37.99,10675.19,78.0,3.6025641025641026,Slow Moving
2822,254,29.989999999999995,7617.459999999999,111.0,2.2882882882882885,Slow Moving
2823,6,1499.99,8999.94,0.0,inf,Dead Stock
2824,128,57.99,7422.72,0.0,inf,Dead Stock
2826,465,37.99,17665.350000000002,165.0,2.8181818181818183,Slow Moving
2827,25,499.99,12499.75,0.0,inf,Dead Stock
2828,415,44.99,18670.850000000002,61.0,6.80327868852459,Slow Moving
2830,1298,13.99,18159.02,253.0,5.130434782608695,Slow Moving
2832,13,103.99,1351.87,5.0,2.6,Slow Moving
2833,34,9.99,339.66,6.0,5.666666666666667,Slow Moving
2834,1339,16.99,22749.609999999997,1556.0,0.8605398457583547,Normal
2837,25,45.99,1149.75,16.0,1.5625,Normal
2838,414,43.99,18211.86,133.0,3.112781954887218,Slow Moving
2839,264,36.99,9765.36,26.0,10.153846153846153,Slow Moving
2841,287,29.99,8607.13,143.0,2.006993006993007,Slow Moving
2842,84,499.99,41999.16,4.0,21.0,Slow Moving
2843,40,43.99,1759.6000000000001,23.0,1.7391304347826086,Normal
2844,237,25.99,6159.629999999999,0.0,inf,Dead Stock
2845,369,19.99,7376.3099999999995,0.0,inf,Dead Stock
2846,7,399.99,2799.9300000000003,0.0,inf,Dead Stock
2847,388,29.99,11636.119999999999,0.0,inf,Dead Stock
2849,20,179.99,3599.8,3.0,6.666666666666667,Slow Moving
2850,15,379.99,5699.85,0.0,inf,Dead Stock
2851,178,8.99,1600.22,56.0,3.1785714285714284,Slow Moving
2852,308,40.99,12624.92,75.0,4.1066666666666665,Slow Moving
2854,1712,54.99,94142.88,215.0,7.962790697674419,Slow Moving
2855,405,29.99,12145.949999999999,28.0,14.464285714285714,Slow Moving
2856,354,57.99,20528.46,51.0,6.9411764705882355,Slow Moving
2859,1,21.99,21.99,194.0,0.005154639175257732,Fast Moving
2862,589,36.99,21787.11,121.0,4.867768595041323,Slow Moving
2863,92,44.99,4139.08,18.0,5.111111111111111,Slow Moving
2864,4,41.99,167.96,0.0,inf,Dead Stock
2867,166,79.99,13278.339999999998,0.0,inf,Dead Stock
2868,212,109.99,23317.879999999997,16.0,13.25,Slow Moving
2870,122,109.98999999999998,13418.779999999997,0.0,inf,Dead Stock
2871,110,37.99,4178.900000000001,0.0,inf,Dead Stock
2872,137,31.99,4382.63,0.0,inf,Dead Stock
2873,36,299.99,10799.64,1.0,36.0,Slow Moving
2876,298,32.99,9831.02,0.0,inf,Dead Stock
2877,8,65.99,527.92,1.0,8.0,Slow Moving
2878,384,39.99,15356.16,49.0,7.836734693877551,Slow Moving
2879,686,29.99,20573.14,204.0,3.3627450980392157,Slow Moving
2880,5,15.99,79.95,97.0,0.05154639175257732,Fast Moving
2882,257,124.99,32122.43,19.0,13.526315789473685,Slow Moving
2884,16,129.99,2079.84,8.0,2.0,Normal
2885,20,61.99,1239.8,0.0,inf,Dead Stock
2886,520,62.99000000000001,32754.800000000003,115.0,4.521739130434782,Slow Moving
2887,8,61.99,495.92,0.0,inf,Dead Stock
2888,76,99.99,7599.24,0.0,inf,Dead Stock
2889,1660,29.990000000000002,49783.4,787.0,2.1092757306226178,Slow Moving
2890,757,27.990000000000002,21188.43,370.0,2.045945945945946,Slow Moving
2893,485,50.99,24730.15,138.0,3.5144927536231885,Slow Moving
2894,1123,17.99,20202.769999999997,931.0,1.2062298603651986,Normal
2897,199,49.99,9948.01,18.0,11.055555555555555,Slow Moving
2898,22,5.99,131.78,500.0,0.044,Fast Moving
2899,389,44.99,17501.11,84.0,4.630952380952381,Slow Moving
2901,221,49.99,11047.79,0.0,inf,Dead Stock
2902,126,46.99,5920.740000000001,108.0,1.1666666666666667,Normal
2903,2,27.99,55.98,6.0,0.3333333333333333,Fast Moving
2906,326,99.99,32596.739999999998,46.0,7.086956521739131,Slow Moving
2907,152,34.99,5318.4800000000005,0.0,inf,Dead Stock
2908,213,67.99,14481.869999999999,31.0,6.870967741935484,Slow Moving
2909,92,59.99,5519.08,4.0,23.0,Slow Moving
2910,148,19.99,2958.52,19.0,7.7894736842105265,Slow Moving
2911,3,109.99,329.96999999999997,0.0,inf,Dead Stock
2912,665,16.99,11298.349999999999,240.0,2.7708333333333335,Slow Moving
2913,12,27.99,335.88,11.0,1.0909090909090908,Normal
2914,2,48.99,97.98,0.0,inf,Dead Stock
2915,5,21.99,109.94999999999999,13.0,0.38461538461538464,Fast Moving
2916,125,63.99,7998.75,5.0,25.0,Slow Moving
2917,714,17.99,12844.859999999999,339.0,2.106194690265487,Slow Moving
2919,13,114.98999999999998,1494.8699999999997,0.0,inf,Dead Stock
2920,45,49.99,2249.55,24.0,1.875,Normal
2921,73,19.99,1459.27,9.0,8.11111111111111,Slow Moving
2922,115,69.99,8048.849999999999,17.0,6.764705882352941,Slow Moving
2924,581,23.99,13938.189999999999,400.0,1.4525,Normal
2925,514,27.99,14386.859999999999,0.0,inf,Dead Stock
2926,426,27.99,11923.74,238.0,1.7899159663865547,Normal
2929,8,25.99,207.92,32.0,0.25,Fast Moving
2932,2730,33.99,92792.70000000001,1032.0,2.645348837209302,Slow Moving
2933,12,48.99,587.88,23.0,0.5217391304347826,Normal
2935,189,124.98999999999998,23623.109999999997,49.0,3.857142857142857,Slow Moving
2936,14,69.99,979.8599999999999,0.0,inf,Dead Stock
2937,31,69.99,2169.69,0.0,inf,Dead Stock
2939,6,14.99,89.94,6.0,1.0,Normal
2940,59,89.99,5309.41,33.0,1.7878787878787878,Normal
2942,86,39.99,3439.1400000000003,35.0,2.4571428571428573,Slow Moving
2943,0,119.99,0.0,1.0,0.0,Fast Moving
2944,688,47.99,33017.12,290.0,2.372413793103448,Slow Moving
2945,147,299.99,44098.53,14.0,10.5,Slow Moving
2946,309,99.99,30896.91,48.0,6.4375,Slow Moving
2949,98,94.99,9309.019999999999,7.0,14.0,Slow Moving
2951,584,37.99,22186.16,282.0,2.0709219858156027,Slow Moving
2952,1054,24.99,26339.46,593.0,1.7774030354131534,Normal
2953,4,999.99,3999.96,3.0,1.3333333333333333,Normal
2954,1106,49.99,55288.94,119.0,9.294117647058824,Slow Moving
2955,28,129.99,3639.7200000000003,6.0,4.666666666666667,Slow Moving
2956,922,14.99,13820.78,758.0,1.2163588390501319,Normal
2957,438,35.99,15763.62,200.0,2.19,Slow Moving
2958,1409,57.989999999999995,81707.90999999999,201.0,7.009950248756219,Slow Moving
2959,10,38.99,389.90000000000003,2.0,5.0,Slow Moving
2960,480,109.99,52795.2,98.0,4.8979591836734695,Slow Moving
2965,949,43.99,41746.51,234.0,4.055555555555555,Slow Moving
2967,991,55.99,55486.090000000004,157.0,6.312101910828026,Slow Moving
2968,1,15.99,15.99,0.0,inf,Dead Stock
2969,16,1199.99,19199.84,1.0,16.0,Slow Moving
2973,709,27.990000000000002,19844.91,743.0,0.9542395693135935,Normal
2975,1253,14.99,18782.47,458.0,2.7358078602620086,Slow Moving
2978,11,20.99,230.89,14.0,0.7857142857142857,Normal
2979,523,44.99,23529.77,81.0,6.45679012345679,Slow Moving
2982,403,69.99,28205.969999999998,36.0,11.194444444444445,Slow Moving
2984,250,27.99,6997.5,0.0,inf,Dead Stock
2986,182,69.99,12738.179999999998,147.0,1.2380952380952381,Normal
2988,291,24.99,7272.089999999999,92.0,3.1630434782608696,Slow Moving
2989,352,259.99,91516.48000000001,58.0,6.068965517241379,Slow Moving
2990,221,22.99,5080.79,36.0,6.138888888888889,Slow Moving
2991,276,49.99,13797.24,34.0,8.117647058823529,Slow Moving
2992,396,49.99,19796.04,120.0,3.3,Slow Moving
2994,279,49.99,13947.210000000001,71.0,3.9295774647887325,Slow Moving
2996,2,3999.99,7999.98,0.0,inf,Dead Stock
2999,1,124.99,124.99,0.0,inf,Dead Stock
3004,2,299.99,599.98,0.0,inf,Dead Stock
3009,64,52.989999999999995,3391.3599999999997,8.0,8.0,Slow Moving
3012,7222,0.99,7149.78,4685.0,1.5415154749199573,Normal
3014,5,12.99,64.95,0.0,inf,Dead Stock
3016,1496,19.99,29905.039999999997,386.0,3.8756476683937824,Slow Moving
3020,1160,9.99,11588.4,365.0,3.1780821917808217,Slow Moving
3023,12,29.99,359.88,0.0,inf,Dead Stock
3025,1455,15.489999999999998,22537.949999999997,1223.0,1.1896974652493868,Normal
3038,1432,8.99,12873.68,1545.0,0.9268608414239482,Normal
3039,828,16.99,14067.72,257.0,3.2217898832684826,Slow Moving
3040,2917,23.99,69978.83,1940.0,1.5036082474226804,Normal
3041,1245,8.99,11192.550000000001,895.0,1.3910614525139664,Normal
3042,1597,15.489999999999998,24737.53,1038.0,1.5385356454720616,Normal
3045,1034,10.99,11363.66,685.0,1.5094890510948906,Normal
3046,488,48.99,23907.120000000003,42.0,11.619047619047619,Slow Moving
3047,22,22.99,505.78,0.0,inf,Dead Stock
3050,2231,8.99,20056.69,2185.0,1.0210526315789474,Normal
3053,0,0.99,0.0,8.0,0.0,Fast Moving
3054,1554,10.99,17078.46,729.0,2.1316872427983538,Slow Moving
3058,0,0.99,0.0,66.0,0.0,Fast Moving
3062,471,19.99,9415.289999999999,174.0,2.706896551724138,Slow Moving
3072,2114,24.99,52828.85999999999,451.0,4.687361419068736,Slow Moving
3075,28,14.99,419.72,0.0,inf,Dead Stock
3078,6,9.99,59.94,0.0,inf,Dead Stock
3084,86,14.99,1289.14,6.0,14.333333333333334,Slow Moving
3085,3192,7.989999999999999,25504.079999999998,1783.0,1.7902411665731912,Normal
3086,550,48.99,26944.5,76.0,7.2368421052631575,Slow Moving
3087,0,27.99,0.0,0.0,inf,Dead Stock
3089,904,13.99,12646.960000000001,1155.0,0.7826839826839826,Normal
3092,4,21.99,87.96,2.0,2.0,Normal
3100,471,48.989999999999995,23074.289999999997,62.0,7.596774193548387,Slow Moving
3102,14208,16.99,241393.91999999998,6657.0,2.134294727354664,Slow Moving
3104,844,10.99,9275.56,458.0,1.8427947598253276,Normal
3105,9,27.99,251.91,0.0,inf,Dead Stock
3107,339,66.99,22709.609999999997,102.0,3.323529411764706,Slow Moving
3120,2,19.99,39.98,12.0,0.16666666666666666,Fast Moving
3123,1034,14.989999999999998,15499.659999999998,563.0,1.836589698046181,Normal
3128,307,5.99,1838.93,0.0,inf,Dead Stock
3129,6,11.99,71.94,0.0,inf,Dead Stock
3131,18,12.99,233.82,5.0,3.6,Slow Moving
3133,1042,10.99,11451.58,924.0,1.1277056277056277,Normal
3134,32,99.99,3199.68,0.0,inf,Dead Stock
3135,6,12.99,77.94,0.0,inf,Dead Stock
3137,222,0.9899999999999999,219.77999999999997,1697.0,0.13081909251620508,Fast Moving
3139,1113,23.990000000000002,26700.870000000003,252.0,4.416666666666667,Slow Moving
3140,750,12.99,9742.5,0.0,inf,Dead Stock
3142,741,0.99,733.59,0.0,inf,Dead Stock
3145,83,39.99,3319.17,0.0,inf,Dead Stock
3147,69,0.99,68.31,358.0,0.19273743016759776,Fast Moving
3148,553,48.99,27091.47,0.0,inf,Dead Stock
3150,1070,10.99,11759.300000000001,885.0,1.2090395480225988,Normal
3153,465,17.99,8365.349999999999,117.0,3.9743589743589745,Slow Moving
3154,2452,10.99,26947.48,848.0,2.891509433962264,Slow Moving
3158,2399,15.99,38360.01,869.0,2.760644418872267,Slow Moving
3161,2722,10.99,29914.78,780.0,3.48974358974359,Slow Moving
3162,881,0.9900000000000001,872.19,2049.0,0.4299658369936554,Fast Moving
3168,666,23.99,15977.339999999998,129.0,5.162790697674419,Slow Moving
3172,851,12.99,11054.49,267.0,3.1872659176029963,Slow Moving
3174,666,29.99,19973.34,162.0,4.111111111111111,Slow Moving
3176,453,27.99,12679.47,103.0,4.398058252427185,Slow Moving
3180,4830,16.99,82061.7,6340.0,0.7618296529968455,Normal
3183,698,20.99,14651.019999999999,211.0,3.308056872037915,Slow Moving
3189,321,15.99,5132.79,165.0,1.9454545454545455,Normal
3194,1152,23.99,27636.48,433.0,2.6605080831408774,Slow Moving
3198,49,12.99,636.51,0.0,inf,Dead Stock
3199,52,46.99,2443.48,38.0,1.368421052631579,Normal
3201,607,29.99,18203.93,216.0,2.810185185185185,Slow Moving
3203,1,25.99,25.99,12.0,0.08333333333333333,Fast Moving
3204,824,21.99,18119.76,71.0,11.605633802816902,Slow Moving
3209,788,19.99,15752.119999999999,437.0,1.803203661327231,Normal
3210,1064,0.99,1053.36,0.0,inf,Dead Stock
3212,19,99.99,1899.81,0.0,inf,Dead Stock
3214,2136,24.99,53378.64,0.0,inf,Dead Stock
3216,1656,9.99,16543.44,922.0,1.7960954446854664,Normal
3218,1335,12.99,17341.65,244.0,5.471311475409836,Slow Moving
3220,1498,18.99,28447.019999999997,430.0,3.483720930232558,Slow Moving
3221,1008,9.99,10069.92,564.0,1.7872340425531914,Normal
3223,4,15.99,63.96,0.0,inf,Dead Stock
3224,3565,0.99,3529.35,0.0,inf,Dead Stock
3226,638,11.99,7649.62,0.0,inf,Dead Stock
3227,1274,8.99,11453.26,1363.0,0.9347028613352898,Normal
3228,2364,1.99,4704.36,0.0,inf,Dead Stock
3230,0,9.49,0.0,116.0,0.0,Fast Moving
3231,790,10.989999999999998,8682.099999999999,353.0,2.237960339943343,Slow Moving
3233,216,22.99,4965.839999999999,74.0,2.918918918918919,Slow Moving
3234,992,59.99,59510.08,307.0,3.231270358306189,Slow Moving
3235,451,17.99,8113.489999999999,181.0,2.4917127071823204,Slow Moving
3236,218,9.49,2068.82,63.0,3.4603174603174605,Slow Moving
3237,909,23.99,21806.91,178.0,5.106741573033708,Slow Moving
3238,2735,29.99,82022.65,1312.0,2.0846036585365852,Slow Moving
3239,201,6.489999999999999,1304.4899999999998,46.0,4.369565217391305,Slow Moving
3243,3689,10.99,40542.11,4307.0,0.8565126538193638,Normal
3244,1122,6.99,7842.780000000001,1329.0,0.8442437923250564,Normal
3246,3462,8.79,30430.979999999996,5403.0,0.6407551360355358,Normal
3248,366,29.99,10976.34,0.0,inf,Dead Stock
3252,710,9.49,6737.900000000001,0.0,inf,Dead Stock
3253,2905,11.99,34830.95,3133.0,0.9272263006702841,Normal
3255,3,2799.99,8399.97,0.0,inf,Dead Stock
3257,1327,6.99,9275.73,903.0,1.469545957918051,Normal
3265,2,0.49,0.98,0.0,inf,Dead Stock
3267,0,3.49,0.0,0.0,inf,Dead Stock
3272,1302,17.99,23422.98,952.0,1.3676470588235294,Normal
3276,3660,14.99,54863.4,3090.0,1.1844660194174756,Normal
3278,1418,7.99,11329.82,1095.0,1.2949771689497718,Normal
3279,485,29.99,14545.15,57.0,8.508771929824562,Slow Moving
3280,1436,6.99,10037.64,0.0,inf,Dead Stock
3282,152,0.99,150.48,1717.0,0.0885264997087944,Fast Moving
3283,1489,8.99,13386.11,0.0,inf,Dead Stock
3285,1,9.99,9.99,43.0,0.023255813953488372,Fast Moving
3286,569,48.99,27875.31,121.0,4.702479338842975,Slow Moving
3288,19,16.99,322.80999999999995,122.0,0.1557377049180328,Fast Moving
3289,79,59.99,4739.21,0.0,inf,Dead Stock
3292,83,169.98999999999998,14109.169999999998,5.0,16.6,Slow Moving
3295,1527,11.99,18308.73,1642.0,0.9299634591961023,Normal
3296,302,22.990000000000002,6942.9800000000005,70.0,4.314285714285714,Slow Moving
3298,333,26.99,8987.67,0.0,inf,Dead Stock
3300,55,0.99,54.45,2932.0,0.018758526603001365,Fast Moving
3301,69,15.99,1103.31,12.0,5.75,Slow Moving
3305,20,9.99,199.8,465.0,0.043010752688172046,Fast Moving
3306,315,39.99,12596.85,48.0,6.5625,Slow Moving
3310,2629,5.99,15747.710000000001,2781.0,0.9453434016540813,Normal
3314,515,25.99,13384.849999999999,202.0,2.5495049504950495,Slow Moving
3315,5851,0.99,5792.49,4409.0,1.3270582898616465,Normal
3316,1539,15.489999999999998,23839.109999999997,1196.0,1.2867892976588629,Normal
3319,164,27.99,4590.36,0.0,inf,Dead Stock
3320,319,9.29,2963.5099999999998,301.0,1.0598006644518272,Normal
3321,340,9.29,3158.6,179.0,1.899441340782123,Normal
3324,260,49.99,12997.4,47.0,5.531914893617022,Slow Moving
3325,1163,10.99,12781.37,346.0,3.361271676300578,Slow Moving
3326,1573,9.49,14927.77,1305.0,1.2053639846743296,Normal
3329,2248,15.99,35945.520000000004,606.0,3.7095709570957096,Slow Moving
3335,536,10.99,5890.64,514.0,1.0428015564202335,Normal
3342,437,22.99,10046.63,0.0,inf,Dead Stock
3343,1057,12.99,13730.43,522.0,2.024904214559387,Slow Moving
3344,1814,19.99,36261.86,1700.0,1.0670588235294118,Normal
3345,4562,1.99,9078.38,1441.0,3.165857043719639,Slow Moving
3346,555,27.99,15534.449999999999,0.0,inf,Dead Stock
3347,373,39.99,14916.27,270.0,1.3814814814814815,Normal
3348,5603,29.990000000000002,168033.97,2212.0,2.533001808318264,Slow Moving
3349,189,0.99,187.10999999999999,2234.0,0.0846016114592659,Fast Moving
3350,23,10.99,252.77,34.0,0.6764705882352942,Normal
3351,3057,15.99,48881.43,1504.0,2.0325797872340425,Slow Moving
3352,1372,24.99,34286.28,359.0,3.8217270194986073,Slow Moving
3354,1304,14.99,19546.96,500.0,2.608,Slow Moving
3356,1743,6.99,12183.57,2143.0,0.8133457769482034,Normal
3361,1,12.99,12.99,8.0,0.125,Fast Moving
3362,391,5.99,2342.09,455.0,0.8593406593406593,Normal
3363,665,13.99,9303.35,161.0,4.130434782608695,Slow Moving
3364,2061,24.99,51504.39,616.0,3.345779220779221,Slow Moving
3365,2065,24.99,51604.35,99.0,20.858585858585858,Slow Moving
3366,1051,35.99,37825.490000000005,371.0,2.8328840970350404,Slow Moving
3367,835,10.99,9176.65,436.0,1.915137614678899,Normal
3368,929,15.989999999999998,14854.71,536.0,1.7332089552238805,Normal
3369,537,0.9899999999999999,531.6299999999999,0.0,inf,Dead Stock
3371,1,0.99,0.99,15.0,0.06666666666666667,Fast Moving
3372,1005,9.49,9537.45,0.0,inf,Dead Stock
3373,104,22.99,2390.96,364.0,0.2857142857142857,Fast Moving
3375,123,11.49,1413.27,0.0,inf,Dead Stock
3376,358,36.99,13242.42,114.0,3.1403508771929824,Slow Moving
3377,457,22.99,10506.429999999998,102.0,4.480392156862745,Slow Moving
3378,260,55.99,14557.4,0.0,inf,Dead Stock
3379,207,32.99,6828.93,0.0,inf,Dead Stock
3384,1,21.99,21.99,0.0,inf,Dead Stock
3385,1062,15.99,16981.38,514.0,2.066147859922179,Slow Moving
3386,1463,0.99,1448.37,0.0,inf,Dead Stock
3387,207,27.49,5690.429999999999,0.0,inf,Dead Stock
3388,927,9.99,9260.73,473.0,1.959830866807611,Normal
3389,1937,16.99,32909.63,999.0,1.9389389389389389,Normal
3390,508,29.99,15234.92,164.0,3.097560975609756,Slow Moving
3394,290,29.989999999999995,8697.099999999999,0.0,inf,Dead Stock
3396,1627,18.99,30896.729999999996,507.0,3.2090729783037477,Slow Moving
3397,2003,24.99,50054.969999999994,619.0,3.235864297253635,Slow Moving
3398,202,43.99,8885.98,0.0,inf,Dead Stock
3401,6,19.99,119.94,0.0,inf,Dead Stock
3402,7,12.99,90.93,8.0,0.875,Normal
3405,12268,28.990000000000002,355649.32,9203.0,1.333043572748017,Normal
3408,50,26.99,1349.5,37.0,1.3513513513513513,Normal
3409,551,49.99,27544.49,92.0,5.989130434782608,Slow Moving
3412,650,12.990000000000002,8443.500000000002,141.0,4.609929078014185,Slow Moving
3413,11,274.99,3024.8900000000003,0.0,inf,Dead Stock
3414,11,5.99,65.89,95.0,0.11578947368421053,Fast Moving
3415,12,18.99,227.88,0.0,inf,Dead Stock
3416,1501,14.99,22499.99,31.0,48.41935483870968,Slow Moving
3417,25,17.49,437.24999999999994,0.0,inf,Dead Stock
3419,380,26.99,10256.199999999999,0.0,inf,Dead Stock
3420,2525,10.99,27749.75,620.0,4.07258064516129,Slow Moving
3421,5276,1.99,10499.24,0.0,inf,Dead Stock
3422,1686,19.99,33703.14,399.0,4.225563909774436,Slow Moving
3423,6814,26.990000000000002,183909.86000000002,3048.0,2.2355643044619424,Slow Moving
3424,25,15.99,399.75,10.0,2.5,Slow Moving
3425,593,21.99,13040.07,227.0,2.6123348017621146,Slow Moving
3427,2199,24.99,54953.009999999995,528.0,4.1647727272727275,Slow Moving
3432,3,11.99,35.97,6.0,0.5,Fast Moving
3436,2303,24.99,57551.969999999994,1138.0,2.023725834797891,Slow Moving
3437,1111,17.99,19986.89,309.0,3.5954692556634305,Slow Moving
3439,249,16.99,4230.509999999999,66.0,3.772727272727273,Slow Moving
3440,0,27.99,0.0,5.0,0.0,Fast Moving
3441,29,23.99,695.7099999999999,3.0,9.666666666666666,Slow Moving
3442,0,12.99,0.0,0.0,inf,Dead Stock
3443,784,8.99,7048.16,0.0,inf,Dead Stock
3444,985,34.99,34465.15,448.0,2.1986607142857144,Slow Moving
3449,11,27.99,307.89,1.0,11.0,Slow Moving
3450,424,27.99,11867.76,0.0,inf,Dead Stock
3452,1754,6.99,12260.460000000001,1897.0,0.9246178176067475,Normal
3454,8876,0.99,8787.24,0.0,inf,Dead Stock
3455,1092,16.99,18553.079999999998,0.0,inf,Dead Stock
3456,3584,19.99,71644.15999999999,964.0,3.7178423236514524,Slow Moving
3457,486,34.99,17005.14,137.0,3.5474452554744524,Slow Moving
3458,715,19.99,14292.849999999999,333.0,2.1471471471471473,Slow Moving
3460,184,54.99,10118.16,34.0,5.411764705882353,Slow Moving
3462,991,17.99,17828.09,344.0,2.880813953488372,Slow Moving
3464,586,17.99,10542.14,570.0,1.0280701754385966,Normal
3467,8,18.99,151.92,10.0,0.8,Normal
3472,832,16.99,14135.679999999998,153.0,5.437908496732026,Slow Moving
3476,786,19.99,15712.14,229.0,3.432314410480349,Slow Moving
3481,1,17.99,17.99,79.0,0.012658227848101266,Fast Moving
3483,713,13.99,9974.87,41.0,17.390243902439025,Slow Moving
3485,2227,18.99,42290.729999999996,1680.0,1.325595238095238,Normal
3486,1549,12.99,20121.510000000002,496.0,3.122983870967742,Slow Moving
3487,1171,16.99,19895.289999999997,435.0,2.6919540229885057,Slow Moving
3488,1864,19.99,37261.36,1578.0,1.1812420785804816,Normal
3489,9608,27.990000000000002,268927.92000000004,4119.0,2.332605001213887,Slow Moving
3495,1786,38.99,69636.14,212.0,8.424528301886792,Slow Moving
3497,576,94.99,54714.24,127.0,4.535433070866142,Slow Moving
3498,1147,19.99,22928.53,291.0,3.941580756013746,Slow Moving
3500,5393,1.49,8035.57,3925.0,1.3740127388535033,Normal
3502,1970,12.99,25590.3,1049.0,1.8779790276453765,Normal
3503,1115,12.99,14483.85,655.0,1.702290076335878,Normal
3505,3033,18.99,57596.67,3415.0,0.8881405563689605,Normal
3508,12,5.99,71.88,25.0,0.48,Fast Moving
3509,1,5.99,5.99,0.0,inf,Dead Stock
3510,71,9.49,673.79,246.0,0.2886178861788618,Fast Moving
3511,2914,10.99,32024.86,1646.0,1.7703523693803158,Normal
3512,12056,15.99,192775.44,7472.0,1.613490364025696,Normal
3513,2565,24.99,64099.35,415.0,6.180722891566265,Slow Moving
3514,14,5.99,83.86,2.0,7.0,Slow Moving
3515,1634,19.99,32663.659999999996,284.0,5.753521126760563,Slow Moving
3517,2,9.49,18.98,291.0,0.006872852233676976,Fast Moving
3518,3,24.99,74.97,103.0,0.02912621359223301,Fast Moving
3521,346,19.99,6916.539999999999,0.0,inf,Dead Stock
3522,4004,12.99,52011.96,5394.0,0.7423062662217278,Normal
3524,578,19.99,11554.22,455.0,1.2703296703296703,Normal
3525,283,6.29,1780.07,432.0,0.6550925925925926,Normal
3527,731,29.990000000000002,21922.690000000002,439.0,1.6651480637813212,Normal
3528,346,40.99,14182.54,61.0,5.672131147540983,Slow Moving
3529,1974,13.99,27616.260000000002,1540.0,1.2818181818181817,Normal
3530,1,12.99,12.99,81.0,0.012345679012345678,Fast Moving
3532,444,25.99,11539.56,153.0,2.9019607843137254,Slow Moving
3533,238,18.99,4519.62,75.0,3.1733333333333333,Slow Moving
3534,817,25.99,21233.829999999998,603.0,1.3548922056384742,Normal
3542,459,11.99,5503.41,0.0,inf,Dead Stock
3543,47,26.99,1268.53,0.0,inf,Dead Stock
3545,16770,29.990000000000002,502932.30000000005,11883.0,1.4112597828831104,Normal
3546,365,11.99,4376.35,0.0,inf,Dead Stock
3547,5920,2.79,16516.8,1581.0,3.7444655281467427,Slow Moving
3549,3507,22.99,80625.93,1007.0,3.4826216484607744,Slow Moving
3556,80,12.99,1039.2,0.0,inf,Dead Stock
3560,142,15.489999999999998,2199.58,16.0,8.875,Slow Moving
3562,2289,0.99,2266.11,1966.0,1.164292980671414,Normal
3564,587,48.99,28757.13,6.0,97.83333333333333,Slow Moving
3565,59,32.99,1946.41,33.0,1.7878787878787878,Normal
3566,9514,0.9900000000000001,9418.86,0.0,inf,Dead Stock
3568,1241,0.99,1228.59,1927.0,0.6440062272963155,Normal
3571,4324,1.99,8604.76,958.0,4.51356993736952,Slow Moving
3573,65,99.99,6499.349999999999,3.0,21.666666666666668,Slow Moving
3574,3683,0.99,3646.17,0.0,inf,Dead Stock
3577,295,19.99,5897.049999999999,0.0,inf,Dead Stock
3578,416,49.99,20795.84,42.0,9.904761904761905,Slow Moving
3579,1193,15.49,18479.57,822.0,1.451338199513382,Normal
3580,1654,12.99,21485.46,676.0,2.4467455621301775,Slow Moving
3581,10493,0.9900000000000001,10388.070000000002,0.0,inf,Dead Stock
3583,1610,18.99,30573.899999999998,514.0,3.132295719844358,Slow Moving
3584,1080,17.99,19429.199999999997,452.0,2.3893805309734515,Slow Moving
3591,1174,17.99,21120.26,393.0,2.9872773536895676,Slow Moving
3593,418,26.989999999999995,11281.819999999998,303.0,1.3795379537953796,Normal
3594,9646,0.9900000000000001,9549.54,0.0,inf,Dead Stock
3595,555,15.99,8874.45,459.0,1.2091503267973855,Normal
3597,3,7.99,23.97,125.0,0.024,Fast Moving
3598,1344,13.99,18802.56,162.0,8.296296296296296,Slow Moving
3601,181,36.99,6695.1900000000005,47.0,3.851063829787234,Slow Moving
3606,11058,0.99,10947.42,19200.0,0.5759375,Normal
3607,8919,0.9900000000000001,8829.810000000001,6427.0,1.387739225143924,Normal
3608,8570,0.9899999999999999,8484.3,9019.0,0.9502162102228628,Normal
3609,9950,0.9900000000000001,9850.500000000002,10355.0,0.9608884596813134,Normal
3610,976,10.99,10726.24,688.0,1.4186046511627908,Normal
3612,2431,8.99,21854.690000000002,2448.0,0.9930555555555556,Normal
3613,43,89.99,3869.5699999999997,4.0,10.75,Slow Moving
3614,1338,19.99,26746.62,683.0,1.9590043923865301,Normal
3617,563,21.99,12380.369999999999,254.0,2.216535433070866,Slow Moving
3620,286,39.99,11437.140000000001,52.0,5.5,Slow Moving
3622,13,18.49,240.36999999999998,1.0,13.0,Slow Moving
3625,5062,17.99,91065.37999999999,3370.0,1.5020771513353115,Normal
3626,1122,12.99,14574.78,254.0,4.417322834645669,Slow Moving
3627,2121,11.99,25430.79,1087.0,1.951241950321987,Normal
3628,20,14.99,299.8,7.0,2.857142857142857,Slow Moving
3629,448,28.99,12987.519999999999,53.0,8.452830188679245,Slow Moving
3630,2571,24.99,64249.28999999999,1969.0,1.3057389537836466,Normal
3632,102,28.489999999999995,2905.9799999999996,0.0,inf,Dead Stock
3634,8,29.99,239.92,0.0,inf,Dead Stock
3635,342,12.99,4442.58,0.0,inf,Dead Stock
3636,1862,7.49,13946.380000000001,2594.0,0.71781033153431,Normal
3637,2606,5.29,13785.74,3701.0,0.7041340178330181,Normal
3638,8921,0.9899999999999999,8831.789999999999,0.0,inf,Dead Stock
3640,258,22.990000000000002,5931.42,74.0,3.4864864864864864,Slow Moving
3643,806,9.489999999999998,7648.939999999999,738.0,1.0921409214092141,Normal
3648,0,7.99,0.0,124.0,0.0,Fast Moving
3650,5485,48.99,268710.15,2829.0,1.9388476493460587,Normal
3651,1661,3.99,6627.39,353.0,4.705382436260623,Slow Moving
3652,636,48.99,31157.640000000003,39.0,16.307692307692307,Slow Moving
3654,3013,53.989999999999995,162671.87,216.0,13.949074074074074,Slow Moving
3656,1974,24.99,49330.259999999995,493.0,4.004056795131846,Slow Moving
3658,2336,58.989999999999995,137800.63999999998,184.0,12.695652173913043,Slow Moving
3660,572,27.99,16010.279999999999,0.0,inf,Dead Stock
3662,16,10.99,175.84,292.0,0.0547945205479452,Fast Moving
3663,930,13.99,13010.7,407.0,2.285012285012285,Slow Moving
3666,160,24.99,3998.3999999999996,0.0,inf,Dead Stock
3667,901,17.99,16208.989999999998,513.0,1.756335282651072,Normal
3668,2710,42.99,116502.90000000001,961.0,2.8199791883454735,Slow Moving
3670,150,14.99,2248.5,56.0,2.6785714285714284,Slow Moving
3671,5044,1.99,10037.56,8.0,630.5,Slow Moving
3676,240,34.99,8397.6,0.0,inf,Dead Stock
3678,4,2.49,9.96,0.0,inf,Dead Stock
3679,1004,21.99,22077.96,567.0,1.7707231040564373,Normal
3680,2125,24.99,53103.75,745.0,2.8523489932885906,Slow Moving
3681,794,29.99,23812.059999999998,45.0,17.644444444444446,Slow Moving
3682,3037,22.99,69820.62999999999,598.0,5.078595317725752,Slow Moving
3683,1120,16.99,19028.8,409.0,2.73838630806846,Slow Moving
3684,3182,9.99,31788.18,4730.0,0.6727272727272727,Normal
3687,1877,4.99,9366.23,1720.0,1.091279069767442,Normal
3689,1085,16.99,18434.149999999998,525.0,2.066666666666667,Slow Moving
3690,874,27.99,24463.26,229.0,3.816593886462882,Slow Moving
3693,1197,10.99,13155.03,504.0,2.375,Slow Moving
3694,1427,16.99,24244.73,1219.0,1.1706316652994257,Normal
3695,686,11.99,8225.14,236.0,2.906779661016949,Slow Moving
3696,2714,10.49,28469.86,2928.0,0.9269125683060109,Normal
3699,702,39.99,28072.980000000003,310.0,2.264516129032258,Slow Moving
3702,150,0.99,148.5,1554.0,0.09652509652509653,Fast Moving
3703,4063,5.99,24337.370000000003,1034.0,3.9294003868471954,Slow Moving
3704,2349,24.99,58701.509999999995,400.0,5.8725,Slow Moving
3705,70,0.99,69.3,130.0,0.5384615384615384,Normal
3706,2759,15.99,44116.41,1202.0,2.2953410981697173,Slow Moving
3709,1779,13.99,24888.21,0.0,inf,Dead Stock
3711,51,14.99,764.49,8.0,6.375,Slow Moving
3716,261,34.99,9132.390000000001,27.0,9.666666666666666,Slow Moving
3722,133,12.49,1661.17,68.0,1.9558823529411764,Normal
3724,1348,17.99,24250.519999999997,997.0,1.3520561685055166,Normal
3725,1097,14.99,16444.03,475.0,2.309473684210526,Slow Moving
3726,2347,4.99,11711.53,6348.0,0.3697227473219912,Fast Moving
3727,5408,1.9899999999999998,10761.919999999998,1899.0,2.8478146392838335,Slow Moving
3728,2309,24.99,57701.909999999996,1812.0,1.2742825607064017,Normal
3730,32,0.99,31.68,1106.0,0.028933092224231464,Fast Moving
3731,958,17.99,17234.42,265.0,3.6150943396226416,Slow Moving
3732,6,15.99,95.94,59.0,0.1016949152542373,Fast Moving
3733,285,109.99,31347.149999999998,93.0,3.064516129032258,Slow Moving
3736,817,10.99,8978.83,604.0,1.3526490066225165,Normal
3737,11,15.99,175.89000000000001,37.0,0.2972972972972973,Fast Moving
3739,58,14.99,869.42,0.0,inf,Dead Stock
3740,69,12.49,861.8100000000001,25.0,2.76,Slow Moving
3742,15,27.99,419.84999999999997,3.0,5.0,Slow Moving
3743,759,12.99,9859.41,391.0,1.9411764705882353,Normal
3745,1417,4.99,7070.83,1859.0,0.7622377622377622,Normal
3746,4651,12.99,60416.49,4413.0,1.0539315658282347,Normal
3747,218,6.989999999999999,1523.82,999.0,0.2182182182182182,Fast Moving
3748,381,9.49,3615.69,5.0,76.2,Slow Moving
3750,23,14.49,333.27,1.0,23.0,Slow Moving
3752,21,14.49,304.29,3.0,7.0,Slow Moving
3753,7,14.49,101.43,1.0,7.0,Slow Moving
3754,1405,10.99,15440.95,692.0,2.0303468208092488,Slow Moving
3755,669,16.99,11366.31,179.0,3.7374301675977653,Slow Moving
3758,672,22.99,15449.279999999999,150.0,4.48,Slow Moving
3759,1,44.99,44.99,0.0,inf,Dead Stock
3760,936,17.99,16838.64,382.0,2.450261780104712,Slow Moving
3761,543,48.99,26601.57,347.0,1.5648414985590777,Normal
3762,2827,5.99,16933.73,1397.0,2.0236220472440944,Slow Moving
3763,746,27.99,20880.539999999997,218.0,3.4220183486238533,Slow Moving
3764,471,26.99,12712.289999999999,106.0,4.443396226415095,Slow Moving
3765,530,11.99,6354.7,12.0,44.166666666666664,Slow Moving
3766,1782,14.99,26712.18,929.0,1.9181916038751345,Normal
3768,1497,4.99,7470.030000000001,1854.0,0.8074433656957929,Normal
3769,2632,8.99,23661.68,4732.0,0.5562130177514792,Normal
3770,29,18.99,550.7099999999999,35.0,0.8285714285714286,Normal
3773,452,32.99,14911.480000000001,58.0,7.793103448275862,Slow Moving
3775,140,0.99,138.6,0.0,inf,Dead Stock
3776,5317,26.990000000000002,143505.83000000002,1643.0,3.2361533779671334,Slow Moving
3778,12,46.99,563.88,33.0,0.36363636363636365,Fast Moving
3779,1772,14.99,26562.28,971.0,1.8249227600411946,Normal
3780,2003,14.99,30024.97,535.0,3.74392523364486,Slow Moving
3781,1771,11.99,21234.29,566.0,3.128975265017668,Slow Moving
3782,1194,23.99,28644.059999999998,734.0,1.6267029972752043,Normal
3783,7,1.99,13.93,3050.0,0.0022950819672131148,Fast Moving
3784,976,9.99,9750.24,298.0,3.2751677852348995,Slow Moving
3787,1180,15.99,18868.2,1023.0,1.1534701857282503,Normal
3788,861,25.99,22377.39,414.0,2.079710144927536,Slow Moving
3790,828,46.99,38907.72,224.0,3.6964285714285716,Slow Moving
3791,772,10.99,8484.28,401.0,1.9251870324189526,Normal
3792,10,99.99,999.9,14.0,0.7142857142857143,Normal
3794,537,36.99,19863.63,161.0,3.3354037267080745,Slow Moving
3797,198,16.99,3364.0199999999995,106.0,1.8679245283018868,Normal
3798,2345,24.99,58601.549999999996,1675.0,1.4,Normal
3799,221,34.99,7732.790000000001,0.0,inf,Dead Stock
3800,782,54.99000000000001,43002.18000000001,195.0,4.01025641025641,Slow Moving
3802,10206,18.99,193811.93999999997,7915.0,1.2894504106127607,Normal
3804,1842,9.99,18401.58,3308.0,0.5568319226118501,Normal
3805,228,14.99,3417.7200000000003,472.0,0.4830508474576271,Fast Moving
3806,463,9.99,4625.37,0.0,inf,Dead Stock
3808,2233,14.99,33472.67,1124.0,1.9866548042704626,Normal
3810,3,22.49,67.47,0.0,inf,Dead Stock
3815,461,27.99,12903.39,29.0,15.89655172413793,Slow Moving
3818,558,29.99,16734.42,441.0,1.2653061224489797,Normal
3820,1574,18.99,29890.26,404.0,3.896039603960396,Slow Moving
3821,1588,12.99,20628.12,1051.0,1.510941960038059,Normal
3826,7472,19.99,149365.28,3371.0,2.2165529516463955,Slow Moving
3827,1886,12.99,24499.14,1283.0,1.469992205767732,Normal
3828,140,5.99,838.6,0.0,inf,Dead Stock
3829,83,10.99,912.1700000000001,0.0,inf,Dead Stock
3830,1173,23.99,28140.269999999997,633.0,1.853080568720379,Normal
3831,2656,3.99,10597.44,333.0,7.975975975975976,Slow Moving
3834,2096,12.99,27227.04,1133.0,1.849955869373345,Normal
3835,1786,12.99,23200.14,1537.0,1.162003903708523,Normal
3836,2013,12.99,26148.87,697.0,2.8880918220946916,Slow Moving
3837,10305,0.9899999999999999,10201.949999999999,14057.0,0.733086718360959,Normal
3840,1880,18.99,35701.2,1670.0,1.125748502994012,Normal
3841,13,19.99,259.87,0.0,inf,Dead Stock
3842,816,5.79,4724.64,1360.0,0.6,Normal
3847,5070,3.9900000000000007,20229.300000000003,1612.0,3.1451612903225805,Slow Moving
3848,22,30.99,681.78,0.0,inf,Dead Stock
3851,1958,15.99,31308.420000000002,1058.0,1.8506616257088846,Normal
3856,34,33.99,1155.66,0.0,inf,Dead Stock
3857,4679,49.99,233903.21000000002,1465.0,3.1938566552901024,Slow Moving
3858,10598,23.99,254246.02,9378.0,1.1300917039880571,Normal
3859,3722,8.99,33460.78,2090.0,1.7808612440191387,Normal
3860,0,16.99,0.0,24.0,0.0,Fast Moving
3861,897,4.99,4476.03,0.0,inf,Dead Stock
3863,1010,19.99,20189.899999999998,318.0,3.1761006289308176,Slow Moving
3868,138,6.49,895.62,238.0,0.5798319327731093,Normal
3870,281,36.99,10394.19,109.0,2.5779816513761467,Slow Moving
3871,1509,12.99,19601.91,1037.0,1.455159112825458,Normal
3872,259,21.99,5695.41,0.0,inf,Dead Stock
3873,120,24.99,2998.7999999999997,2.0,60.0,Slow Moving
3875,999,10.99,10979.01,0.0,inf,Dead Stock
3876,1525,16.99,25909.749999999996,7674.0,0.1987229606463383,Fast Moving
3877,1121,12.99,14561.79,865.0,1.2959537572254336,Normal
3878,3155,10.99,34673.45,4376.0,0.7209780621572212,Normal
3879,3232,12.99,41983.68,2668.0,1.2113943028485756,Normal
3880,739,12.99,9599.61,0.0,inf,Dead Stock
3881,0,16.99,0.0,0.0,inf,Dead Stock
3882,1248,10.99,13715.52,761.0,1.6399474375821288,Normal
3883,822,22.99,18897.78,300.0,2.74,Slow Moving
3884,119,37.99,4520.81,33.0,3.606060606060606,Slow Moving
3887,284,10.99,3121.16,632.0,0.44936708860759494,Fast Moving
3888,73,0.99,72.27,26.0,2.8076923076923075,Slow Moving
3889,9,4.79,43.11,399.0,0.022556390977443608,Fast Moving
3890,903,17.99,16244.97,372.0,2.4274193548387095,Slow Moving
3891,232,16.49,3825.68,0.0,inf,Dead Stock
3893,5599,9.99,55934.01,8240.0,0.6794902912621359,Normal
3894,1164,11.99,13956.36,1343.0,0.8667163067758749,Normal
3896,3385,3.2900000000000005,11136.650000000001,5025.0,0.6736318407960199,Normal
3899,2247,3.9900000000000007,8965.53,3636.0,0.6179867986798679,Normal
3900,18,21.99,395.82,20.0,0.9,Normal
3903,50,14.49,724.5,59.0,0.847457627118644,Normal
3904,2870,0.9900000000000001,2841.3,0.0,inf,Dead Stock
3905,850,22.99,19541.5,0.0,inf,Dead Stock
3908,1,24.99,24.99,0.0,inf,Dead Stock
3909,356,24.99,8896.439999999999,43.0,8.279069767441861,Slow Moving
3910,1058,11.49,12156.42,495.0,2.1373737373737374,Slow Moving
3913,8329,16.99,141509.71,4335.0,1.9213379469434833,Normal
3915,1067,12.99,13860.33,420.0,2.5404761904761903,Slow Moving
3918,442,42.99,19001.58,98.0,4.510204081632653,Slow Moving
3919,1364,11.49,15672.36,444.0,3.0720720720720722,Slow Moving
3921,529,23.99,12690.71,203.0,2.605911330049261,Slow Moving
3923,357,133.99,47834.43,71.0,5.028169014084507,Slow Moving
3924,532,23.99,12762.679999999998,449.0,1.1848552338530067,Normal
3925,777,50.99,39619.23,82.0,9.475609756097562,Slow Moving
3929,265,42.99,11392.35,44.0,6.0227272727272725,Slow Moving
3930,40,13.99,559.6,90.0,0.4444444444444444,Fast Moving
3931,65,0.99,64.35,0.0,inf,Dead Stock
3936,808,22.99,18575.92,385.0,2.0987012987012985,Slow Moving
3938,1712,16.99,29086.879999999997,1137.0,1.505716798592788,Normal
3939,447,29.99,13405.529999999999,61.0,7.327868852459017,Slow Moving
3941,227,36.99,8396.73,77.0,2.948051948051948,Slow Moving
3942,12,19.99,239.88,0.0,inf,Dead Stock
3943,8,11.99,95.92,93.0,0.08602150537634409,Fast Moving
3944,197,44.99,8863.03,62.0,3.1774193548387095,Slow Moving
3945,784,17.99,14104.159999999998,327.0,2.397553516819572,Slow Moving
3947,326,45.99,14992.74,80.0,4.075,Slow Moving
3949,3,7499.990000000001,22499.97,0.0,inf,Dead Stock
3951,5496,2.49,13685.04,1256.0,4.375796178343949,Slow Moving
3955,7,22.99,160.92999999999998,1.0,7.0,Slow Moving
3959,1749,26.99,47205.509999999995,186.0,9.403225806451612,Slow Moving
3960,1373,11.99,16462.27,1570.0,0.8745222929936306,Normal
3961,1150,23.99,27588.5,426.0,2.699530516431925,Slow Moving
3963,179,10.99,1967.21,0.0,inf,Dead Stock
3967,2293,15.99,36665.07,679.0,3.3770250368188512,Slow Moving
3969,911,20.99,19121.89,285.0,3.1964912280701756,Slow Moving
3970,1083,9.29,10061.07,622.0,1.7411575562700965,Normal
3973,30,199.99,5999.700000000001,9.0,3.3333333333333335,Slow Moving
3978,29,21.99,637.7099999999999,23.0,1.2608695652173914,Normal
3979,756,14.99,11332.44,0.0,inf,Dead Stock
3980,1377,34.99,48181.23,816.0,1.6875,Normal
3981,848,11.99,10167.52,456.0,1.8596491228070176,Normal
3982,4416,20.99,92691.84,1657.0,2.6650573325286664,Slow Moving
3983,346,24.99,8646.539999999999,0.0,inf,Dead Stock
3984,423,41.99,17761.77,89.0,4.752808988764045,Slow Moving
3985,44,29.99,1319.56,0.0,inf,Dead Stock
3986,26,19.99,519.74,0.0,inf,Dead Stock
3987,581,10.99,6385.1900000000005,651.0,0.8924731182795699,Normal
3988,30,29.99,899.6999999999999,0.0,inf,Dead Stock
3989,2282,15.99,36489.18,330.0,6.915151515151515,Slow Moving
3996,1615,17.99,29053.85,0.0,inf,Dead Stock
3997,4433,20.99,93048.67,1702.0,2.6045828437132785,Slow Moving
3998,286,19.99,5717.139999999999,88.0,3.25,Slow Moving
3999,780,21.99,17152.199999999997,295.0,2.6440677966101696,Slow Moving
4007,263,29.99,7887.37,21.0,12.523809523809524,Slow Moving
4010,53,59.99,3179.4700000000003,2.0,26.5,Slow Moving
4012,229,26.99,6180.71,27.0,8.481481481481481,Slow Moving
4018,376,36.99,13908.240000000002,68.0,5.529411764705882,Slow Moving
4020,7,28.99,202.92999999999998,0.0,inf,Dead Stock
4024,70,0.99,69.3,0.0,inf,Dead Stock
4025,2843,1.7900000000000003,5088.970000000001,585.0,4.859829059829059,Slow Moving
4029,175,27.99,4898.25,33.0,5.303030303030303,Slow Moving
4034,198,39.99,7918.02,46.0,4.304347826086956,Slow Moving
4040,253,24.99,6322.469999999999,67.0,3.7761194029850746,Slow Moving
4041,6,399.99,2399.94,1.0,6.0,Slow Moving
4042,137,0.99,135.63,730.0,0.18767123287671234,Fast Moving
4044,16,15.99,255.84,281.0,0.05693950177935943,Fast Moving
4050,1092,10.99,12001.08,372.0,2.935483870967742,Slow Moving
4053,911,12.99,11833.89,0.0,inf,Dead Stock
4054,524,12.990000000000002,6806.760000000001,147.0,3.564625850340136,Slow Moving
4058,7,15.99,111.93,0.0,inf,Dead Stock
4062,741,8.99,6661.59,274.0,2.704379562043796,Slow Moving
4064,1030,12.99,13379.7,423.0,2.434988179669031,Slow Moving
4065,12,18.49,221.88,14.0,0.8571428571428571,Normal
4066,1784,19.99,35662.159999999996,1672.0,1.0669856459330143,Normal
4074,6,18.99,113.94,0.0,inf,Dead Stock
4075,598,19.99,11954.019999999999,201.0,2.9751243781094527,Slow Moving
4077,6,18.99,113.94,3.0,2.0,Normal
4089,1431,20.99,30036.69,619.0,2.3117932148626816,Slow Moving
4091,750,27.99,20992.5,115.0,6.521739130434782,Slow Moving
4092,473,9.99,4725.27,0.0,inf,Dead Stock
4102,536,9.99,5354.64,0.0,inf,Dead Stock
4103,1212,14.99,18167.88,579.0,2.093264248704663,Slow Moving
4105,16,6.99,111.84,564.0,0.028368794326241134,Fast Moving
4109,4,2699.99,10799.96,0.0,inf,Dead Stock
4111,3036,0.99,3005.64,0.0,inf,Dead Stock
4113,4986,0.99,4936.14,3110.0,1.6032154340836013,Normal
4114,87,0.99,86.13,0.0,inf,Dead Stock
4121,231,27.990000000000002,6465.6900000000005,37.0,6.243243243243243,Slow Moving
4124,3053,0.9899999999999999,3022.47,0.0,inf,Dead Stock
4125,3072,0.99,3041.2799999999997,0.0,inf,Dead Stock
4126,226,24.99,5647.74,0.0,inf,Dead Stock
4130,906,11.99,10862.94,749.0,1.2096128170894527,Normal
4131,171,27.99,4786.29,24.0,7.125,Slow Moving
4132,4,27.99,111.96,0.0,inf,Dead Stock
4135,9112,0.9900000000000001,9020.880000000001,12477.0,0.7303037589164062,Normal
4138,42,27.99,1175.58,16.0,2.625,Slow Moving
4140,322,5.989999999999999,1928.7799999999997,295.0,1.0915254237288134,Normal
4141,5660,0.9900000000000001,5603.400000000001,112.0,50.535714285714285,Slow Moving
4145,1032,16.99,17533.679999999997,556.0,1.856115107913669,Normal
4147,160,39.99,6398.400000000001,72.0,2.2222222222222223,Slow Moving
4148,285,16.99,4842.15,21.0,13.571428571428571,Slow Moving
4149,5978,1.49,8907.22,4133.0,1.4464069683038954,Normal
4150,154,17.99,2770.4599999999996,138.0,1.1159420289855073,Normal
4152,1319,4.99,6581.81,1531.0,0.8615284128020901,Normal
4153,1396,11.99,16738.04,1772.0,0.7878103837471784,Normal
4157,9097,0.99,9006.03,12102.0,0.7516939348867956,Normal
4160,97,19.99,1939.0299999999997,47.0,2.0638297872340425,Slow Moving
4174,1401,28.99,40614.99,896.0,1.5636160714285714,Normal
4176,744,10.99,8176.56,451.0,1.6496674057649667,Normal
4178,894,9.99,8931.06,525.0,1.7028571428571428,Normal
4179,695,19.99,13893.05,483.0,1.4389233954451346,Normal
4181,1098,10.99,12067.02,1384.0,0.7933526011560693,Normal
4187,1055,20.99,22144.449999999997,624.0,1.6907051282051282,Normal
4191,36,18.99,683.64,0.0,inf,Dead Stock
4192,447,16.99,7594.53,0.0,inf,Dead Stock
4194,1205,12.99,15652.95,877.0,1.3740022805017105,Normal
4195,813,10.99,8934.87,661.0,1.2299546142208775,Normal
4196,1567,9.99,15654.33,626.0,2.5031948881789137,Slow Moving
4197,839,18.99,15932.609999999999,298.0,2.815436241610738,Slow Moving
4198,6347,24.99,158611.53,1706.0,3.720398593200469,Slow Moving
4199,3114,21.99,68476.86,559.0,5.5706618962432914,Slow Moving
4200,4,9.99,39.96,206.0,0.019417475728155338,Fast Moving
4201,1227,12.99,15938.73,837.0,1.4659498207885304,Normal
4204,853,9.99,8521.47,271.0,3.1476014760147604,Slow Moving
4206,62,44.99,2789.38,0.0,inf,Dead Stock
4211,355,9.99,3546.4500000000003,264.0,1.3446969696969697,Normal
4214,14,13.99,195.86,4.0,3.5,Slow Moving
4215,95,25.99,2469.0499999999997,6.0,15.833333333333334,Slow Moving
4216,436,18.99,8279.64,0.0,inf,Dead Stock
4218,5189,16.99,88161.10999999999,1236.0,4.198220064724919,Slow Moving
4219,74,13.99,1035.26,49.0,1.510204081632653,Normal
4221,372,17.99,6692.28,1745.0,0.21318051575931232,Fast Moving
4222,1507,9.99,15054.93,959.0,1.5714285714285714,Normal
4223,2476,19.99,49495.24,569.0,4.351493848857645,Slow Moving
4224,1067,15.99,17061.33,674.0,1.583086053412463,Normal
4225,3821,25.990000000000002,99307.79000000001,1463.0,2.6117566643882433,Slow Moving
4226,1623,9.99,16213.77,1396.0,1.1626074498567336,Normal
4227,397,17.99,7142.03,10209.0,0.038887256342442944,Fast Moving
4228,659,19.99,13173.41,143.0,4.608391608391608,Slow Moving
4229,951,19.99,19010.489999999998,383.0,2.4830287206266317,Slow Moving
4230,2,27.99,55.98,23.0,0.08695652173913043,Fast Moving
4232,221,8.29,1832.09,293.0,0.7542662116040956,Normal
4233,1198,10.99,13166.02,1033.0,1.15972894482091,Normal
4234,1790,9.99,17882.100000000002,364.0,4.917582417582418,Slow Moving
4235,1059,9.99,10579.41,0.0,inf,Dead Stock
4237,4213,0.99,4170.87,0.0,inf,Dead Stock
4239,276,21.99,6069.24,152.0,1.8157894736842106,Normal
4241,8275,1.99,16467.25,4303.0,1.9230769230769231,Normal
4243,10988,19.99,219650.12,2839.0,3.870376893272279,Slow Moving
4244,317,9.99,3166.83,0.0,inf,Dead Stock
4245,3772,9.99,37682.28,2386.0,1.5808885163453479,Normal
4246,2840,5.49,15591.6,1820.0,1.5604395604395604,Normal
4247,1805,9.99,18031.95,622.0,2.901929260450161,Slow Moving
4249,1266,14.99,18977.34,304.0,4.1644736842105265,Slow Moving
4250,424,34.99,14835.76,114.0,3.719298245614035,Slow Moving
4251,5594,0.9899999999999999,5538.0599999999995,0.0,inf,Dead Stock
4252,1156,0.99,1144.44,2036.0,0.5677799607072691,Normal
4254,666,24.99,16643.34,0.0,inf,Dead Stock
4256,283,24.99,7072.169999999999,0.0,inf,Dead Stock
4257,2246,0.99,2223.54,0.0,inf,Dead Stock
4258,1080,9.99,10789.2,397.0,2.720403022670025,Slow Moving
4260,37,20.99,776.63,1.0,37.0,Slow Moving
4261,16769,20.99,351981.31,20226.0,0.8290813804014635,Normal
4262,3645,14.99,54638.55,5503.0,0.6623659821915319,Normal
4263,274,16.99,4655.259999999999,163.0,1.6809815950920246,Normal
4264,2488,16.99,42271.119999999995,1754.0,1.4184720638540478,Normal
4265,2275,10.99,25002.25,1982.0,1.1478304742684158,Normal
4267,1612,19.99,32223.879999999997,720.0,2.238888888888889,Slow Moving
4268,2452,22.99,56371.479999999996,526.0,4.661596958174905,Slow Moving
4269,1576,11.99,18896.24,2162.0,0.72895467160037,Normal
4270,715,16.99,12147.849999999999,278.0,2.5719424460431655,Slow Moving
4272,164,27.99,4590.36,55.0,2.981818181818182,Slow Moving
4274,91,29.989999999999995,2729.0899999999997,43.0,2.116279069767442,Slow Moving
4276,356,21.99,7828.44,0.0,inf,Dead Stock
4277,1454,3.99,5801.46,0.0,inf,Dead Stock
4278,1060,11.99,12709.4,434.0,2.442396313364055,Slow Moving
4280,635,23.99,15233.65,210.0,3.0238095238095237,Slow Moving
4282,1241,14.99,18602.59,306.0,4.055555555555555,Slow Moving
4283,763,21.99,16778.37,235.0,3.246808510638298,Slow Moving
4287,42,59.99,2519.58,18.0,2.3333333333333335,Slow Moving
4289,6,14.99,89.94,3.0,2.0,Normal
4290,4,9.99,39.96,194.0,0.020618556701030927,Fast Moving
4291,1257,12.99,16328.43,936.0,1.3429487179487178,Normal
4294,1004,15.99,16053.960000000001,457.0,2.1969365426695844,Slow Moving
4296,1532,12.99,19900.68,1462.0,1.0478796169630642,Normal
4298,1391,0.99,1377.09,0.0,inf,Dead Stock
4299,1595,14.989999999999998,23909.05,173.0,9.219653179190752,Slow Moving
4300,124,179.99000000000004,22318.760000000006,14.0,8.857142857142858,Slow Moving
4303,768,7.990000000000001,6136.320000000001,582.0,1.3195876288659794,Normal
4304,219,0.99,216.81,1058.0,0.20699432892249528,Fast Moving
4308,1,39.99,39.99,1.0,1.0,Normal
4309,392,7.989999999999999,3132.08,398.0,0.9849246231155779,Normal
4313,1106,26.99,29850.94,247.0,4.477732793522267,Slow Moving
4315,183,29.99,5488.17,66.0,2.772727272727273,Slow Moving
4317,369,32.99,12173.310000000001,99.0,3.727272727272727,Slow Moving
4320,300,48.99,14697.0,103.0,2.912621359223301,Slow Moving
4322,28,10.99,307.72,10.0,2.8,Slow Moving
4326,139,16.99,2361.6099999999997,39.0,3.5641025641025643,Slow Moving
4327,991,19.99,19810.09,372.0,2.663978494623656,Slow Moving
4330,2299,26.990000000000002,62050.01,1182.0,1.9450084602368867,Normal
4331,16,9.99,159.84,11.0,1.4545454545454546,Normal
4333,8,17.99,143.92,0.0,inf,Dead Stock
4334,488,34.99,17075.120000000003,75.0,6.506666666666667,Slow Moving
4340,466,9.99,4655.34,10.0,46.6,Slow Moving
4343,1199,9.99,11978.01,406.0,2.9532019704433496,Slow Moving
4344,405,10.99,4450.95,0.0,inf,Dead Stock
4345,529,19.99,10574.71,236.0,2.2415254237288136,Slow Moving
4346,1295,9.99,12937.050000000001,630.0,2.0555555555555554,Slow Moving
4349,969,15.99,15494.31,577.0,1.6793760831889082,Normal
4351,440,22.99,10115.599999999999,165.0,2.6666666666666665,Slow Moving
4354,6,59.99,359.94,2.0,3.0,Slow Moving
4355,38,25.49,968.6199999999999,35.0,1.0857142857142856,Normal
4358,14,4.49,62.86,405.0,0.0345679012345679,Fast Moving
4359,1595,9.99,15934.050000000001,1151.0,1.3857515204170288,Normal
4362,282,7.989999999999999,2253.18,544.0,0.5183823529411765,Normal
4363,438,32.99,14449.62,140.0,3.1285714285714286,Slow Moving
4365,4116,0.99,4074.84,0.0,inf,Dead Stock
4366,672,17.99,12089.279999999999,0.0,inf,Dead Stock
4368,1293,34.99,45242.07,772.0,1.6748704663212435,Normal
4370,1381,10.99,15177.19,690.0,2.0014492753623188,Slow Moving
4377,24,12.99,311.76,0.0,inf,Dead Stock
4379,503,0.9900000000000001,497.97,1320.0,0.38106060606060604,Fast Moving
4380,1777,13.99,24860.23,1241.0,1.4319097502014504,Normal
4382,983,13.99,13752.17,363.0,2.7079889807162534,Slow Moving
4383,26,9.99,259.74,8.0,3.25,Slow Moving
4385,780,24.99,19492.199999999997,404.0,1.9306930693069306,Normal
4386,363,44.99,16331.37,64.0,5.671875,Slow Moving
4387,22,8.49,186.78,14.0,1.5714285714285714,Normal
4389,146,24.99,3648.54,71.0,2.056338028169014,Slow Moving
4390,450,42.99,19345.5,200.0,2.25,Slow Moving
4391,129,22.99,2965.7099999999996,41.0,3.1463414634146343,Slow Moving
4397,1,11.99,11.99,0.0,inf,Dead Stock
4399,63,12.99,818.37,17.0,3.7058823529411766,Slow Moving
4401,152,39.99,6078.4800000000005,49.0,3.1020408163265305,Slow Moving
4402,463,54.989999999999995,25460.37,0.0,inf,Dead Stock
4404,1319,5.49,7241.31,586.0,2.250853242320819,Slow Moving
4408,127,12.99,1649.73,21.0,6.0476190476190474,Slow Moving
4410,967,9.99,9660.33,636.0,1.520440251572327,Normal
4411,5,9.99,49.95,219.0,0.0228310502283105,Fast Moving
4412,464,17.99,8347.359999999999,255.0,1.8196078431372549,Normal
4413,2365,1.99,4706.35,1427.0,1.657323055360897,Normal
4414,679,9.99,6783.21,287.0,2.3658536585365852,Slow Moving
4415,43,10.99,472.57,6.0,7.166666666666667,Slow Moving
4416,1050,9.99,10489.5,569.0,1.8453427065026362,Normal
4418,181,37.99,6876.1900000000005,0.0,inf,Dead Stock
4421,91,10.99,1000.09,42.0,2.1666666666666665,Slow Moving
4422,529,7.99,4226.71,620.0,0.853225806451613,Normal
4423,3,4999.99,14999.97,0.0,inf,Dead Stock
4427,5,14.49,72.45,3.0,1.6666666666666667,Normal
4429,1530,21.99,33644.7,955.0,1.6020942408376964,Normal
4431,568,14.99,8514.32,142.0,4.0,Slow Moving
4437,2175,31.990000000000002,69578.25,615.0,3.5365853658536586,Slow Moving
4438,984,9.99,9830.16,668.0,1.473053892215569,Normal
4447,1397,25.990000000000002,36308.030000000006,109.0,12.81651376146789,Slow Moving
4450,325,28.99,9421.75,77.0,4.220779220779221,Slow Moving
4460,22,10.99,241.78,1.0,22.0,Slow Moving
4478,1195,17.99,21498.05,916.0,1.304585152838428,Normal
4480,532,12.99,6910.68,205.0,2.5951219512195123,Slow Moving
4482,303,34.99,10601.970000000001,0.0,inf,Dead Stock
4483,1961,2.49,4882.89,1165.0,1.6832618025751074,Normal
4488,1115,11.49,12811.35,1385.0,0.8050541516245487,Normal
4491,229,28.99,6638.71,59.0,3.8813559322033897,Slow Moving
4494,1025,14.99,15364.75,620.0,1.653225806451613,Normal
4498,258,35.99,9285.42,61.0,4.229508196721311,Slow Moving
4502,741,21.99,16294.589999999998,569.0,1.3022847100175747,Normal
4505,5,17.99,89.94999999999999,0.0,inf,Dead Stock
4511,37,339.99000000000007,12579.630000000003,0.0,inf,Dead Stock
4513,298,44.99,13407.02,92.0,3.239130434782609,Slow Moving
4521,402,21.99,8839.98,120.0,3.35,Slow Moving
4522,834,15.99,13335.66,317.0,2.630914826498423,Slow Moving
4524,293,27.49,8054.57,23.0,12.73913043478261,Slow Moving
4527,144,34.99,5038.56,32.0,4.5,Slow Moving
4528,465,144.99,67420.35,67.0,6.940298507462686,Slow Moving
4540,202,24.99,5047.98,0.0,inf,Dead Stock
4542,56,57.99,3247.44,0.0,inf,Dead Stock
4545,21,13.99,293.79,25.0,0.84,Normal
4550,1592,12.99,20680.08,465.0,3.423655913978495,Slow Moving
4556,62,14.99,929.38,11.0,5.636363636363637,Slow Moving
4563,915,18.99,17375.85,977.0,0.9365404298874105,Normal
4565,1097,9.49,10410.53,385.0,2.8493506493506495,Slow Moving
4574,13,31.989999999999995,415.86999999999995,5.0,2.6,Slow Moving
4575,78,24.99,1949.2199999999998,31.0,2.5161290322580645,Slow Moving
4580,368,26.99,9932.32,86.0,4.27906976744186,Slow Moving
4582,401,34.99,14030.990000000002,0.0,inf,Dead Stock
4583,78,22.99,1793.2199999999998,53.0,1.471698113207547,Normal
4595,159,89.99,14308.41,0.0,inf,Dead Stock
4606,82,139.99000000000004,11479.180000000004,0.0,inf,Dead Stock
4616,174,59.99,10438.26,0.0,inf,Dead Stock
4620,389,24.99,9721.109999999999,0.0,inf,Dead Stock
4624,765,19.99,15292.349999999999,113.0,6.769911504424779,Slow Moving
4625,246,139.99,34437.54,12.0,20.5,Slow Moving
4626,1198,14.99,17958.02,320.0,3.74375,Slow Moving
4627,10,49.99,499.90000000000003,19.0,0.5263157894736842,Normal
4628,274,109.99,30137.26,102.0,2.6862745098039214,Slow Moving
4629,200,33.99,6798.0,24.0,8.333333333333334,Slow Moving
4632,140,79.99,11198.599999999999,0.0,inf,Dead Stock
4634,1493,10.99,16408.07,749.0,1.993324432576769,Normal
4639,8,79.99,639.92,124.0,0.06451612903225806,Fast Moving
4652,446,159.99,71355.54000000001,63.0,7.079365079365079,Slow Moving
4662,924,19.99,18470.76,429.0,2.1538461538461537,Slow Moving
4664,712,35.99,25624.88,180.0,3.9555555555555557,Slow Moving
4670,884,3.9900000000000007,3527.1600000000008,828.0,1.067632850241546,Normal
4673,753,69.99,52702.469999999994,335.0,2.2477611940298505,Slow Moving
4677,290,44.99,13047.1,74.0,3.918918918918919,Slow Moving
4678,1063,22.99,24438.37,1197.0,0.8880534670008354,Normal
4679,1256,11.99,15059.44,1049.0,1.1973307912297426,Normal
4682,1153,34.99,40343.47,363.0,3.1763085399449036,Slow Moving
4683,4120,3.9900000000000007,16438.800000000003,977.0,4.216990788126919,Slow Moving
4686,446,49.99,22295.54,139.0,3.20863309352518,Slow Moving
4687,389,22.99,8943.109999999999,0.0,inf,Dead Stock
4689,1402,46.99,65879.98,595.0,2.3563025210084034,Slow Moving
4692,366,13.99,5120.34,0.0,inf,Dead Stock
4696,2,13.99,27.98,131.0,0.015267175572519083,Fast Moving
4697,54,249.98999999999998,13499.46,3.0,18.0,Slow Moving
4701,1493,16.99,25366.069999999996,355.0,4.205633802816902,Slow Moving
4702,418,22.99,9609.82,145.0,2.882758620689655,Slow Moving
4703,78,0.99,77.22,1020.0,0.07647058823529412,Fast Moving
4705,88,0.99,87.12,1219.0,0.07219031993437244,Fast Moving
4722,2967,34.99,103815.33,744.0,3.9879032258064515,Slow Moving
4724,843,20.99,17694.57,134.0,6.291044776119403,Slow Moving
4732,399,84.99,33911.009999999995,60.0,6.65,Slow Moving
4734,2196,14.99,32918.04,886.0,2.4785553047404063,Slow Moving
4736,1298,2.9899999999999998,3881.0199999999995,1513.0,0.8578982154659617,Normal
4737,1085,10.99,11924.15,560.0,1.9375,Normal
4752,125,19.99,2498.75,0.0,inf,Dead Stock
4757,3,13.99,41.97,0.0,inf,Dead Stock
4760,680,17.99,12233.199999999999,108.0,6.296296296296297,Slow Moving
4762,974,6.99,6808.26,1140.0,0.8543859649122807,Normal
4764,393,19.99,7856.07,195.0,2.0153846153846153,Slow Moving
4767,523,25.99,13592.769999999999,166.0,3.1506024096385543,Slow Moving
4772,947,16.99,16089.529999999999,0.0,inf,Dead Stock
4779,298,26.99,8043.0199999999995,83.0,3.5903614457831323,Slow Moving
4783,881,13.99,12325.19,827.0,1.0652962515114872,Normal
4784,33,18.99,626.67,39.0,0.8461538461538461,Normal
4785,827,74.99,62016.729999999996,0.0,inf,Dead Stock
4787,607,19.99,12133.929999999998,247.0,2.45748987854251,Slow Moving
4796,634,16.99,10771.66,385.0,1.6467532467532469,Normal
4798,8277,1.99,16471.23,9059.0,0.9136770062920853,Normal
4802,117,54.989999999999995,6433.829999999999,0.0,inf,Dead Stock
4804,909,17.99,16352.909999999998,336.0,2.705357142857143,Slow Moving
4806,816,14.989999999999998,12231.839999999998,671.0,1.2160953800298062,Normal
4808,25,8.99,224.75,0.0,inf,Dead Stock
4813,115,54.989999999999995,6323.849999999999,0.0,inf,Dead Stock
4817,1132,12.99,14704.68,173.0,6.543352601156069,Slow Moving
4818,990,12.99,12860.1,116.0,8.53448275862069,Slow Moving
4824,64,17.99,1151.36,3.0,21.333333333333332,Slow Moving
4829,1056,13.99,14773.44,1224.0,0.8627450980392157,Normal
4833,6,17.99,107.94,224.0,0.026785714285714284,Fast Moving
4834,2,13.49,26.98,20.0,0.1,Fast Moving
4844,96,54.99,5279.04,0.0,inf,Dead Stock
4845,194,7.989999999999999,1550.06,74.0,2.6216216216216215,Slow Moving
4846,147,16.99,2497.5299999999997,88.0,1.6704545454545454,Normal
4857,791,0.99,783.09,370.0,2.137837837837838,Slow Moving
4858,3364,1.9900000000000002,6694.360000000001,0.0,inf,Dead Stock
4868,1258,0.9899999999999999,1245.4199999999998,594.0,2.1178451178451176,Slow Moving
4876,395,9.99,3946.05,0.0,inf,Dead Stock
4878,878,6.99,6137.22,1030.0,0.8524271844660194,Normal
4881,7,19.99,139.92999999999998,867.0,0.008073817762399077,Fast Moving
4882,1116,6.49,7242.84,513.0,2.175438596491228,Slow Moving
4884,574,15.99,9178.26,0.0,inf,Dead Stock
4886,248,21.99,5453.5199999999995,0.0,inf,Dead Stock
4889,973,8.99,8747.27,415.0,2.3445783132530122,Slow Moving
4890,4858,0.99,4809.42,0.0,inf,Dead Stock
4892,24,9.99,239.76,1.0,24.0,Slow Moving
4896,942,17.99,16946.579999999998,530.0,1.7773584905660378,Normal
4897,3270,4.49,14682.300000000001,315.0,10.380952380952381,Slow Moving
4898,1076,39.99,43029.240000000005,84.0,12.80952380952381,Slow Moving
4899,220,18.99,4177.799999999999,32.0,6.875,Slow Moving
4902,99,10.99,1088.01,22.0,4.5,Slow Moving
4903,8,3.99,31.92,2860.0,0.002797202797202797,Fast Moving
4904,602,15.99,9625.98,0.0,inf,Dead Stock
4916,1095,9.99,10939.050000000001,1511.0,0.7246856386499008,Normal
4932,1123,7.99,8972.77,1545.0,0.7268608414239482,Normal
4938,1416,8.99,12729.84,517.0,2.738878143133462,Slow Moving
4939,978,15.99,15638.22,692.0,1.4132947976878614,Normal
4942,389,19.99,7776.11,0.0,inf,Dead Stock
4945,931,9.49,8835.19,837.0,1.1123058542413382,Normal
4948,20,12.99,259.8,12.0,1.6666666666666667,Normal
4959,2548,0.9899999999999999,2522.5199999999995,1095.0,2.3269406392694063,Slow Moving
4978,63,10.49,660.87,32.0,1.96875,Normal
4979,1220,69.99,85387.79999999999,88.0,13.863636363636363,Slow Moving
4989,681,21.99,14975.189999999999,193.0,3.528497409326425,Slow Moving
4994,227,19.99,4537.73,0.0,inf,Dead Stock
5001,7,449.98999999999995,3149.93,0.0,inf,Dead Stock
5003,788,0.9900000000000001,780.1200000000001,0.0,inf,Dead Stock
5014,4,6.99,27.96,104.0,0.038461538461538464,Fast Moving
5015,461,7.990000000000001,3683.3900000000003,172.0,2.6802325581395348,Slow Moving
5016,5,58.99,294.95,0.0,inf,Dead Stock
5018,3351,0.9899999999999999,3317.49,0.0,inf,Dead Stock
5021,9,11.99,107.91,0.0,inf,Dead Stock
5027,738,11.99,8848.62,296.0,2.4932432432432434,Slow Moving
5031,850,14.99,12741.5,567.0,1.4991181657848325,Normal
5033,1093,17.99,19663.07,62.0,17.629032258064516,Slow Moving
5042,1117,14.99,16743.83,411.0,2.7177615571776155,Slow Moving
5054,1592,1.99,3168.08,893.0,1.7827547592385218,Normal
5056,1,9.99,9.99,30.0,0.03333333333333333,Fast Moving
5058,736,17.99,13240.64,470.0,1.5659574468085107,Normal
5060,2204,13.99,30833.96,858.0,2.5687645687645686,Slow Moving
5065,164,19.990000000000002,3278.36,28.0,5.857142857142857,Slow Moving
5067,1110,12.49,13863.9,0.0,inf,Dead Stock
5070,371,25.99,9642.289999999999,70.0,5.3,Slow Moving
5071,18,34.99,629.82,0.0,inf,Dead Stock
5075,63,21.99,1385.37,188.0,0.3351063829787234,Fast Moving
5076,570,35.99,20514.300000000003,213.0,2.676056338028169,Slow Moving
5079,1349,12.49,16849.010000000002,0.0,inf,Dead Stock
5080,5,19.99,99.94999999999999,3.0,1.6666666666666667,Normal
5083,19,10.99,208.81,4.0,4.75,Slow Moving
5087,1196,13.99,16732.04,143.0,8.363636363636363,Slow Moving
5090,627,12.99,8144.7300000000005,261.0,2.4022988505747125,Slow Moving
5094,654,3.4899999999999998,2282.46,464.0,1.4094827586206897,Normal
5096,1359,10.99,14935.41,1312.0,1.0358231707317074,Normal
5098,4,21.99,87.96,3.0,1.3333333333333333,Normal
5101,4584,13.99,64130.16,1984.0,2.310483870967742,Slow Moving
5102,421,19.99,8415.789999999999,0.0,inf,Dead Stock
5103,3937,23.99,94448.62999999999,2576.0,1.5283385093167703,Normal
5104,5,24.99,124.94999999999999,0.0,inf,Dead Stock
5105,1914,19.99,38260.86,1199.0,1.5963302752293578,Normal
5106,7,11.99,83.93,133.0,0.05263157894736842,Fast Moving
5107,520,14.99,7794.8,170.0,3.0588235294117645,Slow Moving
5109,1201,13.99,16801.99,1213.0,0.9901071723000825,Normal
5111,13804,0.9899999999999999,13665.96,18411.0,0.7497691597414589,Normal
5114,1,10.49,10.49,1.0,1.0,Normal
5124,688,64.99,44713.119999999995,195.0,3.528205128205128,Slow Moving
5125,681,7.99,5441.1900000000005,290.0,2.3482758620689657,Slow Moving
5126,102,54.99,5608.9800000000005,15.0,6.8,Slow Moving
5128,1071,11.99,12841.29,247.0,4.336032388663968,Slow Moving
5130,351,19.99,7016.49,168.0,2.0892857142857144,Slow Moving
5132,4,25.99,103.96,0.0,inf,Dead Stock
5133,765,8.99,6877.35,0.0,inf,Dead Stock
5134,2243,13.99,31379.57,429.0,5.228438228438228,Slow Moving
5135,22,32.99,725.7800000000001,60.0,0.36666666666666664,Fast Moving
5137,809,9.99,8081.91,419.0,1.9307875894988067,Normal
5138,8788,13.99,122944.12,8418.0,1.0439534331195057,Normal
5142,768,22.99,17656.32,377.0,2.037135278514589,Slow Moving
5145,5,12.49,62.45,30.0,0.16666666666666666,Fast Moving
5146,627,17.99,11279.73,301.0,2.083056478405316,Slow Moving
5147,824,11.99,9879.76,162.0,5.08641975308642,Slow Moving
5148,665,17.99,11963.349999999999,275.0,2.418181818181818,Slow Moving
5149,263,34.99,9202.37,137.0,1.9197080291970803,Normal
5152,485,16.49,7997.65,0.0,inf,Dead Stock
5153,1308,13.99,18298.920000000002,1261.0,1.0372720063441714,Normal
5155,449,7.990000000000001,3587.5100000000007,211.0,2.1279620853080567,Slow Moving
5160,530,10.99,5824.7,283.0,1.872791519434629,Normal
5165,681,19.99,13613.189999999999,566.0,1.2031802120141342,Normal
5167,23,39.99,919.7700000000001,1.0,23.0,Slow Moving
5168,629,18.99,11944.71,173.0,3.6358381502890174,Slow Moving
5169,5,18.99,94.94999999999999,116.0,0.04310344827586207,Fast Moving
5170,2264,13.99,31673.36,863.0,2.623406720741599,Slow Moving
5171,1304,2.49,3246.9600000000005,0.0,inf,Dead Stock
5185,237,19.99,4737.629999999999,224.0,1.0580357142857142,Normal
5187,471,7.989999999999999,3763.2899999999995,302.0,1.5596026490066226,Normal
5188,205,31.99,6557.95,79.0,2.5949367088607596,Slow Moving
5191,2251,9.99,22487.49,3678.0,0.6120174007612833,Normal
5192,146,18.99,2772.54,155.0,0.9419354838709677,Normal
5194,208,15.99,3325.92,147.0,1.4149659863945578,Normal
5195,1022,5.99,6121.780000000001,450.0,2.2711111111111113,Slow Moving
5196,54,79.99,4319.46,20.0,2.7,Slow Moving
5197,1917,7.99,15316.83,2002.0,0.9575424575424576,Normal
5198,127,34.99,4443.7300000000005,0.0,inf,Dead Stock
5202,1262,13.99,17655.38,239.0,5.2803347280334725,Slow Moving
5205,239,33.99,8123.610000000001,0.0,inf,Dead Stock
5212,545,19.99,10894.55,222.0,2.454954954954955,Slow Moving
5214,11,15.99,175.89000000000001,0.0,inf,Dead Stock
5215,812,12.99,10547.880000000001,300.0,2.7066666666666666,Slow Moving
5218,852,13.99,11919.48,400.0,2.13,Slow Moving
5219,1205,19.99,24087.949999999997,658.0,1.831306990881459,Normal
5221,893,10.99,9814.07,782.0,1.1419437340153453,Normal
5228,1021,8.99,9178.79,431.0,2.3689095127610207,Slow Moving
5230,672,15.99,10745.28,201.0,3.343283582089552,Slow Moving
5231,2,15.99,31.98,0.0,inf,Dead Stock
5232,901,14.99,13505.99,564.0,1.5975177304964538,Normal
5233,1443,19.99,28845.569999999996,655.0,2.2030534351145037,Slow Moving
5242,2302,29.99,69036.98,1388.0,1.65850144092219,Normal
5245,50,99.99,4999.5,0.0,inf,Dead Stock
5246,388,15.99,6204.12,180.0,2.1555555555555554,Slow Moving
5251,6224,0.9900000000000001,6161.76,4088.0,1.522504892367906,Normal
5253,731,15.99,11688.69,226.0,3.234513274336283,Slow Moving
5254,1261,10.99,13858.39,1187.0,1.0623420387531592,Normal
5255,734,12.99,9534.66,329.0,2.231003039513678,Slow Moving
5259,509,16.99,8647.91,188.0,2.7074468085106385,Slow Moving
5265,0,2.99,0.0,0.0,inf,Dead Stock
5268,531,8.99,4773.6900000000005,167.0,3.179640718562874,Slow Moving
5270,5913,0.99,5853.87,2466.0,2.397810218978102,Slow Moving
5276,213,5.989999999999999,1275.87,119.0,1.7899159663865547,Normal
5277,702,7.99,5608.9800000000005,131.0,5.358778625954199,Slow Moving
5285,979,7.990000000000001,7822.210000000001,671.0,1.459016393442623,Normal
5286,429,3.99,1711.71,302.0,1.4205298013245033,Normal
5292,2261,17.99,40675.39,944.0,2.395127118644068,Slow Moving
5296,2352,28.990000000000002,68184.48000000001,490.0,4.8,Slow Moving
5297,1694,13.99,23699.06,1064.0,1.5921052631578947,Normal
5298,1184,16.99,20116.16,402.0,2.945273631840796,Slow Moving
5299,5048,19.99,100909.51999999999,2493.0,2.024869634977938,Slow Moving
5308,2911,0.99,2881.89,1156.0,2.5181660899653977,Slow Moving
5311,1586,34.99,55494.14000000001,1183.0,1.3406593406593406,Normal
5312,3478,19.99,69525.22,1404.0,2.477207977207977,Slow Moving
5315,1089,24.99,27214.109999999997,932.0,1.1684549356223175,Normal
5316,6245,2.29,14301.050000000001,2408.0,2.59343853820598,Slow Moving
5317,2028,3.29,6672.12,388.0,5.22680412371134,Slow Moving
5318,814,28.99,23597.859999999997,160.0,5.0875,Slow Moving
5322,310,25.99,8056.9,86.0,3.604651162790698,Slow Moving
5330,698,15.99,11161.02,219.0,3.1872146118721463,Slow Moving
5333,618,10.99,6791.82,351.0,1.7606837606837606,Normal
5334,854,22.99,19633.46,205.0,4.1658536585365855,Slow Moving
5335,5,29.99,149.95,31.0,0.16129032258064516,Fast Moving
5337,3157,26.99,85207.43,969.0,3.257997936016512,Slow Moving
5338,606,19.99,12113.939999999999,0.0,inf,Dead Stock
5339,3965,2.79,11062.35,318.0,12.468553459119496,Slow Moving
5342,2671,27.99,74761.29,2136.0,1.2504681647940075,Normal
5346,531,49.99,26544.690000000002,138.0,3.847826086956522,Slow Moving
5348,1354,10.99,14880.460000000001,521.0,2.598848368522073,Slow Moving
5353,1614,18.99,30649.859999999997,717.0,2.2510460251046025,Slow Moving
5356,1843,9.99,18411.57,2008.0,0.9178286852589641,Normal
5357,428,34.99,14975.720000000001,0.0,inf,Dead Stock
5358,682,25.99,17725.18,278.0,2.4532374100719423,Slow Moving
5359,206,17.99,3705.9399999999996,141.0,1.4609929078014185,Normal
5363,7,12.49,87.43,4.0,1.75,Normal
5364,8944,29.990000000000002,268230.56,4691.0,1.9066297164783628,Normal
5365,8153,18.99,154825.47,3919.0,2.08037764735902,Slow Moving
5367,1358,9.99,13566.42,1266.0,1.0726698262243286,Normal
5368,1079,21.99,23727.21,538.0,2.0055762081784385,Slow Moving
5370,52,349.99000000000007,18199.480000000003,1.0,52.0,Slow Moving
5375,653,19.99,13053.47,214.0,3.0514018691588785,Slow Moving
5376,35,12.99,454.65000000000003,3.0,11.666666666666666,Slow Moving
5378,613,25.99,15931.869999999999,148.0,4.141891891891892,Slow Moving
5381,702,0.9899999999999999,694.9799999999999,1056.0,0.6647727272727273,Normal
5382,974,11.99,11678.26,1225.0,0.7951020408163265,Normal
5390,0,0.99,0.0,1823.0,0.0,Fast Moving
5391,1807,15.99,28893.93,2902.0,0.6226740179186768,Normal
5392,2221,17.99,39955.78999999999,907.0,2.448732083792723,Slow Moving
5394,963,10.99,10583.37,673.0,1.4309063893016345,Normal
5395,385,18.99,7311.15,0.0,inf,Dead Stock
5396,1113,16.99,18909.87,464.0,2.398706896551724,Slow Moving
5399,7207,1.99,14341.93,6544.0,1.1013141809290954,Normal
5401,3772,4.99,18822.280000000002,2129.0,1.7717238139971818,Normal
5403,1385,9.99,13836.15,781.0,1.7733674775928296,Normal
5404,1752,5.49,9618.48,1404.0,1.2478632478632479,Normal
5408,4,11.49,45.96,2.0,2.0,Normal
5410,1090,7.99,8709.1,578.0,1.8858131487889274,Normal
5414,133,7.989999999999999,1062.6699999999998,60.0,2.216666666666667,Slow Moving
5415,834,13.99,11667.66,494.0,1.688259109311741,Normal
5417,78,7.99,623.22,118.0,0.6610169491525424,Normal
5430,168,349.99,58798.32,3.0,56.0,Slow Moving
5431,14,24.99,349.85999999999996,0.0,inf,Dead Stock
5438,1058,9.99,10569.42,911.0,1.1613611416026344,Normal
5440,3548,31.990000000000002,113500.52,1212.0,2.927392739273927,Slow Moving
5444,784,19.99,15672.159999999998,781.0,1.0038412291933418,Normal
5445,7590,14.99,113774.1,3962.0,1.9156991418475517,Normal
5447,2138,9.99,21358.62,1941.0,1.1014940752189593,Normal
5452,0,11.990000000000002,0.0,0.0,inf,Dead Stock
5456,31,0.99,30.69,4.0,7.75,Slow Moving
5457,5548,1.99,11040.52,2247.0,2.46906987093903,Slow Moving
5458,486,15.99,7771.14,210.0,2.3142857142857145,Slow Moving
5459,0,29.49,0.0,0.0,inf,Dead Stock
5462,587,18.99,11147.13,226.0,2.5973451327433628,Slow Moving
5463,27,12.99,350.73,11.0,2.4545454545454546,Slow Moving
5467,7,19.99,139.92999999999998,0.0,inf,Dead Stock
5468,264,59.989999999999995,15837.359999999999,37.0,7.135135135135135,Slow Moving
5476,37,104.98999999999998,3884.629999999999,0.0,inf,Dead Stock
5480,1958,10.99,21518.420000000002,722.0,2.7119113573407203,Slow Moving
5487,24,13.99,335.76,27.0,0.8888888888888888,Normal
5489,1149,10.99,12627.51,561.0,2.0481283422459895,Slow Moving
5490,6259,0.99,6196.41,1780.0,3.5162921348314606,Slow Moving
5491,9652,1.9899999999999998,19207.48,11027.0,0.8753060669266346,Normal
5492,128,149.99,19198.72,14.0,9.142857142857142,Slow Moving
5495,65,15.99,1039.35,54.0,1.2037037037037037,Normal
5502,2852,0.99,2823.48,557.0,5.120287253141831,Slow Moving
5505,1584,18.99,30080.159999999996,555.0,2.854054054054054,Slow Moving
5507,133,5.99,796.6700000000001,138.0,0.9637681159420289,Normal
5508,41,129.99,5329.59,0.0,inf,Dead Stock
5515,54,9.79,528.66,14.0,3.857142857142857,Slow Moving
5525,490,24.99,12245.099999999999,210.0,2.3333333333333335,Slow Moving
5527,164,22.99,3770.3599999999997,0.0,inf,Dead Stock
5536,5336,1.49,7950.64,960.0,5.558333333333334,Slow Moving
5537,9,9.99,89.91,5.0,1.8,Normal
5539,890,10.99,9781.1,590.0,1.5084745762711864,Normal
5560,608,18.99,11545.919999999998,99.0,6.141414141414141,Slow Moving
5566,445,14.99,6670.55,276.0,1.6123188405797102,Normal
5587,1064,18.99,20205.359999999997,709.0,1.5007052186177716,Normal
5589,3,13.99,41.97,0.0,inf,Dead Stock
5595,17,199.99,3399.83,0.0,inf,Dead Stock
5597,900,9.99,8991.0,456.0,1.9736842105263157,Normal
5598,2725,4.99,13597.75,0.0,inf,Dead Stock
5603,1,0.99,0.99,72.0,0.013888888888888888,Fast Moving
5606,159,9.99,1588.41,266.0,0.5977443609022557,Normal
5609,6741,5.989999999999999,40378.59,0.0,inf,Dead Stock
5610,15,32.99,494.85,3.0,5.0,Slow Moving
5614,2855,4.99,14246.45,0.0,inf,Dead Stock
5616,893,19.99,17851.07,814.0,1.097051597051597,Normal
5623,31,141.99,4401.6900000000005,0.0,inf,Dead Stock
5626,972,9.99,9710.28,593.0,1.639123102866779,Normal
5627,729,18.99,13843.71,129.0,5.651162790697675,Slow Moving
5628,720,9.99,7192.8,353.0,2.039660056657224,Slow Moving
5629,51,8.99,458.49,543.0,0.09392265193370165,Fast Moving
5630,788,19.99,15752.119999999999,448.0,1.7589285714285714,Normal
5633,557,14.990000000000002,8349.43,96.0,5.802083333333333,Slow Moving
5640,334,16.99,5674.66,0.0,inf,Dead Stock
5641,453,14.99,6790.47,71.0,6.380281690140845,Slow Moving
5643,461,14.99,6910.39,63.0,7.317460317460317,Slow Moving
5644,212,16.99,3601.8799999999997,0.0,inf,Dead Stock
5645,3,24.99,74.97,6.0,0.5,Fast Moving
5653,119,19.99,2378.81,14.0,8.5,Slow Moving
5655,403,16.99,6846.969999999999,160.0,2.51875,Slow Moving
5656,260,1.49,387.4,1653.0,0.1572897761645493,Fast Moving
5658,4,22.99,91.96,3.0,1.3333333333333333,Normal
5661,2314,13.99,32372.86,1378.0,1.679245283018868,Normal
5662,894,10.99,9825.06,176.0,5.079545454545454,Slow Moving
5667,630,10.99,6923.7,155.0,4.064516129032258,Slow Moving
5668,2192,13.99,30666.08,433.0,5.062355658198614,Slow Moving
5669,1286,16.99,21849.14,151.0,8.516556291390728,Slow Moving
5676,3546,1.9899999999999998,7056.539999999999,3009.0,1.1784646061814557,Normal
5680,507,1.99,1008.93,632.0,0.8022151898734177,Normal
5681,360,32.99,11876.400000000001,43.0,8.372093023255815,Slow Moving
5685,281,15.49,4352.6900000000005,18.0,15.61111111111111,Slow Moving
5688,27,13.99,377.73,20.0,1.35,Normal
5689,316,16.99,5368.839999999999,88.0,3.590909090909091,Slow Moving
5691,69,13.99,965.3100000000001,11.0,6.2727272727272725,Slow Moving
5693,34,13.99,475.66,12.0,2.8333333333333335,Slow Moving
5694,514,9.99,5134.86,522.0,0.9846743295019157,Normal
5696,609,10.99,6692.91,0.0,inf,Dead Stock
5697,398,19.99,7956.0199999999995,137.0,2.9051094890510947,Slow Moving
5698,347,15.49,5375.03,28.0,12.392857142857142,Slow Moving
5699,9,144.99,1304.91,0.0,inf,Dead Stock
5702,294,29.99,8817.06,99.0,2.9696969696969697,Slow Moving
5705,399,19.99,7976.009999999999,141.0,2.8297872340425534,Slow Moving
5706,1545,27.99,43244.549999999996,272.0,5.680147058823529,Slow Moving
5707,286,32.99,9435.140000000001,41.0,6.975609756097561,Slow Moving
5708,5953,0.99,5893.47,2129.0,2.7961484264913103,Slow Moving
5710,41,271.99,11151.59,0.0,inf,Dead Stock
5713,991,16.99,16837.09,630.0,1.573015873015873,Normal
5714,721,9.99,7202.79,408.0,1.767156862745098,Normal
5725,1228,9.99,12267.720000000001,847.0,1.4498229043683588,Normal
5730,5162,1.99,10272.38,0.0,inf,Dead Stock
5731,1732,12.99,22498.68,337.0,5.13946587537092,Slow Moving
5734,7574,21.99,166552.25999999998,2918.0,2.5956134338588073,Slow Moving
5735,5219,12.99,67794.81,2877.0,1.814042405283281,Normal
5737,0,16.99,0.0,31.0,0.0,Fast Moving
5739,5816,1.9899999999999998,11573.839999999998,1990.0,2.922613065326633,Slow Moving
5740,380,17.99,6836.2,163.0,2.331288343558282,Slow Moving
5741,553,14.99,8289.47,225.0,2.457777777777778,Slow Moving
5747,1704,12.99,22134.96,360.0,4.733333333333333,Slow Moving
5748,284,12.99,3689.16,0.0,inf,Dead Stock
5750,1125,12.99,14613.75,685.0,1.6423357664233578,Normal
5758,724,19.99,14472.759999999998,356.0,2.033707865168539,Slow Moving
5759,2010,12.99,26109.9,184.0,10.923913043478262,Slow Moving
5765,1382,16.99,23480.179999999997,1083.0,1.2760849492151431,Normal
5767,878,16.99,14917.22,330.0,2.6606060606060606,Slow Moving
5771,296,29.99,8877.039999999999,106.0,2.792452830188679,Slow Moving
5773,1097,19.99,21929.03,193.0,5.683937823834197,Slow Moving
5776,425,21.99,9345.75,179.0,2.374301675977654,Slow Moving
5780,927,13.99,12968.73,220.0,4.213636363636364,Slow Moving
5795,3,3399.99,10199.97,0.0,inf,Dead Stock
5798,324,16.99,5504.759999999999,0.0,inf,Dead Stock
5801,4190,0.99,4148.1,0.0,inf,Dead Stock
5802,354,31.989999999999995,11324.459999999997,0.0,inf,Dead Stock
5805,888,16.99,15087.119999999999,407.0,2.1818181818181817,Slow Moving
5808,259,52.99,13724.41,39.0,6.641025641025641,Slow Moving
5810,843,16.99,14322.569999999998,304.0,2.773026315789474,Slow Moving
5815,1523,21.99,33490.77,275.0,5.538181818181818,Slow Moving
5817,536,29.99,16074.64,219.0,2.4474885844748857,Slow Moving
5818,136,0.99,134.64,15.0,9.066666666666666,Slow Moving
5820,1401,13.99,19599.99,0.0,inf,Dead Stock
5822,651,7.99,5201.49,167.0,3.8982035928143715,Slow Moving
5826,960,8.99,8630.4,466.0,2.060085836909871,Slow Moving
5828,525,8.99,4719.75,697.0,0.7532281205164992,Normal
5831,144,6.99,1006.5600000000001,134.0,1.0746268656716418,Normal
5833,389,69.99,27226.109999999997,61.0,6.377049180327869,Slow Moving
5836,344,24.99,8596.56,139.0,2.4748201438848922,Slow Moving
5838,96,21.49,2063.04,36.0,2.6666666666666665,Slow Moving
5847,1412,21.99,31049.879999999997,675.0,2.091851851851852,Slow Moving
5849,1108,16.99,18824.92,952.0,1.1638655462184875,Normal
5855,53,18.99,1006.4699999999999,8.0,6.625,Slow Moving
5858,855,1.9900000000000002,1701.4500000000003,0.0,inf,Dead Stock
5872,3348,2.99,10010.52,1448.0,2.3121546961325965,Slow Moving
5875,556,17.99,10002.439999999999,174.0,3.1954022988505746,Slow Moving
5877,7522,0.99,7446.78,2871.0,2.619993033786137,Slow Moving
5890,1470,21.99,32325.3,469.0,3.1343283582089554,Slow Moving
5891,551,15.99,8810.49,1632.0,0.33762254901960786,Fast Moving
5893,415,1.99,825.85,0.0,inf,Dead Stock
5897,765,11.99,9172.35,335.0,2.283582089552239,Slow Moving
5903,2079,1.99,4137.21,0.0,inf,Dead Stock
5912,18,19.99,359.82,14.0,1.2857142857142858,Normal
5921,1557,19.99,31124.429999999997,1092.0,1.4258241758241759,Normal
5929,543,39.99,21714.57,69.0,7.869565217391305,Slow Moving
5952,6263,1.99,12463.37,4446.0,1.4086819613135402,Normal
5953,27,19.99,539.7299999999999,24.0,1.125,Normal
5962,739,24.99,18467.61,147.0,5.0272108843537415,Slow Moving
5970,10,28.99,289.9,0.0,inf,Dead Stock
5977,380,22.99,8736.199999999999,186.0,2.043010752688172,Slow Moving
5983,303,29.99,9086.97,57.0,5.315789473684211,Slow Moving
5989,2224,2.99,6649.76,0.0,inf,Dead Stock
5990,4,26.55,106.2,43.0,0.09302325581395349,Fast Moving
5992,4,34.99,139.96,0.0,inf,Dead Stock
6003,110,99.99,10998.9,0.0,inf,Dead Stock
6010,362,18.99,6874.379999999999,0.0,inf,Dead Stock
6015,161,24.99,4023.39,139.0,1.158273381294964,Normal
6021,118,19.99,2358.8199999999997,58.0,2.0344827586206895,Slow Moving
6042,450,9.99,4495.5,74.0,6.081081081081081,Slow Moving
6044,6,669.99,4019.94,0.0,inf,Dead Stock
6049,761,16.99,12929.39,0.0,inf,Dead Stock
6062,3,6.99,20.97,4.0,0.75,Normal
6066,30,6.99,209.70000000000002,2.0,15.0,Slow Moving
6081,3057,1.99,6083.43,2153.0,1.4198792382721783,Normal
6090,7,28.99,202.92999999999998,2.0,3.5,Slow Moving
6094,6,29.99,179.94,0.0,inf,Dead Stock
6096,940,16.99,15970.599999999999,358.0,2.625698324022346,Slow Moving
6105,659,19.99,13173.41,204.0,3.230392156862745,Slow Moving
6109,244,29.989999999999995,7317.559999999999,0.0,inf,Dead Stock
6115,389,19.99,7776.11,72.0,5.402777777777778,Slow Moving
6116,433,25.99,11253.67,67.0,6.462686567164179,Slow Moving
6126,571,25.99,14840.289999999999,159.0,3.591194968553459,Slow Moving
6140,30,7.989999999999999,239.7,18.0,1.6666666666666667,Normal
6145,332,7.99,2652.6800000000003,136.0,2.4411764705882355,Slow Moving
6150,464,19.99,9275.359999999999,180.0,2.577777777777778,Slow Moving
6156,260,19.99,5197.4,21.0,12.380952380952381,Slow Moving
6159,3,48.99,146.97,3.0,1.0,Normal
6162,1173,21.99,25794.269999999997,528.0,2.221590909090909,Slow Moving
6166,4,399.99,1599.96,0.0,inf,Dead Stock
6173,644,7.99,5145.56,433.0,1.48729792147806,Normal
6174,1898,9.99,18961.02,1559.0,1.217447081462476,Normal
6183,1558,8.99,14006.42,258.0,6.038759689922481,Slow Moving
6184,20,4.99,99.80000000000001,0.0,inf,Dead Stock
6186,192,12.990000000000002,2494.0800000000004,77.0,2.4935064935064934,Slow Moving
6193,389,19.99,7776.11,159.0,2.4465408805031448,Slow Moving
6195,130,27.990000000000002,3638.7000000000003,63.0,2.0634920634920637,Slow Moving
6198,237,19.99,4737.629999999999,0.0,inf,Dead Stock
6199,1,18.99,18.99,0.0,inf,Dead Stock
6206,351,12.99,4559.49,306.0,1.1470588235294117,Normal
6212,27,4.99,134.73000000000002,0.0,inf,Dead Stock
6213,996,7.99,7958.04,1182.0,0.8426395939086294,Normal
6214,130,13.99,1818.7,162.0,0.8024691358024691,Normal
6215,17,4.99,84.83,0.0,inf,Dead Stock
6216,729,7.989999999999999,5824.709999999999,598.0,1.2190635451505016,Normal
6224,606,16.99,10295.939999999999,203.0,2.9852216748768474,Slow Moving
6225,1546,3.99,6168.54,393.0,3.9338422391857506,Slow Moving
6226,680,7.99,5433.2,421.0,1.6152019002375297,Normal
6227,226,22.99,5195.74,70.0,3.2285714285714286,Slow Moving
6231,2672,15.95,42618.4,522.0,5.118773946360153,Slow Moving
6232,181,124.99,22623.19,0.0,inf,Dead Stock
6234,2503,10.99,27507.97,1582.0,1.5821744627054362,Normal
6236,296,9.99,2957.04,168.0,1.7619047619047619,Normal
6240,124,8.99,1114.76,91.0,1.3626373626373627,Normal
6241,248,5.99,1485.52,140.0,1.7714285714285714,Normal
6242,12,42.99,515.88,0.0,inf,Dead Stock
6245,206,10.99,2263.94,63.0,3.2698412698412698,Slow Moving
6249,4440,10.95,48618.0,1543.0,2.8775113415424496,Slow Moving
6254,190,19.99,3798.1,24.0,7.916666666666667,Slow Moving
6256,2508,9.99,25054.920000000002,2685.0,0.9340782122905028,Normal
6257,8,14.99,119.92,44.0,0.18181818181818182,Fast Moving
6258,6,11.99,71.94,12.0,0.5,Fast Moving
6260,213,34.99,7452.870000000001,0.0,inf,Dead Stock
6264,3326,6.99,23248.74,1886.0,1.7635206786850477,Normal
6265,23,4.99,114.77000000000001,9.0,2.5555555555555554,Slow Moving
6266,350,7.789999999999999,2726.4999999999995,276.0,1.2681159420289856,Normal
6267,914,16.99,15528.859999999999,176.0,5.193181818181818,Slow Moving
6269,1992,9.99,19900.08,1766.0,1.1279728199320498,Normal
6270,32,0.99,31.68,1697.0,0.01885680612846199,Fast Moving
6273,1097,7.99,8765.03,477.0,2.29979035639413,Slow Moving
6278,2958,8.99,26592.420000000002,291.0,10.164948453608247,Slow Moving
6280,405,14.99,6070.95,60.0,6.75,Slow Moving
6281,865,12.99,11236.35,1426.0,0.6065918653576438,Normal
6285,844,9.99,8431.56,586.0,1.4402730375426622,Normal
6288,600,14.99,8994.0,450.0,1.3333333333333333,Normal
6293,1650,11.99,19783.5,552.0,2.989130434782609,Slow Moving
6296,420,7.790000000000001,3271.8,257.0,1.6342412451361867,Normal
6312,585,9.99,5844.150000000001,452.0,1.2942477876106195,Normal
6314,260,11.99,3117.4,166.0,1.5662650602409638,Normal
6319,1348,10.99,14814.52,497.0,2.7122736418511066,Slow Moving
6322,441,12.99,5728.59,200.0,2.205,Slow Moving
6329,852,8.99,7659.4800000000005,288.0,2.9583333333333335,Slow Moving
6342,29,7.49,217.21,0.0,inf,Dead Stock
6343,12,4.99,59.88,17.0,0.7058823529411765,Normal
6344,128,10.99,1406.72,70.0,1.8285714285714285,Normal
6346,480,16.99,8155.199999999999,0.0,inf,Dead Stock
6349,3654,6.99,25541.46,4854.0,0.7527812113720643,Normal
6351,3494,16.99,59363.06,498.0,7.016064257028113,Slow Moving
6355,38,4.99,189.62,0.0,inf,Dead Stock
6356,727,7.79,5663.33,526.0,1.38212927756654,Normal
6357,98,13.990000000000002,1371.0200000000002,87.0,1.1264367816091954,Normal
6358,627,12.99,8144.7300000000005,103.0,6.087378640776699,Slow Moving
6359,1,29.99,29.99,0.0,inf,Dead Stock
6360,290,13.99,4057.1,207.0,1.4009661835748792,Normal
6361,177,7.99,1414.23,170.0,1.0411764705882354,Normal
6362,283,7.99,2261.17,202.0,1.400990099009901,Normal
6365,30,11.99,359.7,12.0,2.5,Slow Moving
6366,18,21.99,395.82,22.0,0.8181818181818182,Normal
6368,584,5.99,3498.1600000000003,406.0,1.438423645320197,Normal
6375,185,5.49,1015.6500000000001,163.0,1.1349693251533743,Normal
6378,296,10.99,3253.04,132.0,2.242424242424242,Slow Moving
6383,6,4.99,29.94,31.0,0.1935483870967742,Fast Moving
6385,2167,11.99,25982.33,718.0,3.018105849582173,Slow Moving
6389,11,6.99,76.89,1.0,11.0,Slow Moving
6390,267,33.99,9075.33,0.0,inf,Dead Stock
6394,45,13.99,629.55,23.0,1.9565217391304348,Normal
6395,22,4.99,109.78,6.0,3.6666666666666665,Slow Moving
6396,696,7.789999999999999,5421.839999999999,753.0,0.9243027888446215,Normal
6398,952,7.99,7606.4800000000005,239.0,3.98326359832636,Slow Moving
6402,583,44.99,26229.170000000002,134.0,4.350746268656716,Slow Moving
6411,268,45.99,12325.32,6.0,44.666666666666664,Slow Moving
6420,2907,7.99,23226.93,1141.0,2.5477651183172654,Slow Moving
6426,149,13.99,2084.51,30.0,4.966666666666667,Slow Moving
6429,1616,10.989999999999998,17759.839999999997,522.0,3.0957854406130267,Slow Moving
6431,1,2.99,2.99,12.0,0.08333333333333333,Fast Moving
6432,40,0.99,39.6,1864.0,0.02145922746781116,Fast Moving
6433,458,54.989999999999995,25185.42,66.0,6.9393939393939394,Slow Moving
6434,16,8.99,143.84,0.0,inf,Dead Stock
6438,794,6.99,5550.06,304.0,2.611842105263158,Slow Moving
6446,83,17.99,1493.1699999999998,35.0,2.3714285714285714,Slow Moving
6448,1006,10.49,10552.94,417.0,2.4124700239808154,Slow Moving
6450,0,19.99,0.0,0.0,inf,Dead Stock
6451,1714,9.99,17122.86,2880.0,0.5951388888888889,Normal
6455,1513,14.99,22679.87,783.0,1.9323116219667944,Normal
6456,69,5.99,413.31,14.0,4.928571428571429,Slow Moving
6457,12,11.99,143.88,1.0,12.0,Slow Moving
6459,1407,10.99,15462.93,754.0,1.8660477453580901,Normal
6460,660,6.989999999999999,4613.4,192.0,3.4375,Slow Moving
6465,864,0.99,855.36,0.0,inf,Dead Stock
6472,65,3.99,259.35,97.0,0.6701030927835051,Normal
6477,395,9.99,3946.05,32.0,12.34375,Slow Moving
6478,860,10.99,9451.4,454.0,1.894273127753304,Normal
6479,8926,8.99,80244.74,4223.0,2.1136632725550557,Slow Moving
6481,201,14.99,3012.9900000000002,93.0,2.161290322580645,Slow Moving
6483,139,11.990000000000002,1666.6100000000004,28.0,4.964285714285714,Slow Moving
6486,44,4.99,219.56,0.0,inf,Dead Stock
6495,1219,13.99,17053.81,124.0,9.830645161290322,Slow Moving
6498,838,17.99,15075.619999999999,1079.0,0.7766450417052827,Normal
6499,1165,16.99,19793.35,471.0,2.4734607218683653,Slow Moving
6506,56,44.49,2491.44,0.0,inf,Dead Stock
6510,403,32.99,13294.970000000001,0.0,inf,Dead Stock
6520,33,55.989999999999995,1847.6699999999998,6.0,5.5,Slow Moving
6523,581,17.99,10452.189999999999,648.0,0.8966049382716049,Normal
6524,1367,6.99,9555.33,822.0,1.6630170316301702,Normal
6525,157,39.99,6278.43,13.0,12.076923076923077,Slow Moving
6526,302,16.99,5130.98,1503.0,0.20093147039254824,Fast Moving
6527,22,5.49,120.78,0.0,inf,Dead Stock
6529,881,34.99,30826.190000000002,160.0,5.50625,Slow Moving
6530,839,7.99,6703.610000000001,167.0,5.023952095808383,Slow Moving
6535,940,11.99,11270.6,294.0,3.197278911564626,Slow Moving
6542,2610,6.99,18243.9,1945.0,1.3419023136246786,Normal
6543,12,8.99,107.88,0.0,inf,Dead Stock
6545,5,129.99,649.95,1.0,5.0,Slow Moving
6547,153,10.99,1681.47,78.0,1.9615384615384615,Normal
6552,701,22.99,16115.99,293.0,2.3924914675767917,Slow Moving
6553,1154,13.99,16144.460000000001,429.0,2.68997668997669,Slow Moving
6559,4,189.99,759.96,0.0,inf,Dead Stock
6560,1472,18.99,27953.28,0.0,inf,Dead Stock
6563,545,7.99,4354.55,107.0,5.093457943925234,Slow Moving
6565,4488,8.99,40347.12,2788.0,1.6097560975609757,Normal
6566,552,9.99,5514.4800000000005,248.0,2.225806451612903,Slow Moving
6567,1532,8.99,13772.68,459.0,3.337690631808279,Slow Moving
6568,135,4.99,673.65,34.0,3.9705882352941178,Slow Moving
6569,1081,19.99,21609.19,401.0,2.6957605985037407,Slow Moving
6570,13016,9.99,130029.84,8274.0,1.573120618805898,Normal
6572,835,16.99,14186.649999999998,308.0,2.711038961038961,Slow Moving
6574,973,17.99,17504.269999999997,1517.0,0.6413974950560316,Normal
6575,4758,9.99,47532.42,908.0,5.240088105726873,Slow Moving
6579,5112,9.99,51068.880000000005,7919.0,0.6455360525318853,Normal
6581,1856,12.99,24109.44,352.0,5.2727272727272725,Slow Moving
6584,617,11.990000000000002,7397.830000000001,148.0,4.168918918918919,Slow Moving
6585,425,7.989999999999999,3395.7499999999995,151.0,2.814569536423841,Slow Moving
6586,865,10.99,9506.35,530.0,1.6320754716981132,Normal
6588,12,5.49,65.88,0.0,inf,Dead Stock
6590,641,14.99,9608.59,398.0,1.6105527638190955,Normal
6592,74,8.99,665.26,16.0,4.625,Slow Moving
6593,567,9.99,5664.33,253.0,2.241106719367589,Slow Moving
6595,4719,7.99,37704.81,1819.0,2.594282572842221,Slow Moving
6596,1075,10.99,11814.25,224.0,4.799107142857143,Slow Moving
6598,226,25.99,5873.74,0.0,inf,Dead Stock
6599,1987,12.99,25811.13,1095.0,1.8146118721461186,Normal
6600,256,69.99,17917.44,0.0,inf,Dead Stock
6608,222,89.99,19977.78,48.0,4.625,Slow Moving
6624,35,39.99,1399.65,29.0,1.206896551724138,Normal
6635,181,9.99,1808.19,93.0,1.946236559139785,Normal
6638,433,24.99,10820.67,89.0,4.865168539325842,Slow Moving
6646,25,18.99,474.74999999999994,0.0,inf,Dead Stock
6647,2147,8.99,19301.53,1258.0,1.706677265500795,Normal
6648,315,7.989999999999999,2516.85,155.0,2.032258064516129,Slow Moving
6649,1765,11.99,21162.350000000002,615.0,2.869918699186992,Slow Moving
6650,3360,10.79,36254.399999999994,8458.0,0.3972570347599905,Fast Moving
6651,982,11.99,11774.18,535.0,1.8355140186915888,Normal
6654,5513,39.99,220464.87000000002,1177.0,4.683942225998301,Slow Moving
6655,446,6.99,3117.54,414.0,1.077294685990338,Normal
6658,329,8.99,2957.71,131.0,2.5114503816793894,Slow Moving
6659,581,8.99,5223.1900000000005,162.0,3.5864197530864197,Slow Moving
6660,617,14.99,9248.83,611.0,1.0098199672667758,Normal
6670,994,10.99,10924.06,291.0,3.415807560137457,Slow Moving
6681,628,23.99,15065.72,269.0,2.3345724907063197,Slow Moving
6682,5807,8.99,52204.93,4431.0,1.310539381629429,Normal
6686,13,4.99,64.87,0.0,inf,Dead Stock
6687,1075,12.99,13964.25,106.0,10.141509433962264,Slow Moving
6688,4156,9.99,41518.44,1189.0,3.4953742640874683,Slow Moving
6692,2704,12.99,35124.96,1763.0,1.533749290981282,Normal
6694,986,7.99,7878.14,511.0,1.9295499021526419,Normal
6698,102,43.99,4486.9800000000005,28.0,3.642857142857143,Slow Moving
6717,130,15.49,2013.7,0.0,inf,Dead Stock
6721,499,16.99,8478.009999999998,135.0,3.696296296296296,Slow Moving
6724,456,7.99,3643.44,91.0,5.010989010989011,Slow Moving
6725,963,12.99,12509.37,1623.0,0.5933456561922366,Normal
6727,1863,17.99,33515.369999999995,346.0,5.384393063583815,Slow Moving
6734,450,9.99,4495.5,189.0,2.380952380952381,Slow Moving
6735,664,9.989999999999998,6633.359999999999,370.0,1.7945945945945947,Normal
6738,0,0.99,0.0,0.0,inf,Dead Stock
6742,1991,16.99,33827.09,214.0,9.30373831775701,Slow Moving
6743,215,10.99,2362.85,21.0,10.238095238095237,Slow Moving
6748,657,5.99,3935.4300000000003,459.0,1.4313725490196079,Normal
6754,44,7.989999999999999,351.55999999999995,36.0,1.2222222222222223,Normal
6755,283,14.99,4242.17,209.0,1.354066985645933,Normal
6762,29,7.989999999999999,231.70999999999998,54.0,0.5370370370370371,Normal
6764,24,17.99,431.76,28.0,0.8571428571428571,Normal
6768,16,5.989999999999999,95.83999999999999,61.0,0.26229508196721313,Fast Moving
6774,51,24.99,1274.49,3.0,17.0,Slow Moving
6782,250,14.99,3747.5,158.0,1.5822784810126582,Normal
6783,299,12.99,3884.01,68.0,4.397058823529412,Slow Moving
6784,25,10.99,274.75,2.0,12.5,Slow Moving
6798,16,7.99,127.84,6.0,2.6666666666666665,Slow Moving
6814,377,15.99,6028.2300000000005,0.0,inf,Dead Stock
6824,4123,14.99,61803.770000000004,628.0,6.5652866242038215,Slow Moving
6828,854,9.99,8531.460000000001,559.0,1.5277280858676208,Normal
6829,7,8.99,62.93,0.0,inf,Dead Stock
6842,14,14.99,209.86,0.0,inf,Dead Stock
6846,364,14.99,5456.36,0.0,inf,Dead Stock
6854,564,14.99,8454.36,638.0,0.8840125391849529,Normal
6855,666,19.99,13313.339999999998,767.0,0.8683181225554107,Normal
6857,2619,9.99,26163.81,2570.0,1.0190661478599221,Normal
6859,2285,10.99,25112.15,531.0,4.303201506591337,Slow Moving
6861,1016,5.99,6085.84,812.0,1.251231527093596,Normal
6862,52,27.99,1455.48,21.0,2.4761904761904763,Slow Moving
6864,1191,9.99,11898.09,646.0,1.8436532507739938,Normal
6867,2070,17.99,37239.299999999996,722.0,2.8670360110803323,Slow Moving
6869,1725,10.99,18957.75,1407.0,1.2260127931769722,Normal
6872,0,11.99,0.0,2.0,0.0,Fast Moving
6873,885,14.99,13266.15,572.0,1.5472027972027973,Normal
6876,1446,5.99,8661.54,1514.0,0.9550858652575958,Normal
6877,66,18.99,1253.34,9.0,7.333333333333333,Slow Moving
6879,4166,0.9899999999999999,4124.339999999999,1972.0,2.112576064908722,Slow Moving
6881,15,9.99,149.85,77.0,0.19480519480519481,Fast Moving
6891,39,4.99,194.61,36.0,1.0833333333333333,Normal
6892,31,4.99,154.69,38.0,0.8157894736842105,Normal
6896,1159,17.99,20850.41,274.0,4.2299270072992705,Slow Moving
6904,530,74.99,39744.7,0.0,inf,Dead Stock
6918,848,17.99,15255.519999999999,1312.0,0.6463414634146342,Normal
6919,27,7.99,215.73000000000002,18.0,1.5,Normal
6929,40,14.49,579.6,58.0,0.6896551724137931,Normal
6932,369,5.990000000000001,2210.3100000000004,304.0,1.2138157894736843,Normal
6933,2276,8.99,20461.24,509.0,4.471512770137524,Slow Moving
6935,27,11.99,323.73,4.0,6.75,Slow Moving
6937,6537,9.99,65304.630000000005,3296.0,1.9833131067961165,Normal
6938,1845,7.99,14741.550000000001,1171.0,1.5755764304013664,Normal
6940,12,9.99,119.88,0.0,inf,Dead Stock
6941,19,9.99,189.81,3.0,6.333333333333333,Slow Moving
6946,1019,8.99,9160.81,327.0,3.1162079510703364,Slow Moving
6950,412,34.99,14415.880000000001,147.0,2.802721088435374,Slow Moving
6952,239,19.99,4777.61,7.0,34.142857142857146,Slow Moving
6958,1013,7.99,8093.87,510.0,1.9862745098039216,Normal
6960,3545,6.99,24779.55,1271.0,2.7891424075531077,Slow Moving
6967,5319,19.99,106326.81,2644.0,2.0117246596066565,Slow Moving
6968,10,14.99,149.9,1.0,10.0,Slow Moving
6974,1721,15.99,27518.79,1078.0,1.5964749536178107,Normal
6975,820,5.99,4911.8,228.0,3.5964912280701755,Slow Moving
6976,1185,18.99,22503.149999999998,674.0,1.758160237388724,Normal
6977,0,3.99,0.0,0.0,inf,Dead Stock
6980,755,19.99,15092.449999999999,195.0,3.871794871794872,Slow Moving
6981,12,8.99,107.88,0.0,inf,Dead Stock
6983,1911,14.99,28645.89,3689.0,0.5180265654648957,Normal
6984,1983,15.99,31708.170000000002,323.0,6.139318885448916,Slow Moving
6986,0,11.99,0.0,3.0,0.0,Fast Moving
6987,413,9.99,4125.87,116.0,3.560344827586207,Slow Moving
6995,472,6.99,3299.28,480.0,0.9833333333333333,Normal
7017,247,31.989999999999995,7901.529999999999,55.0,4.490909090909091,Slow Moving
7070,697,10.99,7660.03,0.0,inf,Dead Stock
7077,6305,0.99,6241.95,0.0,inf,Dead Stock
7111,166,59.989999999999995,9958.339999999998,0.0,inf,Dead Stock
7127,165,45.99,7588.35,25.0,6.6,Slow Moving
7130,779,15.99,12456.210000000001,0.0,inf,Dead Stock
7143,736,18.99,13976.64,0.0,inf,Dead Stock
7159,1418,6.99,9911.82,819.0,1.7313797313797314,Normal
7162,20,7.99,159.8,0.0,inf,Dead Stock
7193,2,11.49,22.98,42.0,0.047619047619047616,Fast Moving
7198,2784,10.99,30596.16,684.0,4.0701754385964914,Slow Moving
7202,9,10.99,98.91,66.0,0.13636363636363635,Fast Moving
7205,69,11.49,792.8100000000001,26.0,2.6538461538461537,Slow Moving
7215,31,5.989999999999999,185.68999999999997,24.0,1.2916666666666667,Normal
7219,54,45.99,2483.46,41.0,1.3170731707317074,Normal
7221,1126,10.49,11811.74,1137.0,0.990325417766051,Normal
7224,115,8.99,1033.8500000000001,317.0,0.3627760252365931,Fast Moving
7230,15,12.99,194.85,0.0,inf,Dead Stock
7254,1231,7.99,9835.69,1198.0,1.0275459098497495,Normal
7261,848,5.49,4655.52,427.0,1.9859484777517564,Normal
7262,936,5.49,5138.64,624.0,1.5,Normal
7265,509,15.99,8138.91,155.0,3.2838709677419353,Slow Moving
7266,583,13.99,8156.17,167.0,3.4910179640718564,Slow Moving
7269,260,7.99,2077.4,132.0,1.9696969696969697,Normal
7272,120,17.99,2158.7999999999997,0.0,inf,Dead Stock
7278,160,29.99,4798.4,8.0,20.0,Slow Moving
7279,850,7.99,6791.5,406.0,2.0935960591133007,Slow Moving
7282,537,9.99,5364.63,353.0,1.5212464589235128,Normal
7284,229,9.99,2287.71,84.0,2.7261904761904763,Slow Moving
7293,914,8.99,8216.86,435.0,2.1011494252873564,Slow Moving
7302,2064,10.99,22683.36,866.0,2.3833718244803697,Slow Moving
7320,601,17.99,10811.99,131.0,4.587786259541985,Slow Moving
7327,216,26.99,5829.839999999999,0.0,inf,Dead Stock
7328,18,12.99,233.82,0.0,inf,Dead Stock
7340,806,18.99,15305.939999999999,300.0,2.6866666666666665,Slow Moving
7341,8411,0.99,8326.89,7895.0,1.0653578214059531,Normal
7345,2812,10.99,30903.88,1898.0,1.4815595363540568,Normal
7353,637,19.99,12733.63,144.0,4.423611111111111,Slow Moving
7358,722,18.99,13710.779999999999,157.0,4.598726114649682,Slow Moving
7361,107,15.990000000000002,1710.9300000000003,19.0,5.631578947368421,Slow Moving
7363,303,19.99,6056.969999999999,0.0,inf,Dead Stock
7371,189,12.99,2455.11,93.0,2.032258064516129,Slow Moving
7374,2549,10.99,28013.510000000002,613.0,4.158238172920065,Slow Moving
7375,5,5.99,29.950000000000003,12.0,0.4166666666666667,Fast Moving
7383,150,19.990000000000002,2998.5000000000005,0.0,inf,Dead Stock
7393,373,11.99,4472.27,0.0,inf,Dead Stock
7404,943,0.9899999999999999,933.5699999999999,448.0,2.1049107142857144,Slow Moving
7412,10,4.99,49.900000000000006,0.0,inf,Dead Stock
7413,371,7.990000000000001,2964.2900000000004,207.0,1.7922705314009661,Normal
7423,610,7.989999999999999,4873.9,320.0,1.90625,Normal
7424,4,15.49,61.96,0.0,inf,Dead Stock
7430,15,11.99,179.85,0.0,inf,Dead Stock
7433,26,11.99,311.74,1.0,26.0,Slow Moving
7436,15,49.99,749.85,0.0,inf,Dead Stock
7439,24,11.99,287.76,2.0,12.0,Slow Moving
7454,6,11.99,71.94,0.0,inf,Dead Stock
7458,27,11.99,323.73,5.0,5.4,Slow Moving
7473,186,28.99,5392.139999999999,0.0,inf,Dead Stock
7485,170,3.9900000000000007,678.3000000000001,199.0,0.8542713567839196,Normal
7489,3177,0.99,3145.23,0.0,inf,Dead Stock
7535,1039,5.99,6223.610000000001,1632.0,0.6366421568627451,Normal
7537,92,77.99,7175.08,38.0,2.4210526315789473,Slow Moving
7633,5,49.99,249.95000000000002,0.0,inf,Dead Stock
7680,233,17.99,4191.67,6.0,38.833333333333336,Slow Moving
7700,8,11.99,95.92,0.0,inf,Dead Stock
7715,2257,5.49,12390.93,2624.0,0.8601371951219512,Normal
7716,1677,5.49,9206.73,1562.0,1.0736235595390524,Normal
7718,1105,5.49,6066.45,625.0,1.768,Normal
7725,1250,9.99,12487.5,272.0,4.595588235294118,Slow Moving
7728,1324,9.99,13226.76,313.0,4.2300319488817895,Slow Moving
7740,782,5.99,4684.18,345.0,2.2666666666666666,Slow Moving
7750,17,27.99,475.83,5.0,3.4,Slow Moving
7770,14,10.99,153.86,0.0,inf,Dead Stock
7780,0,45.99,0.0,30.0,0.0,Fast Moving
7788,224,14.99,3357.76,111.0,2.018018018018018,Slow Moving
7792,24,45.99,1103.76,13.0,1.8461538461538463,Normal
7818,529,5.49,2904.21,237.0,2.2320675105485233,Slow Moving
7830,15,10.99,164.85,0.0,inf,Dead Stock
7832,20,5.99,119.80000000000001,0.0,inf,Dead Stock
7838,16,14.99,239.84,10.0,1.6,Normal
7849,461,8.99,4144.39,88.0,5.238636363636363,Slow Moving
7855,0,9.99,0.0,52.0,0.0,Fast Moving
7860,1107,5.99,6630.93,430.0,2.574418604651163,Slow Moving
7865,3703,34.99,129567.97,1061.0,3.4901036757775685,Slow Moving
7867,546,8.99,4908.54,56.0,9.75,Slow Moving
7868,742,34.99,25962.58,76.0,9.763157894736842,Slow Moving
7872,1892,44.99,85121.08,91.0,20.791208791208792,Slow Moving
7874,11,5.99,65.89,36.0,0.3055555555555556,Fast Moving
7878,2423,15.99,38743.770000000004,2315.0,1.0466522678185746,Normal
7891,357,34.99,12491.43,35.0,10.2,Slow Moving
7909,238,39.99,9517.62,23.0,10.347826086956522,Slow Moving
7917,560,8.99,5034.400000000001,38.0,14.736842105263158,Slow Moving
7931,481,8.99,4324.1900000000005,29.0,16.586206896551722,Slow Moving
7936,6121,0.99,6059.79,0.0,inf,Dead Stock
7948,6259,0.9899999999999999,6196.409999999999,0.0,inf,Dead Stock
7951,270,69.99,18897.3,0.0,inf,Dead Stock
7956,6347,0.9899999999999999,6283.529999999999,0.0,inf,Dead Stock
7969,900,13.99,12591.0,299.0,3.0100334448160537,Slow Moving
7974,4,24.99,99.96,1.0,4.0,Slow Moving
7977,1055,10.49,11066.95,635.0,1.6614173228346456,Normal
7978,1197,7.49,8965.53,1016.0,1.1781496062992125,Normal
7982,1201,7.49,8995.49,1103.0,1.0888485947416138,Normal
7985,763,9.99,7622.37,356.0,2.143258426966292,Slow Moving
7986,598,27.990000000000002,16738.02,172.0,3.4767441860465116,Slow Moving
7990,627,9.99,6263.7300000000005,261.0,2.4022988505747125,Slow Moving
7991,1009,8.99,9070.91,428.0,2.357476635514019,Slow Moving
7992,1859,6.99,12994.41,321.0,5.7912772585669785,Slow Moving
7993,1149,6.49,7457.01,670.0,1.7149253731343284,Normal
7994,1080,9.99,10789.2,505.0,2.1386138613861387,Slow Moving
7995,2104,6.49,13654.960000000001,224.0,9.392857142857142,Slow Moving
7996,1178,5.49,6467.22,540.0,2.1814814814814816,Slow Moving
8000,2081,69.99,145649.19,913.0,2.2792990142387732,Slow Moving
8008,37,9.99,369.63,12.0,3.0833333333333335,Slow Moving
8010,24,54.99,1319.76,8.0,3.0,Slow Moving
8011,100,9.99,999.0,52.0,1.9230769230769231,Normal
8012,14,9.99,139.86,0.0,inf,Dead Stock
8015,698,15.99,11161.02,0.0,inf,Dead Stock
8016,1858,6.99,12987.42,704.0,2.6392045454545454,Slow Moving
8017,12,10.99,131.88,12.0,1.0,Normal
8018,1843,6.99,12882.57,806.0,2.2866004962779156,Slow Moving
8021,3017,42.99,129700.83,298.0,10.124161073825503,Slow Moving
8023,1926,4.49,8647.74,3211.0,0.5998131423232638,Normal
8027,4420,1.99,8795.8,1238.0,3.5702746365105007,Slow Moving
8032,2041,8.49,17328.09,824.0,2.4769417475728157,Slow Moving
8033,8185,2.99,24473.15,3802.0,2.152814308258811,Slow Moving
8036,340,11.99,4076.6,353.0,0.9631728045325779,Normal
8040,1228,7.99,9811.720000000001,910.0,1.3494505494505495,Normal
8043,14,4.99,69.86,35.0,0.4,Fast Moving
8048,678,24.99,16943.219999999998,0.0,inf,Dead Stock
8050,690,17.99,12413.099999999999,308.0,2.24025974025974,Slow Moving
8053,7686,0.9900000000000001,7609.140000000001,8503.0,0.9039162648477008,Normal
8057,309,19.99,6176.91,187.0,1.6524064171122994,Normal
8059,345,27.99,9656.55,74.0,4.662162162162162,Slow Moving
8063,177,1.99,352.23,60.0,2.95,Slow Moving
8064,8523,0.99,8437.77,8453.0,1.0082810836389449,Normal
8066,2109,9.99,21068.91,2159.0,0.9768411301528486,Normal
8068,15608,23.49,366631.92,11189.0,1.3949414603628563,Normal
8072,1672,36.99,61847.280000000006,171.0,9.777777777777779,Slow Moving
8075,232,9.99,2317.68,120.0,1.9333333333333333,Normal
8076,8,19.99,159.92,0.0,inf,Dead Stock
8077,339,9.99,3386.61,210.0,1.6142857142857143,Normal
8078,974,19.99,19470.26,425.0,2.291764705882353,Slow Moving
8079,23,4.99,114.77000000000001,30.0,0.7666666666666667,Normal
8081,16,5.99,95.84,0.0,inf,Dead Stock
8082,8352,28.990000000000002,242124.48,3099.0,2.695062923523717,Slow Moving
8085,2112,29.990000000000002,63338.880000000005,299.0,7.063545150501672,Slow Moving
8090,23,29.99,689.77,0.0,inf,Dead Stock
8092,6272,2.29,14362.880000000001,2455.0,2.554786150712831,Slow Moving
8096,4906,1.99,9762.94,1167.0,4.203941730934019,Slow Moving
8097,727,11.99,8716.73,307.0,2.3680781758957656,Slow Moving
8101,5411,1.9900000000000002,10767.890000000001,2298.0,2.354656222802437,Slow Moving
8102,2097,24.99,52404.03,586.0,3.5784982935153584,Slow Moving
8103,6464,0.99,6399.36,5317.0,1.21572315215347,Normal
8107,2114,34.99,73968.86,588.0,3.5952380952380953,Slow Moving
8108,212,54.99,11657.880000000001,0.0,inf,Dead Stock
8110,678,8.99,6095.22,394.0,1.7208121827411167,Normal
8111,16242,0.99,16079.58,28544.0,0.5690162556053812,Normal
8112,8663,23.99,207825.37,3629.0,2.387158996968862,Slow Moving
8113,898,17.99,16155.019999999999,226.0,3.9734513274336285,Slow Moving
8114,81,7.99,647.19,19.0,4.2631578947368425,Slow Moving
8118,1062,5.99,6361.38,741.0,1.4331983805668016,Normal
8120,818,8.99,7353.820000000001,620.0,1.3193548387096774,Normal
8122,9,32.99,296.91,0.0,inf,Dead Stock
8123,1333,12.99,17315.670000000002,600.0,2.2216666666666667,Slow Moving
8124,1227,12.99,15938.73,347.0,3.5360230547550433,Slow Moving
8128,434,34.99,15185.660000000002,80.0,5.425,Slow Moving
8130,7414,1.29,9564.06,3128.0,2.3702046035805626,Slow Moving
8131,741,17.99,13330.589999999998,339.0,2.185840707964602,Slow Moving
8135,878,10.99,9649.22,415.0,2.1156626506024097,Slow Moving
8136,253,19.99,5057.469999999999,0.0,inf,Dead Stock
8143,2701,35.99,97208.99,309.0,8.741100323624595,Slow Moving
8144,475,29.99,14245.25,273.0,1.73992673992674,Normal
8149,740,19.989999999999995,14792.599999999997,105.0,7.0476190476190474,Slow Moving
8151,11,0.99,10.89,67.0,0.16417910447761194,Fast Moving
8152,60,12.99,779.4,107.0,0.5607476635514018,Normal
8154,704,21.99,15480.96,181.0,3.889502762430939,Slow Moving
8155,1648,4.99,8223.52,1925.0,0.8561038961038961,Normal
8159,7947,26.990000000000002,214489.53000000003,4264.0,1.8637429643527204,Normal
8166,1497,19.99,29925.03,568.0,2.63556338028169,Slow Moving
8170,5252,2.99,15703.480000000001,1054.0,4.98292220113852,Slow Moving
8171,6916,0.99,6846.84,3412.0,2.0269636576787806,Slow Moving
8172,6794,0.99,6726.0599999999995,3909.0,1.7380404195446406,Normal
8173,1278,19.99,25547.219999999998,275.0,4.647272727272727,Slow Moving
8178,3722,25.99,96734.78,2488.0,1.4959807073954985,Normal
8184,7652,1.99,15227.48,4295.0,1.7816065192083819,Normal
8187,1081,19.99,21609.19,507.0,2.1321499013806706,Slow Moving
8189,784,31.990000000000002,25080.16,295.0,2.6576271186440676,Slow Moving
8190,669,15.99,10697.31,0.0,inf,Dead Stock
8191,517,18.49,9559.33,180.0,2.8722222222222222,Slow Moving
8200,3273,2.99,9786.27,937.0,3.4930629669156885,Slow Moving
8202,3716,17.99,66850.84,2083.0,1.783965434469515,Normal
8203,7264,2.99,21719.36,3610.0,2.0121883656509696,Slow Moving
8205,4116,2.99,12306.84,1179.0,3.491094147582697,Slow Moving
8207,21,3.99,83.79,24.0,0.875,Normal
8212,286,22.990000000000002,6575.14,51.0,5.607843137254902,Slow Moving
8214,1167,9.99,11658.33,1145.0,1.0192139737991266,Normal
8218,789,31.990000000000002,25240.11,271.0,2.911439114391144,Slow Moving
8221,124,79.99,9918.76,19.0,6.526315789473684,Slow Moving
8223,3678,13.99,51455.22,336.0,10.946428571428571,Slow Moving
8228,60,134.99,8099.400000000001,7.0,8.571428571428571,Slow Moving
8231,580,14.989999999999998,8694.199999999999,73.0,7.945205479452055,Slow Moving
8232,761,8.99,6841.39,703.0,1.0825035561877667,Normal
8233,838,27.99,23455.62,364.0,2.302197802197802,Slow Moving
8235,6,9.99,59.94,6.0,1.0,Normal
8236,8807,1.49,13122.43,8257.0,1.066610148964515,Normal
8237,95,99.99,9499.05,37.0,2.5675675675675675,Slow Moving
8238,402,30.989999999999995,12457.979999999998,0.0,inf,Dead Stock
8242,476,14.99,7135.24,126.0,3.7777777777777777,Slow Moving
8246,909,7.99,7262.91,170.0,5.347058823529411,Slow Moving
8252,326,18.99,6190.74,182.0,1.7912087912087913,Normal
8254,25,14.49,362.25,31.0,0.8064516129032258,Normal
8258,863,29.99,25881.37,533.0,1.6191369606003752,Normal
8259,5576,2.49,13884.240000000002,0.0,inf,Dead Stock
8261,13,39.99,519.87,3.0,4.333333333333333,Slow Moving
8262,548,21.99,12050.519999999999,230.0,2.382608695652174,Slow Moving
8264,2766,8.99,24866.34,1318.0,2.0986342943854326,Slow Moving
8265,931,9.99,9300.69,490.0,1.9,Normal
8267,318,21.99,6992.82,264.0,1.2045454545454546,Normal
8268,60,5.49,329.40000000000003,1.0,60.0,Slow Moving
8272,94,5.49,516.0600000000001,92.0,1.0217391304347827,Normal
8273,402,21.99,8839.98,164.0,2.451219512195122,Slow Moving
8274,8,5.49,43.92,12.0,0.6666666666666666,Normal
8275,515,32.99,16989.850000000002,118.0,4.364406779661017,Slow Moving
8279,86,24.99,2149.14,0.0,inf,Dead Stock
8280,1125,13.99,15738.75,200.0,5.625,Slow Moving
8282,144,0.9899999999999999,142.55999999999997,34.0,4.235294117647059,Slow Moving
8283,96,27.990000000000002,2687.04,25.0,3.84,Slow Moving
8284,322,39.99,12876.78,0.0,inf,Dead Stock
8288,2675,11.99,32073.25,1025.0,2.6097560975609757,Slow Moving
8289,85,59.989999999999995,5099.15,36.0,2.361111111111111,Slow Moving
8295,89,39.99,3559.11,123.0,0.7235772357723578,Normal
8296,1376,29.990000000000002,41266.240000000005,535.0,2.57196261682243,Slow Moving
8298,596,10.99,6550.04,175.0,3.4057142857142857,Slow Moving
8308,72,24.99,1799.28,0.0,inf,Dead Stock
8312,1313,7.990000000000001,10490.87,1059.0,1.2398489140698772,Normal
8323,1119,15.99,17892.81,461.0,2.4273318872017353,Slow Moving
8327,19,15.99,303.81,12.0,1.5833333333333333,Normal
8329,3456,8.99,31069.440000000002,1305.0,2.6482758620689655,Slow Moving
8338,934,21.99,20538.66,583.0,1.602058319039451,Normal
8339,3003,42.99,129098.97,932.0,3.2221030042918457,Slow Moving
8342,3212,11.99,38511.88,668.0,4.808383233532934,Slow Moving
8345,2370,7.99,18936.3,960.0,2.46875,Slow Moving
8346,1000,14.99,14990.0,414.0,2.4154589371980677,Slow Moving
8351,483,10.99,5308.17,147.0,3.2857142857142856,Slow Moving
8359,1327,7.99,10602.73,268.0,4.951492537313433,Slow Moving
8361,503,14.99,7539.97,415.0,1.2120481927710844,Normal
8366,209,9.99,2087.91,72.0,2.9027777777777777,Slow Moving
8367,257,14.99,3852.43,151.0,1.7019867549668874,Normal
8368,1269,1.9900000000000002,2525.3100000000004,1203.0,1.054862842892768,Normal
8369,567,33.99,19272.33,86.0,6.593023255813954,Slow Moving
8370,989,8.99,8891.11,716.0,1.3812849162011174,Normal
8379,708,11.99,8488.92,392.0,1.8061224489795917,Normal
8385,3,3499.99,10499.97,0.0,inf,Dead Stock
8386,818,13.49,11034.82,438.0,1.8675799086757991,Normal
8387,1562,23.99,37472.38,502.0,3.1115537848605577,Slow Moving
8391,2,17.99,35.98,0.0,inf,Dead Stock
8393,509,56.99,29007.91,116.0,4.387931034482759,Slow Moving
8395,551,61.99,34156.49,102.0,5.401960784313726,Slow Moving
8398,508,53.99,27426.920000000002,133.0,3.819548872180451,Slow Moving
8401,150,10.99,1648.5,70.0,2.142857142857143,Slow Moving
8402,34,24.99,849.66,19.0,1.7894736842105263,Normal
8408,1099,35.99,39553.01,233.0,4.716738197424893,Slow Moving
8409,136,8.29,1127.4399999999998,83.0,1.6385542168674698,Normal
8412,148,49.99,7398.52,15.0,9.866666666666667,Slow Moving
8413,1082,17.99,19465.179999999997,649.0,1.6671802773497688,Normal
8420,457,39.99,18275.43,123.0,3.7154471544715446,Slow Moving
8421,2836,6.99,19823.64,1527.0,1.8572364112639161,Normal
8422,12,5.49,65.88,48.0,0.25,Fast Moving
8423,175,7.989999999999999,1398.2499999999998,226.0,0.7743362831858407,Normal
8424,885,22.99,20346.149999999998,358.0,2.4720670391061454,Slow Moving
8425,181,16.99,3075.1899999999996,42.0,4.309523809523809,Slow Moving
8428,254,16.99,4315.46,0.0,inf,Dead Stock
8434,0,29.99,0.0,10.0,0.0,Fast Moving
8437,501,34.99,17529.99,24.0,20.875,Slow Moving
8438,22,0.99,21.78,407.0,0.05405405405405406,Fast Moving
8439,0,16.99,0.0,0.0,inf,Dead Stock
8440,1794,19.99,35862.06,510.0,3.5176470588235293,Slow Moving
8441,1724,12.99,22394.760000000002,1537.0,1.121665582303188,Normal
8442,842,14.49,12200.58,360.0,2.338888888888889,Slow Moving
8443,120,16.49,1978.7999999999997,98.0,1.2244897959183674,Normal
8444,305,23.99,7316.95,79.0,3.8607594936708862,Slow Moving
8446,263,5.99,1575.3700000000001,141.0,1.8652482269503545,Normal
8447,189,16.99,3211.1099999999997,30.0,6.3,Slow Moving
8448,987,9.99,9860.130000000001,492.0,2.0060975609756095,Slow Moving
8450,972,19.99,19430.28,809.0,1.2014833127317677,Normal
8451,1062,16.99,18043.379999999997,1213.0,0.875515251442704,Normal
8452,1125,16.99,19113.75,342.0,3.289473684210526,Slow Moving
8453,2239,2.79,6246.81,0.0,inf,Dead Stock
8454,272,32.99,8973.28,49.0,5.551020408163265,Slow Moving
8455,1840,14.99,27581.600000000002,213.0,8.63849765258216,Slow Moving
8458,271,34.99,9482.29,47.0,5.76595744680851,Slow Moving
8459,21,12.99,272.79,0.0,inf,Dead Stock
8462,1692,21.99,37207.079999999994,837.0,2.021505376344086,Slow Moving
8464,706,14.99,10582.94,164.0,4.304878048780488,Slow Moving
8467,44,0.99,43.56,315.0,0.13968253968253969,Fast Moving
8469,1412,22.99,32461.879999999997,450.0,3.137777777777778,Slow Moving
8470,2850,2.79,7951.5,550.0,5.181818181818182,Slow Moving
8472,1068,21.99,23485.32,739.0,1.4451962110960759,Normal
8473,786,41.99,33004.14,404.0,1.9455445544554455,Normal
8474,824,41.99,34599.76,346.0,2.3815028901734103,Slow Moving
8475,1858,1.7900000000000003,3325.8200000000006,1822.0,1.0197585071350164,Normal
8476,789,14.49,11432.61,303.0,2.603960396039604,Slow Moving
8480,2471,14.99,37040.29,1010.0,2.4465346534653465,Slow Moving
8482,491,17.99,8833.089999999998,174.0,2.82183908045977,Slow Moving
8483,108,26.99,2914.9199999999996,0.0,inf,Dead Stock
8484,2352,2.79,6562.08,0.0,inf,Dead Stock
8485,758,17.99,13636.419999999998,385.0,1.9688311688311688,Normal
8489,120,49.99,5998.8,0.0,inf,Dead Stock
8491,363,19.99,7256.369999999999,146.0,2.4863013698630136,Slow Moving
8495,13,0.99,12.87,54.0,0.24074074074074073,Fast Moving
8496,615,14.99,9218.85,234.0,2.628205128205128,Slow Moving
8497,1258,9.99,12567.42,766.0,1.6422976501305484,Normal
8498,3866,8.99,34755.340000000004,1644.0,2.351581508515815,Slow Moving
8500,1976,9.99,19740.24,534.0,3.700374531835206,Slow Moving
8501,66,8.99,593.34,24.0,2.75,Slow Moving
8504,5299,8.99,47638.01,2801.0,1.8918243484469832,Normal
8505,237,29.989999999999995,7107.629999999999,0.0,inf,Dead Stock
8506,2136,27.990000000000002,59786.64000000001,904.0,2.3628318584070795,Slow Moving
8508,6,21.99,131.94,2.0,3.0,Slow Moving
8512,9966,19.99,199220.34,6489.0,1.5358298659269534,Normal
8513,3872,8.99,34809.28,1947.0,1.9887005649717515,Normal
8515,1116,19.99,22308.839999999997,424.0,2.6320754716981134,Slow Moving
8517,1615,19.99,32283.85,784.0,2.059948979591837,Slow Moving
8518,1,11.49,11.49,0.0,inf,Dead Stock
8519,427,6.99,2984.73,0.0,inf,Dead Stock
8520,359,16.99,6099.41,242.0,1.4834710743801653,Normal
8522,4894,0.99,4845.06,0.0,inf,Dead Stock
8523,679,4.99,3388.21,360.0,1.886111111111111,Normal
8525,21,11.99,251.79,0.0,inf,Dead Stock
8526,1123,27.99,31432.769999999997,877.0,1.2805017103762828,Normal
8534,583,5.99,3492.17,395.0,1.4759493670886077,Normal
8535,9,3.49,31.410000000000004,16.0,0.5625,Normal
8537,3574,13.99,50000.26,605.0,5.907438016528926,Slow Moving
8539,12,19.99,239.88,0.0,inf,Dead Stock
8553,355,6.99,2481.4500000000003,0.0,inf,Dead Stock
8562,1092,14.99,16369.08,727.0,1.5020632737276478,Normal
8563,10,10.99,109.9,4.0,2.5,Slow Moving
8567,122,10.99,1340.78,144.0,0.8472222222222222,Normal
8570,28,10.99,307.72,9.0,3.111111111111111,Slow Moving
8575,244,29.99,7317.5599999999995,0.0,inf,Dead Stock
8576,1372,4.99,6846.280000000001,1418.0,0.9675599435825106,Normal
8590,1132,7.99,9044.68,1531.0,0.7393860222077073,Normal
8599,926,5.99,5546.74,830.0,1.1156626506024097,Normal
8609,1039,12.99,13496.61,585.0,1.776068376068376,Normal
8612,714,59.99,42832.86,458.0,1.5589519650655022,Normal
8616,7,24.99,174.92999999999998,14.0,0.5,Fast Moving
8617,438,9.99,4375.62,168.0,2.607142857142857,Slow Moving
8618,14,23.99,335.85999999999996,8.0,1.75,Normal
8619,1435,5.99,8595.65,1282.0,1.1193447737909517,Normal
8620,1317,11.99,15790.83,834.0,1.579136690647482,Normal
8621,724,6.29,4553.96,628.0,1.1528662420382165,Normal
8622,1438,139.99,201305.62000000002,190.0,7.568421052631579,Slow Moving
8623,2304,2.99,6888.960000000001,610.0,3.777049180327869,Slow Moving
8626,1161,15.99,18564.39,1205.0,0.9634854771784233,Normal
8627,1402,7.980000000000001,11187.960000000001,1207.0,1.1615575807787903,Normal
8628,1505,11.99,18044.95,1060.0,1.419811320754717,Normal
8629,2,18.99,37.98,0.0,inf,Dead Stock
8630,581,9.99,5804.1900000000005,180.0,3.227777777777778,Slow Moving
8632,318,18.99,6038.82,63.0,5.0476190476190474,Slow Moving
8634,96,7.99,767.04,12.0,8.0,Slow Moving
8637,599,17.99,10776.009999999998,182.0,3.291208791208791,Slow Moving
8642,540,13.99,7554.6,0.0,inf,Dead Stock
8652,240,56.99,13677.6,64.0,3.75,Slow Moving
8653,1354,5.29,7162.66,1111.0,1.2187218721872186,Normal
8654,1158,5.29,6125.82,725.0,1.5972413793103448,Normal
8655,433,16.99,7356.669999999999,176.0,2.460227272727273,Slow Moving
8658,491,33.99,16689.09,144.0,3.4097222222222223,Slow Moving
8660,440,11.99,5275.6,305.0,1.4426229508196722,Normal
8664,635,22.99,14598.65,104.0,6.105769230769231,Slow Moving
8670,1551,10.99,17045.49,1914.0,0.8103448275862069,Normal
8671,565,19.99,11294.349999999999,232.0,2.435344827586207,Slow Moving
8673,1106,10.99,12154.94,588.0,1.880952380952381,Normal
8674,496,8.99,4459.04,442.0,1.1221719457013575,Normal
8677,275,35.99,9897.25,57.0,4.824561403508772,Slow Moving
8678,4823,16.99,81942.76999999999,2842.0,1.6970443349753694,Normal
8680,6646,36.99,245835.54,4047.0,1.6422041018038054,Normal
8687,69,10.99,758.3100000000001,63.0,1.0952380952380953,Normal
8688,154,10.99,1692.46,79.0,1.9493670886075949,Normal
8689,483,10.99,5308.17,354.0,1.3644067796610169,Normal
8691,2821,15.99,45107.79,2008.0,1.4048804780876494,Normal
8693,907,9.99,9060.93,848.0,1.0695754716981132,Normal
8694,969,10.99,10649.31,377.0,2.570291777188329,Slow Moving
8696,595,10.99,6539.05,259.0,2.2972972972972974,Slow Moving
8699,7,7.99,55.93,6.0,1.1666666666666667,Normal
8700,2271,24.95,56661.45,257.0,8.836575875486382,Slow Moving
8701,795,9.99,7942.05,446.0,1.7825112107623318,Normal
8704,1148,19.99,22948.519999999997,85.0,13.505882352941176,Slow Moving
8705,9,7.99,71.91,6.0,1.5,Normal
8708,51,6.29,320.79,42.0,1.2142857142857142,Normal
8712,229,13.99,3203.71,0.0,inf,Dead Stock
8717,149,15.99,2382.51,20.0,7.45,Slow Moving
8718,16,4.99,79.84,0.0,inf,Dead Stock
8720,64,7.989999999999999,511.35999999999996,36.0,1.7777777777777777,Normal
8725,705,15.99,11272.95,317.0,2.22397476340694,Slow Moving
8726,7231,1.99,14389.69,5356.0,1.3500746825989545,Normal
8727,1023,29.989999999999995,30679.769999999993,249.0,4.108433734939759,Slow Moving
8728,361,13.99,5050.39,59.0,6.11864406779661,Slow Moving
8730,1129,7.99,9020.710000000001,746.0,1.5134048257372654,Normal
8737,1381,11.99,16558.19,552.0,2.5018115942028984,Slow Moving
8741,541,24.99,13519.589999999998,103.0,5.252427184466019,Slow Moving
8744,821,17.99,14769.789999999999,243.0,3.3786008230452675,Slow Moving
8746,2355,8.99,21171.45,3538.0,0.6656302996042962,Normal
8749,949,15.989999999999998,15174.509999999998,160.0,5.93125,Slow Moving
8761,1433,10.99,15748.67,1432.0,1.0006983240223464,Normal
8778,1516,47.99,72752.84,556.0,2.726618705035971,Slow Moving
8780,713,15.989999999999998,11400.869999999999,213.0,3.347417840375587,Slow Moving
8781,3765,16.99,63967.34999999999,1840.0,2.046195652173913,Slow Moving
8787,348,13.99,4868.52,57.0,6.105263157894737,Slow Moving
8788,5257,1.99,10461.43,1644.0,3.1976885644768855,Slow Moving
8790,703,15.989999999999998,11240.97,704.0,0.9985795454545454,Normal
8793,1515,18.99,28769.85,0.0,inf,Dead Stock
8808,432,17.99,7771.679999999999,267.0,1.6179775280898876,Normal
8815,3240,8.99,29127.600000000002,1713.0,1.8914185639229422,Normal
8818,10,49.99,499.90000000000003,0.0,inf,Dead Stock
8819,914,6.99,6388.860000000001,1060.0,0.8622641509433963,Normal
8822,7782,1.99,15486.18,5334.0,1.4589426321709786,Normal
8823,1078,7.989999999999999,8613.22,769.0,1.401820546163849,Normal
8828,558,13.99,7806.42,4.0,139.5,Slow Moving
8837,1012,5.99,6061.88,1038.0,0.9749518304431599,Normal
8838,2903,12.99,37709.97,1039.0,2.7940327237728586,Slow Moving
8840,1469,11.99,17613.31,827.0,1.7762998790810156,Normal
8847,1109,5.99,6642.91,550.0,2.0163636363636366,Slow Moving
8848,1749,0.99,1731.51,81.0,21.59259259259259,Slow Moving
8875,93,22.990000000000002,2138.07,37.0,2.5135135135135136,Slow Moving
8877,190,15.99,3038.1,93.0,2.043010752688172,Slow Moving
8892,2158,26.99,58244.42,354.0,6.096045197740113,Slow Moving
8893,1043,16.99,17720.57,463.0,2.2526997840172784,Slow Moving
8895,258,17.99,4641.419999999999,53.0,4.867924528301887,Slow Moving
8897,547,49.99,27344.530000000002,150.0,3.6466666666666665,Slow Moving
8898,818,25.99,21259.82,433.0,1.8891454965357968,Normal
8905,484,11.99,5803.16,354.0,1.3672316384180792,Normal
8907,246,6.99,1719.54,201.0,1.2238805970149254,Normal
8908,6,6.99,41.94,18.0,0.3333333333333333,Fast Moving
8909,28,6.99,195.72,30.0,0.9333333333333333,Normal
8910,8158,0.9900000000000001,8076.420000000001,9104.0,0.8960896309314587,Normal
8918,186,32.99,6136.14,17.0,10.941176470588236,Slow Moving
8921,1973,16.95,33442.35,412.0,4.788834951456311,Slow Moving
8922,592,7.99,4730.08,571.0,1.0367775831873904,Normal
8929,966,12.99,12548.34,275.0,3.5127272727272727,Slow Moving
8930,16,15.99,255.84,0.0,inf,Dead Stock
8943,4,9.99,39.96,59.0,0.06779661016949153,Fast Moving
8958,1,9.99,9.99,66.0,0.015151515151515152,Fast Moving
8961,9123,1.49,13593.27,7046.0,1.2947771785410163,Normal
8962,877,17.99,15777.229999999998,114.0,7.692982456140351,Slow Moving
8965,124,54.99,6818.76,31.0,4.0,Slow Moving
8970,860,9.99,8591.4,480.0,1.7916666666666667,Normal
8976,237,29.99,7107.629999999999,9.0,26.333333333333332,Slow Moving
8978,467,16.99,7934.329999999999,332.0,1.4066265060240963,Normal
8979,6,14.99,89.94,0.0,inf,Dead Stock
8985,1317,5.99,7888.83,623.0,2.113964686998395,Slow Moving
8986,43,15.99,687.57,4.0,10.75,Slow Moving
9037,497,19.99,9935.029999999999,250.0,1.988,Normal
9092,244,29.99,7317.5599999999995,54.0,4.518518518518518,Slow Moving
9109,2930,0.9899999999999999,2900.7,789.0,3.7135614702154625,Slow Moving
9115,3,14.49,43.47,119.0,0.025210084033613446,Fast Moving
9116,1398,24.99,34936.02,37.0,37.78378378378378,Slow Moving
9118,11,14.49,159.39000000000001,177.0,0.062146892655367235,Fast Moving
9126,12,21.99,263.88,0.0,inf,Dead Stock
9129,569,4.99,2839.31,303.0,1.8778877887788779,Normal
9131,4,22.99,91.96,0.0,inf,Dead Stock
9136,5,14.49,72.45,149.0,0.03355704697986577,Fast Moving
9140,22,21.99,483.78,40.0,0.55,Normal
9145,7147,0.99,7075.53,6637.0,1.0768419466626489,Normal
9147,292,56.99,16641.08,13.0,22.46153846153846,Slow Moving
9160,2679,0.9899999999999999,2652.2099999999996,0.0,inf,Dead Stock
9191,7,0.99,6.93,114.0,0.06140350877192982,Fast Moving
9195,0,0.99,0.0,0.0,inf,Dead Stock
9201,0,0.99,0.0,0.0,inf,Dead Stock
9256,75,29.99,2249.25,87.0,0.8620689655172413,Normal
9291,4,799.99,3199.96,0.0,inf,Dead Stock
9304,224,21.99,4925.759999999999,63.0,3.5555555555555554,Slow Moving
9358,340,59.99,20396.600000000002,53.0,6.415094339622642,Slow Moving
9359,1,259.99,259.99,0.0,inf,Dead Stock
9360,304,49.99,15196.960000000001,51.0,5.96078431372549,Slow Moving
9361,87,69.99,6089.129999999999,18.0,4.833333333333333,Slow Moving
9388,922,23.99,22118.78,190.0,4.852631578947369,Slow Moving
9823,23,28.99,666.77,0.0,inf,Dead Stock
10009,13,5.99,77.87,0.0,inf,Dead Stock
10010,18,5.99,107.82000000000001,0.0,inf,Dead Stock
10011,28,5.99,167.72,0.0,inf,Dead Stock
10021,205,13.99,2867.95,79.0,2.5949367088607596,Slow Moving
10030,149,9.99,1488.51,26.0,5.730769230769231,Slow Moving
10032,23,19.99,459.77,0.0,inf,Dead Stock
10051,301,63.989999999999995,19260.989999999998,75.0,4.013333333333334,Slow Moving
10054,5,18.99,94.94999999999999,0.0,inf,Dead Stock
10057,2,12.99,25.98,13.0,0.15384615384615385,Fast Moving
10058,2062,14.99,30909.38,1544.0,1.3354922279792747,Normal
10062,646,8.99,5807.54,440.0,1.4681818181818183,Normal
10121,80,34.99,2799.2000000000003,14.0,5.714285714285714,Slow Moving
10124,16,10.99,175.84,15.0,1.0666666666666667,Normal
10127,3,11.99,35.97,5.0,0.6,Normal
10162,2,241.49,482.98,0.0,inf,Dead Stock
10163,196,12.99,2546.04,0.0,inf,Dead Stock
10164,298,15.99,4765.02,54.0,5.518518518518518,Slow Moving
10175,176,7.989999999999999,1406.2399999999998,73.0,2.410958904109589,Slow Moving
10205,282,26.99,7611.179999999999,55.0,5.127272727272727,Slow Moving
10227,189,9.99,1888.1100000000001,72.0,2.625,Slow Moving
10229,12,3.29,39.480000000000004,0.0,inf,Dead Stock
10233,19,5.49,104.31,0.0,inf,Dead Stock
10235,50,10.49,524.5,48.0,1.0416666666666667,Normal
10236,2374,11.95,28369.3,882.0,2.691609977324263,Slow Moving
10238,674,15.99,10777.26,247.0,2.7287449392712553,Slow Moving
10239,1248,13.99,17459.52,887.0,1.406989853438557,Normal
10254,1461,6.989999999999999,10212.39,195.0,7.492307692307692,Slow Moving
10264,15,29.99,449.84999999999997,212.0,0.07075471698113207,Fast Moving
10265,1,65.99,65.99,0.0,inf,Dead Stock
10266,2976,15.99,47586.24,1123.0,2.6500445235975065,Slow Moving
10267,28,35.99,1007.72,32.0,0.875,Normal
10273,13,9.99,129.87,0.0,inf,Dead Stock
10274,11,9.99,109.89,4.0,2.75,Slow Moving
10283,214,3.9900000000000007,853.8600000000001,392.0,0.5459183673469388,Normal
10296,560,15.989999999999998,8954.4,399.0,1.4035087719298245,Normal
10298,525,9.99,5244.75,245.0,2.142857142857143,Slow Moving
10336,7,11.99,83.93,7.0,1.0,Normal
10337,7,11.99,83.93,0.0,inf,Dead Stock
10357,658,7.99,5257.42,146.0,4.506849315068493,Slow Moving
10358,9,7.99,71.91,0.0,inf,Dead Stock
10359,39,47.99,1871.6100000000001,5.0,7.8,Slow Moving
10370,13,25.99,337.87,3.0,4.333333333333333,Slow Moving
10372,14,7.989999999999999,111.85999999999999,172.0,0.08139534883720931,Fast Moving
10374,11,7.99,87.89,11.0,1.0,Normal
10380,279,10.99,3066.21,3.0,93.0,Slow Moving
10398,39,34.99,1364.6100000000001,1.0,39.0,Slow Moving
10399,7,34.99,244.93,1.0,7.0,Slow Moving
10400,54,57.99,3131.46,8.0,6.75,Slow Moving
10402,6,539.99,3239.94,0.0,inf,Dead Stock
10414,284,13.99,3973.16,11.0,25.818181818181817,Slow Moving
10415,372,14.990000000000002,5576.280000000001,43.0,8.651162790697674,Slow Moving
10420,1345,4.99,6711.55,1249.0,1.076861489191353,Normal
10421,2168,10.99,23826.32,1570.0,1.3808917197452228,Normal
10422,384,9.989999999999998,3836.1599999999994,146.0,2.6301369863013697,Slow Moving
10440,29,29.99,869.7099999999999,0.0,inf,Dead Stock
10441,805,16.99,13676.949999999999,85.0,9.470588235294118,Slow Moving
10443,1966,11.99,23572.34,431.0,4.561484918793504,Slow Moving
10451,1576,9.99,15744.24,1473.0,1.0699253224711474,Normal
10452,260,9.99,2597.4,110.0,2.3636363636363638,Slow Moving
10453,1265,9.989999999999998,12637.349999999999,429.0,2.948717948717949,Slow Moving
10454,8,8.99,71.92,0.0,inf,Dead Stock
10455,21,8.99,188.79,0.0,inf,Dead Stock
10457,22,8.99,197.78,0.0,inf,Dead Stock
10469,217,16.99,3686.8299999999995,33.0,6.575757575757576,Slow Moving
10470,296,16.99,5029.04,38.0,7.7894736842105265,Slow Moving
10472,4316,8.99,38800.840000000004,467.0,9.241970021413277,Slow Moving
10531,170,14.99,2548.3,50.0,3.4,Slow Moving
10576,227,11.99,2721.73,89.0,2.550561797752809,Slow Moving
10579,2005,9.99,20029.95,484.0,4.142561983471074,Slow Moving
10581,338,9.99,3376.62,132.0,2.5606060606060606,Slow Moving
10589,12,3.99,47.88,0.0,inf,Dead Stock
10591,7,29.99,209.92999999999998,30.0,0.23333333333333334,Fast Moving
10596,670,14.99,10043.3,549.0,1.2204007285974499,Normal
10603,264,10.99,2901.36,194.0,1.3608247422680413,Normal
10606,208,10.99,2285.92,95.0,2.1894736842105265,Slow Moving
10609,1418,11.989999999999998,17001.819999999996,283.0,5.010600706713781,Slow Moving
10618,21,9.99,209.79,5.0,4.2,Slow Moving
10621,100,16.99,1698.9999999999998,30.0,3.3333333333333335,Slow Moving
10623,135,46.99,6343.650000000001,7.0,19.285714285714285,Slow Moving
10624,111,56.99,6325.89,9.0,12.333333333333334,Slow Moving
10625,120,66.99,8038.799999999999,6.0,20.0,Slow Moving
10626,1811,10.99,19902.89,627.0,2.8883572567783093,Slow Moving
10631,12,10.99,131.88,0.0,inf,Dead Stock
10632,21,7.49,157.29,0.0,inf,Dead Stock
10642,43,24.99,1074.57,1.0,43.0,Slow Moving
10647,111,16.99,1885.8899999999999,59.0,1.88135593220339,Normal
10650,7,15.99,111.93,27.0,0.25925925925925924,Fast Moving
10666,491,4.99,2450.09,59.0,8.322033898305085,Slow Moving
10676,105,42.99,4513.95,28.0,3.75,Slow Moving
10680,439,10.99,4824.61,198.0,2.217171717171717,Slow Moving
10701,31,9.99,309.69,12.0,2.5833333333333335,Slow Moving
10702,249,11.99,2985.51,123.0,2.024390243902439,Slow Moving
10704,17,8.99,152.83,0.0,inf,Dead Stock
10705,17,8.99,152.83,0.0,inf,Dead Stock
10706,8,8.99,71.92,24.0,0.3333333333333333,Fast Moving
10707,2,9.99,19.98,0.0,inf,Dead Stock
10708,24,13.99,335.76,12.0,2.0,Normal
10715,238,14.99,3567.62,93.0,2.5591397849462365,Slow Moving
10722,225,7.99,1797.75,28.0,8.035714285714286,Slow Moving
10723,2983,8.99,26817.170000000002,1127.0,2.6468500443655723,Slow Moving
10724,52,4.79,249.08,30.0,1.7333333333333334,Normal
10727,2533,9.99,25304.670000000002,1850.0,1.3691891891891892,Normal
10731,241,15.99,3853.59,19.0,12.68421052631579,Slow Moving
10732,236,15.99,3773.64,39.0,6.051282051282051,Slow Moving
10733,220,12.99,2857.8,7.0,31.428571428571427,Slow Moving
10734,188,17.99,3382.12,52.0,3.6153846153846154,Slow Moving
10735,91,13.99,1273.09,27.0,3.3703703703703702,Slow Moving
10750,133,26.990000000000002,3589.67,48.0,2.7708333333333335,Slow Moving
10762,82,7.29,597.78,25.0,3.28,Slow Moving
10766,12,13.99,167.88,5.0,2.4,Slow Moving
10792,7,157.99,1105.93,3.0,2.3333333333333335,Slow Moving
10863,17,64.99,1104.83,9.0,1.8888888888888888,Normal
10864,15,85.99,1289.85,1.0,15.0,Slow Moving
10869,12,24.99,299.88,0.0,inf,Dead Stock
10870,136,18.99,2582.64,17.0,8.0,Slow Moving
10874,789,10.99,8671.11,657.0,1.2009132420091324,Normal
10895,357,22.99,8207.43,235.0,1.5191489361702128,Normal
10910,23,59.99,1379.77,2.0,11.5,Slow Moving
10916,218,13.99,3049.82,45.0,4.844444444444444,Slow Moving
10927,633,9.99,6323.67,214.0,2.957943925233645,Slow Moving
10931,176,10.99,1934.24,77.0,2.2857142857142856,Slow Moving
10932,123,10.99,1351.77,29.0,4.241379310344827,Slow Moving
10935,152,42.99,6534.4800000000005,12.0,12.666666666666666,Slow Moving
10957,1216,8.99,10931.84,1233.0,0.986212489862125,Normal
10972,16,17.99,287.84,31.0,0.5161290322580645,Normal
10991,1,5.79,5.79,0.0,inf,Dead Stock
11003,188,18.99,3570.12,80.0,2.35,Slow Moving
11016,7,7.99,55.93,0.0,inf,Dead Stock
11022,46,9.99,459.54,2.0,23.0,Slow Moving
11029,25,27.99,699.75,10.0,2.5,Slow Moving
11037,655,6.99,4578.45,52.0,12.596153846153847,Slow Moving
11038,81,6.989999999999999,566.1899999999999,3.0,27.0,Slow Moving
11055,252,56.99,14361.480000000001,14.0,18.0,Slow Moving
11060,35,19.99,699.65,0.0,inf,Dead Stock
11067,1335,15.989999999999998,21346.649999999998,206.0,6.480582524271845,Slow Moving
11077,2,28.99,57.98,3.0,0.6666666666666666,Normal
11080,506,8.99,4548.9400000000005,145.0,3.489655172413793,Slow Moving
11088,7,10.99,76.93,1.0,7.0,Slow Moving
11089,692,12.99,8989.08,235.0,2.9446808510638296,Slow Moving
11141,1305,12.99,16951.95,1459.0,0.8944482522275531,Normal
11143,13,7.99,103.87,0.0,inf,Dead Stock
11149,282,15.99,4509.18,2.0,141.0,Slow Moving
11150,7,7.99,55.93,0.0,inf,Dead Stock
11152,637,8.99,5726.63,247.0,2.5789473684210527,Slow Moving
11153,110,8.99,988.9,89.0,1.2359550561797752,Normal
11154,55,8.99,494.45,89.0,0.6179775280898876,Normal
11156,57,8.99,512.4300000000001,33.0,1.7272727272727273,Normal
11163,23,23.99,551.77,0.0,inf,Dead Stock
11164,32,79.99,2559.68,2.0,16.0,Slow Moving
11174,6,9.99,59.94,6.0,1.0,Normal
11176,10,5.99,59.900000000000006,0.0,inf,Dead Stock
11181,23,18.99,436.77,0.0,inf,Dead Stock
11187,112,56.989999999999995,6382.879999999999,21.0,5.333333333333333,Slow Moving
11190,12,73.99,887.8799999999999,0.0,inf,Dead Stock
11196,2091,9.99,20889.09,620.0,3.3725806451612903,Slow Moving
11199,519,14.99,7779.81,55.0,9.436363636363636,Slow Moving
11200,110,13.990000000000002,1538.9000000000003,55.0,2.0,Normal
11207,135,14.99,2023.65,20.0,6.75,Slow Moving
11209,148,12.99,1922.52,31.0,4.774193548387097,Slow Moving
11213,2095,21.99,46069.049999999996,1589.0,1.3184392699811203,Normal
11214,1055,69.99,73839.45,534.0,1.9756554307116105,Normal
11219,7474,12.99,97087.26,7248.0,1.0311810154525387,Normal
11227,331,16.99,5623.69,80.0,4.1375,Slow Moving
11236,1,18.99,18.99,0.0,inf,Dead Stock
11238,371,20.99,7787.289999999999,252.0,1.4722222222222223,Normal
11239,9,26.99,242.91,0.0,inf,Dead Stock
11240,309,13.989999999999998,4322.91,0.0,inf,Dead Stock
11249,210,21.99,4617.9,51.0,4.117647058823529,Slow Moving
11259,49,47.99,2351.51,1.0,49.0,Slow Moving
11263,32,21.99,703.68,3.0,10.666666666666666,Slow Moving
11279,5,44.99,224.95000000000002,5.0,1.0,Normal
11280,6,32.99,197.94,0.0,inf,Dead Stock
11285,1,79.99,79.99,0.0,inf,Dead Stock
11296,221,13.99,3091.79,10.0,22.1,Slow Moving
11306,32,13.99,447.68,16.0,2.0,Normal
11310,231,66.99,15474.689999999999,14.0,16.5,Slow Moving
11313,50,4.99,249.5,0.0,inf,Dead Stock
11319,19,12.99,246.81,1.0,19.0,Slow Moving
11320,335,11.99,4016.65,143.0,2.3426573426573425,Slow Moving
11321,59,119.99,7079.41,5.0,11.8,Slow Moving
11333,328,13.99,4588.72,23.0,14.26086956521739,Slow Moving
11336,54,9.99,539.46,0.0,inf,Dead Stock
11337,325,27.99,9096.75,43.0,7.558139534883721,Slow Moving
11340,302,13.99,4224.9800000000005,7.0,43.142857142857146,Slow Moving
11353,307,64.99,19951.929999999997,28.0,10.964285714285714,Slow Moving
11354,242,9.99,2417.58,207.0,1.1690821256038648,Normal
11366,189,9.99,1888.1100000000001,36.0,5.25,Slow Moving
11367,520,9.99,5194.8,174.0,2.9885057471264367,Slow Moving
11373,12,6.99,83.88,0.0,inf,Dead Stock
11385,55,45.99,2529.4500000000003,0.0,inf,Dead Stock
11396,154,13.99,2154.46,68.0,2.264705882352941,Slow Moving
11397,199,11.99,2386.01,28.0,7.107142857142857,Slow Moving
11414,1425,6.99,9960.75,212.0,6.721698113207547,Slow Moving
11423,330,5.49,1811.7,2.0,165.0,Slow Moving
11424,16,11.99,191.84,0.0,inf,Dead Stock
11426,12,9.99,119.88,0.0,inf,Dead Stock
11427,5,5.49,27.450000000000003,1.0,5.0,Slow Moving
11432,19,9.99,189.81,0.0,inf,Dead Stock
11433,4,9.99,39.96,24.0,0.16666666666666666,Fast Moving
11437,166,15.99,2654.34,47.0,3.5319148936170213,Slow Moving
11440,352,14.989999999999998,5276.48,283.0,1.243816254416961,Normal
11441,409,16.99,6948.909999999999,127.0,3.220472440944882,Slow Moving
11443,164,8.99,1474.3600000000001,41.0,4.0,Slow Moving
11449,216,12.99,2805.84,49.0,4.408163265306122,Slow Moving
11453,14,16.99,237.85999999999999,0.0,inf,Dead Stock
11456,796,34.99,27852.04,164.0,4.853658536585366,Slow Moving
11460,369,39.99,14756.310000000001,51.0,7.235294117647059,Slow Moving
11468,12,19.99,239.88,0.0,inf,Dead Stock
11480,711,14.99,10657.89,69.0,10.304347826086957,Slow Moving
11488,956,12.99,12418.44,903.0,1.0586932447397563,Normal
11489,40,7.989999999999999,319.59999999999997,0.0,inf,Dead Stock
11499,372,27.99,10412.279999999999,185.0,2.0108108108108107,Slow Moving
11553,82,186.99,15333.18,0.0,inf,Dead Stock
11640,266,13.99,3721.34,8.0,33.25,Slow Moving
11653,4,16.99,67.96,0.0,inf,Dead Stock
11698,384,11.99,4604.16,210.0,1.8285714285714285,Normal
11699,80,6.49,519.2,17.0,4.705882352941177,Slow Moving
11703,64,20.99,1343.36,13.0,4.923076923076923,Slow Moving
11745,251,8.99,2256.4900000000002,104.0,2.4134615384615383,Slow Moving
11749,33,15.99,527.67,18.0,1.8333333333333333,Normal
11768,22,11.49,252.78,0.0,inf,Dead Stock
11769,46,5.29,243.34,0.0,inf,Dead Stock
11770,15,13.99,209.85,2.0,7.5,Slow Moving
11771,125,27.990000000000002,3498.7500000000005,22.0,5.681818181818182,Slow Moving
11774,16,224.99,3599.84,3.0,5.333333333333333,Slow Moving
11775,16,224.99,3599.84,5.0,3.2,Slow Moving
11776,18,224.99,4049.82,5.0,3.6,Slow Moving
11808,12,10.99,131.88,0.0,inf,Dead Stock
11819,112,14.99,1678.88,25.0,4.48,Slow Moving
11821,360,17.99,6476.4,187.0,1.9251336898395721,Normal
11825,5279,7.49,39539.71,1717.0,3.074548631333722,Slow Moving
11826,6814,7.49,51036.86,3270.0,2.0837920489296637,Slow Moving
11827,2519,7.49,18867.31,1162.0,2.167814113597246,Slow Moving
11828,5931,7.49,44423.19,3085.0,1.9225283630470016,Normal
11854,464,14.990000000000002,6955.360000000001,218.0,2.128440366972477,Slow Moving
11856,142,11.990000000000002,1702.5800000000004,25.0,5.68,Slow Moving
11868,36,6.989999999999999,251.64,1.0,36.0,Slow Moving
11873,18,6.99,125.82000000000001,0.0,inf,Dead Stock
11880,27,36.99,998.73,0.0,inf,Dead Stock
11881,8,36.99,295.92,0.0,inf,Dead Stock
11888,597,14.99,8949.03,459.0,1.3006535947712419,Normal
11891,204,59.99,12237.960000000001,24.0,8.5,Slow Moving
11915,1269,31.99,40595.31,232.0,5.469827586206897,Slow Moving
11917,5,205.99,1029.95,0.0,inf,Dead Stock
11926,305,13.99,4266.95,146.0,2.089041095890411,Slow Moving
11928,4,32.99,131.96,0.0,inf,Dead Stock
11932,100,27.990000000000002,2799.0,36.0,2.7777777777777777,Slow Moving
11957,1323,9.99,13216.77,823.0,1.6075334143377886,Normal
11970,1344,14.99,20146.56,676.0,1.9881656804733727,Normal
12005,17,56.989999999999995,968.8299999999999,0.0,inf,Dead Stock
12021,10,9.99,99.9,0.0,inf,Dead Stock
12024,253,18.99,4804.469999999999,41.0,6.170731707317073,Slow Moving
12039,30,11.99,359.7,0.0,inf,Dead Stock
12052,50,14.99,749.5,4.0,12.5,Slow Moving
12067,43,6.99,300.57,59.0,0.7288135593220338,Normal
12069,607,7.99,4849.93,231.0,2.6277056277056277,Slow Moving
12073,22,8.99,197.78,1.0,22.0,Slow Moving
12076,22,79.99,1759.78,0.0,inf,Dead Stock
12078,338,12.989999999999998,4390.62,211.0,1.6018957345971565,Normal
12079,153,12.99,1987.47,53.0,2.8867924528301887,Slow Moving
12084,1,35.99,35.99,1.0,1.0,Normal
12086,622,13.99,8701.78,49.0,12.693877551020408,Slow Moving
12089,15,37.99,569.85,0.0,inf,Dead Stock
12090,5,10.99,54.95,0.0,inf,Dead Stock
12109,424,18.99,8051.759999999999,138.0,3.072463768115942,Slow Moving
12110,571,15.989999999999998,9130.289999999999,215.0,2.655813953488372,Slow Moving
12111,1242,15.99,19859.58,258.0,4.813953488372093,Slow Moving
12115,21,5.99,125.79,0.0,inf,Dead Stock
12116,687,11.99,8237.130000000001,78.0,8.807692307692308,Slow Moving
12123,783,4.99,3907.17,735.0,1.0653061224489795,Normal
12124,13,4.99,64.87,0.0,inf,Dead Stock
12125,7,9.99,69.93,0.0,inf,Dead Stock
12134,15,10.99,164.85,6.0,2.5,Slow Moving
12139,2,219.99,439.98,7.0,0.2857142857142857,Fast Moving
12140,462,9.99,4615.38,139.0,3.323741007194245,Slow Moving
12147,2817,7.99,22507.83,1108.0,2.542418772563177,Slow Moving
12149,11,35.99,395.89000000000004,14.0,0.7857142857142857,Normal
12154,213,17.99,3831.87,42.0,5.071428571428571,Slow Moving
12155,371,9.99,3706.29,174.0,2.132183908045977,Slow Moving
12165,43,22.99,988.5699999999999,33.0,1.303030303030303,Normal
12181,1108,37.99,42092.920000000006,220.0,5.036363636363636,Slow Moving
12191,126,13.99,1762.74,79.0,1.5949367088607596,Normal
12192,304,69.99,21276.96,11.0,27.636363636363637,Slow Moving
12199,2,54.99,109.98,2.0,1.0,Normal
12203,663,9.99,6623.37,500.0,1.326,Normal
12204,34,5.99,203.66,37.0,0.918918918918919,Normal
12211,530,18.99,10064.699999999999,92.0,5.760869565217392,Slow Moving
12212,935,18.99,17755.649999999998,42.0,22.261904761904763,Slow Moving
12213,1781,8.99,16011.19,1351.0,1.318282753515914,Normal
12216,2188,9.99,21858.12,1067.0,2.050609184629803,Slow Moving
12218,12,7.99,95.88,19.0,0.631578947368421,Normal
12220,1985,9.99,19830.15,2055.0,0.9659367396593674,Normal
12224,248,12.99,3221.52,31.0,8.0,Slow Moving
12227,900,12.99,11691.0,214.0,4.205607476635514,Slow Moving
12234,271,6.99,1894.29,60.0,4.516666666666667,Slow Moving
12235,212,21.990000000000002,4661.88,45.0,4.711111111111111,Slow Moving
12256,2,13.99,27.98,0.0,inf,Dead Stock
12257,9,13.99,125.91,0.0,inf,Dead Stock
12258,9,13.99,125.91,0.0,inf,Dead Stock
12259,22,13.99,307.78000000000003,1.0,22.0,Slow Moving
12268,15,8.99,134.85,12.0,1.25,Normal
12269,21,8.99,188.79,0.0,inf,Dead Stock
12270,275,13.990000000000002,3847.2500000000005,77.0,3.5714285714285716,Slow Moving
12271,207,12.99,2688.93,29.0,7.137931034482759,Slow Moving
12273,8,12.99,103.92,0.0,inf,Dead Stock
12304,81,11.99,971.19,0.0,inf,Dead Stock
12306,89,13.99,1245.1100000000001,0.0,inf,Dead Stock
12307,10,17.99,179.89999999999998,0.0,inf,Dead Stock
12310,225,18.99,4272.75,47.0,4.787234042553192,Slow Moving
12324,115,27.99,3218.85,19.0,6.052631578947368,Slow Moving
12339,375,15.989999999999998,5996.249999999999,0.0,inf,Dead Stock
12340,0,14.99,0.0,1.0,0.0,Fast Moving
12343,319,17.99,5738.8099999999995,213.0,1.4976525821596245,Normal
12351,26,19.99,519.74,7.0,3.7142857142857144,Slow Moving
12353,20,19.99,399.79999999999995,4.0,5.0,Slow Moving
12355,20,14.99,299.8,2.0,10.0,Slow Moving
12368,781,11.990000000000002,9364.190000000002,270.0,2.8925925925925924,Slow Moving
12374,85,9.99,849.15,61.0,1.3934426229508197,Normal
12378,22,12.99,285.78000000000003,12.0,1.8333333333333333,Normal
12387,389,15.989999999999998,6220.11,35.0,11.114285714285714,Slow Moving
12388,10,30.99,309.9,11.0,0.9090909090909091,Normal
12389,6,10.99,65.94,18.0,0.3333333333333333,Fast Moving
12390,23,5.99,137.77,3.0,7.666666666666667,Slow Moving
12394,12,7.49,89.88,0.0,inf,Dead Stock
12401,8,4.99,39.92,0.0,inf,Dead Stock
12415,117,8.99,1051.83,45.0,2.6,Slow Moving
12416,177,8.99,1591.23,116.0,1.5258620689655173,Normal
12420,7,21.99,153.92999999999998,0.0,inf,Dead Stock
12428,60,69.99,4199.4,38.0,1.5789473684210527,Normal
12429,0,15.99,0.0,40.0,0.0,Fast Moving
12443,247,7.99,1973.53,1.0,247.0,Slow Moving
12449,19,55.49,1054.31,0.0,inf,Dead Stock
12450,248,8.99,2229.52,126.0,1.9682539682539681,Normal
12465,363,14.99,5441.37,747.0,0.4859437751004016,Fast Moving
12473,398,11.99,4772.02,204.0,1.9509803921568627,Normal
12475,22,18.99,417.78,3.0,7.333333333333333,Slow Moving
12476,0,15.99,0.0,10.0,0.0,Fast Moving
12477,89,18.99,1690.11,16.0,5.5625,Slow Moving
12478,172,18.99,3266.2799999999997,46.0,3.739130434782609,Slow Moving
12479,745,12.99,9677.55,331.0,2.2507552870090635,Slow Moving
12494,158,3.9899999999999998,630.42,197.0,0.8020304568527918,Normal
12495,1303,7.49,9759.470000000001,663.0,1.9653092006033182,Normal
12496,21,7.49,157.29,2.0,10.5,Slow Moving
12505,631,9.99,6303.6900000000005,341.0,1.8504398826979471,Normal
12506,6,35.99,215.94,0.0,inf,Dead Stock
12507,99,26.99,2672.0099999999998,18.0,5.5,Slow Moving
12511,78,14.99,1169.22,29.0,2.689655172413793,Slow Moving
12515,28,12.99,363.72,0.0,inf,Dead Stock
12517,26,12.99,337.74,0.0,inf,Dead Stock
12518,9,4.99,44.910000000000004,0.0,inf,Dead Stock
12519,68,4.99,339.32,4.0,17.0,Slow Moving
12520,535,7.99,4274.650000000001,325.0,1.646153846153846,Normal
12532,1,15.99,15.99,0.0,inf,Dead Stock
12534,232,9.99,2317.68,144.0,1.6111111111111112,Normal
12536,39,10.99,428.61,24.0,1.625,Normal
12538,29,10.99,318.71,2.0,14.5,Slow Moving
12543,19,13.99,265.81,0.0,inf,Dead Stock
12544,12,16.99,203.88,0.0,inf,Dead Stock
12561,80,24.99,1999.1999999999998,0.0,inf,Dead Stock
12570,1,229.99,229.99,0.0,inf,Dead Stock
12585,15,14.99,224.85,1.0,15.0,Slow Moving
12586,2077,10.99,22826.23,1164.0,1.784364261168385,Normal
12589,54,4.79,258.66,197.0,0.27411167512690354,Fast Moving
12592,18,26.99,485.82,7.0,2.5714285714285716,Slow Moving
12593,35,26.99,944.65,17.0,2.0588235294117645,Slow Moving
12595,42,7.99,335.58,7.0,6.0,Slow Moving
12606,23,15.99,367.77,0.0,inf,Dead Stock
12607,40,26.99,1079.6,20.0,2.0,Normal
12621,20,12.99,259.8,0.0,inf,Dead Stock
12637,7,8.99,62.93,2.0,3.5,Slow Moving
12646,66,52.99,3497.34,3.0,22.0,Slow Moving
12650,538,9.989999999999998,5374.619999999999,0.0,inf,Dead Stock
12655,0,34.99,0.0,2.0,0.0,Fast Moving
12656,228,49.99,11397.720000000001,20.0,11.4,Slow Moving
12662,175,13.99,2448.25,20.0,8.75,Slow Moving
12663,342,10.99,3758.58,229.0,1.4934497816593886,Normal
12666,1198,12.99,15562.02,1088.0,1.1011029411764706,Normal
12681,176,13.99,2462.2400000000002,59.0,2.983050847457627,Slow Moving
12684,216,14.99,3237.84,14.0,15.428571428571429,Slow Moving
12685,367,13.99,5134.33,161.0,2.279503105590062,Slow Moving
12690,26,28.99,753.74,11.0,2.3636363636363638,Slow Moving
12697,206,11.99,2469.94,0.0,inf,Dead Stock
12747,955,4.99,4765.45,780.0,1.2243589743589745,Normal
12757,92,9.99,919.08,24.0,3.8333333333333335,Slow Moving
12768,32,10.99,351.68,12.0,2.6666666666666665,Slow Moving
12771,2577,12.99,33475.23,1771.0,1.4551101072840202,Normal
12772,518,13.99,7246.82,315.0,1.6444444444444444,Normal
12773,614,13.99,8589.86,154.0,3.987012987012987,Slow Moving
12775,810,9.99,8091.900000000001,706.0,1.1473087818696883,Normal
12803,146,16.99,2480.54,22.0,6.636363636363637,Slow Moving
12900,28,5.989999999999999,167.71999999999997,13.0,2.1538461538461537,Slow Moving
12901,450,8.99,4045.5,279.0,1.6129032258064515,Normal
12910,72,61.99,4463.28,4.0,18.0,Slow Moving
12913,39,88.99,3470.6099999999997,5.0,7.8,Slow Moving
12924,224,12.99,2909.76,24.0,9.333333333333334,Slow Moving
12943,872,9.99,8711.28,491.0,1.7759674134419552,Normal
12944,579,12.99,7521.21,312.0,1.8557692307692308,Normal
12945,445,12.99,5780.55,299.0,1.4882943143812708,Normal
12946,338,9.989999999999998,3376.6199999999994,117.0,2.888888888888889,Slow Moving
12951,312,11.99,3740.88,126.0,2.4761904761904763,Slow Moving
12963,71,8.99,638.29,79.0,0.8987341772151899,Normal
12994,2193,12.99,28487.07,678.0,3.234513274336283,Slow Moving
13052,777,8.49,6596.7300000000005,341.0,2.278592375366569,Slow Moving
13059,10,84.99,849.9,0.0,inf,Dead Stock
13060,0,84.99,0.0,0.0,inf,Dead Stock
13061,124,187.99,23310.760000000002,1.0,124.0,Slow Moving
13062,24,55.99,1343.76,12.0,2.0,Normal
13064,51,99.99,5099.49,6.0,8.5,Slow Moving
13065,74,89.99,6659.259999999999,25.0,2.96,Slow Moving
13081,233,30.989999999999995,7220.669999999999,24.0,9.708333333333334,Slow Moving
13082,17,54.99,934.83,0.0,inf,Dead Stock
13086,38,279.99,10639.62,5.0,7.6,Slow Moving
13097,895,8.99,8046.05,146.0,6.13013698630137,Slow Moving
13113,193,32.99,6367.070000000001,48.0,4.020833333333333,Slow Moving
13122,29,14.99,434.71,27.0,1.0740740740740742,Normal
13123,232,14.99,3477.68,46.0,5.043478260869565,Slow Moving
13124,126,12.99,1636.74,28.0,4.5,Slow Moving
13129,13,10.99,142.87,0.0,inf,Dead Stock
13132,10,10.99,109.9,2.0,5.0,Slow Moving
13141,550,9.99,5494.5,458.0,1.2008733624454149,Normal
13143,279,15.99,4461.21,74.0,3.77027027027027,Slow Moving
13144,63,12.99,818.37,3.0,21.0,Slow Moving
13145,14,18.99,265.85999999999996,0.0,inf,Dead Stock
13147,208,19.99,4157.92,113.0,1.8407079646017699,Normal
13154,1047,13.99,14647.53,458.0,2.2860262008733625,Slow Moving
13163,2786,6.95,19362.7,508.0,5.484251968503937,Slow Moving
13181,1,15.99,15.99,15.0,0.06666666666666667,Fast Moving
13188,12,12.99,155.88,0.0,inf,Dead Stock
13215,216,26.49,5721.839999999999,631.0,0.34231378763866877,Fast Moving
13220,21,4.99,104.79,0.0,inf,Dead Stock
13224,21,13.99,293.79,0.0,inf,Dead Stock
13225,472,21.99,10379.279999999999,95.0,4.968421052631579,Slow Moving
13229,10,99.99,999.9,4.0,2.5,Slow Moving
13242,12,12.99,155.88,3.0,4.0,Slow Moving
13244,31,79.99,2479.69,11.0,2.8181818181818183,Slow Moving
13245,29,54.99,1594.71,9.0,3.2222222222222223,Slow Moving
13251,24,15.49,371.76,13.0,1.8461538461538463,Normal
13255,12,15.99,191.88,6.0,2.0,Normal
13258,857,9.99,8561.43,416.0,2.0600961538461537,Slow Moving
13267,17,18.99,322.83,0.0,inf,Dead Stock
13268,405,6.99,2830.9500000000003,247.0,1.639676113360324,Normal
13270,16,6.99,111.84,0.0,inf,Dead Stock
13276,2,17.99,35.98,0.0,inf,Dead Stock
13278,425,29.99,12745.75,183.0,2.3224043715846996,Slow Moving
13301,17,16.99,288.83,0.0,inf,Dead Stock
13303,1357,13.99,18984.43,520.0,2.6096153846153847,Slow Moving
13310,12,10.99,131.88,0.0,inf,Dead Stock
13329,23,12.99,298.77,0.0,inf,Dead Stock
13331,2,15.99,31.98,0.0,inf,Dead Stock
13338,30,7.990000000000001,239.70000000000005,0.0,inf,Dead Stock
13339,140,7.99,1118.6000000000001,0.0,inf,Dead Stock
13341,532,21.99,11698.679999999998,185.0,2.8756756756756756,Slow Moving
13358,28,14.99,419.72,0.0,inf,Dead Stock
13363,250,16.99,4247.5,0.0,inf,Dead Stock
13375,26,16.99,441.73999999999995,0.0,inf,Dead Stock
13379,2,14.99,29.98,1.0,2.0,Normal
13393,9,13.99,125.91,55.0,0.16363636363636364,Fast Moving
13395,12,13.99,167.88,37.0,0.32432432432432434,Fast Moving
13397,535,21.99,11764.65,123.0,4.349593495934959,Slow Moving
13418,15,7.29,109.35,12.0,1.25,Normal
13422,671,9.99,6703.29,217.0,3.0921658986175116,Slow Moving
13424,12,19.99,239.88,4.0,3.0,Slow Moving
13427,135,26.99,3643.6499999999996,29.0,4.655172413793103,Slow Moving
13430,2773,11.99,33248.270000000004,2227.0,1.24517287831163,Normal
13433,116,17.99,2086.8399999999997,50.0,2.32,Slow Moving
13442,32,16.99,543.68,15.0,2.1333333333333333,Slow Moving
13443,350,11.989999999999998,4196.499999999999,0.0,inf,Dead Stock
13445,383,12.99,4975.17,184.0,2.0815217391304346,Slow Moving
13446,6,12.99,77.94,0.0,inf,Dead Stock
13447,14,5.99,83.86,0.0,inf,Dead Stock
13451,223,11.99,2673.77,141.0,1.5815602836879432,Normal
13454,247,25.49,6296.03,62.0,3.9838709677419355,Slow Moving
13458,1200,8.99,10788.0,575.0,2.0869565217391304,Slow Moving
13461,735,8.99,6607.650000000001,183.0,4.016393442622951,Slow Moving
13487,213,17.99,3831.87,71.0,3.0,Slow Moving
13489,342,18.99,6494.579999999999,229.0,1.4934497816593886,Normal
13491,474,10.99,5209.26,44.0,10.772727272727273,Slow Moving
13492,455,10.99,5000.45,178.0,2.556179775280899,Slow Moving
13497,1208,9.99,12067.92,811.0,1.4895191122071516,Normal
13498,318,7.99,2540.82,252.0,1.2619047619047619,Normal
13504,197,4.99,983.0300000000001,18.0,10.944444444444445,Slow Moving
13505,260,11.99,3117.4,128.0,2.03125,Slow Moving
13525,324,39.99,12956.76,0.0,inf,Dead Stock
13528,6,19.99,119.94,0.0,inf,Dead Stock
13530,1563,17.99,28118.37,6.0,260.5,Slow Moving
13539,21,13.99,293.79,0.0,inf,Dead Stock
13546,12,3.79,45.480000000000004,0.0,inf,Dead Stock
13548,9,3.79,34.11,0.0,inf,Dead Stock
13550,92,50.99,4691.08,6.0,15.333333333333334,Slow Moving
13552,115,45.99,5288.85,36.0,3.1944444444444446,Slow Moving
13553,168,34.99,5878.320000000001,44.0,3.8181818181818183,Slow Moving
13557,120,75.99,9118.8,1.0,120.0,Slow Moving
13558,173,56.99,9859.27,15.0,11.533333333333333,Slow Moving
13561,1,11.99,11.99,1.0,1.0,Normal
13567,476,12.99,6183.24,54.0,8.814814814814815,Slow Moving
13568,0,39.99,0.0,0.0,inf,Dead Stock
13575,20,8.99,179.8,0.0,inf,Dead Stock
13576,429,5.49,2355.21,0.0,inf,Dead Stock
13581,80,49.99,3999.2000000000003,0.0,inf,Dead Stock
13582,120,82.99,9958.8,0.0,inf,Dead Stock
13590,10,13.99,139.9,0.0,inf,Dead Stock
13594,156,13.99,2182.44,38.0,4.105263157894737,Slow Moving
13595,133,49.99,6648.67,14.0,9.5,Slow Moving
13602,59,65.99,3893.41,28.0,2.107142857142857,Slow Moving
13603,175,17.99,3148.2499999999995,82.0,2.1341463414634148,Slow Moving
13604,8,17.99,143.92,0.0,inf,Dead Stock
13605,191,17.99,3436.0899999999997,20.0,9.55,Slow Moving
13606,166,37.99,6306.34,3.0,55.333333333333336,Slow Moving
13614,1368,18.99,25978.319999999996,187.0,7.315508021390374,Slow Moving
13618,170,17.99,3058.2999999999997,73.0,2.328767123287671,Slow Moving
13619,191,19.99,3818.0899999999997,36.0,5.305555555555555,Slow Moving
13620,108,13.990000000000002,1510.9200000000003,21.0,5.142857142857143,Slow Moving
13636,702,18.99,13330.98,69.0,10.173913043478262,Slow Moving
13637,422,11.989999999999998,5059.78,169.0,2.497041420118343,Slow Moving
13638,747,11.989999999999998,8956.529999999999,569.0,1.312829525483304,Normal
13651,127,13.990000000000002,1776.7300000000002,27.0,4.703703703703703,Slow Moving
13661,3416,16.95,57901.2,526.0,6.494296577946768,Slow Moving
13662,2281,16.95,38662.95,195.0,11.697435897435897,Slow Moving
13663,1222,19.99,24427.78,156.0,7.833333333333333,Slow Moving
13665,4309,12.99,55973.91,2948.0,1.4616689280868385,Normal
13669,19,19.49,370.30999999999995,12.0,1.5833333333333333,Normal
13670,176,9.99,1758.24,0.0,inf,Dead Stock
13676,2,4.99,9.98,0.0,inf,Dead Stock
13693,200,10.99,2198.0,56.0,3.5714285714285716,Slow Moving
13694,436,15.99,6971.64,187.0,2.3315508021390374,Slow Moving
13695,462,9.99,4615.38,348.0,1.3275862068965518,Normal
13696,53,6.49,343.97,23.0,2.3043478260869565,Slow Moving
13697,23,7.99,183.77,0.0,inf,Dead Stock
13700,25,7.99,199.75,0.0,inf,Dead Stock
13702,26,6.49,168.74,7.0,3.7142857142857144,Slow Moving
13703,20,6.49,129.8,15.0,1.3333333333333333,Normal
13708,514,17.99,9246.859999999999,604.0,0.8509933774834437,Normal
13709,327,9.99,3266.73,122.0,2.680327868852459,Slow Moving
13710,219,6.99,1530.81,53.0,4.132075471698113,Slow Moving
13711,174,10.99,1912.26,111.0,1.5675675675675675,Normal
13716,10,3.99,39.900000000000006,1.0,10.0,Slow Moving
13718,166,9.99,1658.3400000000001,29.0,5.724137931034483,Slow Moving
13723,316,16.99,5368.839999999999,290.0,1.089655172413793,Normal
13725,21,7.99,167.79,0.0,inf,Dead Stock
13731,265,19.99,5297.349999999999,101.0,2.623762376237624,Slow Moving
13734,19,14.99,284.81,2.0,9.5,Slow Moving
13744,142,8.99,1276.58,225.0,0.6311111111111111,Normal
13745,107,9.99,1068.93,110.0,0.9727272727272728,Normal
13766,265,12.99,3442.35,112.0,2.3660714285714284,Slow Moving
13767,62,13.99,867.38,48.0,1.2916666666666667,Normal
13779,233,9.99,2327.67,0.0,inf,Dead Stock
13784,17,22.99,390.83,9.0,1.8888888888888888,Normal
13791,6,29.99,179.94,3.0,2.0,Normal
13792,368,8.99,3308.32,399.0,0.9223057644110275,Normal
13793,346,9.99,3456.54,98.0,3.5306122448979593,Slow Moving
13795,232,9.99,2317.68,59.0,3.9322033898305087,Slow Moving
13796,21,34.99,734.7900000000001,0.0,inf,Dead Stock
13805,147,22.99,3379.5299999999997,21.0,7.0,Slow Moving
13807,538,8.99,4836.62,403.0,1.3349875930521091,Normal
13808,12,11.99,143.88,12.0,1.0,Normal
13831,18,11.99,215.82,6.0,3.0,Slow Moving
13832,31,5.99,185.69,0.0,inf,Dead Stock
13835,11,11.99,131.89000000000001,0.0,inf,Dead Stock
13836,343,20.99,7199.57,141.0,2.4326241134751774,Slow Moving
13837,232,10.99,2549.68,134.0,1.7313432835820894,Normal
13854,169,16.99,2871.31,170.0,0.9941176470588236,Normal
13860,1,55.99,55.99,3.0,0.3333333333333333,Fast Moving
13867,22,13.99,307.78000000000003,24.0,0.9166666666666666,Normal
13872,36,3.49,125.64000000000001,0.0,inf,Dead Stock
13875,1,9.99,9.99,0.0,inf,Dead Stock
13887,132,54.99,7258.68,5.0,26.4,Slow Moving
13895,326,14.99,4886.74,71.0,4.591549295774648,Slow Moving
13899,355,15.99,5676.45,25.0,14.2,Slow Moving
13918,25,12.99,324.75,4.0,6.25,Slow Moving
13930,181,6.99,1265.19,408.0,0.44362745098039214,Fast Moving
13931,384,16.99,6524.16,169.0,2.272189349112426,Slow Moving
13932,101,4.79,483.79,242.0,0.41735537190082644,Fast Moving
13933,65,8.99,584.35,92.0,0.7065217391304348,Normal
13940,888,18.99,16863.12,196.0,4.530612244897959,Slow Moving
13941,15,44.99,674.85,13.0,1.1538461538461537,Normal
13948,144,85.99,12382.56,12.0,12.0,Slow Moving
13949,136,82.99,11286.64,64.0,2.125,Slow Moving
13950,44,32.99,1451.5600000000002,2.0,22.0,Slow Moving
13956,330,12.99,4286.7,79.0,4.177215189873418,Slow Moving
13958,366,10.99,4022.34,161.0,2.2732919254658386,Slow Moving
13959,24,13.99,335.76,0.0,inf,Dead Stock
13960,9,13.99,125.91,1.0,9.0,Slow Moving
13963,943,9.99,9420.57,274.0,3.4416058394160585,Slow Moving
13967,412,12.99,5351.88,91.0,4.527472527472527,Slow Moving
13968,1010,13.99,14129.9,289.0,3.4948096885813147,Slow Moving
13978,272,34.99,9517.28,19.0,14.31578947368421,Slow Moving
13979,224,34.99,7837.76,140.0,1.6,Normal
13981,337,8.99,3029.63,121.0,2.7851239669421486,Slow Moving
13985,25,11.99,299.75,16.0,1.5625,Normal
13991,461,9.99,4605.39,208.0,2.2163461538461537,Slow Moving
13993,10,7.99,79.9,24.0,0.4166666666666667,Fast Moving
13994,274,11.990000000000002,3285.2600000000007,119.0,2.302521008403361,Slow Moving
13997,12,22.99,275.88,0.0,inf,Dead Stock
14004,781,12.99,10145.19,353.0,2.2124645892351276,Slow Moving
14006,8764,7.99,70024.36,7511.0,1.1668219944082012,Normal
14008,566,11.990000000000002,6786.340000000001,338.0,1.6745562130177514,Normal
14020,3,74.99,224.96999999999997,0.0,inf,Dead Stock
14031,15,15.99,239.85,0.0,inf,Dead Stock
14050,154,10.99,1692.46,0.0,inf,Dead Stock
14053,16,10.99,175.84,0.0,inf,Dead Stock
14054,771,8.99,6931.29,610.0,1.2639344262295082,Normal
14061,8,84.99,679.92,94.0,0.0851063829787234,Fast Moving
14062,77,51.989999999999995,4003.2299999999996,26.0,2.9615384615384617,Slow Moving
14078,496,17.99,8923.039999999999,592.0,0.8378378378378378,Normal
14082,23,15.99,367.77,0.0,inf,Dead Stock
14096,50,35.99,1799.5,42.0,1.1904761904761905,Normal
14097,24,17.99,431.76,24.0,1.0,Normal
14099,12,5.99,71.88,0.0,inf,Dead Stock
14100,19,5.99,113.81,12.0,1.5833333333333333,Normal
14101,16,5.99,95.84,12.0,1.3333333333333333,Normal
14102,20,5.99,119.80000000000001,0.0,inf,Dead Stock
14110,20,23.99,479.79999999999995,3.0,6.666666666666667,Slow Moving
14119,86,3.29,282.94,48.0,1.7916666666666667,Normal
14120,26,45.99,1195.74,3.0,8.666666666666666,Slow Moving
14121,21,30.99,650.79,0.0,inf,Dead Stock
14126,70,13.99,979.3000000000001,7.0,10.0,Slow Moving
14129,3275,7.99,26167.25,1305.0,2.5095785440613025,Slow Moving
14130,383,8.99,3443.17,97.0,3.948453608247423,Slow Moving
14133,20,7.99,159.8,1.0,20.0,Slow Moving
14169,22,11.99,263.78000000000003,0.0,inf,Dead Stock
14174,86,54.99,4729.14,10.0,8.6,Slow Moving
14184,916,14.99,13730.84,484.0,1.8925619834710743,Normal
14190,9,12.99,116.91,12.0,0.75,Normal
14191,243,11.99,2913.57,86.0,2.8255813953488373,Slow Moving
14194,210,37.99,7977.900000000001,78.0,2.6923076923076925,Slow Moving
14195,223,26.99,6018.7699999999995,9.0,24.77777777777778,Slow Moving
14209,16,23.99,383.84,35.0,0.45714285714285713,Fast Moving
14211,0,13.99,0.0,0.0,inf,Dead Stock
14212,12,11.99,143.88,0.0,inf,Dead Stock
14217,20,16.99,339.79999999999995,2.0,10.0,Slow Moving
14219,59,65.99,3893.41,0.0,inf,Dead Stock
14235,6,2.49,14.940000000000001,59.0,0.1016949152542373,Fast Moving
14236,15,2.49,37.35,62.0,0.24193548387096775,Fast Moving
14240,1706,8.99,15336.94,1401.0,1.217701641684511,Normal
14250,473,11.99,5671.27,382.0,1.2382198952879582,Normal
14265,21,22.99,482.78999999999996,5.0,4.2,Slow Moving
14277,7,49.99,349.93,2.0,3.5,Slow Moving
14279,523,10.99,5747.77,408.0,1.2818627450980393,Normal
14280,361,7.49,2703.89,139.0,2.597122302158273,Slow Moving
14289,526,17.99,9462.74,0.0,inf,Dead Stock
14293,26,227.99,5927.74,0.0,inf,Dead Stock
14300,253,11.99,3033.4700000000003,44.0,5.75,Slow Moving
14306,49,46.99,2302.51,10.0,4.9,Slow Moving
14328,10,99.99,999.9,0.0,inf,Dead Stock
14329,211,13.99,2951.89,96.0,2.1979166666666665,Slow Moving
14341,9,9.99,89.91,14.0,0.6428571428571429,Normal
14342,4071,7.49,30491.79,1222.0,3.3314238952536823,Slow Moving
14348,131,11.99,1570.69,31.0,4.225806451612903,Slow Moving
14352,12,13.99,167.88,0.0,inf,Dead Stock
14357,80,9.99,799.2,12.0,6.666666666666667,Slow Moving
14363,447,23.99,10723.529999999999,329.0,1.358662613981763,Normal
14364,12,455.98999999999995,5471.879999999999,0.0,inf,Dead Stock
14369,9,12.99,116.91,1.0,9.0,Slow Moving
14370,3,14.99,44.97,6.0,0.5,Fast Moving
14381,703,15.99,11240.97,85.0,8.270588235294118,Slow Moving
14382,495,15.990000000000002,7915.050000000001,44.0,11.25,Slow Moving
14383,647,15.99,10345.53,131.0,4.938931297709924,Slow Moving
14385,16,13.99,223.84,0.0,inf,Dead Stock
14386,310,10.99,3406.9,171.0,1.8128654970760234,Normal
14389,18,39.99,719.82,2.0,9.0,Slow Moving
14390,20,11.99,239.8,0.0,inf,Dead Stock
14393,3281,11.99,39339.19,762.0,4.305774278215223,Slow Moving
14398,1,159.99,159.99,0.0,inf,Dead Stock
14410,1,7.99,7.99,6.0,0.16666666666666666,Fast Moving
14411,13,7.99,103.87,0.0,inf,Dead Stock
14416,619,13.989999999999998,8659.81,744.0,0.831989247311828,Normal
14417,9,5.99,53.910000000000004,0.0,inf,Dead Stock
14419,15,7.99,119.85000000000001,0.0,inf,Dead Stock
14420,4,7.99,31.96,0.0,inf,Dead Stock
14425,162,42.99,6964.38,16.0,10.125,Slow Moving
14433,491,10.99,5396.09,93.0,5.279569892473118,Slow Moving
14436,227,14.990000000000002,3402.7300000000005,0.0,inf,Dead Stock
14437,411,17.99,7393.889999999999,56.0,7.339285714285714,Slow Moving
14439,834,4.99,4161.66,706.0,1.1813031161473089,Normal
14444,17,25.99,441.83,6.0,2.8333333333333335,Slow Moving
14457,231,12.99,3000.69,56.0,4.125,Slow Moving
14471,328,9.99,3276.7200000000003,153.0,2.1437908496732025,Slow Moving
14474,23,8.99,206.77,0.0,inf,Dead Stock
14475,635,9.99,6343.650000000001,390.0,1.6282051282051282,Normal
14483,12,14.99,179.88,0.0,inf,Dead Stock
14485,34,18.99,645.66,0.0,inf,Dead Stock
14491,0,16.99,0.0,0.0,inf,Dead Stock
14495,14,10.99,153.86,0.0,inf,Dead Stock
14502,13,13.99,181.87,0.0,inf,Dead Stock
14505,5,9.99,49.95,0.0,inf,Dead Stock
14526,24,19.99,479.76,0.0,inf,Dead Stock
14538,137,17.99,2464.6299999999997,47.0,2.9148936170212765,Slow Moving
14539,1843,14.989999999999998,27626.569999999996,1027.0,1.7945472249269718,Normal
14542,8,299.99,2399.92,0.0,inf,Dead Stock
14545,1,349.99,349.99,0.0,inf,Dead Stock
14551,94,7.99,751.0600000000001,2283.0,0.04117389399912396,Fast Moving
14552,287,17.99,5163.129999999999,57.0,5.035087719298246,Slow Moving
14620,0,7.99,0.0,119.0,0.0,Fast Moving
14622,3287,10.98,36091.26,1620.0,2.0290123456790123,Slow Moving
14623,609,5.989999999999999,3647.9099999999994,351.0,1.735042735042735,Normal
14624,375,5.99,2246.25,241.0,1.5560165975103735,Normal
14625,59,9.99,589.41,168.0,0.35119047619047616,Fast Moving
14627,2,14.99,29.98,4.0,0.5,Fast Moving
14628,12,3.99,47.88,12.0,1.0,Normal
14631,372,36.99,13760.28,40.0,9.3,Slow Moving
14632,140,59.99,8398.6,20.0,7.0,Slow Moving
14635,119,16.99,2021.8099999999997,4.0,29.75,Slow Moving
14638,3,16.99,50.97,6.0,0.5,Fast Moving
14647,12,16.99,203.88,0.0,inf,Dead Stock
14652,25,15.99,399.75,8.0,3.125,Slow Moving
14655,24,9.99,239.76,39.0,0.6153846153846154,Normal
14657,297,14.989999999999998,4452.03,45.0,6.6,Slow Moving
14663,621,13.989999999999998,8687.789999999999,201.0,3.08955223880597,Slow Moving
14666,121,17.99,2176.79,38.0,3.1842105263157894,Slow Moving
14670,17,5.99,101.83,24.0,0.7083333333333334,Normal
14672,3447,16.95,58426.649999999994,1153.0,2.98959236773634,Slow Moving
14675,9,11.49,103.41,1.0,9.0,Slow Moving
14681,3,389.99,1169.97,1.0,3.0,Slow Moving
14682,1,104.99,104.99,0.0,inf,Dead Stock
14683,3,104.99,314.96999999999997,0.0,inf,Dead Stock
14684,114,44.99,5128.860000000001,37.0,3.081081081081081,Slow Moving
14688,36,34.99,1259.64,9.0,4.0,Slow Moving
14690,365,10.99,4011.35,389.0,0.9383033419023136,Normal
14701,4950,7.49,37075.5,1947.0,2.542372881355932,Slow Moving
14703,224,11.99,2685.76,56.0,4.0,Slow Moving
14704,170,5.99,1018.3000000000001,140.0,1.2142857142857142,Normal
14705,11,13.99,153.89000000000001,0.0,inf,Dead Stock
14706,4288,7.49,32117.120000000003,2600.0,1.6492307692307693,Normal
14708,3,12.99,38.97,0.0,inf,Dead Stock
14710,338,16.99,5742.62,129.0,2.62015503875969,Slow Moving
14711,0,9.99,0.0,4.0,0.0,Fast Moving
14712,3,3.79,11.370000000000001,12.0,0.25,Fast Moving
14716,18,17.99,323.82,0.0,inf,Dead Stock
14717,11,9.99,109.89,0.0,inf,Dead Stock
14718,8,18.99,151.92,1.0,8.0,Slow Moving
14719,202,21.99,4441.98,72.0,2.8055555555555554,Slow Moving
14724,79,16.99,1342.2099999999998,19.0,4.157894736842105,Slow Moving
14737,0,13.99,0.0,0.0,inf,Dead Stock
14761,3,36.99,110.97,0.0,inf,Dead Stock
14782,9,39.99,359.91,0.0,inf,Dead Stock
14799,154,20.99,3232.4599999999996,44.0,3.5,Slow Moving
14805,1431,8.99,12864.69,1088.0,1.3152573529411764,Normal
14808,17,10.99,186.83,0.0,inf,Dead Stock
14810,311,12.99,4039.89,58.0,5.362068965517241,Slow Moving
14811,336,9.99,3356.64,131.0,2.564885496183206,Slow Moving
14818,1560,11.99,18704.4,659.0,2.3672230652503794,Slow Moving
14826,0,11.99,0.0,1.0,0.0,Fast Moving
14833,20,17.99,359.79999999999995,0.0,inf,Dead Stock
14834,30,17.99,539.6999999999999,12.0,2.5,Slow Moving
14835,13,14.49,188.37,0.0,inf,Dead Stock
14836,12,14.49,173.88,1.0,12.0,Slow Moving
14837,42,14.49,608.58,0.0,inf,Dead Stock
14838,2184,11.95,26098.8,619.0,3.52827140549273,Slow Moving
14846,12,16.99,203.88,0.0,inf,Dead Stock
14852,206,12.99,2675.94,133.0,1.5488721804511278,Normal
14857,4,7.99,31.96,0.0,inf,Dead Stock
14895,811,7.99,6479.89,289.0,2.8062283737024223,Slow Moving
14920,285,14.99,4272.15,67.0,4.253731343283582,Slow Moving
14923,8,3.79,30.32,15.0,0.5333333333333333,Normal
14929,30,7.989999999999999,239.7,45.0,0.6666666666666666,Normal
14930,1852,8.95,16575.399999999998,530.0,3.4943396226415095,Slow Moving
14935,3,20.99,62.97,15.0,0.2,Fast Moving
14939,16,10.99,175.84,0.0,inf,Dead Stock
14961,40,4.79,191.6,0.0,inf,Dead Stock
14962,14,4.79,67.06,96.0,0.14583333333333334,Fast Moving
14964,3,8.99,26.97,0.0,inf,Dead Stock
14972,363,31.99,11612.369999999999,33.0,11.0,Slow Moving
14973,38,42.99,1633.6200000000001,2.0,19.0,Slow Moving
14974,88,14.99,1319.1200000000001,60.0,1.4666666666666666,Normal
14975,864,6.99,6039.360000000001,595.0,1.4521008403361344,Normal
14983,322,25.99,8368.779999999999,60.0,5.366666666666666,Slow Moving
14991,461,17.99,8293.39,286.0,1.6118881118881119,Normal
14993,22,4.49,98.78,0.0,inf,Dead Stock
14996,4,15.99,63.96,1.0,4.0,Slow Moving
15006,17,29.99,509.83,0.0,inf,Dead Stock
15007,300,19.99,5996.999999999999,142.0,2.112676056338028,Slow Moving
15009,339,19.99,6776.61,203.0,1.6699507389162562,Normal
15010,12,15.99,191.88,0.0,inf,Dead Stock
15020,28,12.99,363.72,15.0,1.8666666666666667,Normal
15036,9,69.99,629.91,0.0,inf,Dead Stock
15037,35,70.99,2484.6499999999996,5.0,7.0,Slow Moving
15043,116,22.99,2666.8399999999997,24.0,4.833333333333333,Slow Moving
15047,571,15.99,9130.29,157.0,3.6369426751592355,Slow Moving
15054,8,10.99,87.92,0.0,inf,Dead Stock
15056,67,10.99,736.33,4.0,16.75,Slow Moving
15057,143,9.99,1428.57,54.0,2.6481481481481484,Slow Moving
15058,57,9.99,569.4300000000001,9.0,6.333333333333333,Slow Moving
15059,152,9.99,1518.48,54.0,2.814814814814815,Slow Moving
15063,11,17.99,197.89,4.0,2.75,Slow Moving
15064,127,15.99,2030.73,4.0,31.75,Slow Moving
15065,292,29.99,8757.08,1.0,292.0,Slow Moving
15070,5,13.99,69.95,0.0,inf,Dead Stock
15076,176,11.99,2110.2400000000002,36.0,4.888888888888889,Slow Moving
15079,252,10.99,2769.48,64.0,3.9375,Slow Moving
15082,19,11.99,227.81,0.0,inf,Dead Stock
15084,21,11.99,251.79,0.0,inf,Dead Stock
15085,71,17.99,1277.29,25.0,2.84,Slow Moving
15089,456,9.99,4555.4400000000005,41.0,11.121951219512194,Slow Moving
15092,309,22.99,7103.91,109.0,2.834862385321101,Slow Moving
15094,4295,14.99,64382.05,1853.0,2.317862924986508,Slow Moving
15105,4777,9.99,47722.23,634.0,7.534700315457413,Slow Moving
15136,9,15.99,143.91,0.0,inf,Dead Stock
15137,61,15.99,975.39,24.0,2.5416666666666665,Slow Moving
15138,391,24.990000000000002,9771.09,146.0,2.6780821917808217,Slow Moving
15139,231,9.99,2307.69,80.0,2.8875,Slow Moving
15146,304,18.99,5772.959999999999,102.0,2.980392156862745,Slow Moving
15156,363,13.99,5078.37,178.0,2.039325842696629,Slow Moving
15161,94,114.99,10809.06,14.0,6.714285714285714,Slow Moving
15168,333,14.99,4991.67,183.0,1.819672131147541,Normal
15171,85,14.99,1274.15,50.0,1.7,Normal
15178,12,12.49,149.88,4.0,3.0,Slow Moving
15188,32,8.99,287.68,12.0,2.6666666666666665,Slow Moving
15189,19,8.99,170.81,0.0,inf,Dead Stock
15192,69,11.99,827.3100000000001,8.0,8.625,Slow Moving
15193,160,45.99,7358.400000000001,10.0,16.0,Slow Moving
15194,159,75.99,12082.41,23.0,6.913043478260869,Slow Moving
15205,466,34.99,16305.34,42.0,11.095238095238095,Slow Moving
15209,33,15.99,527.67,25.0,1.32,Normal
15215,173,29.99,5188.2699999999995,0.0,inf,Dead Stock
15228,224,29.99,6717.759999999999,87.0,2.574712643678161,Slow Moving
15229,967,41.99,40604.33,352.0,2.747159090909091,Slow Moving
15230,296,54.99,16277.04,73.0,4.054794520547945,Slow Moving
15232,392,49.99,19596.08,134.0,2.925373134328358,Slow Moving
15233,348,44.99,15656.52,44.0,7.909090909090909,Slow Moving
15234,9,39.99,359.91,0.0,inf,Dead Stock
15235,96,8.99,863.04,48.0,2.0,Normal
15247,95,15.990000000000002,1519.0500000000002,25.0,3.8,Slow Moving
15249,0,8.49,0.0,0.0,inf,Dead Stock
15251,166,3.99,662.34,316.0,0.5253164556962026,Normal
15252,334,3.9900000000000007,1332.6600000000003,407.0,0.8206388206388207,Normal
15253,18,4.79,86.22,0.0,inf,Dead Stock
15255,426,3.99,1699.74,425.0,1.0023529411764707,Normal
15259,23,13.99,321.77,0.0,inf,Dead Stock
15260,16,10.99,175.84,0.0,inf,Dead Stock
15261,11,6.49,71.39,6.0,1.8333333333333333,Normal
15262,30,6.489999999999999,194.7,6.0,5.0,Slow Moving
15263,152,11.99,1822.48,61.0,2.4918032786885247,Slow Moving
15264,291,10.99,3198.09,95.0,3.0631578947368423,Slow Moving
15265,330,5.99,1976.7,210.0,1.5714285714285714,Normal
15266,291,5.99,1743.0900000000001,200.0,1.455,Normal
15272,19,34.99,664.8100000000001,0.0,inf,Dead Stock
15289,7,6.99,48.93,0.0,inf,Dead Stock
15290,413,6.99,2886.87,325.0,1.2707692307692309,Normal
15291,267,4.99,1332.3300000000002,157.0,1.7006369426751593,Normal
15292,373,4.99,1861.27,291.0,1.2817869415807561,Normal
15294,33,7.99,263.67,7.0,4.714285714285714,Slow Moving
15295,416,4.99,2075.84,582.0,0.7147766323024055,Normal
15297,28,7.99,223.72,1.0,28.0,Slow Moving
15298,12,18.99,227.88,0.0,inf,Dead Stock
15300,17,5.99,101.83,0.0,inf,Dead Stock
15303,21,9.99,209.79,0.0,inf,Dead Stock
15314,406,12.99,5273.9400000000005,83.0,4.891566265060241,Slow Moving
15315,457,12.99,5936.43,214.0,2.135514018691589,Slow Moving
15316,12,13.99,167.88,0.0,inf,Dead Stock
15319,16,11.99,191.84,12.0,1.3333333333333333,Normal
15321,592,8.99,5322.08,188.0,3.148936170212766,Slow Moving
15322,155,27.99,4338.45,1.0,155.0,Slow Moving
15323,16,33.99,543.84,0.0,inf,Dead Stock
15327,22,5.99,131.78,0.0,inf,Dead Stock
15328,14,13.99,195.86,2.0,7.0,Slow Moving
15329,30,5.99,179.70000000000002,6.0,5.0,Slow Moving
15330,7,13.99,97.93,0.0,inf,Dead Stock
15332,60,12.49,749.4,131.0,0.4580152671755725,Fast Moving
15333,13,11.99,155.87,25.0,0.52,Normal
15334,236,9.99,2357.64,134.0,1.7611940298507462,Normal
15347,1,5.99,5.99,0.0,inf,Dead Stock
15349,108,7.99,862.9200000000001,13.0,8.307692307692308,Slow Moving
15350,116,10.99,1274.84,17.0,6.823529411764706,Slow Moving
15355,3249,16.95,55070.549999999996,324.0,10.027777777777779,Slow Moving
15356,566,9.99,5654.34,420.0,1.3476190476190477,Normal
15357,138,10.99,1516.6200000000001,39.0,3.5384615384615383,Slow Moving
15359,107,34.99,3743.9300000000003,0.0,inf,Dead Stock
15362,9,15.99,143.91,36.0,0.25,Fast Moving
15366,22,8.49,186.78,12.0,1.8333333333333333,Normal
15367,42,26.99,1133.58,11.0,3.8181818181818183,Slow Moving
15392,531,7.49,3977.19,169.0,3.1420118343195265,Slow Moving
15393,6126,7.49,45883.74,2277.0,2.6903820816864297,Slow Moving
15399,359,10.989999999999998,3945.4099999999994,158.0,2.2721518987341773,Slow Moving
15401,127,9.99,1268.73,164.0,0.774390243902439,Normal
15402,22,9.99,219.78,0.0,inf,Dead Stock
15404,5,24.99,124.94999999999999,1.0,5.0,Slow Moving
15414,24,8.99,215.76,1.0,24.0,Slow Moving
15415,28,8.99,251.72,0.0,inf,Dead Stock
15418,6,12.99,77.94,0.0,inf,Dead Stock
15424,854,14.99,12801.460000000001,0.0,inf,Dead Stock
15425,7,21.99,153.92999999999998,0.0,inf,Dead Stock
15426,17,11.99,203.83,32.0,0.53125,Normal
15428,1706,9.99,17042.94,297.0,5.744107744107744,Slow Moving
15444,374,11.99,4484.26,259.0,1.444015444015444,Normal
15463,14,86.99,1217.86,28.0,0.5,Fast Moving
15466,273,9.99,2727.27,129.0,2.116279069767442,Slow Moving
15470,6,22.99,137.94,4.0,1.5,Normal
15476,5,49.99,249.95000000000002,1.0,5.0,Slow Moving
15477,2,24.99,49.98,0.0,inf,Dead Stock
15478,107,18.99,2031.9299999999998,0.0,inf,Dead Stock
15482,228,10.99,2505.7200000000003,126.0,1.8095238095238095,Normal
15496,20,17.99,359.79999999999995,0.0,inf,Dead Stock
15503,488,13.99,6827.12,178.0,2.741573033707865,Slow Moving
15504,25,25.99,649.75,17.0,1.4705882352941178,Normal
15505,89,84.99,7564.11,4.0,22.25,Slow Moving
15506,8,169.99,1359.92,0.0,inf,Dead Stock
15507,4,44.99,179.96,2.0,2.0,Normal
15508,18,79.99,1439.82,2.0,9.0,Slow Moving
15509,73,25.99,1897.27,11.0,6.636363636363637,Slow Moving
15510,12,21.99,263.88,2.0,6.0,Slow Moving
15526,63,8.99,566.37,0.0,inf,Dead Stock
15527,1239,9.99,12377.61,1744.0,0.7104357798165137,Normal
15528,1110,13.989999999999998,15528.899999999998,224.0,4.955357142857143,Slow Moving
15537,12,18.49,221.88,0.0,inf,Dead Stock
15542,18,16.99,305.82,2.0,9.0,Slow Moving
15545,6,79.99,479.93999999999994,1.0,6.0,Slow Moving
15548,682,8.99,6131.18,622.0,1.0964630225080385,Normal
15549,3,39.99,119.97,157.0,0.01910828025477707,Fast Moving
15550,278,28.99,8059.219999999999,51.0,5.450980392156863,Slow Moving
15552,220,11.99,2637.8,38.0,5.7894736842105265,Slow Moving
15572,12,10.99,131.88,12.0,1.0,Normal
15575,265,8.99,2382.35,392.0,0.6760204081632653,Normal
15582,11,12.99,142.89000000000001,6.0,1.8333333333333333,Normal
15584,303,9.99,3026.9700000000003,80.0,3.7875,Slow Moving
15605,13,235.99,3067.87,1.0,13.0,Slow Moving
15618,5,12.99,64.95,0.0,inf,Dead Stock
15619,2182,6.99,15252.18,370.0,5.897297297297297,Slow Moving
15620,566,11.99,6786.34,186.0,3.043010752688172,Slow Moving
15639,80,15.99,1279.2,0.0,inf,Dead Stock
15643,30,19.99,599.6999999999999,24.0,1.25,Normal
15650,213,11.990000000000002,2553.8700000000003,0.0,inf,Dead Stock
15651,160,13.99,2238.4,16.0,10.0,Slow Moving
15659,12,12.99,155.88,0.0,inf,Dead Stock
15660,13,12.99,168.87,0.0,inf,Dead Stock
15661,1,12.99,12.99,0.0,inf,Dead Stock
15672,23,14.99,344.77,0.0,inf,Dead Stock
15675,190,9.99,1898.1000000000001,41.0,4.634146341463414,Slow Moving
15688,12,449.99,5399.88,1.0,12.0,Slow Moving
15694,3,339.99,1019.97,0.0,inf,Dead Stock
15717,30,285.99,8579.7,0.0,inf,Dead Stock
15720,26,19.99,519.74,9.0,2.888888888888889,Slow Moving
15729,0,2.4899999999999998,0.0,137.0,0.0,Fast Moving
15737,5,11.99,59.95,0.0,inf,Dead Stock
15739,48,19.99,959.52,23.0,2.0869565217391304,Slow Moving
15743,267,15.989999999999998,4269.33,211.0,1.2654028436018958,Normal
15744,16,89.99,1439.84,0.0,inf,Dead Stock
15745,15,29.99,449.84999999999997,46.0,0.32608695652173914,Fast Moving
15746,18,8.99,161.82,0.0,inf,Dead Stock
15747,41,10.99,450.59000000000003,2.0,20.5,Slow Moving
15748,33,8.989999999999998,296.66999999999996,232.0,0.14224137931034483,Fast Moving
15761,90,3.7900000000000005,341.1,216.0,0.4166666666666667,Fast Moving
15768,7,32.99,230.93,0.0,inf,Dead Stock
15774,45,14.49,652.05,4.0,11.25,Slow Moving
15782,22,14.99,329.78000000000003,0.0,inf,Dead Stock
15790,30,11.99,359.7,3.0,10.0,Slow Moving
15820,41,36.99,1516.5900000000001,22.0,1.8636363636363635,Normal
15824,347,16.99,5895.53,223.0,1.5560538116591929,Normal
15825,2,8.99,17.98,0.0,inf,Dead Stock
15827,501,9.99,5004.99,272.0,1.8419117647058822,Normal
15832,76,15.99,1215.24,25.0,3.04,Slow Moving
15833,19,15.99,303.81,0.0,inf,Dead Stock
15835,10,10.99,109.9,1.0,10.0,Slow Moving
15837,340,10.989999999999998,3736.5999999999995,147.0,2.312925170068027,Slow Moving
15838,44,17.99,791.56,13.0,3.3846153846153846,Slow Moving
15844,7,12.99,90.93,0.0,inf,Dead Stock
15846,17,24.99,424.83,22.0,0.7727272727272727,Normal
15851,12,8.99,107.88,0.0,inf,Dead Stock
15859,361,27.989999999999995,10104.389999999998,2.0,180.5,Slow Moving
15871,129,15.99,2062.71,3.0,43.0,Slow Moving
15875,627,11.99,7517.7300000000005,329.0,1.905775075987842,Normal
15876,366,14.99,5486.34,57.0,6.421052631578948,Slow Moving
15880,598,74.99,44844.02,0.0,inf,Dead Stock
15888,7,7.99,55.93,34.0,0.20588235294117646,Fast Moving
15889,574,8.99,5160.26,195.0,2.943589743589744,Slow Moving
15891,2,11.99,23.98,48.0,0.041666666666666664,Fast Moving
15892,784,4.99,3912.1600000000003,581.0,1.3493975903614457,Normal
15899,84,92.99,7811.16,1.0,84.0,Slow Moving
15900,395,10.99,4341.05,61.0,6.475409836065574,Slow Moving
15901,119,79.99,9518.81,0.0,inf,Dead Stock
15902,41,92.99,3812.5899999999997,0.0,inf,Dead Stock
15908,11,8.99,98.89,0.0,inf,Dead Stock
15911,459,8.99,4126.41,271.0,1.6937269372693726,Normal
15915,17,8.99,152.83,113.0,0.1504424778761062,Fast Moving
15916,445,8.99,4000.55,323.0,1.3777089783281733,Normal
15917,522,8.99,4692.78,340.0,1.535294117647059,Normal
15922,756,9.99,7552.4400000000005,420.0,1.8,Normal
15923,32,4.79,153.28,17.0,1.8823529411764706,Normal
15927,3,15.99,47.97,0.0,inf,Dead Stock
15929,14,51.99,727.86,0.0,inf,Dead Stock
15931,32,75.99,2431.68,0.0,inf,Dead Stock
15940,72,49.99,3599.28,0.0,inf,Dead Stock
15949,31,14.99,464.69,1.0,31.0,Slow Moving
15954,3,14.99,44.97,0.0,inf,Dead Stock
15968,21,12.99,272.79,6.0,3.5,Slow Moving
15970,177,42.99,7609.2300000000005,15.0,11.8,Slow Moving
15971,77,109.99,8469.23,7.0,11.0,Slow Moving
15979,725,12.99,9417.75,72.0,10.069444444444445,Slow Moving
15980,866,12.99,11249.34,180.0,4.811111111111111,Slow Moving
15981,305,12.99,3961.9500000000003,35.0,8.714285714285714,Slow Moving
16000,180,23.99,4318.2,11.0,16.363636363636363,Slow Moving
16044,10,7.99,79.9,0.0,inf,Dead Stock
16045,138,9.79,1351.02,0.0,inf,Dead Stock
16046,22,13.99,307.78000000000003,0.0,inf,Dead Stock
16047,10,13.99,139.9,0.0,inf,Dead Stock
16054,3,44.99,134.97,0.0,inf,Dead Stock
16061,7,15.99,111.93,3.0,2.3333333333333335,Slow Moving
16069,21,18.99,398.78999999999996,0.0,inf,Dead Stock
16071,20,57.989999999999995,1159.8,0.0,inf,Dead Stock
16087,20,11.99,239.8,0.0,inf,Dead Stock
16127,64,11.99,767.36,10.0,6.4,Slow Moving
16129,1619,35.99,58267.810000000005,162.0,9.993827160493828,Slow Moving
16140,20,24.99,499.79999999999995,11.0,1.8181818181818181,Normal
16144,31,7.99,247.69,0.0,inf,Dead Stock
16146,165,19.99,3298.35,35.0,4.714285714285714,Slow Moving
16148,40,13.99,559.6,0.0,inf,Dead Stock
16150,10,10.99,109.9,0.0,inf,Dead Stock
16151,360,10.99,3956.4,205.0,1.7560975609756098,Normal
16155,14,159.99,2239.86,2.0,7.0,Slow Moving
16159,727,9.99,7262.7300000000005,151.0,4.814569536423841,Slow Moving
16165,237,16.99,4026.6299999999997,45.0,5.266666666666667,Slow Moving
16166,20,5.99,119.80000000000001,0.0,inf,Dead Stock
16170,12,5.99,71.88,0.0,inf,Dead Stock
16172,35,16.99,594.65,12.0,2.9166666666666665,Slow Moving
16174,12,35.99,431.88,59.0,0.2033898305084746,Fast Moving
16175,518,5.99,3102.82,338.0,1.532544378698225,Normal
16178,0,11.99,0.0,35.0,0.0,Fast Moving
16179,211,49.99,10547.890000000001,85.0,2.4823529411764707,Slow Moving
16180,446,10.99,4901.54,146.0,3.0547945205479454,Slow Moving
16189,647,15.99,10345.53,43.0,15.046511627906977,Slow Moving
16191,1,4111.99,4111.99,0.0,inf,Dead Stock
16195,56,11.99,671.44,0.0,inf,Dead Stock
16196,8,11.99,95.92,0.0,inf,Dead Stock
16199,8,16.99,135.92,0.0,inf,Dead Stock
16200,17,42.99,730.83,5.0,3.4,Slow Moving
16203,34,5.79,196.86,0.0,inf,Dead Stock
16205,164,16.99,2786.3599999999997,58.0,2.8275862068965516,Slow Moving
16208,17,46.99,798.83,1.0,17.0,Slow Moving
16214,38,40.99,1557.6200000000001,0.0,inf,Dead Stock
16232,124,8.99,1114.76,22.0,5.636363636363637,Slow Moving
16239,39,5.99,233.61,27.0,1.4444444444444444,Normal
16240,42,5.989999999999999,251.57999999999998,13.0,3.230769230769231,Slow Moving
16241,29,5.99,173.71,7.0,4.142857142857143,Slow Moving
16242,45,5.99,269.55,32.0,1.40625,Normal
16245,20,7.99,159.8,21.0,0.9523809523809523,Normal
16246,53,7.99,423.47,42.0,1.2619047619047619,Normal
16247,27,7.99,215.73000000000002,6.0,4.5,Slow Moving
16248,18,7.989999999999999,143.82,24.0,0.75,Normal
16257,17,5.99,101.83,24.0,0.7083333333333334,Normal
16260,1361,11.99,16318.39,755.0,1.8026490066225165,Normal
16261,832,12.989999999999998,10807.679999999998,113.0,7.3628318584070795,Slow Moving
16262,1451,11.99,17397.49,1041.0,1.393852065321806,Normal
16264,49,79.99,3919.5099999999998,20.0,2.45,Slow Moving
16274,43,14.49,623.07,0.0,inf,Dead Stock
16289,2072,6.95,14400.4,994.0,2.084507042253521,Slow Moving
16290,41,4.79,196.39000000000001,45.0,0.9111111111111111,Normal
16309,34,25.99,883.66,3.0,11.333333333333334,Slow Moving
16310,58,25.99,1507.4199999999998,24.0,2.4166666666666665,Slow Moving
16312,9,13.99,125.91,0.0,inf,Dead Stock
16314,1062,9.99,10609.380000000001,258.0,4.116279069767442,Slow Moving
16315,121,17.99,2176.79,104.0,1.1634615384615385,Normal
16317,501,9.99,5004.99,464.0,1.0797413793103448,Normal
16318,668,11.99,8009.32,542.0,1.2324723247232472,Normal
16320,908,10.99,9978.92,368.0,2.467391304347826,Slow Moving
16325,253,6.79,1717.8700000000001,65.0,3.8923076923076922,Slow Moving
16326,760,3.99,3032.4,766.0,0.9921671018276762,Normal
16327,604,3.9900000000000007,2409.9600000000005,591.0,1.0219966159052454,Normal
16328,947,3.99,3778.53,895.0,1.0581005586592178,Normal
16329,316,15.99,5052.84,143.0,2.2097902097902096,Slow Moving
16349,18,24.49,440.82,0.0,inf,Dead Stock
16351,361,17.99,6494.389999999999,213.0,1.6948356807511737,Normal
16352,270,15.99,4317.3,132.0,2.0454545454545454,Slow Moving
16355,1,159.99,159.99,0.0,inf,Dead Stock
16365,2,14.99,29.98,1.0,2.0,Normal
16368,2,13.99,27.98,0.0,inf,Dead Stock
16374,20,13.99,279.8,0.0,inf,Dead Stock
16377,7,14.99,104.93,2.0,3.5,Slow Moving
16378,262,9.99,2617.38,68.0,3.8529411764705883,Slow Moving
16380,818,10.99,8989.82,97.0,8.43298969072165,Slow Moving
16381,9,64.99,584.91,0.0,inf,Dead Stock
16389,68,22.99,1563.32,1.0,68.0,Slow Moving
16393,580,9.99,5794.2,254.0,2.283464566929134,Slow Moving
16394,1569,17.99,28226.309999999998,299.0,5.247491638795987,Slow Moving
16398,36,39.99,1439.64,1.0,36.0,Slow Moving
16399,43,42.99,1848.5700000000002,1.0,43.0,Slow Moving
16400,242,10.99,2659.58,98.0,2.4693877551020407,Slow Moving
16424,12,13.99,167.88,0.0,inf,Dead Stock
16426,26,7.989999999999999,207.73999999999998,17.0,1.5294117647058822,Normal
16427,378,9.99,3776.2200000000003,107.0,3.532710280373832,Slow Moving
16428,681,9.99,6803.1900000000005,268.0,2.541044776119403,Slow Moving
16429,610,9.99,6093.900000000001,349.0,1.7478510028653296,Normal
16431,526,9.99,5254.74,385.0,1.3662337662337662,Normal
16440,44,32.99,1451.5600000000002,26.0,1.6923076923076923,Normal
16441,413,17.99,7429.869999999999,285.0,1.449122807017544,Normal
16443,35,22.99,804.65,0.0,inf,Dead Stock
16445,44,19.99,879.56,3.0,14.666666666666666,Slow Moving
16453,95,19.99,1899.05,0.0,inf,Dead Stock
16455,43,10.49,451.07,0.0,inf,Dead Stock
16458,244,12.990000000000002,3169.5600000000004,120.0,2.033333333333333,Slow Moving
16460,275,13.99,3847.25,98.0,2.806122448979592,Slow Moving
16461,28,13.99,391.72,0.0,inf,Dead Stock
16466,52,16.99,883.4799999999999,4.0,13.0,Slow Moving
16468,159,13.99,2224.41,37.0,4.297297297297297,Slow Moving
16469,380,6.99,2656.2000000000003,158.0,2.4050632911392404,Slow Moving
16472,0,12.99,0.0,0.0,inf,Dead Stock
16477,936,7.49,7010.64,342.0,2.736842105263158,Slow Moving
16478,15,11.99,179.85,6.0,2.5,Slow Moving
16484,407,15.99,6507.93,137.0,2.9708029197080292,Slow Moving
16494,235,18.99,4462.65,58.0,4.051724137931035,Slow Moving
16503,8,10.99,87.92,2.0,4.0,Slow Moving
16520,44,4.49,197.56,0.0,inf,Dead Stock
16523,7,15.99,111.93,0.0,inf,Dead Stock
16526,193,8.99,1735.07,63.0,3.0634920634920637,Slow Moving
16527,8,32.99,263.92,1.0,8.0,Slow Moving
16529,43,17.99,773.5699999999999,12.0,3.5833333333333335,Slow Moving
16530,24,16.99,407.76,0.0,inf,Dead Stock
16531,0,20.99,0.0,1.0,0.0,Fast Moving
16532,36,12.99,467.64,0.0,inf,Dead Stock
16537,376,9.99,3756.2400000000002,70.0,5.371428571428571,Slow Moving
16538,125,14.99,1873.75,32.0,3.90625,Slow Moving
16539,312,14.99,4676.88,15.0,20.8,Slow Moving
16540,214,21.99,4705.86,103.0,2.0776699029126213,Slow Moving
16541,100,32.99,3299.0,28.0,3.5714285714285716,Slow Moving
16553,205,10.99,2252.95,26.0,7.884615384615385,Slow Moving
16555,171,16.99,2905.2899999999995,59.0,2.8983050847457625,Slow Moving
16556,8,27.99,223.92,0.0,inf,Dead Stock
16557,2,27.99,55.98,0.0,inf,Dead Stock
16559,146,13.99,2042.54,7.0,20.857142857142858,Slow Moving
16560,164,14.99,2458.36,29.0,5.655172413793103,Slow Moving
16568,698,12.99,9067.02,76.0,9.18421052631579,Slow Moving
16583,17,19.99,339.83,17.0,1.0,Normal
16584,23,47.99,1103.77,2.0,11.5,Slow Moving
16585,18,29.99,539.8199999999999,4.0,4.5,Slow Moving
16587,17,16.99,288.83,3.0,5.666666666666667,Slow Moving
16592,96,16.99,1631.04,33.0,2.909090909090909,Slow Moving
16610,1228,10.99,13495.720000000001,1407.0,0.8727789623312011,Normal
16611,8,10.99,87.92,0.0,inf,Dead Stock
16612,9,11.99,107.91,1.0,9.0,Slow Moving
16646,17,36.99,628.83,38.0,0.4473684210526316,Fast Moving
16653,38,144.99,5509.620000000001,2.0,19.0,Slow Moving
16655,652,10.99,7165.4800000000005,248.0,2.629032258064516,Slow Moving
16656,462,10.99,5077.38,243.0,1.9012345679012346,Normal
16657,282,10.99,3099.18,41.0,6.878048780487805,Slow Moving
16663,24,12.99,311.76,0.0,inf,Dead Stock
16664,4,29.99,119.96,0.0,inf,Dead Stock
16669,970,12.99,12600.300000000001,269.0,3.6059479553903344,Slow Moving
16670,818,11.99,9807.82,225.0,3.6355555555555554,Slow Moving
16678,6,93.99,563.9399999999999,6.0,1.0,Normal
16679,20,10.99,219.8,0.0,inf,Dead Stock
16680,73,15.99,1167.27,0.0,inf,Dead Stock
16681,17,18.99,322.83,0.0,inf,Dead Stock
16684,134,15.99,2142.66,33.0,4.0606060606060606,Slow Moving
16690,24,61.99,1487.76,0.0,inf,Dead Stock
16692,308,16.99,5232.919999999999,27.0,11.407407407407407,Slow Moving
16694,36,14.99,539.64,24.0,1.5,Normal
16695,1640,15.99,26223.6,608.0,2.6973684210526314,Slow Moving
16696,3,17.99,53.97,3.0,1.0,Normal
16703,295,9.99,2947.05,225.0,1.3111111111111111,Normal
16724,123,39.99,4918.77,57.0,2.1578947368421053,Slow Moving
16725,179,6.99,1251.21,89.0,2.0112359550561796,Slow Moving
16727,364,13.99,5092.36,93.0,3.913978494623656,Slow Moving
16728,28,19.99,559.7199999999999,63.0,0.4444444444444444,Fast Moving
16749,547,8.99,4917.53,10.0,54.7,Slow Moving
16752,20,10.99,219.8,1.0,20.0,Slow Moving
16753,191,10.99,2099.09,25.0,7.64,Slow Moving
16756,22,19.99,439.78,2.0,11.0,Slow Moving
16757,129,20.99,2707.7099999999996,25.0,5.16,Slow Moving
16758,487,13.99,6813.13,286.0,1.7027972027972027,Normal
16760,23,16.99,390.77,0.0,inf,Dead Stock
16761,453,13.99,6337.47,342.0,1.3245614035087718,Normal
16762,14,10.99,153.86,0.0,inf,Dead Stock
16773,31,32.99,1022.69,9.0,3.4444444444444446,Slow Moving
16775,11,3.79,41.69,12.0,0.9166666666666666,Normal
16776,11,112.99,1242.8899999999999,0.0,inf,Dead Stock
16777,2,71.99,143.98,0.0,inf,Dead Stock
16778,264,15.990000000000002,4221.360000000001,60.0,4.4,Slow Moving
16780,0,84.99,0.0,0.0,inf,Dead Stock
16781,30,69.99,2099.7,9.0,3.3333333333333335,Slow Moving
16782,129,36.99,4771.71,37.0,3.4864864864864864,Slow Moving
16786,48,12.99,623.52,0.0,inf,Dead Stock
16791,30,39.99,1199.7,0.0,inf,Dead Stock
16792,86,24.99,2149.14,7.0,12.285714285714286,Slow Moving
16793,9,29.99,269.90999999999997,0.0,inf,Dead Stock
16794,2869,17.99,51613.31,1569.0,1.82855321861058,Normal
16795,6,289.99,1739.94,0.0,inf,Dead Stock
16796,28,34.99,979.72,21.0,1.3333333333333333,Normal
16805,5,7.989999999999999,39.949999999999996,0.0,inf,Dead Stock
16806,1878,7.99,15005.220000000001,858.0,2.1888111888111887,Slow Moving
16809,15,11.99,179.85,0.0,inf,Dead Stock
16814,351,11.99,4208.49,393.0,0.8931297709923665,Normal
16816,432,11.99,5179.68,412.0,1.0485436893203883,Normal
16819,803,11.99,9627.97,2219.0,0.3618747183415953,Fast Moving
16820,12,9.99,119.88,0.0,inf,Dead Stock
16822,22,8.99,197.78,0.0,inf,Dead Stock
16824,152,19.99,3038.4799999999996,42.0,3.619047619047619,Slow Moving
16826,339,8.99,3047.61,238.0,1.4243697478991597,Normal
16827,18,89.99,1619.82,0.0,inf,Dead Stock
16828,688,12.990000000000002,8937.12,543.0,1.267034990791897,Normal
16829,406,13.99,5679.9400000000005,232.0,1.75,Normal
16830,274,13.99,3833.26,0.0,inf,Dead Stock
16837,1497,6.99,10464.03,388.0,3.8582474226804124,Slow Moving
16839,175,15.99,2798.25,42.0,4.166666666666667,Slow Moving
16843,750,4.99,3742.5,611.0,1.227495908346972,Normal
16846,16,11.99,191.84,0.0,inf,Dead Stock
16860,138,19.990000000000002,2758.6200000000003,37.0,3.72972972972973,Slow Moving
16863,8,9.99,79.92,12.0,0.6666666666666666,Normal
16864,20,7.29,145.8,0.0,inf,Dead Stock
16868,230,17.99,4137.7,33.0,6.96969696969697,Slow Moving
16877,961,10.99,10561.39,321.0,2.9937694704049846,Slow Moving
16878,374,8.989999999999998,3362.2599999999993,173.0,2.161849710982659,Slow Moving
16887,5,13.99,69.95,0.0,inf,Dead Stock
16888,27,13.99,377.73,0.0,inf,Dead Stock
16889,216,11.99,2589.84,58.0,3.7241379310344827,Slow Moving
16890,839,6.489999999999999,5445.11,0.0,inf,Dead Stock
16891,298,11.990000000000002,3573.0200000000004,80.0,3.725,Slow Moving
16894,13,119.98999999999998,1559.8699999999997,0.0,inf,Dead Stock
16896,74,99.99,7399.259999999999,2.0,37.0,Slow Moving
16916,2,8.99,17.98,0.0,inf,Dead Stock
16918,290,9.99,2897.1,256.0,1.1328125,Normal
16923,12,32.99,395.88,11.0,1.0909090909090908,Normal
16931,144,165.99,23902.56,39.0,3.6923076923076925,Slow Moving
16939,12,4.99,59.88,0.0,inf,Dead Stock
16940,9,9.99,89.91,0.0,inf,Dead Stock
16941,16,5.49,87.84,0.0,inf,Dead Stock
16947,44,13.99,615.5600000000001,10.0,4.4,Slow Moving
16948,205,5.99,1227.95,196.0,1.0459183673469388,Normal
16950,22,5.99,131.78,0.0,inf,Dead Stock
16954,1,10.99,10.99,0.0,inf,Dead Stock
16961,22,65.99,1451.78,1.0,22.0,Slow Moving
16964,18,5.99,107.82000000000001,0.0,inf,Dead Stock
16967,1,18.99,18.99,0.0,inf,Dead Stock
16968,343,16.99,5827.57,59.0,5.813559322033898,Slow Moving
16971,406,14.99,6085.9400000000005,82.0,4.951219512195122,Slow Moving
16989,247,8.99,2220.53,41.0,6.024390243902439,Slow Moving
16990,229,10.99,2516.71,64.0,3.578125,Slow Moving
16991,4,69.99,279.96,6.0,0.6666666666666666,Normal
16996,369,19.99,7376.3099999999995,19.0,19.42105263157895,Slow Moving
16998,8,159.99,1279.92,1.0,8.0,Slow Moving
17001,224,13.99,3133.76,91.0,2.4615384615384617,Slow Moving
17010,24,5.99,143.76,0.0,inf,Dead Stock
17011,424,13.99,5931.76,245.0,1.7306122448979593,Normal
17015,12,12.99,155.88,5.0,2.4,Slow Moving
17016,508,12.99,6598.92,147.0,3.45578231292517,Slow Moving
17017,9,10.99,98.91,12.0,0.75,Normal
17018,9,10.99,98.91,0.0,inf,Dead Stock
17019,11,10.99,120.89,28.0,0.39285714285714285,Fast Moving
17020,198,10.99,2176.02,83.0,2.3855421686746987,Slow Moving
17024,253,11.99,3033.4700000000003,37.0,6.837837837837838,Slow Moving
17026,85,16.99,1444.1499999999999,10.0,8.5,Slow Moving
17039,67,10.99,736.33,0.0,inf,Dead Stock
17040,22,5.99,131.78,24.0,0.9166666666666666,Normal
17041,280,9.99,2797.2000000000003,537.0,0.521415270018622,Normal
17047,0,20.99,0.0,0.0,inf,Dead Stock
17059,132,8.99,1186.68,15.0,8.8,Slow Moving
17063,194,16.99,3296.0599999999995,14.0,13.857142857142858,Slow Moving
17065,1,5.989999999999999,5.989999999999999,15.0,0.06666666666666667,Fast Moving
17069,23,11.49,264.27,19.0,1.2105263157894737,Normal
17073,647,10.99,7110.53,216.0,2.9953703703703702,Slow Moving
17084,79,23.99,1895.2099999999998,0.0,inf,Dead Stock
17085,42,38.99,1637.5800000000002,0.0,inf,Dead Stock
17086,53,39.99,2119.4700000000003,13.0,4.076923076923077,Slow Moving
17089,228,11.99,2733.7200000000003,0.0,inf,Dead Stock
17101,257,17.99,4623.429999999999,59.0,4.3559322033898304,Slow Moving
17118,9,224.99,2024.91,0.0,inf,Dead Stock
17119,276,15.990000000000002,4413.240000000001,30.0,9.2,Slow Moving
17131,64,17.99,1151.36,4.0,16.0,Slow Moving
17132,12,21.99,263.88,24.0,0.5,Fast Moving
17134,324,14.99,4856.76,63.0,5.142857142857143,Slow Moving
17138,5,19.99,99.94999999999999,12.0,0.4166666666666667,Fast Moving
17142,41,14.99,614.59,0.0,inf,Dead Stock
17143,17,14.99,254.83,0.0,inf,Dead Stock
17144,11,14.99,164.89000000000001,0.0,inf,Dead Stock
17145,267,16.99,4536.33,50.0,5.34,Slow Moving
17146,264,16.99,4485.36,44.0,6.0,Slow Moving
17147,255,15.99,4077.4500000000003,53.0,4.811320754716981,Slow Moving
17148,64,8.99,575.36,0.0,inf,Dead Stock
17159,0,13.99,0.0,3.0,0.0,Fast Moving
17161,364,8.989999999999998,3272.359999999999,0.0,inf,Dead Stock
17162,456,8.99,4099.4400000000005,205.0,2.2243902439024392,Slow Moving
17163,404,10.99,4439.96,284.0,1.4225352112676057,Normal
17167,494,9.99,4935.06,104.0,4.75,Slow Moving
17168,861,9.99,8601.39,258.0,3.3372093023255816,Slow Moving
17170,1,29.49,29.49,1.0,1.0,Normal
17171,0,5.99,0.0,2.0,0.0,Fast Moving
17175,1590,7.99,12704.1,569.0,2.7943760984182777,Slow Moving
17176,1447,7.99,11561.53,766.0,1.8890339425587468,Normal
17177,1204,7.99,9619.960000000001,436.0,2.761467889908257,Slow Moving
17186,338,14.99,5066.62,26.0,13.0,Slow Moving
17187,27,9.99,269.73,108.0,0.25,Fast Moving
17188,73,16.99,1240.27,81.0,0.9012345679012346,Normal
17200,386,10.989999999999998,4242.139999999999,0.0,inf,Dead Stock
17201,3,6.79,20.37,0.0,inf,Dead Stock
17202,283,9.99,2827.17,104.0,2.7211538461538463,Slow Moving
17209,242,15.99,3869.58,101.0,2.396039603960396,Slow Moving
17216,197,17.99,3544.0299999999997,31.0,6.354838709677419,Slow Moving
17219,284,9.99,2837.16,85.0,3.3411764705882354,Slow Moving
17234,24,9.99,239.76,0.0,inf,Dead Stock
17235,199,9.99,1988.01,79.0,2.518987341772152,Slow Moving
17265,12,6.99,83.88,0.0,inf,Dead Stock
17266,18,13.99,251.82,3.0,6.0,Slow Moving
17269,12,5.99,71.88,0.0,inf,Dead Stock
17274,2,7.49,14.98,1.0,2.0,Normal
17281,62,129.99,8059.380000000001,0.0,inf,Dead Stock
17289,23,14.99,344.77,6.0,3.8333333333333335,Slow Moving
17292,182,12.99,2364.18,27.0,6.7407407407407405,Slow Moving
17293,129,12.99,1675.71,17.0,7.588235294117647,Slow Moving
17294,187,12.99,2429.13,50.0,3.74,Slow Moving
17296,357,10.99,3923.4300000000003,164.0,2.176829268292683,Slow Moving
17297,410,8.99,3685.9,81.0,5.061728395061729,Slow Moving
17299,8,19.99,159.92,0.0,inf,Dead Stock
17308,231,21.99,5079.69,59.0,3.9152542372881354,Slow Moving
17315,17,79.99,1359.83,5.0,3.4,Slow Moving
17316,175,34.99,6123.25,65.0,2.6923076923076925,Slow Moving
17320,2,18.99,37.98,0.0,inf,Dead Stock
17323,21,34.99,734.7900000000001,6.0,3.5,Slow Moving
17324,50,13.99,699.5,0.0,inf,Dead Stock
17325,12,19.99,239.88,40.0,0.3,Fast Moving
17326,6,24.99,149.94,66.0,0.09090909090909091,Fast Moving
17329,283,14.989999999999998,4242.169999999999,1.0,283.0,Slow Moving
17330,359,14.99,5381.41,141.0,2.5460992907801416,Slow Moving
17331,23,10.99,252.77,0.0,inf,Dead Stock
17332,39,10.99,428.61,12.0,3.25,Slow Moving
17339,65,9.99,649.35,6.0,10.833333333333334,Slow Moving
17340,220,9.99,2197.8,75.0,2.933333333333333,Slow Moving
17341,291,7.989999999999999,2325.0899999999997,116.0,2.5086206896551726,Slow Moving
17345,3004,10.99,33013.96,810.0,3.708641975308642,Slow Moving
17346,47,47.99,2255.53,5.0,9.4,Slow Moving
17347,36,33.99,1223.64,51.0,0.7058823529411765,Normal
17348,12,10.49,125.88,0.0,inf,Dead Stock
17349,699,13.99,9779.01,78.0,8.961538461538462,Slow Moving
17350,703,13.989999999999998,9834.97,92.0,7.641304347826087,Slow Moving
17351,163,16.99,2769.37,61.0,2.6721311475409837,Slow Moving
17358,3,16.99,50.97,0.0,inf,Dead Stock
17361,84,16.99,1427.1599999999999,13.0,6.461538461538462,Slow Moving
17367,12,10.99,131.88,12.0,1.0,Normal
17368,20,46.99,939.8000000000001,0.0,inf,Dead Stock
17369,11,20.99,230.89,1.0,11.0,Slow Moving
17371,24,4.99,119.76,0.0,inf,Dead Stock
17378,137,11.99,1642.63,42.0,3.261904761904762,Slow Moving
17384,30,37.49,1124.7,3.0,10.0,Slow Moving
17394,27,799.9900000000001,21599.730000000003,0.0,inf,Dead Stock
17404,10,899.99,8999.9,0.0,inf,Dead Stock
17407,46,799.99,36799.54,0.0,inf,Dead Stock
17408,13,899.99,11699.87,0.0,inf,Dead Stock
17409,10,369.99,3699.9,0.0,inf,Dead Stock
17410,8,299.99,2399.92,0.0,inf,Dead Stock
17413,1,129.99,129.99,0.0,inf,Dead Stock
17431,24,10.99,263.76,41.0,0.5853658536585366,Normal
17432,536,14.99,8034.64,258.0,2.0775193798449614,Slow Moving
17433,300,11.989999999999998,3596.9999999999995,4.0,75.0,Slow Moving
17437,21,17.99,377.78999999999996,0.0,inf,Dead Stock
17444,1,7.99,7.99,0.0,inf,Dead Stock
17457,428,8.99,3847.7200000000003,235.0,1.8212765957446808,Normal
17458,242,8.99,2175.58,103.0,2.349514563106796,Slow Moving
17459,207,8.99,1860.93,119.0,1.7394957983193278,Normal
17463,21,11.99,251.79,0.0,inf,Dead Stock
17464,17,11.99,203.83,0.0,inf,Dead Stock
17469,22,9.99,219.78,0.0,inf,Dead Stock
17470,27,9.99,269.73,12.0,2.25,Slow Moving
17471,282,10.49,2958.18,101.0,2.792079207920792,Slow Moving
17473,83,9.49,787.6700000000001,36.0,2.3055555555555554,Slow Moving
17485,254,10.99,2791.46,0.0,inf,Dead Stock
17486,20,6.49,129.8,4.0,5.0,Slow Moving
17487,188,5.99,1126.1200000000001,48.0,3.9166666666666665,Slow Moving
17488,10,11.99,119.9,0.0,inf,Dead Stock
17489,178,13.99,2490.2200000000003,62.0,2.870967741935484,Slow Moving
17490,21,12.99,272.79,3.0,7.0,Slow Moving
17493,12,13.99,167.88,0.0,inf,Dead Stock
17500,225,9.99,2247.75,88.0,2.5568181818181817,Slow Moving
17501,3,19.99,59.97,0.0,inf,Dead Stock
17503,218,14.99,3267.82,23.0,9.478260869565217,Slow Moving
17504,2397,12.99,31137.03,454.0,5.279735682819383,Slow Moving
17507,152,15.990000000000002,2430.4800000000005,65.0,2.3384615384615386,Slow Moving
17529,60,45.99,2759.4,3.0,20.0,Slow Moving
17535,450,10.99,4945.5,74.0,6.081081081081081,Slow Moving
17595,53,16.99,900.4699999999999,4.0,13.25,Slow Moving
17596,243,13.99,3399.57,57.0,4.2631578947368425,Slow Moving
17598,7,249.99,1749.93,1.0,7.0,Slow Moving
17601,33,339.99,11219.67,9.0,3.6666666666666665,Slow Moving
17611,311,12.989999999999998,4039.8899999999994,0.0,inf,Dead Stock
17612,213,9.99,2127.87,162.0,1.3148148148148149,Normal
17615,17,17.99,305.83,4.0,4.25,Slow Moving
17617,212,15.99,3389.88,29.0,7.310344827586207,Slow Moving
17621,12,8.79,105.47999999999999,0.0,inf,Dead Stock
17665,9,12.99,116.91,0.0,inf,Dead Stock
17697,8,33.99,271.92,0.0,inf,Dead Stock
17702,21,10.99,230.79,0.0,inf,Dead Stock
17707,890,6.79,6043.1,617.0,1.4424635332252835,Normal
17741,30,18.99,569.6999999999999,1.0,30.0,Slow Moving
17747,8,27.99,223.92,1.0,8.0,Slow Moving
17748,935,3.99,3730.65,665.0,1.406015037593985,Normal
17753,13,25.99,337.87,1.0,13.0,Slow Moving
17754,507,11.99,6078.93,294.0,1.7244897959183674,Normal
17756,438,15.99,7003.62,324.0,1.3518518518518519,Normal
17758,97,25.99,2521.0299999999997,5.0,19.4,Slow Moving
17814,880,34.99,30791.2,141.0,6.24113475177305,Slow Moving
17816,12,8.79,105.47999999999999,11.0,1.0909090909090908,Normal
17837,70,9.99,699.3000000000001,129.0,0.5426356589147286,Normal
17838,92,9.99,919.08,27.0,3.4074074074074074,Slow Moving
17841,0,14.99,0.0,0.0,inf,Dead Stock
17860,0,33.99,0.0,0.0,inf,Dead Stock
17861,4,45.99,183.96,0.0,inf,Dead Stock
17865,2680,11.99,32133.2,407.0,6.584766584766585,Slow Moving
17866,229,12.99,2974.71,46.0,4.978260869565218,Slow Moving
17867,543,6.99,3795.57,223.0,2.4349775784753365,Slow Moving
17869,3,11.99,35.97,0.0,inf,Dead Stock
17875,1060,7.99,8469.4,705.0,1.50354609929078,Normal
17876,826,7.989999999999999,6599.74,1137.0,0.7264731750219877,Normal
17880,93,27.99,2603.0699999999997,18.0,5.166666666666667,Slow Moving
17882,62,24.490000000000002,1518.38,41.0,1.5121951219512195,Normal
17885,19,15.99,303.81,0.0,inf,Dead Stock
17896,7,13.99,97.93,0.0,inf,Dead Stock
17897,93,14.99,1394.07,0.0,inf,Dead Stock
17906,539,14.99,8079.61,87.0,6.195402298850575,Slow Moving
17908,20,5.99,119.80000000000001,1.0,20.0,Slow Moving
17909,120,29.99,3598.7999999999997,0.0,inf,Dead Stock
17910,447,9.99,4465.53,249.0,1.7951807228915662,Normal
17912,212,10.99,2329.88,51.0,4.1568627450980395,Slow Moving
17914,166,10.99,1824.3400000000001,10.0,16.6,Slow Moving
17915,384,10.99,4220.16,40.0,9.6,Slow Moving
17918,1,355.99,355.99,3.0,0.3333333333333333,Fast Moving
17921,188,12.99,2442.12,64.0,2.9375,Slow Moving
17927,8,36.99,295.92,0.0,inf,Dead Stock
17928,677,9.989999999999998,6763.229999999999,0.0,inf,Dead Stock
17932,17,85.99,1461.83,4.0,4.25,Slow Moving
17934,1,65.99,65.99,0.0,inf,Dead Stock
17937,44,9.99,439.56,116.0,0.3793103448275862,Fast Moving
17938,93,9.99,929.07,11.0,8.454545454545455,Slow Moving
17944,10,10.99,109.9,0.0,inf,Dead Stock
17945,257,12.99,3338.43,40.0,6.425,Slow Moving
17949,10,7.99,79.9,0.0,inf,Dead Stock
17954,695,7.99,5553.05,598.0,1.1622073578595318,Normal
17957,354,14.990000000000002,5306.460000000001,81.0,4.37037037037037,Slow Moving
17967,1099,15.99,17573.010000000002,307.0,3.579804560260586,Slow Moving
17978,267,7.989999999999999,2133.33,226.0,1.1814159292035398,Normal
17979,11,10.99,120.89,0.0,inf,Dead Stock
17981,263,19.99,5257.37,86.0,3.058139534883721,Slow Moving
17983,23,13.99,321.77,30.0,0.7666666666666667,Normal
17984,59,14.99,884.41,44.0,1.3409090909090908,Normal
17985,341,23.989999999999995,8180.589999999998,86.0,3.9651162790697674,Slow Moving
17988,37,11.99,443.63,10.0,3.7,Slow Moving
17989,7,11.99,83.93,2.0,3.5,Slow Moving
17990,73,11.99,875.27,71.0,1.028169014084507,Normal
18001,132,15.99,2110.68,54.0,2.4444444444444446,Slow Moving
18002,20,6.99,139.8,3.0,6.666666666666667,Slow Moving
18010,1028,6.99,7185.72,1595.0,0.6445141065830721,Normal
18011,10,7.49,74.9,0.0,inf,Dead Stock
18012,8,7.49,59.92,2.0,4.0,Slow Moving
18013,4252,8.99,38225.48,5269.0,0.8069842474852913,Normal
18014,217,19.99,4337.83,42.0,5.166666666666667,Slow Moving
18027,2751,13.95,38376.45,539.0,5.103896103896104,Slow Moving
18071,36,19.99,719.64,0.0,inf,Dead Stock
18072,21,8.49,178.29,0.0,inf,Dead Stock
18083,6,8.99,53.94,0.0,inf,Dead Stock
18084,11,5.99,65.89,0.0,inf,Dead Stock
18089,31,14.99,464.69,1.0,31.0,Slow Moving
18093,1,66.99,66.99,2.0,0.5,Fast Moving
18095,215,15.99,3437.85,33.0,6.515151515151516,Slow Moving
18096,413,31.99,13211.869999999999,89.0,4.640449438202247,Slow Moving
18098,71,244.98999999999998,17394.289999999997,2.0,35.5,Slow Moving
18099,4,460.99,1843.96,0.0,inf,Dead Stock
18102,112,49.99,5598.88,8.0,14.0,Slow Moving
18105,32,7.99,255.68,0.0,inf,Dead Stock
18106,1672,10.99,18375.28,614.0,2.7231270358306188,Slow Moving
18107,658,4.99,3283.42,1022.0,0.6438356164383562,Normal
18108,30,5.99,179.70000000000002,0.0,inf,Dead Stock
18109,388,6.49,2518.12,47.0,8.25531914893617,Slow Moving
18110,31,35.99,1115.69,2.0,15.5,Slow Moving
18125,129,8.99,1159.71,22.0,5.863636363636363,Slow Moving
18126,168,10.99,1846.32,17.0,9.882352941176471,Slow Moving
18130,26,36.99,961.74,14.0,1.8571428571428572,Normal
18131,26,12.99,337.74,12.0,2.1666666666666665,Slow Moving
18134,208,13.99,2909.92,80.0,2.6,Slow Moving
18137,11,9.99,109.89,0.0,inf,Dead Stock
18142,730,59.99,43792.700000000004,200.0,3.65,Slow Moving
18150,5,24.99,124.94999999999999,0.0,inf,Dead Stock
18152,3112,9.99,31088.88,3891.0,0.7997943973271653,Normal
18157,14,8.99,125.86,0.0,inf,Dead Stock
18159,21,8.99,188.79,0.0,inf,Dead Stock
18166,9,15.99,143.91,0.0,inf,Dead Stock
18167,197,13.99,2756.03,31.0,6.354838709677419,Slow Moving
18173,39,10.99,428.61,12.0,3.25,Slow Moving
18174,37,10.99,406.63,39.0,0.9487179487179487,Normal
18175,54,10.99,593.46,62.0,0.8709677419354839,Normal
18193,1,159.99,159.99,3.0,0.3333333333333333,Fast Moving
18203,12,17.99,215.88,0.0,inf,Dead Stock
18209,5,39.99,199.95000000000002,4.0,1.25,Normal
18210,3,38.99,116.97,1.0,3.0,Slow Moving
18211,3,64.99,194.96999999999997,0.0,inf,Dead Stock
18212,10,25.99,259.9,20.0,0.5,Fast Moving
18232,41,19.99,819.5899999999999,22.0,1.8636363636363635,Normal
18236,3,75.99,227.96999999999997,0.0,inf,Dead Stock
18237,180,24.99,4498.2,18.0,10.0,Slow Moving
18239,5,77.99,389.95,0.0,inf,Dead Stock
18240,32,25.99,831.68,27.0,1.1851851851851851,Normal
18246,3,45.99,137.97,0.0,inf,Dead Stock
18254,33,71.99,2375.6699999999996,0.0,inf,Dead Stock
18263,22,18.99,417.78,4.0,5.5,Slow Moving
18265,9,79.99,719.91,3.0,3.0,Slow Moving
18267,24,31.99,767.76,21.0,1.1428571428571428,Normal
18269,25,73.99,1849.7499999999998,9.0,2.7777777777777777,Slow Moving
18271,3,126.99,380.96999999999997,1.0,3.0,Slow Moving
18275,35,14.99,524.65,12.0,2.9166666666666665,Slow Moving
18276,40,54.99,2199.6,23.0,1.7391304347826086,Normal
18278,61,23.99,1463.3899999999999,42.0,1.4523809523809523,Normal
18284,40,16.99,679.5999999999999,9.0,4.444444444444445,Slow Moving
18300,8,6.99,55.92,0.0,inf,Dead Stock
18304,19,11.99,227.81,151.0,0.12582781456953643,Fast Moving
18309,29,9.99,289.71,12.0,2.4166666666666665,Slow Moving
18317,3,69.99,209.96999999999997,5.0,0.6,Normal
18332,205,13.99,2867.95,47.0,4.361702127659575,Slow Moving
18337,211,17.99,3795.89,69.0,3.0579710144927534,Slow Moving
18344,4,8.99,35.96,15.0,0.26666666666666666,Fast Moving
18347,4679,16.99,79496.20999999999,1433.0,3.265177948360084,Slow Moving
18359,24,14.99,359.76,0.0,inf,Dead Stock
18360,17,11.99,203.83,0.0,inf,Dead Stock
18363,27,5.99,161.73000000000002,18.0,1.5,Normal
18364,17,9.99,169.83,0.0,inf,Dead Stock
18368,462,7.99,3691.38,284.0,1.6267605633802817,Normal
18369,365,7.989999999999999,2916.35,178.0,2.050561797752809,Slow Moving
18375,469,12.989999999999998,6092.3099999999995,66.0,7.106060606060606,Slow Moving
18378,16,11.99,191.84,3.0,5.333333333333333,Slow Moving
18380,284,38.99,11073.16,27.0,10.518518518518519,Slow Moving
18381,399,12.99,5183.01,159.0,2.509433962264151,Slow Moving
18382,23,9.99,229.77,0.0,inf,Dead Stock
18385,7,23.99,167.92999999999998,6.0,1.1666666666666667,Normal
18386,25,6.99,174.75,0.0,inf,Dead Stock
18396,0,19.99,0.0,44.0,0.0,Fast Moving
18414,182,3.9900000000000007,726.1800000000001,24.0,7.583333333333333,Slow Moving
18423,353,15.99,5644.47,165.0,2.139393939393939,Slow Moving
18426,3,36.99,110.97,1.0,3.0,Slow Moving
18427,298,19.99,5957.0199999999995,0.0,inf,Dead Stock
18428,23,16.99,390.77,1.0,23.0,Slow Moving
18430,55,19.99,1099.4499999999998,0.0,inf,Dead Stock
18432,8,169.99,1359.92,4.0,2.0,Normal
18433,5,94.99,474.95,16.0,0.3125,Fast Moving
18438,23,55.99,1287.77,8.0,2.875,Slow Moving
18448,19,59.99,1139.81,0.0,inf,Dead Stock
18449,564,8.99,5070.36,232.0,2.4310344827586206,Slow Moving
18452,0,14.99,0.0,3.0,0.0,Fast Moving
18454,16,11.99,191.84,0.0,inf,Dead Stock
18466,32,36.99,1183.68,1.0,32.0,Slow Moving
18473,35,17.99,629.65,0.0,inf,Dead Stock
18507,363,64.99,23591.37,120.0,3.025,Slow Moving
18515,25,11.99,299.75,0.0,inf,Dead Stock
18529,101,7.49,756.49,40.0,2.525,Slow Moving
18533,565,14.99,8469.35,40.0,14.125,Slow Moving
18534,194,27.99,5430.0599999999995,59.0,3.288135593220339,Slow Moving
18535,187,27.99,5234.13,52.0,3.5961538461538463,Slow Moving
18538,9,32.99,296.91,0.0,inf,Dead Stock
18539,27,19.99,539.7299999999999,0.0,inf,Dead Stock
18548,8,13.49,107.92,0.0,inf,Dead Stock
18550,4,79.99,319.96,3.0,1.3333333333333333,Normal
18551,635,14.99,9518.65,188.0,3.377659574468085,Slow Moving
18553,12,14.99,179.88,0.0,inf,Dead Stock
18556,12,13.99,167.88,0.0,inf,Dead Stock
18561,15,14.99,224.85,19.0,0.7894736842105263,Normal
18562,232,14.49,3361.68,166.0,1.3975903614457832,Normal
18564,28,29.99,839.7199999999999,2.0,14.0,Slow Moving
18565,203,8.99,1824.97,67.0,3.029850746268657,Slow Moving
18568,522,9.99,5214.78,295.0,1.769491525423729,Normal
18569,4,45.99,183.96,2.0,2.0,Normal
18571,52,12.99,675.48,51.0,1.0196078431372548,Normal
18572,0,2.99,0.0,0.0,inf,Dead Stock
18575,172,39.99,6878.280000000001,57.0,3.017543859649123,Slow Moving
18578,52,89.99,4679.48,33.0,1.5757575757575757,Normal
18583,112,44.99,5038.88,5.0,22.4,Slow Moving
18584,153,43.99,6730.47,10.0,15.3,Slow Moving
18585,234,14.99,3507.66,26.0,9.0,Slow Moving
18586,60,44.99,2699.4,1.0,60.0,Slow Moving
18587,48,39.99,1919.52,2.0,24.0,Slow Moving
18589,13,19.99,259.87,20.0,0.65,Normal
18592,520,8.99,4674.8,352.0,1.4772727272727273,Normal
18593,527,9.99,5264.7300000000005,155.0,3.4,Slow Moving
18594,15,10.99,164.85,0.0,inf,Dead Stock
18600,247,119.99,29637.53,27.0,9.148148148148149,Slow Moving
18601,197,18.99,3741.0299999999997,13.0,15.153846153846153,Slow Moving
18609,39,49.99,1949.6100000000001,0.0,inf,Dead Stock
18611,10,13.99,139.9,3.0,3.3333333333333335,Slow Moving
18613,163,13.99,2280.37,37.0,4.405405405405405,Slow Moving
18614,0,13.99,0.0,0.0,inf,Dead Stock
18615,78,15.99,1247.22,19.0,4.105263157894737,Slow Moving
18617,269,13.99,3763.31,93.0,2.89247311827957,Slow Moving
18618,225,15.99,3597.75,57.0,3.9473684210526314,Slow Moving
18619,1,33.99,33.99,4.0,0.25,Fast Moving
18621,19,15.99,303.81,0.0,inf,Dead Stock
18627,20,18.99,379.79999999999995,1.0,20.0,Slow Moving
18628,5,28.99,144.95,11.0,0.45454545454545453,Fast Moving
18629,16,21.99,351.84,31.0,0.5161290322580645,Normal
18636,373,15.989999999999998,5964.2699999999995,12.0,31.083333333333332,Slow Moving
18637,165,19.99,3298.35,20.0,8.25,Slow Moving
18638,286,24.990000000000002,7147.14,59.0,4.8474576271186445,Slow Moving
18640,71,5.29,375.59,0.0,inf,Dead Stock
18641,1239,8.95,11089.05,289.0,4.28719723183391,Slow Moving
18642,1073,8.95,9603.349999999999,250.0,4.292,Slow Moving
18646,1,3.99,3.99,0.0,inf,Dead Stock
18651,23,22.99,528.77,2.0,11.5,Slow Moving
18652,46,24.99,1149.54,3.0,15.333333333333334,Slow Moving
18653,192,11.99,2302.08,56.0,3.4285714285714284,Slow Moving
18660,22,14.99,329.78000000000003,0.0,inf,Dead Stock
18664,160,9.99,1598.4,75.0,2.1333333333333333,Slow Moving
18665,17,16.99,288.83,0.0,inf,Dead Stock
18666,22,16.99,373.78,0.0,inf,Dead Stock
18669,17,10.99,186.83,0.0,inf,Dead Stock
18671,21,21.99,461.78999999999996,0.0,inf,Dead Stock
18686,32,18.99,607.68,0.0,inf,Dead Stock
18721,4,13.99,55.96,0.0,inf,Dead Stock
18733,347,27.99,9712.529999999999,62.0,5.596774193548387,Slow Moving
18734,198,10.99,2176.02,52.0,3.8076923076923075,Slow Moving
18736,23,16.99,390.77,0.0,inf,Dead Stock
18739,144,34.99,5038.56,10.0,14.4,Slow Moving
18740,60,32.99,1979.4,22.0,2.727272727272727,Slow Moving
18741,355,21.990000000000002,7806.450000000001,46.0,7.717391304347826,Slow Moving
18742,820,22.99,18851.8,196.0,4.183673469387755,Slow Moving
18743,2017,13.99,28217.83,357.0,5.649859943977591,Slow Moving
18744,1111,17.99,19986.89,36.0,30.86111111111111,Slow Moving
18747,262,9.99,2617.38,135.0,1.9407407407407407,Normal
18748,103,8.29,853.8699999999999,43.0,2.395348837209302,Slow Moving
18753,0,4.99,0.0,0.0,inf,Dead Stock
18754,1,2.99,2.99,0.0,inf,Dead Stock
18756,23,7.99,183.77,7.0,3.2857142857142856,Slow Moving
18757,13,7.99,103.87,0.0,inf,Dead Stock
18758,638,12.989999999999998,8287.619999999999,164.0,3.8902439024390243,Slow Moving
18761,85,15.49,1316.65,10.0,8.5,Slow Moving
18767,6,14.99,89.94,5.0,1.2,Normal
18768,287,12.99,3728.13,105.0,2.7333333333333334,Slow Moving
18769,13,14.49,188.37,0.0,inf,Dead Stock
18770,19,18.99,360.80999999999995,0.0,inf,Dead Stock
18771,33,17.99,593.67,0.0,inf,Dead Stock
18773,0,17.99,0.0,0.0,inf,Dead Stock
18774,120,25.99,3118.7999999999997,27.0,4.444444444444445,Slow Moving
18775,17,11.99,203.83,0.0,inf,Dead Stock
18778,261,11.99,3129.39,101.0,2.5841584158415842,Slow Moving
18779,1,2.99,2.99,0.0,inf,Dead Stock
18783,2,8.49,16.98,32.0,0.0625,Fast Moving
18784,2,48.99,97.98,3.0,0.6666666666666666,Normal
18785,13,13.99,181.87,0.0,inf,Dead Stock
18787,261,11.990000000000002,3129.3900000000003,178.0,1.4662921348314606,Normal
18788,92,14.99,1379.08,35.0,2.6285714285714286,Slow Moving
18797,60,12.49,749.4,10.0,6.0,Slow Moving
18800,192,11.99,2302.08,34.0,5.647058823529412,Slow Moving
18801,613,10.99,6736.87,203.0,3.019704433497537,Slow Moving
18806,138,50.99,7036.62,38.0,3.6315789473684212,Slow Moving
18810,7,6.49,45.43,2.0,3.5,Slow Moving
18811,208,11.99,2493.92,14.0,14.857142857142858,Slow Moving
18812,721,12.49,9005.29,196.0,3.6785714285714284,Slow Moving
18813,614,11.99,7361.860000000001,124.0,4.951612903225806,Slow Moving
18817,3,12.99,38.97,116.0,0.02586206896551724,Fast Moving
18822,26,19.99,519.74,22.0,1.1818181818181819,Normal
18829,34,34.99,1189.66,0.0,inf,Dead Stock
18830,21,12.99,272.79,0.0,inf,Dead Stock
18831,19,10.99,208.81,3.0,6.333333333333333,Slow Moving
18833,16,5.99,95.84,0.0,inf,Dead Stock
18835,326,11.99,3908.7400000000002,187.0,1.7433155080213905,Normal
18836,221,14.99,3312.79,62.0,3.564516129032258,Slow Moving
18837,731,12.99,9495.69,43.0,17.0,Slow Moving
18838,136,10.49,1426.64,19.0,7.157894736842105,Slow Moving
18839,32,12.99,415.68,0.0,inf,Dead Stock
18845,12,49.99,599.88,0.0,inf,Dead Stock
18846,48,11.99,575.52,0.0,inf,Dead Stock
18852,0,7.99,0.0,4.0,0.0,Fast Moving
18853,40,6.49,259.6,13.0,3.076923076923077,Slow Moving
18854,9,10.99,98.91,0.0,inf,Dead Stock
18855,24,4.99,119.76,0.0,inf,Dead Stock
18856,705,5.99,4222.95,291.0,2.422680412371134,Slow Moving
18857,824,5.99,4935.76,535.0,1.5401869158878505,Normal
18859,18,14.99,269.82,12.0,1.5,Normal
18860,671,5.99,4019.29,239.0,2.807531380753138,Slow Moving
18865,379,37.99,14398.210000000001,102.0,3.715686274509804,Slow Moving
18866,43,12.99,558.57,2.0,21.5,Slow Moving
18868,599,13.99,8380.01,397.0,1.508816120906801,Normal
18875,380,7.990000000000001,3036.2000000000003,183.0,2.0765027322404372,Slow Moving
18877,455,7.989999999999999,3635.45,236.0,1.9279661016949152,Normal
18879,423,14.99,6340.77,89.0,4.752808988764045,Slow Moving
18880,190,13.99,2658.1,8.0,23.75,Slow Moving
18881,287,9.99,2867.13,151.0,1.900662251655629,Normal
18884,247,17.99,4443.53,113.0,2.185840707964602,Slow Moving
18886,9,46.99,422.91,0.0,inf,Dead Stock
18891,61,68.99,4208.389999999999,5.0,12.2,Slow Moving
18893,2585,7.950000000000001,20550.750000000004,1473.0,1.7549219280380177,Normal
18900,267,8.99,2400.33,22.0,12.136363636363637,Slow Moving
18901,252,8.99,2265.48,43.0,5.8604651162790695,Slow Moving
18909,202,13.99,2825.98,47.0,4.297872340425532,Slow Moving
18910,0,10.49,0.0,0.0,inf,Dead Stock
18912,51,47.99,2447.4900000000002,0.0,inf,Dead Stock
18920,16,8.99,143.84,0.0,inf,Dead Stock
18928,17,12.99,220.83,0.0,inf,Dead Stock
18937,2,26.99,53.98,4.0,0.5,Fast Moving
18938,27,10.99,296.73,10.0,2.7,Slow Moving
18941,8,29.99,239.92,1.0,8.0,Slow Moving
18943,51,16.99,866.4899999999999,0.0,inf,Dead Stock
18947,1,19.99,19.99,0.0,inf,Dead Stock
18948,9,43.99,395.91,1.0,9.0,Slow Moving
18950,4,17.99,71.96,849.0,0.004711425206124852,Fast Moving
18951,584,22.99,13426.16,291.0,2.006872852233677,Slow Moving
18952,34,13.49,458.66,55.0,0.6181818181818182,Normal
18964,23,5.99,137.77,0.0,inf,Dead Stock
18965,17,5.99,101.83,0.0,inf,Dead Stock
18967,17,5.99,101.83,0.0,inf,Dead Stock
18971,187,23.99,4486.13,35.0,5.3428571428571425,Slow Moving
18972,3,10.99,32.97,115.0,0.02608695652173913,Fast Moving
18974,120,54.99,6598.8,31.0,3.870967741935484,Slow Moving
18976,26,8.99,233.74,12.0,2.1666666666666665,Slow Moving
18979,30,17.99,539.6999999999999,0.0,inf,Dead Stock
18988,910,12.99,11820.9,1205.0,0.7551867219917012,Normal
19000,254,12.99,3299.46,48.0,5.291666666666667,Slow Moving
19001,372,28.99,10784.279999999999,42.0,8.857142857142858,Slow Moving
19003,21,16.99,356.78999999999996,22.0,0.9545454545454546,Normal
19019,20,10.99,219.8,2.0,10.0,Slow Moving
19031,26,11.99,311.74,34.0,0.7647058823529411,Normal
19034,184,44.99,8278.16,9.0,20.444444444444443,Slow Moving
19035,285,10.99,3132.15,126.0,2.261904761904762,Slow Moving
19036,2,14.99,29.98,387.0,0.00516795865633075,Fast Moving
19037,310,17.99,5576.9,57.0,5.43859649122807,Slow Moving
19039,301,12.990000000000002,3909.9900000000007,113.0,2.663716814159292,Slow Moving
19040,7,11.99,83.93,0.0,inf,Dead Stock
19041,347,10.99,3813.53,195.0,1.7794871794871794,Normal
19042,1,9.99,9.99,1.0,1.0,Normal
19044,2,55.99,111.98,0.0,inf,Dead Stock
19045,74,28.99,2145.2599999999998,5.0,14.8,Slow Moving
19049,14,49.99,699.86,2.0,7.0,Slow Moving
19050,7,24.99,174.92999999999998,0.0,inf,Dead Stock
19054,11,129.99,1429.89,0.0,inf,Dead Stock
19055,395,9.99,3946.05,59.0,6.694915254237288,Slow Moving
19058,12,47.99,575.88,1.0,12.0,Slow Moving
19061,22,50.99,1121.78,6.0,3.6666666666666665,Slow Moving
19062,22,50.99,1121.78,2.0,11.0,Slow Moving
19063,8,53.99,431.92,1.0,8.0,Slow Moving
19070,58,9.99,579.42,10.0,5.8,Slow Moving
19071,10,8.99,89.9,1.0,10.0,Slow Moving
19072,8,10.99,87.92,0.0,inf,Dead Stock
19074,348,21.99,7652.5199999999995,48.0,7.25,Slow Moving
19077,19,199.99,3799.8100000000004,2.0,9.5,Slow Moving
19084,4,13.99,55.96,0.0,inf,Dead Stock
19088,40,28.99,1159.6,0.0,inf,Dead Stock
19092,7,10.99,76.93,0.0,inf,Dead Stock
19105,21,5.99,125.79,0.0,inf,Dead Stock
19109,12,9.99,119.88,0.0,inf,Dead Stock
19118,12,10.99,131.88,0.0,inf,Dead Stock
19120,289,12.99,3754.11,190.0,1.5210526315789474,Normal
19121,14,11.99,167.86,1531.0,0.009144350097975179,Fast Moving
19122,572,14.99,8574.28,184.0,3.108695652173913,Slow Moving
19124,10,69.99,699.9,0.0,inf,Dead Stock
19125,11,50.99,560.89,1.0,11.0,Slow Moving
19126,340,12.99,4416.6,172.0,1.9767441860465116,Normal
19127,203,15.99,3245.9700000000003,69.0,2.9420289855072466,Slow Moving
19137,6,21.99,131.94,0.0,inf,Dead Stock
19138,1,9.99,9.99,0.0,inf,Dead Stock
19143,4,26.99,107.96,1.0,4.0,Slow Moving
19148,150,14.99,2248.5,0.0,inf,Dead Stock
19150,230,21.990000000000002,5057.700000000001,13.0,17.692307692307693,Slow Moving
19158,28,13.99,391.72,17.0,1.6470588235294117,Normal
19160,160,14.99,2398.4,24.0,6.666666666666667,Slow Moving
19164,320,7.989999999999999,2556.7999999999997,547.0,0.5850091407678245,Normal
19166,0,5.79,0.0,0.0,inf,Dead Stock
19169,18,7.99,143.82,186.0,0.0967741935483871,Fast Moving
19174,358,10.99,3934.42,120.0,2.9833333333333334,Slow Moving
19175,873,11.989999999999998,10467.269999999999,313.0,2.7891373801916934,Slow Moving
19176,7,9.99,69.93,0.0,inf,Dead Stock
19178,3,12.99,38.97,0.0,inf,Dead Stock
19186,0,59.989999999999995,0.0,0.0,inf,Dead Stock
19189,187,17.99,3364.1299999999997,18.0,10.38888888888889,Slow Moving
19190,330,9.99,3296.7000000000003,274.0,1.2043795620437956,Normal
19191,418,11.99,5011.82,289.0,1.4463667820069204,Normal
19192,345,14.99,5171.55,0.0,inf,Dead Stock
19199,645,16.99,10958.55,124.0,5.201612903225806,Slow Moving
19201,18,16.99,305.82,6.0,3.0,Slow Moving
19204,11,3.29,36.19,0.0,inf,Dead Stock
19215,471,27.99,13183.289999999999,104.0,4.528846153846154,Slow Moving
19216,37,19.99,739.63,5.0,7.4,Slow Moving
19217,16,23.99,383.84,1.0,16.0,Slow Moving
19218,117,119.99,14038.83,24.0,4.875,Slow Moving
19219,30,12.99,389.7,2.0,15.0,Slow Moving
19220,216,64.99,14037.839999999998,54.0,4.0,Slow Moving
19223,440,12.99,5715.6,185.0,2.3783783783783785,Slow Moving
19224,617,19.99,12333.83,208.0,2.9663461538461537,Slow Moving
19232,5,26.99,134.95,0.0,inf,Dead Stock
19233,14,18.99,265.85999999999996,14.0,1.0,Normal
19243,160,6.49,1038.4,3.0,53.333333333333336,Slow Moving
19244,263,16.99,4468.37,83.0,3.1686746987951806,Slow Moving
19245,36,9.99,359.64,4.0,9.0,Slow Moving
19246,3,9.99,29.97,60.0,0.05,Fast Moving
19247,26,17.99,467.73999999999995,17.0,1.5294117647058822,Normal
19249,235,19.99,4697.65,49.0,4.795918367346939,Slow Moving
19251,3,14.99,44.97,12.0,0.25,Fast Moving
19252,23,15.99,367.77,0.0,inf,Dead Stock
19253,20,13.99,279.8,12.0,1.6666666666666667,Normal
19258,461,11.99,5527.39,223.0,2.0672645739910314,Slow Moving
19260,687,9.99,6863.13,268.0,2.5634328358208953,Slow Moving
19262,33,29.99,989.67,1.0,33.0,Slow Moving
19264,37,69.99,2589.6299999999997,11.0,3.3636363636363638,Slow Moving
19265,0,77.99,0.0,3.0,0.0,Fast Moving
19267,228,47.99,10941.720000000001,11.0,20.727272727272727,Slow Moving
19269,497,22.99,11426.029999999999,88.0,5.6477272727272725,Slow Moving
19270,1490,24.99,37235.1,365.0,4.082191780821918,Slow Moving
19271,53,77.99,4133.469999999999,0.0,inf,Dead Stock
19275,13,10.99,142.87,12.0,1.0833333333333333,Normal
19282,239,18.99,4538.61,93.0,2.5698924731182795,Slow Moving
19283,316,9.989999999999998,3156.8399999999997,158.0,2.0,Normal
19293,33,28.99,956.67,25.0,1.32,Normal
19302,1768,11.99,21198.32,432.0,4.092592592592593,Slow Moving
19303,10,15.99,159.9,0.0,inf,Dead Stock
19312,18,14.99,269.82,0.0,inf,Dead Stock
19313,0,10.99,0.0,0.0,inf,Dead Stock
19315,8,74.99,599.92,3.0,2.6666666666666665,Slow Moving
19316,1,13.99,13.99,36.0,0.027777777777777776,Fast Moving
19318,46,164.99,7589.540000000001,2.0,23.0,Slow Moving
19320,245,16.99,4162.549999999999,115.0,2.130434782608696,Slow Moving
19322,2,7.79,15.58,0.0,inf,Dead Stock
19329,347,43.99,15264.53,16.0,21.6875,Slow Moving
19336,587,3.99,2342.13,342.0,1.7163742690058479,Normal
19337,8,41.99,335.92,0.0,inf,Dead Stock
19340,946,13.99,13234.54,121.0,7.818181818181818,Slow Moving
19343,24,3.99,95.76,0.0,inf,Dead Stock
19344,21,12.99,272.79,0.0,inf,Dead Stock
19347,0,11.99,0.0,1.0,0.0,Fast Moving
19349,12,20.99,251.88,24.0,0.5,Fast Moving
19353,16,13.99,223.84,0.0,inf,Dead Stock
19356,159,17.99,2860.41,68.0,2.338235294117647,Slow Moving
19357,1097,5.99,6571.030000000001,1629.0,0.6734192756292203,Normal
19360,221,9.99,2207.79,79.0,2.7974683544303796,Slow Moving
19364,53,11.49,608.97,0.0,inf,Dead Stock
19368,9,24.99,224.91,2.0,4.5,Slow Moving
19369,45,21.99,989.55,3.0,15.0,Slow Moving
19370,36,5.989999999999999,215.64,18.0,2.0,Normal
19372,7,7.99,55.93,0.0,inf,Dead Stock
19374,12,15.99,191.88,0.0,inf,Dead Stock
19375,9,15.99,143.91,0.0,inf,Dead Stock
19376,196,15.989999999999998,3134.0399999999995,95.0,2.0631578947368423,Slow Moving
19377,8,15.99,127.92,0.0,inf,Dead Stock
19380,23,13.99,321.77,0.0,inf,Dead Stock
19381,302,9.99,3016.98,156.0,1.935897435897436,Normal
19382,320,9.99,3196.8,76.0,4.2105263157894735,Slow Moving
19391,3,34.99,104.97,2.0,1.5,Normal
19392,46,16.99,781.54,37.0,1.2432432432432432,Normal
19394,211,29.99,6327.889999999999,66.0,3.196969696969697,Slow Moving
19397,506,17.99,9102.939999999999,26.0,19.46153846153846,Slow Moving
19403,28,13.99,391.72,0.0,inf,Dead Stock
19406,137,32.99,4519.63,12.0,11.416666666666666,Slow Moving
19414,36,11.99,431.64,10.0,3.6,Slow Moving
19417,7,49.99,349.93,2.0,3.5,Slow Moving
19418,29,95.99,2783.71,0.0,inf,Dead Stock
19419,324,9.99,3236.76,125.0,2.592,Slow Moving
19430,19,20.99,398.80999999999995,4.0,4.75,Slow Moving
19435,12,79.99,959.8799999999999,0.0,inf,Dead Stock
19436,5,69.99,349.95,1.0,5.0,Slow Moving
19451,369,9.99,3686.31,71.0,5.197183098591549,Slow Moving
19452,517,10.99,5681.83,0.0,inf,Dead Stock
19453,840,13.99,11751.6,228.0,3.6842105263157894,Slow Moving
19454,46,15.49,712.54,0.0,inf,Dead Stock
19458,377,7.990000000000001,3012.2300000000005,162.0,2.3271604938271606,Slow Moving
19459,9,424.99,3824.91,0.0,inf,Dead Stock
19465,7,6.99,48.93,0.0,inf,Dead Stock
19484,25,10.99,274.75,0.0,inf,Dead Stock
19485,35,169.99,5949.650000000001,0.0,inf,Dead Stock
19486,328,17.99,5900.719999999999,38.0,8.631578947368421,Slow Moving
19488,100,6.99,699.0,19.0,5.2631578947368425,Slow Moving
19489,31,13.99,433.69,17.0,1.8235294117647058,Normal
19494,12,14.99,179.88,876.0,0.0136986301369863,Fast Moving
19495,2,11.99,23.98,0.0,inf,Dead Stock
19497,18,10.99,197.82,12.0,1.5,Normal
19502,73,41.99,3065.27,3.0,24.333333333333332,Slow Moving
19503,1,98.99,98.99,0.0,inf,Dead Stock
19507,1320,8.99,11866.800000000001,786.0,1.6793893129770991,Normal
19511,10,11.99,119.9,0.0,inf,Dead Stock
19513,50,8.99,449.5,50.0,1.0,Normal
19518,40,21.99,879.5999999999999,0.0,inf,Dead Stock
19522,12,46.99,563.88,0.0,inf,Dead Stock
19523,0,9.99,0.0,0.0,inf,Dead Stock
19526,83,13.99,1161.17,11.0,7.545454545454546,Slow Moving
19531,165,22.99,3793.35,42.0,3.9285714285714284,Slow Moving
19544,24,24.99,599.76,1.0,24.0,Slow Moving
19545,701,7.99,5600.99,589.0,1.1901528013582343,Normal
19547,12,9.99,119.88,8.0,1.5,Normal
19548,0,31.99,0.0,0.0,inf,Dead Stock
19549,285,13.99,3987.15,44.0,6.4772727272727275,Slow Moving
19552,1,19.99,19.99,57.0,0.017543859649122806,Fast Moving
19553,10,8.99,89.9,0.0,inf,Dead Stock
19554,377,8.99,3389.23,0.0,inf,Dead Stock
19556,691,13.990000000000002,9667.090000000002,168.0,4.113095238095238,Slow Moving
19557,743,13.990000000000002,10394.570000000002,107.0,6.94392523364486,Slow Moving
19558,13,424.98999999999995,5524.869999999999,0.0,inf,Dead Stock
19559,20,224.99,4499.8,0.0,inf,Dead Stock
19566,9,21.49,193.41,19.0,0.47368421052631576,Fast Moving
19568,18,8.99,161.82,6.0,3.0,Slow Moving
19571,46,71.99,3311.54,13.0,3.5384615384615383,Slow Moving
19572,2,79.99,159.98,0.0,inf,Dead Stock
19574,175,26.99,4723.25,0.0,inf,Dead Stock
19576,22,11.99,263.78000000000003,0.0,inf,Dead Stock
19577,356,14.99,5336.4400000000005,54.0,6.592592592592593,Slow Moving
19581,443,26.99,11956.57,76.0,5.828947368421052,Slow Moving
19583,31,324.99,10074.69,0.0,inf,Dead Stock
19586,3,41.99,125.97,3.0,1.0,Normal
19588,41,80.99,3320.5899999999997,2.0,20.5,Slow Moving
19590,19,50.99,968.8100000000001,0.0,inf,Dead Stock
19591,10,42.99,429.90000000000003,0.0,inf,Dead Stock
19594,40,28.99,1159.6,4.0,10.0,Slow Moving
19595,15,73.99,1109.85,2.0,7.5,Slow Moving
19597,10,124.99,1249.8999999999999,0.0,inf,Dead Stock
19598,20,29.99,599.8,1.0,20.0,Slow Moving
19601,0,30.99,0.0,0.0,inf,Dead Stock
19603,3,42.99,128.97,4.0,0.75,Normal
19604,4,42.99,171.96,2.0,2.0,Normal
19606,9,44.99,404.91,0.0,inf,Dead Stock
19608,9,31.99,287.90999999999997,0.0,inf,Dead Stock
19609,37,83.99,3107.6299999999997,0.0,inf,Dead Stock
19610,24,124.99,2999.7599999999998,1.0,24.0,Slow Moving
19611,162,101.99,16522.379999999997,27.0,6.0,Slow Moving
19612,14,31.99,447.85999999999996,2.0,7.0,Slow Moving
19616,3,26.99,80.97,0.0,inf,Dead Stock
19617,19,125.99,2393.81,0.0,inf,Dead Stock
19618,32,82.99,2655.68,0.0,inf,Dead Stock
19621,59,63.99,3775.4100000000003,1.0,59.0,Slow Moving
19622,18,104.99,1889.82,0.0,inf,Dead Stock
19630,54,34.99,1889.46,2.0,27.0,Slow Moving
19635,141,19.99,2818.5899999999997,72.0,1.9583333333333333,Normal
19636,1170,11.990000000000002,14028.300000000003,16.0,73.125,Slow Moving
19637,50,19.99,999.4999999999999,4.0,12.5,Slow Moving
19645,1251,9.99,12497.49,749.0,1.67022696929239,Normal
19646,350,9.99,3496.5,63.0,5.555555555555555,Slow Moving
19647,22,9.99,219.78,0.0,inf,Dead Stock
19648,19,14.99,284.81,56.0,0.3392857142857143,Fast Moving
19652,27,10.99,296.73,12.0,2.25,Slow Moving
19653,23,10.99,252.77,24.0,0.9583333333333334,Normal
19654,153,12.990000000000002,1987.4700000000003,0.0,inf,Dead Stock
19657,20,12.99,259.8,0.0,inf,Dead Stock
19658,8,14.99,119.92,0.0,inf,Dead Stock
19660,41,19.99,819.5899999999999,2.0,20.5,Slow Moving
19662,1191,5.99,7134.09,1389.0,0.857451403887689,Normal
19663,16,13.99,223.84,1.0,16.0,Slow Moving
19668,374,9.99,3736.26,106.0,3.5283018867924527,Slow Moving
19669,74,7.79,576.46,75.0,0.9866666666666667,Normal
19671,546,7.99,4362.54,254.0,2.1496062992125986,Slow Moving
19672,24,49.99,1199.76,4.0,6.0,Slow Moving
19680,38,179.99,6839.620000000001,0.0,inf,Dead Stock
19681,23,259.99,5979.77,0.0,inf,Dead Stock
19684,12,109.99,1319.8799999999999,7.0,1.7142857142857142,Normal
19687,26,153.99,4003.7400000000002,0.0,inf,Dead Stock
19693,17,12.99,220.83,2.0,8.5,Slow Moving
19694,10,74.99,749.9,9.0,1.1111111111111112,Normal
19695,32,34.99,1119.68,3.0,10.666666666666666,Slow Moving
19699,39,9.99,389.61,8.0,4.875,Slow Moving
19700,6,11.99,71.94,18.0,0.3333333333333333,Fast Moving
19704,32,17.99,575.68,0.0,inf,Dead Stock
19705,23,13.99,321.77,0.0,inf,Dead Stock
19706,68,13.99,951.32,1.0,68.0,Slow Moving
19709,11,10.99,120.89,0.0,inf,Dead Stock
19710,12,11.99,143.88,0.0,inf,Dead Stock
19713,22,14.99,329.78000000000003,0.0,inf,Dead Stock
19715,17,10.99,186.83,0.0,inf,Dead Stock
19720,8,3.79,30.32,0.0,inf,Dead Stock
19721,28,3.79,106.12,0.0,inf,Dead Stock
19725,10,3.79,37.9,0.0,inf,Dead Stock
19735,188,29.99,5638.12,0.0,inf,Dead Stock
19736,20,11.99,239.8,12.0,1.6666666666666667,Normal
19737,10,11.99,119.9,0.0,inf,Dead Stock
19739,24,11.99,287.76,0.0,inf,Dead Stock
19740,101,19.99,2018.9899999999998,61.0,1.6557377049180328,Normal
19747,9,11.29,101.60999999999999,49.0,0.1836734693877551,Fast Moving
19748,5915,15.99,94580.85,4692.0,1.2606564364876385,Normal
19754,0,10.99,0.0,1.0,0.0,Fast Moving
19755,192,9.99,1918.08,351.0,0.5470085470085471,Normal
19757,17,13.99,237.83,0.0,inf,Dead Stock
19762,27,5.99,161.73000000000002,0.0,inf,Dead Stock
19763,205,3.9900000000000007,817.9500000000002,52.0,3.9423076923076925,Slow Moving
19767,141,5.99,844.59,0.0,inf,Dead Stock
19768,77,10.99,846.23,3.0,25.666666666666668,Slow Moving
19782,335,24.989999999999995,8371.649999999998,49.0,6.836734693877551,Slow Moving
19783,11,349.99,3849.8900000000003,0.0,inf,Dead Stock
19787,19,4.79,91.01,5.0,3.8,Slow Moving
19789,24,19.99,479.76,5.0,4.8,Slow Moving
19791,0,11.99,0.0,0.0,inf,Dead Stock
19796,25,29.99,749.75,3.0,8.333333333333334,Slow Moving
19797,21,16.99,356.78999999999996,1.0,21.0,Slow Moving
19798,51,5.99,305.49,82.0,0.6219512195121951,Normal
19799,91,54.99,5004.09,47.0,1.9361702127659575,Normal
19806,179,13.99,2504.21,27.0,6.62962962962963,Slow Moving
19807,17,10.99,186.83,12.0,1.4166666666666667,Normal
19809,44,48.99,2155.56,2.0,22.0,Slow Moving
19814,454,16.99,7713.459999999999,51.0,8.901960784313726,Slow Moving
19818,6,26.99,161.94,3.0,2.0,Normal
19821,1036,16.99,17601.64,224.0,4.625,Slow Moving
19822,20,105.99,2119.7999999999997,13.0,1.5384615384615385,Normal
19825,7,74.99,524.93,1.0,7.0,Slow Moving
19826,16,104.99,1679.84,4.0,4.0,Slow Moving
19827,69,16.99,1172.31,31.0,2.225806451612903,Slow Moving
19831,122,9.99,1218.78,36.0,3.388888888888889,Slow Moving
19834,10,72.99,729.9,5.0,2.0,Normal
19838,4,321.99,1287.96,0.0,inf,Dead Stock
19839,3,111.99,335.96999999999997,0.0,inf,Dead Stock
19840,3,214.99,644.97,0.0,inf,Dead Stock
19841,29,177.99,5161.71,0.0,inf,Dead Stock
19842,4,44.99,179.96,0.0,inf,Dead Stock
19845,2,12.99,25.98,2.0,1.0,Normal
19847,370,14.99,5546.3,0.0,inf,Dead Stock
19848,5088,9.99,50829.12,1789.0,2.8440469536053663,Slow Moving
19849,176,4.99,878.24,17.0,10.352941176470589,Slow Moving
19850,144,10.99,1582.56,46.0,3.130434782608696,Slow Moving
19855,573,29.99,17184.27,43.0,13.325581395348838,Slow Moving
19860,41,4.99,204.59,9.0,4.555555555555555,Slow Moving
19861,22,4.99,109.78,0.0,inf,Dead Stock
19862,16,4.99,79.84,0.0,inf,Dead Stock
19863,22,4.99,109.78,0.0,inf,Dead Stock
19865,24,18.99,455.76,34.0,0.7058823529411765,Normal
19866,410,16.99,6965.9,2.0,205.0,Slow Moving
19870,1590,8.95,14230.499999999998,212.0,7.5,Slow Moving
19871,11,7.99,87.89,0.0,inf,Dead Stock
19881,4,8.99,35.96,51.0,0.0784313725490196,Fast Moving
19895,357,10.99,3923.4300000000003,141.0,2.5319148936170213,Slow Moving
19906,12,15.99,191.88,13.0,0.9230769230769231,Normal
19908,234,13.99,3273.66,86.0,2.7209302325581395,Slow Moving
19909,19,11.99,227.81,0.0,inf,Dead Stock
19914,0,6.99,0.0,7.0,0.0,Fast Moving
19926,833,9.99,8321.67,419.0,1.9880668257756564,Normal
19934,782,8.99,7030.18,474.0,1.649789029535865,Normal
19935,38,7.99,303.62,50.0,0.76,Normal
19936,19,10.99,208.81,12.0,1.5833333333333333,Normal
19938,1,9.99,9.99,1.0,1.0,Normal
19939,0,9.99,0.0,0.0,inf,Dead Stock
19940,1070,10.99,11759.300000000001,453.0,2.3620309050772628,Slow Moving
19942,3,7.49,22.47,0.0,inf,Dead Stock
19944,19,9.99,189.81,9.0,2.111111111111111,Slow Moving
19945,1,18.99,18.99,0.0,inf,Dead Stock
19946,12,13.99,167.88,15.0,0.8,Normal
19947,553,13.99,7736.47,316.0,1.75,Normal
19948,2296,16.99,39009.03999999999,1351.0,1.6994818652849741,Normal
19949,18,34.99,629.82,1.0,18.0,Slow Moving
19951,1,65.99,65.99,2.0,0.5,Fast Moving
19954,105,449.99,47248.950000000004,0.0,inf,Dead Stock
19955,56,94.99,5319.44,1.0,56.0,Slow Moving
19956,14,249.99,3499.86,0.0,inf,Dead Stock
19960,37,13.99,517.63,0.0,inf,Dead Stock
19961,68,69.99,4759.32,22.0,3.090909090909091,Slow Moving
19962,681,14.99,10208.19,174.0,3.913793103448276,Slow Moving
19963,393,11.99,4712.07,0.0,inf,Dead Stock
19966,35,124.99,4374.65,13.0,2.6923076923076925,Slow Moving
19967,42,125.99,5291.58,1.0,42.0,Slow Moving
19968,38,125.99,4787.62,1.0,38.0,Slow Moving
19969,55,125.98999999999998,6929.449999999999,17.0,3.235294117647059,Slow Moving
19970,106,399.99,42398.94,0.0,inf,Dead Stock
19971,10,124.99,1249.8999999999999,1.0,10.0,Slow Moving
19972,105,329.99,34648.950000000004,0.0,inf,Dead Stock
19977,152,10.99,1670.48,32.0,4.75,Slow Moving
19980,12,11.99,143.88,0.0,inf,Dead Stock
19988,24,49.99,1199.76,5.0,4.8,Slow Moving
19989,124,6.99,866.76,36.0,3.4444444444444446,Slow Moving
19990,17,11.99,203.83,0.0,inf,Dead Stock
19995,6,17.99,107.94,29.0,0.20689655172413793,Fast Moving
19996,7,5.99,41.93,21.0,0.3333333333333333,Fast Moving
20001,30,34.99,1049.7,7.0,4.285714285714286,Slow Moving
20002,10,52.99,529.9,4.0,2.5,Slow Moving
20008,34,21.99,747.66,13.0,2.6153846153846154,Slow Moving
20010,3,11.99,35.97,0.0,inf,Dead Stock
20016,18,8.99,161.82,0.0,inf,Dead Stock
20018,21,7.99,167.79,0.0,inf,Dead Stock
20019,11,7.99,87.89,0.0,inf,Dead Stock
20023,10,74.99,749.9,0.0,inf,Dead Stock
20024,44,170.98999999999998,7523.5599999999995,3.0,14.666666666666666,Slow Moving
20030,312,10.49,3272.88,112.0,2.7857142857142856,Slow Moving
20038,6,34.99,209.94,0.0,inf,Dead Stock
20055,83,219.99,18259.170000000002,0.0,inf,Dead Stock
20056,107,209.99,22468.93,1.0,107.0,Slow Moving
20057,108,179.99,19438.920000000002,0.0,inf,Dead Stock
20058,115,329.99000000000007,37948.850000000006,0.0,inf,Dead Stock
20060,46,239.99,11039.54,0.0,inf,Dead Stock
20061,36,539.99,19439.64,0.0,inf,Dead Stock
20062,36,539.99,19439.64,0.0,inf,Dead Stock
20063,17,2199.99,37399.829999999994,0.0,inf,Dead Stock
20064,56,469.99,26319.440000000002,11.0,5.090909090909091,Slow Moving
20066,2,99.99,199.98,0.0,inf,Dead Stock
20067,24,519.99,12479.76,0.0,inf,Dead Stock
20075,1,54.99,54.99,4.0,0.25,Fast Moving
20082,18,12.99,233.82,0.0,inf,Dead Stock
20090,4,19.99,79.96,3.0,1.3333333333333333,Normal
20091,96,11.99,1151.04,15.0,6.4,Slow Moving
20092,9,11.99,107.91,2.0,4.5,Slow Moving
20096,300,8.99,2697.0,39.0,7.6923076923076925,Slow Moving
20097,10,8.99,89.9,0.0,inf,Dead Stock
20098,283,8.99,2544.17,15.0,18.866666666666667,Slow Moving
20102,80,7.49,599.2,65.0,1.2307692307692308,Normal
20108,20,169.99,3399.8,4.0,5.0,Slow Moving
20114,25,13.99,349.75,2.0,12.5,Slow Moving
20118,15,13.99,209.85,9.0,1.6666666666666667,Normal
20119,13,15.99,207.87,0.0,inf,Dead Stock
20124,22,13.99,307.78000000000003,0.0,inf,Dead Stock
20130,26,59.989999999999995,1559.7399999999998,11.0,2.3636363636363638,Slow Moving
20131,2,359.99,719.98,0.0,inf,Dead Stock
20133,0,8.99,0.0,0.0,inf,Dead Stock
20134,11,8.99,98.89,0.0,inf,Dead Stock
20137,0,6.79,0.0,0.0,inf,Dead Stock
20144,12,12.99,155.88,0.0,inf,Dead Stock
20146,45,16.99,764.55,0.0,inf,Dead Stock
20149,104,9.99,1038.96,0.0,inf,Dead Stock
20152,325,13.99,4546.75,77.0,4.220779220779221,Slow Moving
20160,300,14.989999999999998,4496.999999999999,84.0,3.5714285714285716,Slow Moving
20162,303,17.99,5450.969999999999,58.0,5.224137931034483,Slow Moving
20167,596,13.99,8338.04,85.0,7.011764705882353,Slow Moving
20170,74,9.99,739.26,0.0,inf,Dead Stock
20174,54,18.99,1025.4599999999998,7.0,7.714285714285714,Slow Moving
20177,100,38.99,3899.0,16.0,6.25,Slow Moving
20178,71,24.99,1774.29,1.0,71.0,Slow Moving
20180,369,13.99,5162.31,58.0,6.362068965517241,Slow Moving
20181,54,6.99,377.46000000000004,11.0,4.909090909090909,Slow Moving
20182,354,10.989999999999998,3890.4599999999996,0.0,inf,Dead Stock
20184,12,12.99,155.88,113.0,0.10619469026548672,Fast Moving
20200,18,62.99,1133.82,3.0,6.0,Slow Moving
20204,497,11.99,5959.03,107.0,4.644859813084112,Slow Moving
20205,116,13.99,1622.84,0.0,inf,Dead Stock
20213,2,14.99,29.98,0.0,inf,Dead Stock
20217,10,8.99,89.9,0.0,inf,Dead Stock
20218,35,11.99,419.65000000000003,7.0,5.0,Slow Moving
20224,3,59.99,179.97,0.0,inf,Dead Stock
20251,380,21.99,8356.199999999999,26.0,14.615384615384615,Slow Moving
20252,136,56.99,7750.64,15.0,9.066666666666666,Slow Moving
20253,285,24.990000000000002,7122.150000000001,23.0,12.391304347826088,Slow Moving
20254,16,16.99,271.84,20.0,0.8,Normal
20255,659,13.99,9219.41,315.0,2.092063492063492,Slow Moving
20317,29,20.99,608.7099999999999,0.0,inf,Dead Stock
20319,29,19.99,579.7099999999999,0.0,inf,Dead Stock
20324,128,12.490000000000002,1598.7200000000003,40.0,3.2,Slow Moving
20334,12,10.99,131.88,0.0,inf,Dead Stock
20339,87,69.99,6089.129999999999,15.0,5.8,Slow Moving
20343,262,15.99,4189.38,52.0,5.038461538461538,Slow Moving
20344,0,15.99,0.0,0.0,inf,Dead Stock
20345,26,13.99,363.74,0.0,inf,Dead Stock
20353,43,12.99,558.57,0.0,inf,Dead Stock
20357,3716,7.99,29690.84,1211.0,3.0685383980181666,Slow Moving
20363,19,7.99,151.81,0.0,inf,Dead Stock
20364,13,7.99,103.87,0.0,inf,Dead Stock
20374,24,18.99,455.76,1.0,24.0,Slow Moving
20375,4,199.99,799.96,0.0,inf,Dead Stock
20382,20,15.99,319.8,14.0,1.4285714285714286,Normal
20383,242,13.99,3385.58,13.0,18.615384615384617,Slow Moving
20388,11,9.99,109.89,0.0,inf,Dead Stock
20395,304,9.99,3036.96,148.0,2.054054054054054,Slow Moving
20398,682,8.99,6131.18,451.0,1.5121951219512195,Normal
20400,285,13.99,3987.15,95.0,3.0,Slow Moving
20402,248,8.99,2229.52,0.0,inf,Dead Stock
20403,12,13.49,161.88,1.0,12.0,Slow Moving
20404,352,10.99,3868.48,81.0,4.345679012345679,Slow Moving
20405,559,15.99,8938.41,106.0,5.273584905660377,Slow Moving
20406,493,20.99,10348.07,71.0,6.943661971830986,Slow Moving
20407,2,13.99,27.98,49.0,0.04081632653061224,Fast Moving
20409,370,12.99,4806.3,45.0,8.222222222222221,Slow Moving
20410,420,29.989999999999995,12595.799999999997,14.0,30.0,Slow Moving
20413,13,23.99,311.87,2.0,6.5,Slow Moving
20416,4,24.99,99.96,0.0,inf,Dead Stock
20419,1238,19.49,24128.62,263.0,4.7072243346007605,Slow Moving
20422,67,27.99,1875.33,113.0,0.5929203539823009,Normal
20424,4,99.99,399.96,8.0,0.5,Fast Moving
20426,49,14.99,734.51,13.0,3.769230769230769,Slow Moving
20427,676,16.99,11485.24,40.0,16.9,Slow Moving
20428,44,53.99,2375.56,2.0,22.0,Slow Moving
20429,0,4.99,0.0,30.0,0.0,Fast Moving
20431,1508,7.990000000000001,12048.920000000002,0.0,inf,Dead Stock
20439,11,13.99,153.89000000000001,92.0,0.11956521739130435,Fast Moving
20441,8,12.99,103.92,1.0,8.0,Slow Moving
20442,26,19.99,519.74,0.0,inf,Dead Stock
20445,13,9.99,129.87,0.0,inf,Dead Stock
20446,477,9.99,4765.2300000000005,364.0,1.3104395604395604,Normal
20447,406,9.99,4055.94,226.0,1.7964601769911503,Normal
20448,21,3.49,73.29,0.0,inf,Dead Stock
20449,10,3.49,34.900000000000006,0.0,inf,Dead Stock
20450,15,3.49,52.35,0.0,inf,Dead Stock
20454,3,104.99,314.96999999999997,0.0,inf,Dead Stock
20456,21,8.49,178.29,0.0,inf,Dead Stock
20457,19,8.49,161.31,0.0,inf,Dead Stock
20459,90,6.99,629.1,0.0,inf,Dead Stock
20465,62,54.99,3409.38,6.0,10.333333333333334,Slow Moving
20466,2,59.99,119.98,0.0,inf,Dead Stock
20467,30,49.99,1499.7,0.0,inf,Dead Stock
20471,12,7.49,89.88,0.0,inf,Dead Stock
20475,292,9.99,2917.08,166.0,1.7590361445783131,Normal
20477,8,9.99,79.92,1.0,8.0,Slow Moving
20483,424,17.99,7627.759999999999,121.0,3.5041322314049586,Slow Moving
20491,33,11.99,395.67,0.0,inf,Dead Stock
20492,22,11.99,263.78000000000003,4.0,5.5,Slow Moving
20503,8,12.99,103.92,0.0,inf,Dead Stock
20506,48,28.99,1391.52,7.0,6.857142857142857,Slow Moving
20507,57,31.99,1823.4299999999998,13.0,4.384615384615385,Slow Moving
20508,13,18.99,246.86999999999998,5.0,2.6,Slow Moving
20509,115,12.99,1493.8500000000001,123.0,0.9349593495934959,Normal
20512,71,38.99,2768.29,25.0,2.84,Slow Moving
20513,94,28.99,2725.06,14.0,6.714285714285714,Slow Moving
20515,100,18.99,1898.9999999999998,19.0,5.2631578947368425,Slow Moving
20516,9,99.99,899.91,10.0,0.9,Normal
20517,189,35.99,6802.110000000001,25.0,7.56,Slow Moving
20519,3,18.99,56.97,30.0,0.1,Fast Moving
20520,49,25.99,1273.51,8.0,6.125,Slow Moving
20523,671,11.99,8045.29,0.0,inf,Dead Stock
20528,28,12.99,363.72,0.0,inf,Dead Stock
20532,470,12.99,6105.3,10.0,47.0,Slow Moving
20533,1446,12.99,18783.54,1225.0,1.180408163265306,Normal
20534,180,7.99,1438.2,24.0,7.5,Slow Moving
20550,82,10.99,901.1800000000001,10.0,8.2,Slow Moving
20551,150,16.99,2548.4999999999995,0.0,inf,Dead Stock
20552,359,14.99,5381.41,58.0,6.189655172413793,Slow Moving
20553,6,275.99,1655.94,0.0,inf,Dead Stock
20554,15,17.99,269.84999999999997,8.0,1.875,Normal
20555,28,13.99,391.72,13.0,2.1538461538461537,Slow Moving
20557,440,10.99,4835.6,264.0,1.6666666666666667,Normal
20568,23,18.99,436.77,0.0,inf,Dead Stock
20576,2,26.99,53.98,0.0,inf,Dead Stock
20596,18,19.99,359.82,0.0,inf,Dead Stock
20598,327,15.99,5228.7300000000005,31.0,10.548387096774194,Slow Moving
20601,12,18.99,227.88,0.0,inf,Dead Stock
20602,64,59.99,3839.36,1.0,64.0,Slow Moving
20610,11,17.99,197.89,0.0,inf,Dead Stock
20626,3,9.99,29.97,48.0,0.0625,Fast Moving
20627,18,8.99,161.82,0.0,inf,Dead Stock
20628,35,13.99,489.65000000000003,0.0,inf,Dead Stock
20629,19,13.99,265.81,0.0,inf,Dead Stock
20637,20,13.99,279.8,0.0,inf,Dead Stock
20639,6,17.99,107.94,10.0,0.6,Normal
20646,32,13.99,447.68,0.0,inf,Dead Stock
20648,23,13.99,321.77,0.0,inf,Dead Stock
20650,3,83.49,250.46999999999997,10.0,0.3,Fast Moving
20654,36,39.99,1439.64,1.0,36.0,Slow Moving
20655,7,39.99,279.93,1.0,7.0,Slow Moving
20658,13,39.99,519.87,0.0,inf,Dead Stock
20659,23,19.99,459.77,7.0,3.2857142857142856,Slow Moving
20660,194,12.99,2520.06,0.0,inf,Dead Stock
20661,5,59.989999999999995,299.95,2.0,2.5,Slow Moving
20662,151,9.99,1508.49,2.0,75.5,Slow Moving
20666,5,89.99,449.95,0.0,inf,Dead Stock
20668,4,45.99,183.96,1.0,4.0,Slow Moving
20670,1,89.99,89.99,0.0,inf,Dead Stock
20674,336,24.989999999999995,8396.639999999998,48.0,7.0,Slow Moving
20682,1,41.99,41.99,16.0,0.0625,Fast Moving
20684,3,89.99,269.96999999999997,0.0,inf,Dead Stock
20689,0,15.99,0.0,1.0,0.0,Fast Moving
20699,272,11.989999999999998,3261.2799999999997,218.0,1.2477064220183487,Normal
20700,389,15.99,6220.11,0.0,inf,Dead Stock
20703,36,59.99,2159.64,0.0,inf,Dead Stock
20706,70,15.99,1119.3,25.0,2.8,Slow Moving
20707,7,15.99,111.93,1.0,7.0,Slow Moving
20715,2,45.99,91.98,0.0,inf,Dead Stock
20722,0,29.99,0.0,1.0,0.0,Fast Moving
20723,44,15.99,703.5600000000001,0.0,inf,Dead Stock
20724,284,14.99,4257.16,4.0,71.0,Slow Moving
20725,713,14.99,10687.87,148.0,4.8175675675675675,Slow Moving
20728,106,10.99,1164.94,4.0,26.5,Slow Moving
20729,754,9.99,7532.46,158.0,4.772151898734177,Slow Moving
20730,97,10.99,1066.03,24.0,4.041666666666667,Slow Moving
20731,666,9.99,6653.34,238.0,2.7983193277310923,Slow Moving
20739,33,24.99,824.67,1.0,33.0,Slow Moving
20744,1,19.99,19.99,10.0,0.1,Fast Moving
20745,38,13.99,531.62,42.0,0.9047619047619048,Normal
20746,7,9.99,69.93,0.0,inf,Dead Stock
20748,76,49.99,3799.2400000000002,39.0,1.9487179487179487,Normal
20758,8,11.99,95.92,0.0,inf,Dead Stock
20759,8,9.99,79.92,0.0,inf,Dead Stock
20761,50,36.99,1849.5,0.0,inf,Dead Stock
20762,367,18.99,6969.329999999999,28.0,13.107142857142858,Slow Moving
20763,272,14.989999999999998,4077.2799999999997,0.0,inf,Dead Stock
20765,12,29.99,359.88,0.0,inf,Dead Stock
20767,63,19.99,1259.37,10.0,6.3,Slow Moving
20770,4,21.49,85.96,29.0,0.13793103448275862,Fast Moving
20771,32,41.99,1343.68,1.0,32.0,Slow Moving
20772,5,38.99,194.95000000000002,3.0,1.6666666666666667,Normal
20781,341,14.99,5111.59,74.0,4.608108108108108,Slow Moving
20784,23,7.989999999999999,183.76999999999998,0.0,inf,Dead Stock
20788,311,16.99,5283.889999999999,18.0,17.27777777777778,Slow Moving
20789,24,17.99,431.76,0.0,inf,Dead Stock
20791,348,7.990000000000001,2780.5200000000004,217.0,1.6036866359447004,Normal
20792,31,10.99,340.69,4.0,7.75,Slow Moving
20793,33,10.99,362.67,6.0,5.5,Slow Moving
20798,7,10.99,76.93,0.0,inf,Dead Stock
20800,380,8.99,3416.2000000000003,149.0,2.5503355704697985,Slow Moving
20801,98,27.99,2743.02,6.0,16.333333333333332,Slow Moving
20814,23,14.99,344.77,12.0,1.9166666666666667,Normal
20825,4,11.99,47.96,2.0,2.0,Normal
20853,4,59.99,239.96,1.0,4.0,Slow Moving
20855,584,12.990000000000002,7586.160000000001,222.0,2.630630630630631,Slow Moving
20861,12,11.99,143.88,0.0,inf,Dead Stock
20862,1223,12.95,15837.849999999999,911.0,1.3424807903402853,Normal
20863,2744,10.95,30046.8,737.0,3.723202170963365,Slow Moving
20864,497,12.99,6456.03,267.0,1.8614232209737829,Normal
20878,1,36.99,36.99,0.0,inf,Dead Stock
20880,0,46.99,0.0,0.0,inf,Dead Stock
20884,12,9.49,113.88,0.0,inf,Dead Stock
20885,21,19.99,419.78999999999996,8.0,2.625,Slow Moving
20886,7,11.99,83.93,0.0,inf,Dead Stock
20887,2,11.99,23.98,0.0,inf,Dead Stock
20889,36,37.99,1367.64,4.0,9.0,Slow Moving
20905,216,8.99,1941.8400000000001,70.0,3.085714285714286,Slow Moving
20912,364,26.99,9824.359999999999,61.0,5.967213114754099,Slow Moving
20913,13,49.99,649.87,1.0,13.0,Slow Moving
20918,12,15.99,191.88,0.0,inf,Dead Stock
20921,266,18.989999999999995,5051.339999999998,62.0,4.290322580645161,Slow Moving
20931,22,16.99,373.78,0.0,inf,Dead Stock
20932,139,12.99,1805.6100000000001,85.0,1.6352941176470588,Normal
20935,24,24.49,587.76,1.0,24.0,Slow Moving
20944,192,19.99,3838.08,20.0,9.6,Slow Moving
20947,9,17.99,161.91,24.0,0.375,Fast Moving
20948,88,79.49,6995.12,20.0,4.4,Slow Moving
20950,26,18.49,480.73999999999995,0.0,inf,Dead Stock
20952,23,24.99,574.77,2.0,11.5,Slow Moving
20953,13,8.99,116.87,1.0,13.0,Slow Moving
20954,6,15.99,95.94,20.0,0.3,Fast Moving
20959,27,49.99,1349.73,0.0,inf,Dead Stock
20961,13,24.99,324.87,0.0,inf,Dead Stock
20963,43,16.99,730.5699999999999,18.0,2.388888888888889,Slow Moving
20967,13,15.99,207.87,0.0,inf,Dead Stock
20968,376,10.99,4132.24,436.0,0.8623853211009175,Normal
20969,9,12.99,116.91,0.0,inf,Dead Stock
20975,7,4.49,31.43,0.0,inf,Dead Stock
20980,31,19.99,619.6899999999999,6.0,5.166666666666667,Slow Moving
20985,21,11.99,251.79,0.0,inf,Dead Stock
20987,7,12.99,90.93,0.0,inf,Dead Stock
20988,7,12.99,90.93,0.0,inf,Dead Stock
20990,4,13.99,55.96,0.0,inf,Dead Stock
20991,30,12.99,389.7,2.0,15.0,Slow Moving
20992,305,10.99,3351.9500000000003,197.0,1.5482233502538072,Normal
20995,17,3.29,55.93,0.0,inf,Dead Stock
21000,94,40.99,3853.0600000000004,32.0,2.9375,Slow Moving
21001,356,11.989999999999998,4268.44,225.0,1.5822222222222222,Normal
21002,140,11.99,1678.6000000000001,38.0,3.6842105263157894,Slow Moving
21003,22,7.99,175.78,4.0,5.5,Slow Moving
21004,46,7.99,367.54,0.0,inf,Dead Stock
21006,1,96.99,96.99,2.0,0.5,Fast Moving
21007,5,74.99,374.95,0.0,inf,Dead Stock
21009,19,25.99,493.80999999999995,0.0,inf,Dead Stock
21010,8,64.99,519.92,7.0,1.1428571428571428,Normal
21011,7,64.99,454.92999999999995,0.0,inf,Dead Stock
21012,4,84.99,339.96,10.0,0.4,Fast Moving
21013,6,41.99,251.94,0.0,inf,Dead Stock
21014,19,41.99,797.8100000000001,0.0,inf,Dead Stock
21015,65,34.99,2274.35,8.0,8.125,Slow Moving
21016,22,34.99,769.7800000000001,2.0,11.0,Slow Moving
21017,100,19.99,1998.9999999999998,6.0,16.666666666666668,Slow Moving
21019,952,18.99,18078.48,472.0,2.016949152542373,Slow Moving
21027,17,114.99,1954.83,6.0,2.8333333333333335,Slow Moving
21032,515,22.990000000000002,11839.85,241.0,2.136929460580913,Slow Moving
21033,695,38.99,27098.050000000003,212.0,3.2783018867924527,Slow Moving
21034,62,54.99,3409.38,3.0,20.666666666666668,Slow Moving
21041,154,15.99,2462.46,21.0,7.333333333333333,Slow Moving
21042,0,24.99,0.0,0.0,inf,Dead Stock
21043,10,18.99,189.89999999999998,0.0,inf,Dead Stock
21044,0,18.99,0.0,0.0,inf,Dead Stock
21045,22,27.99,615.78,7.0,3.142857142857143,Slow Moving
21046,15,17.99,269.84999999999997,2.0,7.5,Slow Moving
21055,479,39.99,19155.210000000003,195.0,2.4564102564102566,Slow Moving
21057,12,8.49,101.88,0.0,inf,Dead Stock
21058,273,39.99,10917.27,21.0,13.0,Slow Moving
21060,54,59.99,3239.46,1.0,54.0,Slow Moving
21076,367,9.99,3666.33,104.0,3.5288461538461537,Slow Moving
21078,12,12.99,155.88,27.0,0.4444444444444444,Fast Moving
21080,33,23.99,791.67,1.0,33.0,Slow Moving
21081,50,38.99,1949.5,6.0,8.333333333333334,Slow Moving
21083,8,41.99,335.92,0.0,inf,Dead Stock
21084,15,12.99,194.85,0.0,inf,Dead Stock
21098,313,14.99,4691.87,116.0,2.6982758620689653,Slow Moving
21100,335,13.99,4686.65,0.0,inf,Dead Stock
21101,119,17.99,2140.81,0.0,inf,Dead Stock
21102,6,7.989999999999999,47.94,0.0,inf,Dead Stock
21103,21,11.99,251.79,20.0,1.05,Normal
21105,215,29.99,6447.849999999999,19.0,11.31578947368421,Slow Moving
21107,9,12.99,116.91,2.0,4.5,Slow Moving
21109,25,10.99,274.75,7.0,3.5714285714285716,Slow Moving
21111,34,11.99,407.66,0.0,inf,Dead Stock
21112,22,9.99,219.78,0.0,inf,Dead Stock
21113,35,9.99,349.65000000000003,0.0,inf,Dead Stock
21114,25,9.99,249.75,0.0,inf,Dead Stock
21115,94,9.99,939.0600000000001,20.0,4.7,Slow Moving
21117,155,9.99,1548.45,32.0,4.84375,Slow Moving
21121,6,10.99,65.94,31.0,0.1935483870967742,Fast Moving
21123,3,11.99,35.97,3.0,1.0,Normal
21127,18,9.49,170.82,0.0,inf,Dead Stock
21129,700,17.99,12592.999999999998,269.0,2.6022304832713754,Slow Moving
21131,12,9.49,113.88,0.0,inf,Dead Stock
21144,306,18.99,5810.94,70.0,4.371428571428571,Slow Moving
21145,255,11.990000000000002,3057.4500000000007,200.0,1.275,Normal
21149,8,6.99,55.92,0.0,inf,Dead Stock
21151,392,11.99,4700.08,84.0,4.666666666666667,Slow Moving
21152,0,5.99,0.0,0.0,inf,Dead Stock
21155,64,24.99,1599.36,2.0,32.0,Slow Moving
21156,17,13.99,237.83,0.0,inf,Dead Stock
21157,152,12.99,1974.48,51.0,2.980392156862745,Slow Moving
21158,8,16.99,135.92,0.0,inf,Dead Stock
21160,223,21.990000000000002,4903.77,10.0,22.3,Slow Moving
21166,11,28.99,318.89,8.0,1.375,Normal
21168,22,8.49,186.78,4.0,5.5,Slow Moving
21169,28,8.49,237.72,28.0,1.0,Normal
21171,3,419.99,1259.97,0.0,inf,Dead Stock
21172,8,199.99,1599.92,1.0,8.0,Slow Moving
21178,303,17.99,5450.969999999999,1.0,303.0,Slow Moving
21179,8,55.99,447.92,3.0,2.6666666666666665,Slow Moving
21181,244,29.99,7317.5599999999995,119.0,2.0504201680672267,Slow Moving
21194,28,425.99,11927.720000000001,0.0,inf,Dead Stock
21195,34,249.99,8499.66,4.0,8.5,Slow Moving
21196,72,27.99,2015.28,11.0,6.545454545454546,Slow Moving
21201,238,17.99,4281.62,180.0,1.3222222222222222,Normal
21208,3171,15.99,50704.29,411.0,7.7153284671532845,Slow Moving
21216,5,110.99,554.9499999999999,9.0,0.5555555555555556,Normal
21217,14,59.99,839.86,1.0,14.0,Slow Moving
21218,168,29.99,5038.32,42.0,4.0,Slow Moving
21223,20,17.99,359.79999999999995,0.0,inf,Dead Stock
21226,12,3.99,47.88,0.0,inf,Dead Stock
21227,10,7.99,79.9,0.0,inf,Dead Stock
21228,10,15.99,159.9,0.0,inf,Dead Stock
21229,11,6.49,71.39,0.0,inf,Dead Stock
21230,48,15.99,767.52,3.0,16.0,Slow Moving
21231,910,4.99,4540.900000000001,557.0,1.6337522441651706,Normal
21232,740,9.99,7392.6,331.0,2.2356495468277946,Slow Moving
21233,417,11.99,4999.83,336.0,1.2410714285714286,Normal
21251,307,16.99,5215.929999999999,122.0,2.5163934426229506,Slow Moving
21252,15,11.99,179.85,36.0,0.4166666666666667,Fast Moving
21254,75,21.99,1649.2499999999998,286.0,0.26223776223776224,Fast Moving
21259,0,18.99,0.0,4.0,0.0,Fast Moving
21260,10,12.99,129.9,36.0,0.2777777777777778,Fast Moving
21270,481,9.99,4805.1900000000005,40.0,12.025,Slow Moving
21271,280,13.99,3917.2000000000003,67.0,4.17910447761194,Slow Moving
21272,7,8.99,62.93,3.0,2.3333333333333335,Slow Moving
21273,12,10.99,131.88,18.0,0.6666666666666666,Normal
21275,20,10.99,219.8,0.0,inf,Dead Stock
21277,89,18.99,1690.11,271.0,0.3284132841328413,Fast Moving
21280,14,72.99,1021.8599999999999,2.0,7.0,Slow Moving
21281,231,44.99,10392.69,30.0,7.7,Slow Moving
21282,29,11.99,347.71,1.0,29.0,Slow Moving
21283,0,27.99,0.0,0.0,inf,Dead Stock
21284,30,17.99,539.6999999999999,15.0,2.0,Normal
21286,53,46.99,2490.4700000000003,8.0,6.625,Slow Moving
21293,28,6.99,195.72,0.0,inf,Dead Stock
21300,3,9.99,29.97,13.0,0.23076923076923078,Fast Moving
21307,15,10.99,164.85,0.0,inf,Dead Stock
21308,2100,10.99,23079.0,542.0,3.874538745387454,Slow Moving
21309,25,10.99,274.75,0.0,inf,Dead Stock
21311,31,39.99,1239.69,42.0,0.7380952380952381,Normal
21313,293,5.99,1755.0700000000002,24.0,12.208333333333334,Slow Moving
21317,362,13.989999999999998,5064.379999999999,226.0,1.6017699115044248,Normal
21318,11,5.99,65.89,12.0,0.9166666666666666,Normal
21319,491,12.99,6378.09,169.0,2.905325443786982,Slow Moving
21320,21,10.99,230.79,13.0,1.6153846153846154,Normal
21321,339,5.99,2030.6100000000001,139.0,2.4388489208633093,Slow Moving
21323,21,8.99,188.79,32.0,0.65625,Normal
21324,37,8.99,332.63,0.0,inf,Dead Stock
21325,66,29.989999999999995,1979.3399999999997,1.0,66.0,Slow Moving
21326,240,26.99,6477.599999999999,92.0,2.608695652173913,Slow Moving
21328,8,8.99,71.92,0.0,inf,Dead Stock
21329,701,17.99,12610.99,363.0,1.9311294765840221,Normal
21333,25,12.99,324.75,12.0,2.0833333333333335,Slow Moving
21334,14,14.99,209.86,0.0,inf,Dead Stock
21338,93,19.99,1859.07,31.0,3.0,Slow Moving
21339,11,99.99,1099.8899999999999,1.0,11.0,Slow Moving
21340,3,99.99,299.96999999999997,3.0,1.0,Normal
21341,422,14.99,6325.78,70.0,6.0285714285714285,Slow Moving
21343,24,14.99,359.76,0.0,inf,Dead Stock
21352,92,79.99,7359.08,2.0,46.0,Slow Moving
21353,414,6.79,2811.06,111.0,3.72972972972973,Slow Moving
21355,29,12.49,362.21,5.0,5.8,Slow Moving
21357,0,14.99,0.0,0.0,inf,Dead Stock
21359,9,16.99,152.91,12.0,0.75,Normal
21363,28,19.99,559.7199999999999,30.0,0.9333333333333333,Normal
21364,111,16.99,1885.8899999999999,34.0,3.264705882352941,Slow Moving
21366,105,11.99,1258.95,7.0,15.0,Slow Moving
21367,14,29.99,419.85999999999996,17.0,0.8235294117647058,Normal
21368,20,34.99,699.8000000000001,0.0,inf,Dead Stock
21369,469,21.990000000000002,10313.310000000001,34.0,13.794117647058824,Slow Moving
21371,48,12.99,623.52,0.0,inf,Dead Stock
21374,36,7.49,269.64,84.0,0.42857142857142855,Fast Moving
21375,70,7.489999999999999,524.3,24.0,2.9166666666666665,Slow Moving
21376,7,13.99,97.93,0.0,inf,Dead Stock
21377,3,12.99,38.97,0.0,inf,Dead Stock
21379,25,13.99,349.75,0.0,inf,Dead Stock
21380,85,19.49,1656.6499999999999,8.0,10.625,Slow Moving
21381,284,13.99,3973.16,45.0,6.311111111111111,Slow Moving
21382,300,13.99,4197.0,26.0,11.538461538461538,Slow Moving
21383,121,13.99,1692.79,3.0,40.333333333333336,Slow Moving
21384,16,24.99,399.84,9.0,1.7777777777777777,Normal
21385,6,17.99,107.94,3.0,2.0,Normal
21386,22,20.99,461.78,6.0,3.6666666666666665,Slow Moving
21389,0,36.49,0.0,0.0,inf,Dead Stock
21394,12,36.49,437.88,0.0,inf,Dead Stock
21397,6,44.99,269.94,0.0,inf,Dead Stock
21401,6,25.99,155.94,0.0,inf,Dead Stock
21407,248,13.99,3469.52,5.0,49.6,Slow Moving
21408,131,17.99,2356.6899999999996,10.0,13.1,Slow Moving
21409,52,59.99,3119.48,20.0,2.6,Slow Moving
21410,271,18.99,5146.29,32.0,8.46875,Slow Moving
21411,158,15.99,2526.42,8.0,19.75,Slow Moving
21416,36,5.99,215.64000000000001,24.0,1.5,Normal
21418,2,17.99,35.98,0.0,inf,Dead Stock
21419,36,7.99,287.64,36.0,1.0,Normal
21420,60,7.99,479.40000000000003,36.0,1.6666666666666667,Normal
21422,319,17.99,5738.8099999999995,0.0,inf,Dead Stock
21425,0,26.99,0.0,0.0,inf,Dead Stock
21426,69,23.99,1655.31,5.0,13.8,Slow Moving
21427,22,15.99,351.78000000000003,31.0,0.7096774193548387,Normal
21428,202,12.99,2623.98,39.0,5.17948717948718,Slow Moving
21429,12,76.99,923.8799999999999,4.0,3.0,Slow Moving
21431,28,91.99,2575.72,2.0,14.0,Slow Moving
21432,12,38.99,467.88,0.0,inf,Dead Stock
21433,0,32.99,0.0,0.0,inf,Dead Stock
21434,39,64.99,2534.6099999999997,4.0,9.75,Slow Moving
21438,80,109.99,8799.199999999999,0.0,inf,Dead Stock
21440,24,869.9900000000001,20879.760000000002,0.0,inf,Dead Stock
21441,2,26.99,53.98,10.0,0.2,Fast Moving
21442,142,12.99,1844.58,44.0,3.227272727272727,Slow Moving
21443,12,157.99,1895.88,0.0,inf,Dead Stock
21444,33,339.99,11219.67,0.0,inf,Dead Stock
21445,9,85.99,773.91,0.0,inf,Dead Stock
21446,20,24.99,499.79999999999995,1.0,20.0,Slow Moving
21447,15,92.99,1394.85,2.0,7.5,Slow Moving
21449,3,53.99,161.97,7.0,0.42857142857142855,Fast Moving
21450,23,239.94999999999996,5518.849999999999,0.0,inf,Dead Stock
21453,48,153.99,7391.52,0.0,inf,Dead Stock
21455,13,204.99,2664.87,0.0,inf,Dead Stock
21458,16,67.99,1087.84,1.0,16.0,Slow Moving
21459,77,152.99,11780.230000000001,0.0,inf,Dead Stock
21460,0,31.99,0.0,2.0,0.0,Fast Moving
21461,87,57.99,5045.13,4.0,21.75,Slow Moving
21463,54,139.99,7559.460000000001,3.0,18.0,Slow Moving
21465,45,759.99,34199.55,0.0,inf,Dead Stock
21466,48,449.99,21599.52,0.0,inf,Dead Stock
21467,51,118.99,6068.49,0.0,inf,Dead Stock
21468,13,78.99,1026.87,2.0,6.5,Slow Moving
21469,909,32.99,29987.910000000003,352.0,2.5823863636363638,Slow Moving
21470,24,292.99,7031.76,0.0,inf,Dead Stock
21471,3,46.99,140.97,1.0,3.0,Slow Moving
21472,21,115.99,2435.79,0.0,inf,Dead Stock
21473,2,58.99,117.98,2.0,1.0,Normal
21474,8,90.99,727.92,0.0,inf,Dead Stock
21475,1,79.99,79.99,2.0,0.5,Fast Moving
21476,42,299.99,12599.58,0.0,inf,Dead Stock
21477,39,129.99,5069.610000000001,0.0,inf,Dead Stock
21478,1,71.99,71.99,5.0,0.2,Fast Moving
21480,4,77.99,311.96,1.0,4.0,Slow Moving
21485,3,35.99,107.97,14.0,0.21428571428571427,Fast Moving
21486,39,22.99,896.6099999999999,0.0,inf,Dead Stock
21487,42,15.49,650.58,0.0,inf,Dead Stock
21488,44,17.99,791.56,0.0,inf,Dead Stock
21489,23,17.99,413.77,0.0,inf,Dead Stock
21491,18,14.99,269.82,0.0,inf,Dead Stock
21502,33,18.99,626.67,22.0,1.5,Normal
21504,12,9.99,119.88,12.0,1.0,Normal
21505,27,6.99,188.73000000000002,0.0,inf,Dead Stock
21506,0,19.99,0.0,0.0,inf,Dead Stock
21510,267,10.99,2934.33,195.0,1.3692307692307693,Normal
21517,73,7.79,568.67,30.0,2.433333333333333,Slow Moving
21519,10,49.99,499.90000000000003,1.0,10.0,Slow Moving
21523,158,55.99,8846.42,0.0,inf,Dead Stock
21526,71,9.99,709.29,12.0,5.916666666666667,Slow Moving
21528,103,17.99,1852.9699999999998,0.0,inf,Dead Stock
21529,75,12.99,974.25,5.0,15.0,Slow Moving
21533,35,7.49,262.15000000000003,31.0,1.1290322580645162,Normal
21534,410,11.99,4915.9,31.0,13.225806451612904,Slow Moving
21536,21,9.99,209.79,0.0,inf,Dead Stock
21537,11,15.99,175.89000000000001,0.0,inf,Dead Stock
21538,40,15.99,639.6,3.0,13.333333333333334,Slow Moving
21552,340,19.989999999999995,6796.5999999999985,108.0,3.1481481481481484,Slow Moving
21561,133,22.99,3057.6699999999996,22.0,6.045454545454546,Slow Moving
21562,60,29.99,1799.3999999999999,10.0,6.0,Slow Moving
21564,29,15.49,449.21,2.0,14.5,Slow Moving
21573,394,7.990000000000001,3148.0600000000004,97.0,4.061855670103093,Slow Moving
21576,395,19.99,7896.049999999999,129.0,3.062015503875969,Slow Moving
21581,73,30.989999999999995,2262.2699999999995,25.0,2.92,Slow Moving
21583,77,25.99,2001.2299999999998,16.0,4.8125,Slow Moving
21584,16,28.99,463.84,0.0,inf,Dead Stock
21586,70,46.99,3289.3,0.0,inf,Dead Stock
21587,2,77.99,155.98,0.0,inf,Dead Stock
21588,1,199.99,199.99,0.0,inf,Dead Stock
21590,7,11.99,83.93,0.0,inf,Dead Stock
21592,21,9.99,209.79,6.0,3.5,Slow Moving
21593,3,7.99,23.97,1.0,3.0,Slow Moving
21595,44,9.99,439.56,136.0,0.3235294117647059,Fast Moving
21596,134,21.99,2946.66,260.0,0.5153846153846153,Normal
21601,5,14.49,72.45,0.0,inf,Dead Stock
21609,1141,13.99,15962.59,522.0,2.185823754789272,Slow Moving
21614,30,11.99,359.7,2.0,15.0,Slow Moving
21615,112,6.99,782.88,30.0,3.7333333333333334,Slow Moving
21616,1,1.99,1.99,3.0,0.3333333333333333,Fast Moving
21619,28,3.49,97.72,0.0,inf,Dead Stock
21622,48,9.99,479.52,9.0,5.333333333333333,Slow Moving
21625,14,15.99,223.86,1.0,14.0,Slow Moving
21627,348,16.99,5912.5199999999995,99.0,3.515151515151515,Slow Moving
21628,14,14.99,209.86,0.0,inf,Dead Stock
21631,50,17.99,899.4999999999999,0.0,inf,Dead Stock
21632,164,8.99,1474.3600000000001,4.0,41.0,Slow Moving
21633,12,10.99,131.88,0.0,inf,Dead Stock
21635,3,42.99,128.97,0.0,inf,Dead Stock
21645,8,28.99,231.92,5.0,1.6,Normal
21653,17,16.99,288.83,0.0,inf,Dead Stock
21654,6,15.99,95.94,0.0,inf,Dead Stock
21665,0,23.99,0.0,0.0,inf,Dead Stock
21672,347,17.99,6242.53,47.0,7.382978723404255,Slow Moving
21673,42,11.99,503.58,4.0,10.5,Slow Moving
21674,12,26.99,323.88,5.0,2.4,Slow Moving
21675,6,49.99,299.94,0.0,inf,Dead Stock
21684,213,11.99,2553.87,0.0,inf,Dead Stock
21685,47,15.99,751.53,162.0,0.29012345679012347,Fast Moving
21686,4,15.99,63.96,5.0,0.8,Normal
21693,78,34.99,2729.2200000000003,55.0,1.4181818181818182,Normal
21696,41,12.99,532.59,0.0,inf,Dead Stock
21698,11,7.99,87.89,0.0,inf,Dead Stock
21700,102,6.99,712.98,23.0,4.434782608695652,Slow Moving
21709,8,54.99,439.92,0.0,inf,Dead Stock
21710,17,45.99,781.83,0.0,inf,Dead Stock
21711,18,24.99,449.82,3.0,6.0,Slow Moving
21712,8,49.99,399.92,0.0,inf,Dead Stock
21713,8,14.99,119.92,0.0,inf,Dead Stock
21729,235,11.99,2817.65,52.0,4.519230769230769,Slow Moving
21730,42,57.989999999999995,2435.58,18.0,2.3333333333333335,Slow Moving
21731,68,67.99,4623.32,12.0,5.666666666666667,Slow Moving
21732,9,39.99,359.91,12.0,0.75,Normal
21733,72,12.99,935.28,12.0,6.0,Slow Moving
21734,68,19.99,1359.32,20.0,3.4,Slow Moving
21735,1097,25.99,28511.03,95.0,11.547368421052632,Slow Moving
21737,18,269.99,4859.82,1.0,18.0,Slow Moving
21750,158,9.99,1578.42,62.0,2.5483870967741935,Slow Moving
21752,533,12.99,6923.67,170.0,3.135294117647059,Slow Moving
21757,23,13.99,321.77,0.0,inf,Dead Stock
21761,32,16.99,543.68,2.0,16.0,Slow Moving
21767,17,19.99,339.83,0.0,inf,Dead Stock
21769,96,9.790000000000001,939.8400000000001,14.0,6.857142857142857,Slow Moving
21771,11,34.99,384.89000000000004,0.0,inf,Dead Stock
21775,40,10.99,439.6,0.0,inf,Dead Stock
21777,8,15.99,127.92,0.0,inf,Dead Stock
21781,7,9.49,66.43,0.0,inf,Dead Stock
21783,190,13.49,2563.1,32.0,5.9375,Slow Moving
21784,112,12.99,1454.88,77.0,1.4545454545454546,Normal
21785,16,28.99,463.84,0.0,inf,Dead Stock
21787,4,8.99,35.96,0.0,inf,Dead Stock
21788,8,8.99,71.92,0.0,inf,Dead Stock
21789,116,19.99,2318.8399999999997,21.0,5.523809523809524,Slow Moving
21790,15,59.99,899.85,0.0,inf,Dead Stock
21791,15,9.99,149.85,0.0,inf,Dead Stock
21795,73,4.79,349.67,174.0,0.41954022988505746,Fast Moving
21798,4,14.99,59.96,0.0,inf,Dead Stock
21799,19,1599.99,30399.81,0.0,inf,Dead Stock
21813,136,4.79,651.44,304.0,0.4473684210526316,Fast Moving
21814,70,31.99,2239.2999999999997,7.0,10.0,Slow Moving
21824,276,24.99,6897.24,91.0,3.032967032967033,Slow Moving
21830,35,49.99,1749.65,2.0,17.5,Slow Moving
21832,111,15.99,1774.89,27.0,4.111111111111111,Slow Moving
21833,26,12.99,337.74,2.0,13.0,Slow Moving
21834,519,14.99,7779.81,118.0,4.398305084745763,Slow Moving
21836,194,22.99,4460.0599999999995,111.0,1.7477477477477477,Normal
21837,4,18.99,75.96,8.0,0.5,Fast Moving
21849,147,16.99,2497.5299999999997,35.0,4.2,Slow Moving
21850,0,3.29,0.0,7.0,0.0,Fast Moving
21853,1,67.99,67.99,0.0,inf,Dead Stock
21854,3,82.99,248.96999999999997,4.0,0.75,Normal
21856,12,6.19,74.28,0.0,inf,Dead Stock
21857,13,41.99,545.87,0.0,inf,Dead Stock
21858,6,41.99,251.94,0.0,inf,Dead Stock
21859,401,12.989999999999998,5208.99,277.0,1.447653429602888,Normal
21860,29,19.99,579.7099999999999,1.0,29.0,Slow Moving
21861,462,11.989999999999998,5539.379999999999,110.0,4.2,Slow Moving
21864,489,24.99,12220.109999999999,185.0,2.6432432432432433,Slow Moving
21924,19,8.99,170.81,0.0,inf,Dead Stock
21951,1019,12.99,13236.81,573.0,1.7783595113438044,Normal
21957,460,6.99,3215.4,87.0,5.287356321839081,Slow Moving
21958,25,19.99,499.74999999999994,0.0,inf,Dead Stock
21959,136,6.99,950.64,25.0,5.44,Slow Moving
21960,59,6.989999999999999,412.40999999999997,36.0,1.6388888888888888,Normal
21965,2048,7.990000000000001,16363.520000000002,345.0,5.936231884057971,Slow Moving
21975,4,12.99,51.96,36.0,0.1111111111111111,Fast Moving
21979,0,16.99,0.0,26.0,0.0,Fast Moving
21981,113,39.99,4518.87,27.0,4.185185185185185,Slow Moving
21983,4,17.99,71.96,32.0,0.125,Fast Moving
21985,2939,9.95,29243.05,1681.0,1.7483640690065436,Normal
21997,29,6.99,202.71,0.0,inf,Dead Stock
22000,21,10.99,230.79,25.0,0.84,Normal
22001,6,9.99,59.94,1.0,6.0,Slow Moving
22007,177,15.99,2830.23,36.0,4.916666666666667,Slow Moving
22008,122,12.990000000000002,1584.7800000000002,15.0,8.133333333333333,Slow Moving
22010,106,8.99,952.94,2.0,53.0,Slow Moving
22011,8,8.99,71.92,0.0,inf,Dead Stock
22012,6,34.99,209.94,6.0,1.0,Normal
22014,51,16.99,866.4899999999999,96.0,0.53125,Normal
22016,37,6.79,251.23,23.0,1.608695652173913,Normal
22017,8,6.79,54.32,0.0,inf,Dead Stock
22019,1249,15.99,19971.510000000002,328.0,3.807926829268293,Slow Moving
22022,25,34.99,874.75,22.0,1.1363636363636365,Normal
22027,625,5.99,3743.75,153.0,4.084967320261438,Slow Moving
22028,57,49.99,2849.4300000000003,24.0,2.375,Slow Moving
22030,528,15.99,8442.72,0.0,inf,Dead Stock
22032,0,9.99,0.0,2.0,0.0,Fast Moving
22038,31,19.99,619.6899999999999,0.0,inf,Dead Stock
22039,529,17.99,9516.71,0.0,inf,Dead Stock
22043,1,3.79,3.79,36.0,0.027777777777777776,Fast Moving
22045,10,11.99,119.9,0.0,inf,Dead Stock
22047,286,9.99,2857.14,184.0,1.5543478260869565,Normal
22048,2,54.99,109.98,3.0,0.6666666666666666,Normal
22050,29,54.99,1594.71,3.0,9.666666666666666,Slow Moving
22052,27,324.99000000000007,8774.730000000001,0.0,inf,Dead Stock
22053,12,324.99,3899.88,0.0,inf,Dead Stock
22054,30,324.99000000000007,9749.700000000003,0.0,inf,Dead Stock
22055,45,19.99,899.55,2.0,22.5,Slow Moving
22065,23,21.99,505.77,0.0,inf,Dead Stock
22067,16,21.99,351.84,0.0,inf,Dead Stock
22077,211,9.99,2107.89,62.0,3.403225806451613,Slow Moving
22079,2421,9.99,24185.79,521.0,4.6468330134357005,Slow Moving
22080,55,9.99,549.45,0.0,inf,Dead Stock
22081,24,9.99,239.76,0.0,inf,Dead Stock
22086,24,13.99,335.76,12.0,2.0,Normal
22087,138,14.99,2068.62,44.0,3.1363636363636362,Slow Moving
22092,29,12.99,376.71,2.0,14.5,Slow Moving
22093,24,24.99,599.76,0.0,inf,Dead Stock
22094,12,32.99,395.88,0.0,inf,Dead Stock
22098,3,23.99,71.97,0.0,inf,Dead Stock
22103,12,16.99,203.88,0.0,inf,Dead Stock
22105,10,39.99,399.90000000000003,3.0,3.3333333333333335,Slow Moving
22107,23,57.99,1333.77,5.0,4.6,Slow Moving
22119,3,4.99,14.97,6.0,0.5,Fast Moving
22120,26,4.99,129.74,1.0,26.0,Slow Moving
22138,16,7.99,127.84,0.0,inf,Dead Stock
22143,2377,13.79,32778.829999999994,2887.0,0.823346033945272,Normal
22149,20,7.29,145.8,0.0,inf,Dead Stock
22169,20,24.99,499.79999999999995,0.0,inf,Dead Stock
22170,272,21.99,5981.28,72.0,3.7777777777777777,Slow Moving
22171,51,44.99,2294.4900000000002,1.0,51.0,Slow Moving
22173,9,47.99,431.91,2.0,4.5,Slow Moving
22174,109,21.99,2396.91,19.0,5.7368421052631575,Slow Moving
22183,0,9.99,0.0,0.0,inf,Dead Stock
22188,2,12.99,25.98,0.0,inf,Dead Stock
22192,342,12.989999999999998,4442.579999999999,203.0,1.6847290640394088,Normal
22194,648,12.99,8417.52,465.0,1.3935483870967742,Normal
22195,5,8.99,44.95,6.0,0.8333333333333334,Normal
22206,1,12.99,12.99,0.0,inf,Dead Stock
22207,13,15.99,207.87,4.0,3.25,Slow Moving
22209,19,17.99,341.80999999999995,0.0,inf,Dead Stock
22220,3,9.49,28.47,0.0,inf,Dead Stock
22222,381,13.99,5330.1900000000005,117.0,3.2564102564102564,Slow Moving
22223,21,13.99,293.79,0.0,inf,Dead Stock
22225,0,13.99,0.0,2.0,0.0,Fast Moving
22226,22,17.99,395.78,0.0,inf,Dead Stock
22227,54,13.99,755.46,15.0,3.6,Slow Moving
22228,54,40.99,2213.46,5.0,10.8,Slow Moving
22230,0,15.99,0.0,62.0,0.0,Fast Moving
22238,7,13.99,97.93,0.0,inf,Dead Stock
22247,2,7.79,15.58,0.0,inf,Dead Stock
22263,32,49.99,1599.68,1.0,32.0,Slow Moving
22264,159,49.99,7948.410000000001,24.0,6.625,Slow Moving
22270,148,39.99,5918.52,41.0,3.6097560975609757,Slow Moving
22274,174,9.29,1616.4599999999998,0.0,inf,Dead Stock
22275,389,22.99,8943.109999999999,201.0,1.935323383084577,Normal
22276,52,14.99,779.48,0.0,inf,Dead Stock
22279,24,6.49,155.76,8.0,3.0,Slow Moving
22282,12,8.49,101.88,0.0,inf,Dead Stock
22289,440,14.99,6595.6,124.0,3.5483870967741935,Slow Moving
22291,375,17.99,6746.249999999999,53.0,7.0754716981132075,Slow Moving
22292,33,19.99,659.67,0.0,inf,Dead Stock
22294,83,24.99,2074.17,35.0,2.3714285714285714,Slow Moving
22297,677,9.99,6763.2300000000005,110.0,6.154545454545454,Slow Moving
22298,684,12.49,8543.16,33.0,20.727272727272727,Slow Moving
22318,145,42.99,6233.55,32.0,4.53125,Slow Moving
22324,2,16.99,33.98,3.0,0.6666666666666666,Normal
22326,354,19.99,7076.459999999999,33.0,10.727272727272727,Slow Moving
22336,39,55.99,2183.61,26.0,1.5,Normal
22337,10,36.99,369.90000000000003,14.0,0.7142857142857143,Normal
22338,8,25.99,207.92,39.0,0.20512820512820512,Fast Moving
22339,365,15.99,5836.35,60.0,6.083333333333333,Slow Moving
22344,350,15.99,5596.5,217.0,1.6129032258064515,Normal
22345,44,24.99,1099.56,1.0,44.0,Slow Moving
22347,44,12.99,571.5600000000001,0.0,inf,Dead Stock
22349,19,5.99,113.81,0.0,inf,Dead Stock
22352,4,34.99,139.96,16.0,0.25,Fast Moving
22353,27,39.99,1079.73,32.0,0.84375,Normal
22355,10,15.99,159.9,12.0,0.8333333333333334,Normal
22356,7,15.99,111.93,0.0,inf,Dead Stock
22357,10,21.99,219.89999999999998,0.0,inf,Dead Stock
22358,10,15.99,159.9,2.0,5.0,Slow Moving
22359,5,13.99,69.95,0.0,inf,Dead Stock
22360,9,24.99,224.91,0.0,inf,Dead Stock
22362,423,9.99,4225.77,162.0,2.611111111111111,Slow Moving
22363,32,5.49,175.68,1.0,32.0,Slow Moving
22364,12,5.49,65.88,0.0,inf,Dead Stock
22367,14,14.99,209.86,27.0,0.5185185185185185,Normal
22384,15,16.99,254.84999999999997,0.0,inf,Dead Stock
22385,24,16.99,407.76,1.0,24.0,Slow Moving
22387,1002,9.99,10009.98,262.0,3.8244274809160306,Slow Moving
22389,458,4.99,2285.42,97.0,4.721649484536083,Slow Moving
22390,33,11.99,395.67,0.0,inf,Dead Stock
22392,23,10.99,252.77,0.0,inf,Dead Stock
22395,66,89.99,5939.339999999999,0.0,inf,Dead Stock
22396,8,89.99,719.92,2.0,4.0,Slow Moving
22397,71,19.99,1419.29,11.0,6.454545454545454,Slow Moving
22398,175,44.99,7873.25,6.0,29.166666666666668,Slow Moving
22399,64,21.99,1407.36,3.0,21.333333333333332,Slow Moving
22400,0,149.99,0.0,0.0,inf,Dead Stock
22402,1,28.99,28.99,0.0,inf,Dead Stock
22404,9,17.99,161.91,0.0,inf,Dead Stock
22406,14,3.29,46.06,0.0,inf,Dead Stock
22407,25,3.29,82.25,1.0,25.0,Slow Moving
22408,18,3.29,59.22,0.0,inf,Dead Stock
22416,366,15.99,5852.34,109.0,3.3577981651376145,Slow Moving
22417,111,12.79,1419.6899999999998,0.0,inf,Dead Stock
22418,41,13.99,573.59,4.0,10.25,Slow Moving
22420,16,24.99,399.84,0.0,inf,Dead Stock
22421,573,12.99,7443.27,1.0,573.0,Slow Moving
22422,32,13.99,447.68,15.0,2.1333333333333333,Slow Moving
22426,4,89.99,359.96,1.0,4.0,Slow Moving
22431,4,26.99,107.96,1.0,4.0,Slow Moving
22432,3,214.99,644.97,0.0,inf,Dead Stock
22433,8,75.99,607.92,0.0,inf,Dead Stock
22439,16,18.99,303.84,4.0,4.0,Slow Moving
22440,18,21.99,395.82,3.0,6.0,Slow Moving
22441,471,14.99,7060.29,175.0,2.6914285714285713,Slow Moving
22448,384,17.99,6908.16,15.0,25.6,Slow Moving
22449,15,9.99,149.85,3.0,5.0,Slow Moving
22450,8,9.99,79.92,5.0,1.6,Normal
22451,26,9.99,259.74,1.0,26.0,Slow Moving
22455,0,15.99,0.0,0.0,inf,Dead Stock
22456,39,22.99,896.6099999999999,11.0,3.5454545454545454,Slow Moving
22457,28,24.99,699.7199999999999,0.0,inf,Dead Stock
22458,6,20.99,125.94,0.0,inf,Dead Stock
22459,11,9.99,109.89,0.0,inf,Dead Stock
22460,17,13.99,237.83,0.0,inf,Dead Stock
22470,1,12.99,12.99,0.0,inf,Dead Stock
22471,8,16.99,135.92,12.0,0.6666666666666666,Normal
22472,3,22.99,68.97,0.0,inf,Dead Stock
22473,5,129.99,649.95,0.0,inf,Dead Stock
22474,7,15.99,111.93,0.0,inf,Dead Stock
22475,12,11.99,143.88,99.0,0.12121212121212122,Fast Moving
22478,0,13.99,0.0,1.0,0.0,Fast Moving
22490,18,15.99,287.82,0.0,inf,Dead Stock
22500,8,19.99,159.92,0.0,inf,Dead Stock
22504,23,7.99,183.77,0.0,inf,Dead Stock
22508,196,29.99,5878.04,32.0,6.125,Slow Moving
22509,139,17.99,2500.6099999999997,317.0,0.4384858044164038,Fast Moving
22515,371,12.99,4819.29,183.0,2.0273224043715845,Slow Moving
22516,29,8.99,260.71,0.0,inf,Dead Stock
22517,16,8.99,143.84,57.0,0.2807017543859649,Fast Moving
22524,102,29.990000000000002,3058.98,38.0,2.6842105263157894,Slow Moving
22531,1129,7.99,9020.710000000001,99.0,11.404040404040405,Slow Moving
22534,2,34.99,69.98,1.0,2.0,Normal
22539,1,44.99,44.99,0.0,inf,Dead Stock
22544,2,34.99,69.98,1.0,2.0,Normal
22547,1,34.99,34.99,1.0,1.0,Normal
22549,8,34.99,279.92,1.0,8.0,Slow Moving
22552,6,34.99,209.94,2.0,3.0,Slow Moving
22554,4,34.99,139.96,0.0,inf,Dead Stock
22559,1,29.99,29.99,1.0,1.0,Normal
22560,31,16.49,511.18999999999994,0.0,inf,Dead Stock
22562,28,9.99,279.72,0.0,inf,Dead Stock
22566,934,13.99,13066.66,90.0,10.377777777777778,Slow Moving
22567,2,9.99,19.98,4.0,0.5,Fast Moving
22568,193,19.99,3858.0699999999997,32.0,6.03125,Slow Moving
22569,237,17.99,4263.629999999999,174.0,1.3620689655172413,Normal
22572,42,44.99,1889.5800000000002,0.0,inf,Dead Stock
22579,19,6.99,132.81,0.0,inf,Dead Stock
22581,14,6.99,97.86,0.0,inf,Dead Stock
22583,1200,19.99,23987.999999999996,263.0,4.562737642585551,Slow Moving
22584,898,17.99,16155.019999999999,284.0,3.1619718309859155,Slow Moving
22591,145,15.99,2318.55,0.0,inf,Dead Stock
22593,348,10.99,3824.52,124.0,2.806451612903226,Slow Moving
22595,6,10.99,65.94,0.0,inf,Dead Stock
22596,11,36.99,406.89000000000004,6.0,1.8333333333333333,Normal
22597,22,36.99,813.7800000000001,2.0,11.0,Slow Moving
22598,136,69.99,9518.64,0.0,inf,Dead Stock
22599,3,15.49,46.47,4.0,0.75,Normal
22600,3,359.99,1079.97,2.0,1.5,Normal
22601,43,179.99,7739.570000000001,0.0,inf,Dead Stock
22621,17,33.99,577.83,3.0,5.666666666666667,Slow Moving
22622,0,48.99,0.0,1.0,0.0,Fast Moving
22624,0,42.99,0.0,11.0,0.0,Fast Moving
22625,338,17.99,6080.62,5.0,67.6,Slow Moving
22626,12,11.99,143.88,0.0,inf,Dead Stock
22629,28,10.99,307.72,12.0,2.3333333333333335,Slow Moving
22630,50,29.99,1499.5,2.0,25.0,Slow Moving
22633,10,23.99,239.89999999999998,0.0,inf,Dead Stock
22643,9,62.99,566.91,2.0,4.5,Slow Moving
22644,12,27.99,335.88,4.0,3.0,Slow Moving
22645,140,29.99,4198.599999999999,14.0,10.0,Slow Moving
22646,28,25.99,727.7199999999999,3.0,9.333333333333334,Slow Moving
22647,0,37.99,0.0,0.0,inf,Dead Stock
22648,117,38.99,4561.83,12.0,9.75,Slow Moving
22649,74,49.99,3699.26,13.0,5.6923076923076925,Slow Moving
22653,36,14.99,539.64,2.0,18.0,Slow Moving
22656,43,19.99,859.5699999999999,0.0,inf,Dead Stock
22657,25,28.99,724.75,2.0,12.5,Slow Moving
22659,14,38.99,545.86,0.0,inf,Dead Stock
22662,339,32.99,11183.61,57.0,5.947368421052632,Slow Moving
22663,78,19.99,1559.2199999999998,0.0,inf,Dead Stock
22664,3,23.99,71.97,0.0,inf,Dead Stock
22665,302,53.99,16304.980000000001,25.0,12.08,Slow Moving
22671,14,13.99,195.86,30.0,0.4666666666666667,Fast Moving
22672,175,6.989999999999999,1223.2499999999998,6.0,29.166666666666668,Slow Moving
22696,278,9.99,2777.2200000000003,42.0,6.619047619047619,Slow Moving
22697,341,23.990000000000002,8180.590000000001,64.0,5.328125,Slow Moving
22700,2,84.99,169.98,1.0,2.0,Normal
22703,17,34.99,594.83,12.0,1.4166666666666667,Normal
22725,105,22.99,2413.95,12.0,8.75,Slow Moving
22737,24,11.99,287.76,0.0,inf,Dead Stock
22739,24,47.99,1151.76,0.0,inf,Dead Stock
22740,19,24.99,474.80999999999995,0.0,inf,Dead Stock
22743,20,13.99,279.8,0.0,inf,Dead Stock
22744,34,13.99,475.66,0.0,inf,Dead Stock
22745,20,49.99,999.8000000000001,0.0,inf,Dead Stock
22750,22,14.99,329.78000000000003,0.0,inf,Dead Stock
22756,32,25.99,831.68,0.0,inf,Dead Stock
22757,64,7.99,511.36,87.0,0.735632183908046,Normal
22758,231,15.990000000000002,3693.6900000000005,441.0,0.5238095238095238,Normal
22763,45,9.99,449.55,0.0,inf,Dead Stock
22765,9,59.99,539.91,7.0,1.2857142857142858,Normal
22768,6,23.99,143.94,12.0,0.5,Fast Moving
22776,12,19.99,239.88,0.0,inf,Dead Stock
22778,52,27.99,1455.48,2.0,26.0,Slow Moving
22782,66,52.99,3497.34,0.0,inf,Dead Stock
22786,1,28.99,28.99,0.0,inf,Dead Stock
22793,25,8.99,224.75,12.0,2.0833333333333335,Slow Moving
22794,55,2.99,164.45000000000002,0.0,inf,Dead Stock
22796,54,99.99,5399.46,0.0,inf,Dead Stock
22798,57,46.99,2678.4300000000003,9.0,6.333333333333333,Slow Moving
22799,31,15.99,495.69,4.0,7.75,Slow Moving
22801,702,12.99,9118.98,437.0,1.6064073226544622,Normal
22809,135,11.99,1618.65,13.0,10.384615384615385,Slow Moving
22813,113,19.99,2258.87,8.0,14.125,Slow Moving
22819,28,24.99,699.7199999999999,15.0,1.8666666666666667,Normal
22820,99,42.99,4256.01,5.0,19.8,Slow Moving
22821,126,9.99,1258.74,18.0,7.0,Slow Moving
22822,329,11.989999999999998,3944.7099999999996,40.0,8.225,Slow Moving
22827,1,84.99,84.99,0.0,inf,Dead Stock
22828,2,89.99,179.98,7.0,0.2857142857142857,Fast Moving
22830,37,59.989999999999995,2219.6299999999997,19.0,1.9473684210526316,Normal
22833,11,14.99,164.89000000000001,0.0,inf,Dead Stock
22835,12,14.99,179.88,0.0,inf,Dead Stock
22836,169,13.990000000000002,2364.3100000000004,1.0,169.0,Slow Moving
22838,82,11.99,983.1800000000001,14.0,5.857142857142857,Slow Moving
22840,37,129.99,4809.63,0.0,inf,Dead Stock
22841,23,99.99,2299.77,4.0,5.75,Slow Moving
22842,395,10.99,4341.05,107.0,3.691588785046729,Slow Moving
22849,12,12.99,155.88,0.0,inf,Dead Stock
22853,8,8.49,67.92,0.0,inf,Dead Stock
22854,341,12.99,4429.59,37.0,9.216216216216216,Slow Moving
22857,46,28.99,1333.54,0.0,inf,Dead Stock
22858,47,28.99,1362.53,1.0,47.0,Slow Moving
22860,13,18.99,246.86999999999998,20.0,0.65,Normal
22861,31,69.99,2169.69,0.0,inf,Dead Stock
22863,73,11.990000000000002,875.2700000000001,4.0,18.25,Slow Moving
22864,37,12.99,480.63,3.0,12.333333333333334,Slow Moving
22865,55,11.990000000000002,659.4500000000002,6.0,9.166666666666666,Slow Moving
22866,47,12.99,610.53,6.0,7.833333333333333,Slow Moving
22867,47,13.99,657.53,3.0,15.666666666666666,Slow Moving
22883,120,10.99,1318.8,52.0,2.3076923076923075,Slow Moving
22895,7,5.99,41.93,0.0,inf,Dead Stock
22896,4,9.99,39.96,0.0,inf,Dead Stock
22898,6,11.99,71.94,10.0,0.6,Normal
22899,2463,9.79,24112.769999999997,2968.0,0.8298517520215634,Normal
22901,139,17.99,2500.6099999999997,31.0,4.483870967741935,Slow Moving
22902,173,16.99,2939.2699999999995,31.0,5.580645161290323,Slow Moving
22903,468,10.99,5143.32,554.0,0.8447653429602888,Normal
22904,10,16.99,169.89999999999998,0.0,inf,Dead Stock
22905,10,5.29,52.9,50.0,0.2,Fast Moving
22912,9,48.99,440.91,0.0,inf,Dead Stock
22913,0,53.99,0.0,0.0,inf,Dead Stock
22914,553,28.99,16031.47,114.0,4.850877192982456,Slow Moving
22915,4,48.99,195.96,1.0,4.0,Slow Moving
22918,12,10.99,131.88,12.0,1.0,Normal
22919,268,18.99,5089.32,36.0,7.444444444444445,Slow Moving
22922,15,6.989999999999999,104.85,8.0,1.875,Normal
22924,26,6.99,181.74,3.0,8.666666666666666,Slow Moving
22928,61,21.99,1341.3899999999999,6.0,10.166666666666666,Slow Moving
22932,12,21.99,263.88,0.0,inf,Dead Stock
22933,5,21.99,109.94999999999999,0.0,inf,Dead Stock
22934,52,32.99,1715.48,3.0,17.333333333333332,Slow Moving
22935,51,69.99,3569.49,4.0,12.75,Slow Moving
22937,60,15.99,959.4,20.0,3.0,Slow Moving
22938,333,19.990000000000002,6656.670000000001,100.0,3.33,Slow Moving
22939,3,654.99,1964.97,1.0,3.0,Slow Moving
22941,14,348.99,4885.860000000001,2.0,7.0,Slow Moving
22942,24,233.99,5615.76,4.0,6.0,Slow Moving
22943,21,276.99,5816.79,3.0,7.0,Slow Moving
22944,24,254.99,6119.76,1.0,24.0,Slow Moving
22950,55,28.99,1594.4499999999998,7.0,7.857142857142857,Slow Moving
22951,238,50.99,12135.62,13.0,18.307692307692307,Slow Moving
22957,15,64.99,974.8499999999999,8.0,1.875,Normal
22958,13,8.99,116.87,2.0,6.5,Slow Moving
22963,397,25.99,10318.029999999999,242.0,1.640495867768595,Normal
22966,8,21.99,175.92,6.0,1.3333333333333333,Normal
22967,32,21.99,703.68,0.0,inf,Dead Stock
22968,0,34.99,0.0,20.0,0.0,Fast Moving
22970,10,17.99,179.89999999999998,2.0,5.0,Slow Moving
22974,24,11.99,287.76,0.0,inf,Dead Stock
22995,62,5.79,358.98,0.0,inf,Dead Stock
23013,180,15.99,2878.2,0.0,inf,Dead Stock
23014,116,25.99,3014.8399999999997,7.0,16.571428571428573,Slow Moving
23015,182,20.99,3820.18,0.0,inf,Dead Stock
23018,19,11.99,227.81,0.0,inf,Dead Stock
23021,166,13.99,2322.34,9.0,18.444444444444443,Slow Moving
23022,148,13.99,2070.52,22.0,6.7272727272727275,Slow Moving
23024,61,52.99,3232.3900000000003,1.0,61.0,Slow Moving
23025,7,14.99,104.93,12.0,0.5833333333333334,Normal
23028,16,5.49,87.84,0.0,inf,Dead Stock
23029,21,13.99,293.79,0.0,inf,Dead Stock
23032,18,49.99,899.82,0.0,inf,Dead Stock
23033,8,13.99,111.92,0.0,inf,Dead Stock
23035,17,13.99,237.83,0.0,inf,Dead Stock
23036,24,13.99,335.76,0.0,inf,Dead Stock
23038,34,29.99,1019.66,0.0,inf,Dead Stock
23039,38,49.99,1899.6200000000001,11.0,3.4545454545454546,Slow Moving
23040,4,89.99,359.96,1.0,4.0,Slow Moving
23041,48,37.99,1823.52,2.0,24.0,Slow Moving
23042,14,12.99,181.86,5.0,2.8,Slow Moving
23043,1,8.99,8.99,0.0,inf,Dead Stock
23044,26,8.99,233.74,2.0,13.0,Slow Moving
23045,60,24.99,1499.3999999999999,15.0,4.0,Slow Moving
23049,435,8.99,3910.65,362.0,1.201657458563536,Normal
23050,17,34.99,594.83,0.0,inf,Dead Stock
23060,14,29.99,419.85999999999996,0.0,inf,Dead Stock
23061,33,19.99,659.67,0.0,inf,Dead Stock
23064,23,3.49,80.27000000000001,0.0,inf,Dead Stock
23066,8,16.99,135.92,7.0,1.1428571428571428,Normal
23067,260,20.99,5457.4,110.0,2.3636363636363638,Slow Moving
23068,33,59.989999999999995,1979.6699999999998,0.0,inf,Dead Stock
23069,64,24.99,1599.36,9.0,7.111111111111111,Slow Moving
23070,8,23.99,191.92,7.0,1.1428571428571428,Normal
23071,48,17.99,863.52,23.0,2.0869565217391304,Slow Moving
23076,2,13.99,27.98,379.0,0.005277044854881266,Fast Moving
23078,12,21.99,263.88,1.0,12.0,Slow Moving
23079,18,14.99,269.82,78.0,0.23076923076923078,Fast Moving
23088,17,9.99,169.83,0.0,inf,Dead Stock
23090,12,8.49,101.88,0.0,inf,Dead Stock
23095,2162,6.99,15112.380000000001,2079.0,1.03992303992304,Normal
23098,17,38.99,662.83,0.0,inf,Dead Stock
23103,51,129.99,6629.490000000001,0.0,inf,Dead Stock
23105,114,41.99,4786.860000000001,4.0,28.5,Slow Moving
23106,29,15.99,463.71,2.0,14.5,Slow Moving
23107,21,169.99,3569.79,5.0,4.2,Slow Moving
23109,112,36.99,4142.88,1.0,112.0,Slow Moving
23110,11,169.99,1869.89,1.0,11.0,Slow Moving
23112,37,55.99,2071.63,0.0,inf,Dead Stock
23114,129,39.99,5158.71,7.0,18.428571428571427,Slow Moving
23116,120,32.99,3958.8,26.0,4.615384615384615,Slow Moving
23117,3,6.99,20.97,0.0,inf,Dead Stock
23121,2,31.99,63.98,5.0,0.4,Fast Moving
23122,207,24.99,5172.929999999999,6.0,34.5,Slow Moving
23123,225,12.99,2922.75,24.0,9.375,Slow Moving
23126,233,11.99,2793.67,28.0,8.321428571428571,Slow Moving
23129,373,19.99,7456.2699999999995,209.0,1.784688995215311,Normal
23130,63,72.99,4598.37,4.0,15.75,Slow Moving
23131,8,22.99,183.92,1.0,8.0,Slow Moving
23132,14,49.99,699.86,0.0,inf,Dead Stock
23134,61,22.99,1402.3899999999999,0.0,inf,Dead Stock
23138,23,11.99,275.77,0.0,inf,Dead Stock
23139,19,11.99,227.81,0.0,inf,Dead Stock
23143,6781,8.99,60961.19,1731.0,3.9173887926054305,Slow Moving
23144,38,31.99,1215.62,3.0,12.666666666666666,Slow Moving
23145,59,28.99,1710.4099999999999,17.0,3.4705882352941178,Slow Moving
23146,44,19.99,879.56,22.0,2.0,Normal
23147,11,13.99,153.89000000000001,47.0,0.23404255319148937,Fast Moving
23148,158,11.99,1894.42,42.0,3.761904761904762,Slow Moving
23149,181,12.99,2351.19,52.0,3.480769230769231,Slow Moving
23151,48,18.99,911.52,9.0,5.333333333333333,Slow Moving
23153,633,14.99,9488.67,0.0,inf,Dead Stock
23155,367,18.99,6969.329999999999,81.0,4.530864197530864,Slow Moving
23156,42,99.99,4199.58,5.0,8.4,Slow Moving
23157,17,25.99,441.83,3.0,5.666666666666667,Slow Moving
23159,152,25.99,3950.4799999999996,31.0,4.903225806451613,Slow Moving
23160,69,8.99,620.3100000000001,1.0,69.0,Slow Moving
23161,143,18.99,2715.5699999999997,139.0,1.0287769784172662,Normal
23167,10,18.99,189.89999999999998,1.0,10.0,Slow Moving
23168,198,15.989999999999998,3166.0199999999995,131.0,1.5114503816793894,Normal
23170,19,75.99,1443.81,1.0,19.0,Slow Moving
23172,210,29.99,6297.9,37.0,5.675675675675675,Slow Moving
23175,6,55.99,335.94,0.0,inf,Dead Stock
23182,10,22.99,229.89999999999998,0.0,inf,Dead Stock
23185,28,17.99,503.71999999999997,3.0,9.333333333333334,Slow Moving
23186,46,22.99,1057.54,5.0,9.2,Slow Moving
23188,148,27.99,4142.5199999999995,17.0,8.705882352941176,Slow Moving
23189,101,27.99,2826.99,5.0,20.2,Slow Moving
23190,7,38.99,272.93,4.0,1.75,Normal
23191,474,14.99,7105.26,477.0,0.9937106918238994,Normal
23192,45,62.99,2834.55,2.0,22.5,Slow Moving
23193,77,53.989999999999995,4157.23,4.0,19.25,Slow Moving
23194,114,34.99,3988.86,8.0,14.25,Slow Moving
23195,0,39.99,0.0,26.0,0.0,Fast Moving
23197,299,9.989999999999998,2987.0099999999993,65.0,4.6,Slow Moving
23200,20,11.99,239.8,0.0,inf,Dead Stock
23201,11,12.99,142.89000000000001,13.0,0.8461538461538461,Normal
23202,122,9.99,1218.78,6.0,20.333333333333332,Slow Moving
23203,114,9.99,1138.8600000000001,9.0,12.666666666666666,Slow Moving
23204,29,17.99,521.7099999999999,0.0,inf,Dead Stock
23205,15,15.99,239.85,9.0,1.6666666666666667,Normal
23209,12,19.99,239.88,0.0,inf,Dead Stock
23211,399,15.989999999999998,6380.009999999999,0.0,inf,Dead Stock
23212,695,12.99,9028.05,199.0,3.492462311557789,Slow Moving
23214,1,12.99,12.99,0.0,inf,Dead Stock
23215,10,14.99,149.9,0.0,inf,Dead Stock
23220,196,11.99,2350.04,63.0,3.111111111111111,Slow Moving
23229,112,14.99,1678.88,587.0,0.19080068143100512,Fast Moving
23230,29,13.99,405.71,283.0,0.10247349823321555,Fast Moving
23231,4,54.99,219.96,21.0,0.19047619047619047,Fast Moving
23235,261,11.99,3129.39,179.0,1.458100558659218,Normal
23236,45,38.99,1754.5500000000002,3.0,15.0,Slow Moving
23239,380,10.99,4176.2,142.0,2.676056338028169,Slow Moving
23240,0,11.99,0.0,0.0,inf,Dead Stock
23241,360,8.99,3236.4,112.0,3.2142857142857144,Slow Moving
23242,23,10.99,252.77,13.0,1.7692307692307692,Normal
23245,262,11.990000000000002,3141.3800000000006,49.0,5.346938775510204,Slow Moving
23246,110,15.99,1758.9,26.0,4.230769230769231,Slow Moving
23249,347,9.99,3466.53,95.0,3.6526315789473682,Slow Moving
23250,10,12.99,129.9,456.0,0.021929824561403508,Fast Moving
23253,17,19.99,339.83,547.0,0.031078610603290677,Fast Moving
23255,273,11.99,3273.27,351.0,0.7777777777777778,Normal
23257,35,13.99,489.65000000000003,293.0,0.11945392491467577,Fast Moving
23265,65,39.99,2599.35,0.0,inf,Dead Stock
23266,8,99.99,799.92,0.0,inf,Dead Stock
23267,159,49.99,7948.410000000001,9.0,17.666666666666668,Slow Moving
23270,329,9.99,3286.71,181.0,1.8176795580110496,Normal
23271,564,7.989999999999999,4506.36,610.0,0.9245901639344263,Normal
23272,11,11.99,131.89000000000001,0.0,inf,Dead Stock
23273,1264,7.99,10099.36,55.0,22.98181818181818,Slow Moving
23275,347,9.99,3466.53,149.0,2.3288590604026846,Slow Moving
23279,49,24.99,1224.51,223.0,0.21973094170403587,Fast Moving
23280,20,149.99,2999.8,0.0,inf,Dead Stock
23281,23,949.99,21849.77,0.0,inf,Dead Stock
23282,15,58.99,884.85,3.0,5.0,Slow Moving
23284,26,219.99,5719.74,6.0,4.333333333333333,Slow Moving
23285,31,42.99,1332.69,4.0,7.75,Slow Moving
23286,16,199.99,3199.84,1.0,16.0,Slow Moving
23289,29,699.99,20299.71,1.0,29.0,Slow Moving
23290,6,64.99,389.93999999999994,0.0,inf,Dead Stock
23291,7,59.99,419.93,2.0,3.5,Slow Moving
23292,29,439.98999999999995,12759.71,1.0,29.0,Slow Moving
23293,20,81.99,1639.8,13.0,1.5384615384615385,Normal
23294,1,49.99,49.99,5.0,0.2,Fast Moving
23295,5,63.99,319.95,6.0,0.8333333333333334,Normal
23296,8,7.99,63.92,0.0,inf,Dead Stock
23297,118,21.99,2594.8199999999997,31.0,3.806451612903226,Slow Moving
23307,695,12.99,9028.05,403.0,1.7245657568238213,Normal
23308,27,126.99,3428.73,3.0,9.0,Slow Moving
23309,4,96.99,387.96,1.0,4.0,Slow Moving
23321,9,31.99,287.90999999999997,3.0,3.0,Slow Moving
23322,1,98.99,98.99,1.0,1.0,Normal
23323,4,82.99,331.96,25.0,0.16,Fast Moving
23324,22,279.99,6159.780000000001,0.0,inf,Dead Stock
23325,47,209.99,9869.53,0.0,inf,Dead Stock
23326,75,24.99,1874.2499999999998,9.0,8.333333333333334,Slow Moving
23327,12,899.99,10799.880000000001,0.0,inf,Dead Stock
23328,18,75.99,1367.82,1.0,18.0,Slow Moving
23329,35,224.99,7874.650000000001,0.0,inf,Dead Stock
23330,1,42.99,42.99,0.0,inf,Dead Stock
23331,28,149.99,4199.72,6.0,4.666666666666667,Slow Moving
23332,2,26.99,53.98,5.0,0.4,Fast Moving
23333,6,59.99,359.94,0.0,inf,Dead Stock
23334,3,31.99,95.97,15.0,0.2,Fast Moving
23335,22,199.99,4399.780000000001,5.0,4.4,Slow Moving
23336,24,229.99,5519.76,0.0,inf,Dead Stock
23337,23,139.99,3219.7700000000004,7.0,3.2857142857142856,Slow Moving
23338,1,54.99,54.99,5.0,0.2,Fast Moving
23339,13,49.99,649.87,5.0,2.6,Slow Moving
23341,7,32.99,230.93,12.0,0.5833333333333334,Normal
23344,103,4.49,462.47,12.0,8.583333333333334,Slow Moving
23345,328,26.99,8852.72,52.0,6.3076923076923075,Slow Moving
23349,6,14.99,89.94,12.0,0.5,Fast Moving
23350,115,13.99,1608.8500000000001,1.0,115.0,Slow Moving
23353,4,15.99,63.96,653.0,0.006125574272588055,Fast Moving
23354,16,19.99,319.84,6.0,2.6666666666666665,Slow Moving
23356,1342,21.990000000000002,29510.58,198.0,6.777777777777778,Slow Moving
23357,25,37.99,949.75,275.0,0.09090909090909091,Fast Moving
23359,14,45.99,643.86,0.0,inf,Dead Stock
23360,378,10.99,4154.22,157.0,2.4076433121019107,Slow Moving
23361,18,19.99,359.82,0.0,inf,Dead Stock
23362,10,18.99,189.89999999999998,0.0,inf,Dead Stock
23364,14,17.99,251.85999999999999,0.0,inf,Dead Stock
23365,167,21.99,3672.33,26.0,6.423076923076923,Slow Moving
23366,252,14.99,3777.48,36.0,7.0,Slow Moving
23373,142,3.99,566.58,245.0,0.5795918367346938,Normal
23379,186,11.99,2230.14,119.0,1.5630252100840336,Normal
23382,48,15.99,767.52,635.0,0.07559055118110236,Fast Moving
23383,2,16.99,33.98,233.0,0.008583690987124463,Fast Moving
23385,152,19.99,3038.4799999999996,21.0,7.238095238095238,Slow Moving
23386,127,19.99,2538.73,32.0,3.96875,Slow Moving
23387,944,9.989999999999998,9430.559999999998,0.0,inf,Dead Stock
23388,187,11.99,2242.13,180.0,1.038888888888889,Normal
23389,356,11.99,4268.4400000000005,117.0,3.0427350427350426,Slow Moving
23391,9,69.99,629.91,3.0,3.0,Slow Moving
23398,17,17.99,305.83,0.0,inf,Dead Stock
23399,9,15.99,143.91,0.0,inf,Dead Stock
23406,178,15.99,2846.2200000000003,70.0,2.5428571428571427,Slow Moving
23411,19,26.99,512.81,4.0,4.75,Slow Moving
23412,20,59.99,1199.8,0.0,inf,Dead Stock
23413,2,69.99,139.98,0.0,inf,Dead Stock
23415,412,7.99,3291.88,18.0,22.88888888888889,Slow Moving
23420,410,12.99,5325.9,74.0,5.54054054054054,Slow Moving
23423,192,9.99,1918.08,98.0,1.9591836734693877,Normal
23425,9,64.99,584.91,2.0,4.5,Slow Moving
23426,22,71.99,1583.78,0.0,inf,Dead Stock
23430,9,12.99,116.91,0.0,inf,Dead Stock
23432,412,15.99,6587.88,35.0,11.771428571428572,Slow Moving
23433,3,89.99,269.96999999999997,16.0,0.1875,Fast Moving
23434,23,68.99,1586.77,6.0,3.8333333333333335,Slow Moving
23436,32,18.99,607.68,5.0,6.4,Slow Moving
23438,200,12.99,2598.0,124.0,1.6129032258064515,Normal
23451,5,12.49,62.45,0.0,inf,Dead Stock
23452,331,8.99,2975.69,93.0,3.5591397849462365,Slow Moving
23460,158,48.99,7740.42,4.0,39.5,Slow Moving
23464,445,10.99,4890.55,145.0,3.0689655172413794,Slow Moving
23466,42,14.99,629.58,0.0,inf,Dead Stock
23468,1,178.99,178.99,1.0,1.0,Normal
23469,106,11.99,1270.94,20.0,5.3,Slow Moving
23470,20,10.99,219.8,0.0,inf,Dead Stock
23471,13,3.29,42.77,0.0,inf,Dead Stock
23472,45,18.99,854.55,2.0,22.5,Slow Moving
23473,55,17.49,961.9499999999999,2.0,27.5,Slow Moving
23474,294,9.989999999999998,2937.0599999999995,25.0,11.76,Slow Moving
23475,17,28.99,492.83,0.0,inf,Dead Stock
23477,21,16.99,356.78999999999996,2.0,10.5,Slow Moving
23479,427,9.99,4265.7300000000005,210.0,2.033333333333333,Slow Moving
23493,45,34.99,1574.5500000000002,13.0,3.4615384615384617,Slow Moving
23495,3,17.99,53.97,5.0,0.6,Normal
23497,7,79.99,559.93,11.0,0.6363636363636364,Normal
23498,7,10.99,76.93,0.0,inf,Dead Stock
23510,130,10.99,1428.7,34.0,3.823529411764706,Slow Moving
23511,169,10.99,1857.31,18.0,9.38888888888889,Slow Moving
23512,197,11.49,2263.53,29.0,6.793103448275862,Slow Moving
23513,176,10.99,1934.24,19.0,9.263157894736842,Slow Moving
23514,188,13.490000000000002,2536.1200000000003,52.0,3.6153846153846154,Slow Moving
23516,385,10.989999999999998,4231.15,323.0,1.1919504643962848,Normal
23517,0,12.99,0.0,1.0,0.0,Fast Moving
23518,15,8.79,131.85,0.0,inf,Dead Stock
23519,523,7.489999999999999,3917.2699999999995,0.0,inf,Dead Stock
23520,65,14.99,974.35,3.0,21.666666666666668,Slow Moving
23521,414,10.99,4549.86,353.0,1.1728045325779037,Normal
23522,402,10.99,4417.9800000000005,74.0,5.4324324324324325,Slow Moving
23523,617,9.99,6163.83,573.0,1.0767888307155322,Normal
23524,23,11.99,275.77,0.0,inf,Dead Stock
23525,7,24.99,174.92999999999998,1.0,7.0,Slow Moving
23527,6,79.99,479.93999999999994,0.0,inf,Dead Stock
23528,81,13.99,1133.19,3.0,27.0,Slow Moving
23530,32,24.99,799.68,3.0,10.666666666666666,Slow Moving
23533,5,12.99,64.95,3.0,1.6666666666666667,Normal
23534,143,17.99,2572.5699999999997,5.0,28.6,Slow Moving
23535,116,16.49,1912.84,31.0,3.7419354838709675,Slow Moving
23539,191,19.99,3818.0899999999997,50.0,3.82,Slow Moving
23541,6,19.99,119.94,0.0,inf,Dead Stock
23543,13,14.99,194.87,9.0,1.4444444444444444,Normal
23554,18,16.99,305.82,0.0,inf,Dead Stock
23560,12,5.99,71.88,0.0,inf,Dead Stock
23562,12,5.99,71.88,0.0,inf,Dead Stock
23565,10,7.49,74.9,0.0,inf,Dead Stock
23568,1,14.49,14.49,0.0,inf,Dead Stock
23587,48,12.99,623.52,4.0,12.0,Slow Moving
23592,19,109.99,2089.81,1.0,19.0,Slow Moving
23593,13,95.99,1247.87,1.0,13.0,Slow Moving
23595,566,14.99,8484.34,390.0,1.4512820512820512,Normal
23596,12,12.99,155.88,1.0,12.0,Slow Moving
23603,66,23.99,1583.34,4.0,16.5,Slow Moving
23616,6,7.99,47.94,0.0,inf,Dead Stock
23618,38,199.99,7599.620000000001,0.0,inf,Dead Stock
23632,98,15.990000000000002,1567.0200000000002,15.0,6.533333333333333,Slow Moving
23633,35,16.99,594.65,25.0,1.4,Normal
23635,498,14.99,7465.02,12.0,41.5,Slow Moving
23644,28,6.99,195.72,0.0,inf,Dead Stock
23647,79,19.99,1579.2099999999998,0.0,inf,Dead Stock
23649,962,12.989999999999998,12496.38,112.0,8.589285714285714,Slow Moving
23650,1077,12.99,13990.23,66.0,16.318181818181817,Slow Moving
23659,28,26.99,755.7199999999999,3.0,9.333333333333334,Slow Moving
23660,15,12.99,194.85,19.0,0.7894736842105263,Normal
23661,14,48.99,685.86,6.0,2.3333333333333335,Slow Moving
23662,28,26.99,755.7199999999999,11.0,2.5454545454545454,Slow Moving
23663,24,12.99,311.76,12.0,2.0,Normal
23665,56,6.99,391.44,3.0,18.666666666666668,Slow Moving
23666,46,6.99,321.54,10.0,4.6,Slow Moving
23669,43,69.99,3009.5699999999997,0.0,inf,Dead Stock
23679,31,19.99,619.6899999999999,0.0,inf,Dead Stock
23680,83,18.99,1576.1699999999998,13.0,6.384615384615385,Slow Moving
23692,578,19.99,11554.22,195.0,2.9641025641025642,Slow Moving
23712,977,11.99,11714.23,532.0,1.836466165413534,Normal
23739,2704,14.99,40532.96,1246.0,2.1701444622792936,Slow Moving
23745,28,398.99,11171.720000000001,0.0,inf,Dead Stock
23746,32,89.99,2879.68,3.0,10.666666666666666,Slow Moving
23747,31,40.99,1270.69,3.0,10.333333333333334,Slow Moving
23748,36,58.989999999999995,2123.64,6.0,6.0,Slow Moving
23749,12,44.99,539.88,12.0,1.0,Normal
23750,3,69.99,209.96999999999997,5.0,0.6,Normal
23753,10,74.99,749.9,0.0,inf,Dead Stock
23754,2,94.99,189.98,7.0,0.2857142857142857,Fast Moving
23755,57,528.99,30152.43,1.0,57.0,Slow Moving
23756,45,331.99000000000007,14939.550000000003,0.0,inf,Dead Stock
23762,10,529.99,5299.9,0.0,inf,Dead Stock
23763,24,52.99,1271.76,5.0,4.8,Slow Moving
23764,39,7.99,311.61,188.0,0.2074468085106383,Fast Moving
23766,15,128.99,1934.8500000000001,0.0,inf,Dead Stock
23768,24,43.99,1055.76,13.0,1.8461538461538463,Normal
23769,19,111.98999999999998,2127.8099999999995,4.0,4.75,Slow Moving
23772,45,133.99,6029.55,1.0,45.0,Slow Moving
23773,19,51.99,987.8100000000001,6.0,3.1666666666666665,Slow Moving
23774,20,45.99,919.8000000000001,1.0,20.0,Slow Moving
23777,92,128.99,11867.080000000002,13.0,7.076923076923077,Slow Moving
23778,532,10.99,5846.68,275.0,1.9345454545454546,Normal
23779,2,89.99,179.98,0.0,inf,Dead Stock
23780,6,81.99,491.93999999999994,9.0,0.6666666666666666,Normal
23781,42,133.99,5627.58,1.0,42.0,Slow Moving
23783,42,167.99,7055.58,2.0,21.0,Slow Moving
23784,12,19.99,239.88,10.0,1.2,Normal
23785,116,19.99,2318.8399999999997,10.0,11.6,Slow Moving
23793,14,12.99,181.86,23.0,0.6086956521739131,Normal
23794,39,44.99,1754.6100000000001,0.0,inf,Dead Stock
23795,229,15.99,3661.71,228.0,1.0043859649122806,Normal
23796,349,12.99,4533.51,115.0,3.034782608695652,Slow Moving
23797,225,12.990000000000002,2922.7500000000005,112.0,2.0089285714285716,Slow Moving
23798,79,15.99,1263.21,8.0,9.875,Slow Moving
23799,71,15.99,1135.29,19.0,3.736842105263158,Slow Moving
23800,398,13.99,5568.02,66.0,6.03030303030303,Slow Moving
23801,542,15.990000000000002,8666.580000000002,44.0,12.318181818181818,Slow Moving
23805,3,19.99,59.97,1.0,3.0,Slow Moving
23807,4,19.99,79.96,4.0,1.0,Normal
23809,18,19.99,359.82,0.0,inf,Dead Stock
23810,29,29.99,869.7099999999999,1.0,29.0,Slow Moving
23820,1,24.99,24.99,114.0,0.008771929824561403,Fast Moving
23823,36,13.99,503.64,18.0,2.0,Normal
23825,205,13.99,2867.95,8.0,25.625,Slow Moving
23827,117,13.99,1636.83,32.0,3.65625,Slow Moving
23828,214,35.99,7701.860000000001,0.0,inf,Dead Stock
23830,18,14.99,269.82,3.0,6.0,Slow Moving
23831,23,16.99,390.77,9.0,2.5555555555555554,Slow Moving
23840,0,17.99,0.0,140.0,0.0,Fast Moving
23841,12,13.99,167.88,0.0,inf,Dead Stock
23848,718,15.99,11480.82,53.0,13.547169811320755,Slow Moving
23851,36,10.49,377.64,119.0,0.3025210084033613,Fast Moving
23852,23,30.99,712.77,0.0,inf,Dead Stock
23853,124,23.99,2974.7599999999998,15.0,8.266666666666667,Slow Moving
23854,19,19.99,379.80999999999995,0.0,inf,Dead Stock
23856,21,21.99,461.78999999999996,0.0,inf,Dead Stock
23857,49,17.99,881.5099999999999,0.0,inf,Dead Stock
23858,242,20.99,5079.58,33.0,7.333333333333333,Slow Moving
23860,1043,16.99,17720.57,0.0,inf,Dead Stock
23861,72,11.99,863.28,24.0,3.0,Slow Moving
23862,41,13.99,573.59,0.0,inf,Dead Stock
23863,5,21.99,109.94999999999999,1.0,5.0,Slow Moving
23866,339,11.99,4064.61,160.0,2.11875,Slow Moving
23870,374,10.99,4110.26,208.0,1.7980769230769231,Normal
23871,19,34.99,664.8100000000001,0.0,inf,Dead Stock
23873,69,39.99,2759.31,4.0,17.25,Slow Moving
23874,140,54.99,7698.6,0.0,inf,Dead Stock
23875,48,49.99,2399.52,12.0,4.0,Slow Moving
23876,61,10.99,670.39,0.0,inf,Dead Stock
23877,219,10.99,2406.81,34.0,6.4411764705882355,Slow Moving
23878,114,10.99,1252.8600000000001,2.0,57.0,Slow Moving
23886,381,11.989999999999998,4568.19,0.0,inf,Dead Stock
23887,165,13.99,2308.35,0.0,inf,Dead Stock
23888,57,11.99,683.4300000000001,0.0,inf,Dead Stock
23889,484,8.99,4351.16,472.0,1.0254237288135593,Normal
23890,412,13.99,5763.88,0.0,inf,Dead Stock
23891,400,13.99,5596.0,24.0,16.666666666666668,Slow Moving
23894,21,9.99,209.79,12.0,1.75,Normal
23895,793,7.99,6336.070000000001,273.0,2.9047619047619047,Slow Moving
23896,7,12.99,90.93,5.0,1.4,Normal
23897,46,15.99,735.54,3.0,15.333333333333334,Slow Moving
23898,53,16.99,900.4699999999999,24.0,2.2083333333333335,Slow Moving
23899,30,13.99,419.7,6.0,5.0,Slow Moving
23900,12,11.99,143.88,2.0,6.0,Slow Moving
23902,94,15.99,1503.06,20.0,4.7,Slow Moving
23904,20,19.99,399.79999999999995,0.0,inf,Dead Stock
23917,182,27.99,5094.179999999999,27.0,6.7407407407407405,Slow Moving
23919,275,23.99,6597.25,28.0,9.821428571428571,Slow Moving
23924,18,8.99,161.82,0.0,inf,Dead Stock
23925,50,8.99,449.5,13.0,3.8461538461538463,Slow Moving
23928,12,6.99,83.88,12.0,1.0,Normal
23929,12,6.99,83.88,0.0,inf,Dead Stock
23932,50,16.99,849.4999999999999,0.0,inf,Dead Stock
23933,84,31.99,2687.16,0.0,inf,Dead Stock
23934,24,17.99,431.76,12.0,2.0,Normal
23935,17,16.99,288.83,7.0,2.4285714285714284,Slow Moving
23936,67,13.99,937.33,0.0,inf,Dead Stock
23937,18,21.99,395.82,0.0,inf,Dead Stock
23938,76,21.99,1671.2399999999998,10.0,7.6,Slow Moving
23939,34,10.99,373.66,0.0,inf,Dead Stock
23943,540,5.99,3234.6,98.0,5.510204081632653,Slow Moving
23944,54,24.99,1349.4599999999998,19.0,2.8421052631578947,Slow Moving
23946,27,19.99,539.7299999999999,34.0,0.7941176470588235,Normal
23947,138,23.99,3310.62,67.0,2.0597014925373136,Slow Moving
23948,31,38.99,1208.69,21.0,1.4761904761904763,Normal
23949,15,9.99,149.85,72.0,0.20833333333333334,Fast Moving
23950,7,10.99,76.93,58.0,0.1206896551724138,Fast Moving
23954,1,9.99,9.99,4.0,0.25,Fast Moving
23957,5,13.99,69.95,23.0,0.21739130434782608,Fast Moving
23959,123,38.99,4795.77,7.0,17.571428571428573,Slow Moving
23962,18,20.99,377.82,8.0,2.25,Slow Moving
23963,51,22.99,1172.49,14.0,3.642857142857143,Slow Moving
23964,70,22.99,1609.3,2.0,35.0,Slow Moving
23965,105,16.99,1783.9499999999998,13.0,8.076923076923077,Slow Moving
23966,15,13.99,209.85,24.0,0.625,Normal
23973,608,16.99,10329.919999999998,189.0,3.2169312169312168,Slow Moving
23974,462,16.99,7849.379999999999,90.0,5.133333333333334,Slow Moving
23975,19,13.99,265.81,0.0,inf,Dead Stock
23979,20,10.99,219.8,0.0,inf,Dead Stock
23983,30,65.99,1979.6999999999998,1.0,30.0,Slow Moving
23984,173,14.99,2593.27,2.0,86.5,Slow Moving
23987,566,10.99,6220.34,18.0,31.444444444444443,Slow Moving
23989,11,12.99,142.89000000000001,1.0,11.0,Slow Moving
23990,33,12.99,428.67,13.0,2.5384615384615383,Slow Moving
23991,31,14.99,464.69,20.0,1.55,Normal
23996,131,19.99,2618.6899999999996,0.0,inf,Dead Stock
24001,1,16.99,16.99,28.0,0.03571428571428571,Fast Moving
24002,1100,8.99,9889.0,1395.0,0.7885304659498208,Normal
24003,543,8.99,4881.57,335.0,1.6208955223880597,Normal
24004,7,14.99,104.93,0.0,inf,Dead Stock
24005,10,14.99,149.9,0.0,inf,Dead Stock
24012,17,24.99,424.83,25.0,0.68,Normal
24014,276,13.99,3861.2400000000002,45.0,6.133333333333334,Slow Moving
24015,1,18.99,18.99,4.0,0.25,Fast Moving
24018,32,36.99,1183.68,48.0,0.6666666666666666,Normal
24020,355,9.99,3546.4500000000003,135.0,2.6296296296296298,Slow Moving
24022,198,14.99,2968.02,30.0,6.6,Slow Moving
24024,225,19.99,4497.75,38.0,5.921052631578948,Slow Moving
24026,16,9.99,159.84,0.0,inf,Dead Stock
24027,26,58.989999999999995,1533.7399999999998,4.0,6.5,Slow Moving
24029,431,14.99,6460.6900000000005,143.0,3.013986013986014,Slow Moving
24030,31,16.99,526.6899999999999,0.0,inf,Dead Stock
24033,48,4.79,229.92000000000002,72.0,0.6666666666666666,Normal
24035,8,3.49,27.92,0.0,inf,Dead Stock
24040,23,12.99,298.77,12.0,1.9166666666666667,Normal
24043,17,13.99,237.83,0.0,inf,Dead Stock
24047,130,8.99,1168.7,47.0,2.765957446808511,Slow Moving
24048,69,9.99,689.3100000000001,63.0,1.0952380952380953,Normal
24049,156,8.99,1402.44,40.0,3.9,Slow Moving
24050,148,12.99,1922.52,34.0,4.352941176470588,Slow Moving
24051,144,5.99,862.5600000000001,20.0,7.2,Slow Moving
24052,101,14.99,1513.99,8.0,12.625,Slow Moving
24053,15,9.99,149.85,2.0,7.5,Slow Moving
24054,10,15.99,159.9,0.0,inf,Dead Stock
24056,136,18.99,2582.64,40.0,3.4,Slow Moving
24060,21,23.99,503.78999999999996,0.0,inf,Dead Stock
24062,26,14.99,389.74,0.0,inf,Dead Stock
24063,32,16.49,527.68,0.0,inf,Dead Stock
24064,21,13.99,293.79,0.0,inf,Dead Stock
24065,16,10.99,175.84,0.0,inf,Dead Stock
24066,2,10.99,21.98,0.0,inf,Dead Stock
24076,0,28.99,0.0,0.0,inf,Dead Stock
24086,2338,12.99,30370.62,508.0,4.602362204724409,Slow Moving
24088,2178,17.99,39182.219999999994,552.0,3.9456521739130435,Slow Moving
24090,112,29.99,3358.8799999999997,0.0,inf,Dead Stock
24094,277,6.989999999999999,1936.2299999999998,350.0,0.7914285714285715,Normal
24095,36,3.99,143.64000000000001,22.0,1.6363636363636365,Normal
24096,368,6.989999999999999,2572.3199999999997,415.0,0.8867469879518072,Normal
24097,35,3.99,139.65,74.0,0.47297297297297297,Fast Moving
24098,207,6.99,1446.93,171.0,1.2105263157894737,Normal
24099,48,3.99,191.52,38.0,1.263157894736842,Normal
24103,23,8.49,195.27,0.0,inf,Dead Stock
24104,36,9.99,359.64,0.0,inf,Dead Stock
24106,11,34.99,384.89000000000004,0.0,inf,Dead Stock
24109,4,49.99,199.96,26.0,0.15384615384615385,Fast Moving
24111,209,8.99,1878.91,0.0,inf,Dead Stock
24118,120,14.990000000000002,1798.8000000000002,23.0,5.217391304347826,Slow Moving
24119,317,12.99,4117.83,47.0,6.74468085106383,Slow Moving
24121,188,20.99,3946.12,0.0,inf,Dead Stock
24123,68,10.99,747.32,6.0,11.333333333333334,Slow Moving
24124,104,10.99,1142.96,14.0,7.428571428571429,Slow Moving
24125,126,17.99,2266.74,7.0,18.0,Slow Moving
24127,16,7.99,127.84,0.0,inf,Dead Stock
24129,12,7.99,95.88,0.0,inf,Dead Stock
24130,24,11.99,287.76,0.0,inf,Dead Stock
24134,4,9.99,39.96,0.0,inf,Dead Stock
24135,32,22.99,735.68,1.0,32.0,Slow Moving
24136,5,22.99,114.94999999999999,5.0,1.0,Normal
24139,247,14.99,3702.53,0.0,inf,Dead Stock
24142,96,21.99,2111.04,0.0,inf,Dead Stock
24143,29,9.99,289.71,0.0,inf,Dead Stock
24144,5,72.49,362.45,2.0,2.5,Slow Moving
24146,1504,19.99,30064.96,355.0,4.236619718309859,Slow Moving
24147,19,9.99,189.81,2.0,9.5,Slow Moving
24149,14,19.99,279.85999999999996,0.0,inf,Dead Stock
24151,186,10.99,2044.14,656.0,0.28353658536585363,Fast Moving
24152,166,13.49,2239.34,25.0,6.64,Slow Moving
24153,141,12.99,1831.59,30.0,4.7,Slow Moving
24154,5,27.99,139.95,0.0,inf,Dead Stock
24156,13,19.99,259.87,0.0,inf,Dead Stock
24158,19,24.99,474.80999999999995,0.0,inf,Dead Stock
24159,22,99.99,2199.7799999999997,1.0,22.0,Slow Moving
24161,6,65.99,395.93999999999994,0.0,inf,Dead Stock
24165,13,84.99,1104.87,6.0,2.1666666666666665,Slow Moving
24166,13,74.99,974.8699999999999,8.0,1.625,Normal
24169,1,49.99,49.99,8.0,0.125,Fast Moving
24170,47,39.99,1879.5300000000002,3.0,15.666666666666666,Slow Moving
24174,12,12.99,155.88,0.0,inf,Dead Stock
24178,48,109.99,5279.5199999999995,2.0,24.0,Slow Moving
24180,105,35.99,3778.9500000000003,9.0,11.666666666666666,Slow Moving
24181,17,71.99,1223.83,4.0,4.25,Slow Moving
24182,12,88.99,1067.8799999999999,12.0,1.0,Normal
24183,25,81.99,2049.75,1.0,25.0,Slow Moving
24185,9,92.99,836.91,14.0,0.6428571428571429,Normal
24187,4,32.99,131.96,10.0,0.4,Fast Moving
24188,1101,15.99,17604.99,722.0,1.5249307479224377,Normal
24191,39,21.99,857.6099999999999,4.0,9.75,Slow Moving
24193,239,23.99,5733.61,32.0,7.46875,Slow Moving
24195,22,24.99,549.78,9.0,2.4444444444444446,Slow Moving
24197,23,10.99,252.77,0.0,inf,Dead Stock
24198,19,18.99,360.80999999999995,0.0,inf,Dead Stock
24202,11,172.99,1902.89,0.0,inf,Dead Stock
24203,102,12.99,1324.98,20.0,5.1,Slow Moving
24206,4,14.99,59.96,0.0,inf,Dead Stock
24207,16,24.99,399.84,0.0,inf,Dead Stock
24208,136,8.99,1222.64,38.0,3.5789473684210527,Slow Moving
24216,58,12.99,753.42,10.0,5.8,Slow Moving
24218,42,17.99,755.5799999999999,0.0,inf,Dead Stock
24222,11,14.99,164.89000000000001,0.0,inf,Dead Stock
24237,25,14.99,374.75,0.0,inf,Dead Stock
24241,66,12.49,824.34,0.0,inf,Dead Stock
24243,29,19.99,579.7099999999999,18.0,1.6111111111111112,Normal
24244,233,23.99,5589.67,74.0,3.1486486486486487,Slow Moving
24251,14,7.99,111.86,0.0,inf,Dead Stock
24252,11,7.99,87.89,0.0,inf,Dead Stock
24253,159,17.99,2860.41,1.0,159.0,Slow Moving
24256,41,17.99,737.5899999999999,2.0,20.5,Slow Moving
24260,41,52.989999999999995,2172.5899999999997,2.0,20.5,Slow Moving
24261,31,33.99,1053.69,7.0,4.428571428571429,Slow Moving
24262,27,62.99,1700.73,3.0,9.0,Slow Moving
24265,210,22.99,4827.9,42.0,5.0,Slow Moving
24273,18,15.99,287.82,9.0,2.0,Normal
24274,13,19.99,259.87,1.0,13.0,Slow Moving
24275,13,18.99,246.86999999999998,4.0,3.25,Slow Moving
24276,22,11.99,263.78000000000003,2.0,11.0,Slow Moving
24280,1,84.99,84.99,12.0,0.08333333333333333,Fast Moving
24281,32,99.99,3199.68,3.0,10.666666666666666,Slow Moving
24282,5,329.99,1649.95,0.0,inf,Dead Stock
24285,199,13.99,2784.01,14.0,14.214285714285714,Slow Moving
24286,585,22.99,13449.15,197.0,2.969543147208122,Slow Moving
24287,14,15.99,223.86,3.0,4.666666666666667,Slow Moving
24288,296,10.99,3253.04,20.0,14.8,Slow Moving
24289,1039,14.99,15574.61,53.0,19.60377358490566,Slow Moving
24290,340,12.99,4416.6,49.0,6.938775510204081,Slow Moving
24291,170,17.99,3058.2999999999997,128.0,1.328125,Normal
24292,259,10.99,2846.41,36.0,7.194444444444445,Slow Moving
24294,288,19.99,5757.12,134.0,2.1492537313432836,Slow Moving
24297,365,10.989999999999998,4011.3499999999995,59.0,6.186440677966102,Slow Moving
24299,386,8.99,3470.14,125.0,3.088,Slow Moving
24301,425,9.99,4245.75,33.0,12.878787878787879,Slow Moving
24303,996,7.489999999999999,7460.039999999999,81.0,12.296296296296296,Slow Moving
24304,19,13.99,265.81,0.0,inf,Dead Stock
24308,23,47.99,1103.77,16.0,1.4375,Normal
24309,18,22.99,413.82,0.0,inf,Dead Stock
24310,191,7.99,1526.0900000000001,140.0,1.3642857142857143,Normal
24311,71,87.99,6247.29,18.0,3.9444444444444446,Slow Moving
24312,72,99.99,7199.28,14.0,5.142857142857143,Slow Moving
24313,12,739.9900000000001,8879.880000000001,0.0,inf,Dead Stock
24314,28,43.99,1231.72,4.0,7.0,Slow Moving
24319,10,99.99,999.9,0.0,inf,Dead Stock
24322,10,49.99,499.90000000000003,5.0,2.0,Normal
24323,60,129.99,7799.400000000001,17.0,3.5294117647058822,Slow Moving
24325,6127,15.99,97970.73,1662.0,3.686522262334537,Slow Moving
24327,4496,18.99,85379.04,600.0,7.493333333333333,Slow Moving
24328,48,154.99,7439.52,0.0,inf,Dead Stock
24329,29,197.99,5741.71,0.0,inf,Dead Stock
24330,95,46.99,4464.05,18.0,5.277777777777778,Slow Moving
24331,36,60.99,2195.64,21.0,1.7142857142857142,Normal
24332,21,12.99,272.79,0.0,inf,Dead Stock
24334,8,12.99,103.92,12.0,0.6666666666666666,Normal
24335,157,13.99,2196.43,20.0,7.85,Slow Moving
24336,34,10.99,373.66,2.0,17.0,Slow Moving
24337,16,14.99,239.84,0.0,inf,Dead Stock
24346,15,37.99,569.85,1.0,15.0,Slow Moving
24347,98,14.99,1469.02,3.0,32.666666666666664,Slow Moving
24349,4,54.99,219.96,5.0,0.8,Normal
24353,24,24.99,599.76,4.0,6.0,Slow Moving
24357,221,17.99,3975.7899999999995,131.0,1.6870229007633588,Normal
24359,3,48.99,146.97,1.0,3.0,Slow Moving
24361,4,46.99,187.96,7.0,0.5714285714285714,Normal
24363,155,25.99,4028.45,1.0,155.0,Slow Moving
24364,1,24.99,24.99,2.0,0.5,Fast Moving
24365,16,24.99,399.84,3.0,5.333333333333333,Slow Moving
24366,5,19.99,99.94999999999999,3.0,1.6666666666666667,Normal
24367,8,19.99,159.92,0.0,inf,Dead Stock
24371,1,15.99,15.99,0.0,inf,Dead Stock
24377,0,4.99,0.0,88.0,0.0,Fast Moving
24385,4,305.99,1223.96,0.0,inf,Dead Stock
24386,1,28.99,28.99,13.0,0.07692307692307693,Fast Moving
24387,65,19.99,1299.35,14.0,4.642857142857143,Slow Moving
24388,122,19.99,2438.7799999999997,2.0,61.0,Slow Moving
24390,12,23.99,287.88,29.0,0.41379310344827586,Fast Moving
24392,16,35.99,575.84,16.0,1.0,Normal
24393,15,53.99,809.85,0.0,inf,Dead Stock
24396,16,188.99,3023.84,0.0,inf,Dead Stock
24398,358,16.99,6082.419999999999,90.0,3.977777777777778,Slow Moving
24404,402,11.99,4819.9800000000005,1.0,402.0,Slow Moving
24405,3,29.99,89.97,0.0,inf,Dead Stock
24406,23,22.99,528.77,19.0,1.2105263157894737,Normal
24408,149,9.99,1488.51,23.0,6.478260869565218,Slow Moving
24410,63,17.99,1133.37,5.0,12.6,Slow Moving
24411,16,39.99,639.84,3.0,5.333333333333333,Slow Moving
24415,14,29.99,419.85999999999996,4.0,3.5,Slow Moving
24416,133,12.99,1727.67,39.0,3.41025641025641,Slow Moving
24417,9,5.99,53.910000000000004,0.0,inf,Dead Stock
24418,124,13.99,1734.76,36.0,3.4444444444444446,Slow Moving
24419,2711,10.99,29793.89,982.0,2.7606924643584523,Slow Moving
24422,14,194.99,2729.86,0.0,inf,Dead Stock
24423,24,124.99,2999.7599999999998,0.0,inf,Dead Stock
24424,84,31.99,2687.16,2.0,42.0,Slow Moving
24425,35,49.99,1749.65,0.0,inf,Dead Stock
24426,80,49.99,3999.2000000000003,1.0,80.0,Slow Moving
24427,48,115.99,5567.5199999999995,0.0,inf,Dead Stock
24430,42,9.79,411.17999999999995,6.0,7.0,Slow Moving
24432,16,8.99,143.84,37.0,0.43243243243243246,Fast Moving
24439,41,15.99,655.59,0.0,inf,Dead Stock
24441,131,6.989999999999999,915.6899999999999,0.0,inf,Dead Stock
24442,201,6.99,1404.99,0.0,inf,Dead Stock
24447,21,13.99,293.79,0.0,inf,Dead Stock
24449,17,17.99,305.83,4.0,4.25,Slow Moving
24450,11,18.99,208.89,0.0,inf,Dead Stock
24451,234,24.99,5847.66,14.0,16.714285714285715,Slow Moving
24452,89,12.99,1156.1100000000001,21.0,4.238095238095238,Slow Moving
24453,655,22.99,15058.449999999999,301.0,2.176079734219269,Slow Moving
24454,38,22.99,873.6199999999999,25.0,1.52,Normal
24455,2943,16.98,49972.14,832.0,3.5372596153846154,Slow Moving
24456,1567,15.99,25056.33,458.0,3.421397379912664,Slow Moving
24458,134,38.99,5224.66,72.0,1.8611111111111112,Normal
24465,5,19.99,99.94999999999999,0.0,inf,Dead Stock
24470,1,18.99,18.99,1.0,1.0,Normal
24471,25,19.99,499.74999999999994,0.0,inf,Dead Stock
24473,3,49.99,149.97,2.0,1.5,Normal
24475,2,94.99,189.98,0.0,inf,Dead Stock
24476,6,9.99,59.94,12.0,0.5,Fast Moving
24483,40,54.99,2199.6,9.0,4.444444444444445,Slow Moving
24486,210,18.99,3987.8999999999996,11.0,19.09090909090909,Slow Moving
24487,21,27.99,587.79,0.0,inf,Dead Stock
24489,363,20.99,7619.369999999999,108.0,3.361111111111111,Slow Moving
24491,24,41.99,1007.76,0.0,inf,Dead Stock
24492,24,18.99,455.76,0.0,inf,Dead Stock
24493,660,26.99,17813.399999999998,499.0,1.3226452905811623,Normal
24494,16,9.99,159.84,12.0,1.3333333333333333,Normal
24495,9,34.99,314.91,4.0,2.25,Slow Moving
24497,388,11.99,4652.12,78.0,4.9743589743589745,Slow Moving
24498,207,24.99,5172.929999999999,50.0,4.14,Slow Moving
24503,362,69.99,25336.379999999997,50.0,7.24,Slow Moving
24510,42,15.99,671.58,0.0,inf,Dead Stock
24512,32,21.99,703.68,12.0,2.6666666666666665,Slow Moving
24513,43,11.99,515.57,12.0,3.5833333333333335,Slow Moving
24514,44,11.99,527.5600000000001,0.0,inf,Dead Stock
24515,156,6.79,1059.24,0.0,inf,Dead Stock
24518,7,17.99,125.92999999999999,0.0,inf,Dead Stock
24520,243,12.99,3156.57,26.0,9.346153846153847,Slow Moving
24525,12,21.99,263.88,0.0,inf,Dead Stock
24526,11,48.99,538.89,12.0,0.9166666666666666,Normal
24527,12,19.99,239.88,19.0,0.631578947368421,Normal
24528,5,23.99,119.94999999999999,15.0,0.3333333333333333,Fast Moving
24529,83,55.99,4647.17,3.0,27.666666666666668,Slow Moving
24530,65,62.99,4094.35,6.0,10.833333333333334,Slow Moving
24531,17,25.99,441.83,6.0,2.8333333333333335,Slow Moving
24532,27,27.99,755.7299999999999,1.0,27.0,Slow Moving
24533,6,29.99,179.94,3.0,2.0,Normal
24534,74,65.99,4883.259999999999,4.0,18.5,Slow Moving
24535,455,10.99,5000.45,0.0,inf,Dead Stock
24539,50,29.99,1499.5,1.0,50.0,Slow Moving
24540,134,21.99,2946.66,45.0,2.977777777777778,Slow Moving
24545,5,3.99,19.950000000000003,0.0,inf,Dead Stock
24546,345,3.9899999999999998,1376.55,32.0,10.78125,Slow Moving
24548,102,17.99,1834.9799999999998,0.0,inf,Dead Stock
24552,493,9.99,4925.07,411.0,1.1995133819951338,Normal
24553,1,467.99,467.99,0.0,inf,Dead Stock
24554,53,12.99,688.47,16.0,3.3125,Slow Moving
24557,25,12.99,324.75,36.0,0.6944444444444444,Normal
24558,5,6.79,33.95,101.0,0.04950495049504951,Fast Moving
24560,274,10.99,3011.26,6.0,45.666666666666664,Slow Moving
24561,23,15.99,367.77,0.0,inf,Dead Stock
24563,2,12.99,25.98,0.0,inf,Dead Stock
24564,151,14.99,2263.4900000000002,1.0,151.0,Slow Moving
24566,19,9.99,189.81,0.0,inf,Dead Stock
24567,245,13.99,3427.55,13.0,18.846153846153847,Slow Moving
24571,21,12.99,272.79,0.0,inf,Dead Stock
24572,16,49.99,799.84,3.0,5.333333333333333,Slow Moving
24573,14,11.99,167.86,0.0,inf,Dead Stock
24574,8,49.99,399.92,3.0,2.6666666666666665,Slow Moving
24576,163,34.99,5703.37,13.0,12.538461538461538,Slow Moving
24578,83,50.99,4232.17,7.0,11.857142857142858,Slow Moving
24579,223,14.99,3342.77,10.0,22.3,Slow Moving
24580,383,19.99,7656.169999999999,37.0,10.35135135135135,Slow Moving
24583,28,39.99,1119.72,0.0,inf,Dead Stock
24584,12,39.99,479.88,0.0,inf,Dead Stock
24585,66,22.99,1517.34,4.0,16.5,Slow Moving
24586,41,28.99,1188.59,0.0,inf,Dead Stock
24588,197,14.99,2953.03,25.0,7.88,Slow Moving
24589,53,12.99,688.47,1.0,53.0,Slow Moving
24590,42,6.99,293.58,0.0,inf,Dead Stock
24591,65,7.99,519.35,2.0,32.5,Slow Moving
24592,1351,7.99,10794.49,451.0,2.9955654101995566,Slow Moving
24593,383,19.99,7656.169999999999,60.0,6.383333333333334,Slow Moving
24594,203,14.99,3042.9700000000003,26.0,7.8076923076923075,Slow Moving
24596,31,21.99,681.6899999999999,0.0,inf,Dead Stock
24599,35,15.99,559.65,0.0,inf,Dead Stock
24602,26,18.99,493.73999999999995,3.0,8.666666666666666,Slow Moving
24603,89,29.99,2669.1099999999997,41.0,2.1707317073170733,Slow Moving
24604,470,7.99,3755.3,361.0,1.3019390581717452,Normal
24605,670,9.99,6693.3,434.0,1.543778801843318,Normal
24606,509,9.99,5084.91,724.0,0.7030386740331491,Normal
24612,1349,13.99,18872.510000000002,443.0,3.0451467268623027,Slow Moving
24615,46,39.99,1839.5400000000002,0.0,inf,Dead Stock
24621,175,12.99,2273.25,43.0,4.069767441860465,Slow Moving
24622,2,69.99,139.98,0.0,inf,Dead Stock
24627,33,15.99,527.67,0.0,inf,Dead Stock
24631,10,24.99,249.89999999999998,606.0,0.0165016501650165,Fast Moving
24634,1730,16.99,29392.699999999997,435.0,3.9770114942528734,Slow Moving
24642,12,9.99,119.88,0.0,inf,Dead Stock
24643,13,5.99,77.87,0.0,inf,Dead Stock
24645,54,19.99,1079.4599999999998,0.0,inf,Dead Stock
24647,67,299.99,20099.33,3.0,22.333333333333332,Slow Moving
24648,322,15.99,5148.78,271.0,1.188191881918819,Normal
24650,14,111.99,1567.86,29.0,0.4827586206896552,Fast Moving
24655,12,14.99,179.88,0.0,inf,Dead Stock
24658,3,59.99,179.97,1.0,3.0,Slow Moving
24662,439,19.99,8775.609999999999,22.0,19.954545454545453,Slow Moving
24663,212,15.99,3389.88,6.0,35.333333333333336,Slow Moving
24664,8,9.99,79.92,498.0,0.01606425702811245,Fast Moving
24668,12,59.99,719.88,7.0,1.7142857142857142,Normal
24669,30,59.99,1799.7,0.0,inf,Dead Stock
24670,9,69.99,629.91,6.0,1.5,Normal
24671,19,13.99,265.81,5.0,3.8,Slow Moving
24672,103,15.99,1646.97,49.0,2.1020408163265305,Slow Moving
24673,449,15.989999999999998,7179.509999999999,338.0,1.3284023668639053,Normal
24678,247,14.99,3702.53,0.0,inf,Dead Stock
24684,115,22.99,2643.85,14.0,8.214285714285714,Slow Moving
24686,63,7.989999999999999,503.36999999999995,766.0,0.08224543080939947,Fast Moving
24694,6,12.99,77.94,2.0,3.0,Slow Moving
24696,5,149.99,749.95,1.0,5.0,Slow Moving
24697,329,10.99,3615.71,0.0,inf,Dead Stock
24699,256,45.99,11773.44,16.0,16.0,Slow Moving
24700,97,12.99,1260.03,17.0,5.705882352941177,Slow Moving
24701,17,14.99,254.83,12.0,1.4166666666666667,Normal
24703,142,30.989999999999995,4400.579999999999,37.0,3.8378378378378377,Slow Moving
24704,165,10.99,1813.3500000000001,12.0,13.75,Slow Moving
24705,154,14.990000000000002,2308.4600000000005,26.0,5.923076923076923,Slow Moving
24706,147,20.99,3085.5299999999997,5.0,29.4,Slow Moving
24710,24,19.99,479.76,0.0,inf,Dead Stock
24712,20,18.99,379.79999999999995,0.0,inf,Dead Stock
24714,63,11.99,755.37,0.0,inf,Dead Stock
24717,10,11.99,119.9,12.0,0.8333333333333334,Normal
24720,8,27.99,223.92,7.0,1.1428571428571428,Normal
24722,19,28.99,550.81,7.0,2.7142857142857144,Slow Moving
24723,13,59.99,779.87,2.0,6.5,Slow Moving
24724,9,36.99,332.91,4.0,2.25,Slow Moving
24725,25,62.989999999999995,1574.7499999999998,5.0,5.0,Slow Moving
24727,5,52.99,264.95,34.0,0.14705882352941177,Fast Moving
24728,11,21.99,241.89,27.0,0.4074074074074074,Fast Moving
24731,2,59.99,119.98,6.0,0.3333333333333333,Fast Moving
24732,2,62.99,125.98,4.0,0.5,Fast Moving
24736,133,39.99,5318.67,23.0,5.782608695652174,Slow Moving
24752,0,9.49,0.0,24.0,0.0,Fast Moving
24753,582,11.989999999999998,6978.179999999999,0.0,inf,Dead Stock
24755,111,11.99,1330.89,336.0,0.33035714285714285,Fast Moving
24757,38,40.99,1557.6200000000001,23.0,1.6521739130434783,Normal
24759,72,12.79,920.8799999999999,25.0,2.88,Slow Moving
24763,0,11.99,0.0,0.0,inf,Dead Stock
24769,8,29.99,239.92,0.0,inf,Dead Stock
24771,219,13.99,3063.81,296.0,0.7398648648648649,Normal
24772,329,12.99,4273.71,184.0,1.7880434782608696,Normal
24773,23,8.99,206.77,0.0,inf,Dead Stock
24774,149,12.99,1935.51,21.0,7.095238095238095,Slow Moving
24775,135,12.99,1753.65,30.0,4.5,Slow Moving
24776,10,25.99,259.9,0.0,inf,Dead Stock
24777,73,12.99,948.27,0.0,inf,Dead Stock
24778,304,21.99,6684.959999999999,107.0,2.8411214953271027,Slow Moving
24779,911,9.99,9100.89,616.0,1.478896103896104,Normal
24782,361,15.99,5772.39,83.0,4.349397590361446,Slow Moving
24783,24,19.49,467.76,0.0,inf,Dead Stock
24786,12,249.99,2999.88,39.0,0.3076923076923077,Fast Moving
24787,445,19.99,8895.55,61.0,7.295081967213115,Slow Moving
24788,425,15.99,6795.75,314.0,1.3535031847133758,Normal
24789,252,18.99,4785.48,0.0,inf,Dead Stock
24790,3,168.99,506.97,1.0,3.0,Slow Moving
24798,130,13.99,1818.7,46.0,2.8260869565217392,Slow Moving
24799,219,13.99,3063.81,26.0,8.423076923076923,Slow Moving
24800,69,15.99,1103.31,0.0,inf,Dead Stock
24804,37,81.99,3033.6299999999997,0.0,inf,Dead Stock
24805,1021,10.99,11220.79,1077.0,0.9480037140204272,Normal
24812,12,12.99,155.88,36.0,0.3333333333333333,Fast Moving
24817,142,17.99,2554.58,33.0,4.303030303030303,Slow Moving
24818,21,24.99,524.79,0.0,inf,Dead Stock
24819,32,74.99,2399.68,3.0,10.666666666666666,Slow Moving
24820,1,14.99,14.99,0.0,inf,Dead Stock
24825,5,79.99,399.95,3.0,1.6666666666666667,Normal
24826,91,199.99,18199.09,0.0,inf,Dead Stock
24827,14,399.99,5599.860000000001,0.0,inf,Dead Stock
24829,4119,11.99,49386.81,2278.0,1.808165057067603,Normal
24837,509,4.99,2539.9100000000003,468.0,1.0876068376068375,Normal
24840,2072,15.989999999999998,33131.28,730.0,2.8383561643835615,Slow Moving
24841,278,7.99,2221.2200000000003,0.0,inf,Dead Stock
24842,709,5.99,4246.91,225.0,3.151111111111111,Slow Moving
24844,198,8.99,1780.02,0.0,inf,Dead Stock
24845,265,8.99,2382.35,0.0,inf,Dead Stock
24846,855,18.99,16236.449999999999,272.0,3.1433823529411766,Slow Moving
24847,235,8.99,2112.65,0.0,inf,Dead Stock
24853,7,18.99,132.92999999999998,0.0,inf,Dead Stock
24854,36,16.99,611.64,0.0,inf,Dead Stock
24857,118,12.99,1532.82,3.0,39.333333333333336,Slow Moving
24858,53,14.99,794.47,116.0,0.45689655172413796,Fast Moving
24860,98,54.99,5389.02,2.0,49.0,Slow Moving
24863,18,23.99,431.82,54.0,0.3333333333333333,Fast Moving
24866,93,15.99,1487.07,0.0,inf,Dead Stock
24868,117,10.99,1285.83,16.0,7.3125,Slow Moving
24872,39,57.99,2261.61,1.0,39.0,Slow Moving
24873,12,9.99,119.88,0.0,inf,Dead Stock
24874,172,11.990000000000002,2062.28,113.0,1.5221238938053097,Normal
24875,2289,6.99,16000.11,2007.0,1.14050822122571,Normal
24876,103,19.990000000000002,2058.9700000000003,31.0,3.3225806451612905,Slow Moving
24878,17,40.99,696.83,1.0,17.0,Slow Moving
24881,225,11.99,2697.75,5.0,45.0,Slow Moving
24882,62,2.99,185.38000000000002,133.0,0.46616541353383456,Fast Moving
24883,14,17.99,251.85999999999999,1.0,14.0,Slow Moving
24885,14,13.99,195.86,1.0,14.0,Slow Moving
24887,255,9.99,2547.4500000000003,0.0,inf,Dead Stock
24888,3,419.99,1259.97,2.0,1.5,Normal
24896,17,44.99,764.83,0.0,inf,Dead Stock
24897,131,24.99,3273.6899999999996,20.0,6.55,Slow Moving
24907,1175,10.99,12913.25,580.0,2.0258620689655173,Slow Moving
24921,233,15.49,3609.17,3.0,77.66666666666667,Slow Moving
24922,215,15.49,3330.35,5.0,43.0,Slow Moving
24923,11,134.99,1484.89,0.0,inf,Dead Stock
24924,44,77.49,3409.56,1.0,44.0,Slow Moving
24928,4,8.99,35.96,290.0,0.013793103448275862,Fast Moving
24929,93,23.99,2231.0699999999997,34.0,2.735294117647059,Slow Moving
24930,58,42.99,2493.42,7.0,8.285714285714286,Slow Moving
24932,12,10.99,131.88,0.0,inf,Dead Stock
24934,107,14.989999999999998,1603.9299999999998,0.0,inf,Dead Stock
24937,186,17.49,3253.14,21.0,8.857142857142858,Slow Moving
24938,200,15.99,3198.0,17.0,11.764705882352942,Slow Moving
24939,205,18.99,3892.95,7.0,29.285714285714285,Slow Moving
24942,1,53.49,53.49,0.0,inf,Dead Stock
24944,4,17.99,71.96,0.0,inf,Dead Stock
24951,13,8.79,114.26999999999998,0.0,inf,Dead Stock
24952,88,8.79,773.52,12.0,7.333333333333333,Slow Moving
24953,922,10.99,10132.78,0.0,inf,Dead Stock
24955,12,7.29,87.48,0.0,inf,Dead Stock
24963,11,21.99,241.89,29.0,0.3793103448275862,Fast Moving
24964,19,39.99,759.8100000000001,4.0,4.75,Slow Moving
24965,12,34.99,419.88,0.0,inf,Dead Stock
24967,76,11.99,911.24,81.0,0.9382716049382716,Normal
24970,17,8.99,152.83,4.0,4.25,Slow Moving
24971,368,11.99,4412.32,114.0,3.2280701754385963,Slow Moving
24975,0,17.99,0.0,88.0,0.0,Fast Moving
24981,4,23.99,95.96,0.0,inf,Dead Stock
24982,6,28.99,173.94,0.0,inf,Dead Stock
24985,8,8.99,71.92,0.0,inf,Dead Stock
24987,117,39.99,4678.83,0.0,inf,Dead Stock
24990,3,69.99,209.96999999999997,0.0,inf,Dead Stock
24992,85,54.99,4674.150000000001,31.0,2.7419354838709675,Slow Moving
24993,36,18.99,683.64,31.0,1.1612903225806452,Normal
24994,35,25.99,909.65,2.0,17.5,Slow Moving
24996,876,9.99,8751.24,0.0,inf,Dead Stock
24997,20,28.99,579.8,16.0,1.25,Normal
24998,22,18.99,417.78,13.0,1.6923076923076923,Normal
24999,20,26.99,539.8,28.0,0.7142857142857143,Normal
25002,17,39.99,679.83,3.0,5.666666666666667,Slow Moving
25003,30,47.99,1439.7,16.0,1.875,Normal
25004,89,21.99,1957.11,5.0,17.8,Slow Moving
25005,174,17.99,3130.2599999999998,77.0,2.25974025974026,Slow Moving
25006,5,14.99,74.95,11.0,0.45454545454545453,Fast Moving
25007,29,54.989999999999995,1594.7099999999998,2.0,14.5,Slow Moving
25009,28,79.99,2239.72,11.0,2.5454545454545454,Slow Moving
25011,3,38.99,116.97,10.0,0.3,Fast Moving
25014,19,24.99,474.80999999999995,14.0,1.3571428571428572,Normal
25015,12,29.99,359.88,9.0,1.3333333333333333,Normal
25017,20,11.99,239.8,21.0,0.9523809523809523,Normal
25018,35,29.99,1049.6499999999999,9.0,3.888888888888889,Slow Moving
25020,37,23.99,887.63,9.0,4.111111111111111,Slow Moving
25021,828,10.99,9099.72,600.0,1.38,Normal
25030,18,249.99,4499.82,0.0,inf,Dead Stock
25036,1557,10.99,17111.43,426.0,3.6549295774647885,Slow Moving
25039,251,9.99,2507.4900000000002,284.0,0.8838028169014085,Normal
25043,160,8.99,1438.4,72.0,2.2222222222222223,Slow Moving
25046,867,8.99,7794.33,508.0,1.7066929133858268,Normal
25054,5,139.99,699.95,1.0,5.0,Slow Moving
25055,5,179.99,899.95,2.0,2.5,Slow Moving
25056,6,99.99,599.9399999999999,1.0,6.0,Slow Moving
25057,11,32.99,362.89000000000004,6.0,1.8333333333333333,Normal
25058,9,28.99,260.90999999999997,3.0,3.0,Slow Moving
25060,23,48.99,1126.77,0.0,inf,Dead Stock
25061,5,59.99,299.95,8.0,0.625,Normal
25062,23,48.99,1126.77,5.0,4.6,Slow Moving
25063,2,39.99,79.98,3.0,0.6666666666666666,Normal
25066,4,44.99,179.96,1.0,4.0,Slow Moving
25067,3,59.99,179.97,2.0,1.5,Normal
25069,26,29.99,779.74,4.0,6.5,Slow Moving
25070,15,34.99,524.85,5.0,3.0,Slow Moving
25071,9,52.99,476.91,0.0,inf,Dead Stock
25072,7,54.99,384.93,0.0,inf,Dead Stock
25076,12,34.99,419.88,2.0,6.0,Slow Moving
25077,7,29.99,209.92999999999998,6.0,1.1666666666666667,Normal
25082,16,21.99,351.84,6.0,2.6666666666666665,Slow Moving
25083,9,25.99,233.91,3.0,3.0,Slow Moving
25084,60,26.99,1619.3999999999999,5.0,12.0,Slow Moving
25085,9,29.99,269.90999999999997,2.0,4.5,Slow Moving
25086,9,35.99,323.91,2.0,4.5,Slow Moving
25090,11,21.99,241.89,16.0,0.6875,Normal
25091,12,31.99,383.88,0.0,inf,Dead Stock
25105,72,46.99,3383.28,6.0,12.0,Slow Moving
25106,8,36.99,295.92,3.0,2.6666666666666665,Slow Moving
25107,18,41.99,755.82,2.0,9.0,Slow Moving
25109,281,10.989999999999998,3088.1899999999996,0.0,inf,Dead Stock
25113,138,36.99,5104.62,0.0,inf,Dead Stock
25117,14,19.99,279.85999999999996,0.0,inf,Dead Stock
25118,20,14.99,299.8,0.0,inf,Dead Stock
25120,13,14.99,194.87,12.0,1.0833333333333333,Normal
25122,36,17.99,647.64,19.0,1.894736842105263,Normal
25124,29,10.99,318.71,0.0,inf,Dead Stock
25125,481,12.49,6007.6900000000005,74.0,6.5,Slow Moving
25126,467,9.99,4665.33,69.0,6.768115942028985,Slow Moving
25130,9,29.99,269.90999999999997,8.0,1.125,Normal
25133,14,6.99,97.86,0.0,inf,Dead Stock
25137,34,17.99,611.66,6.0,5.666666666666667,Slow Moving
25138,728,19.99,14552.72,0.0,inf,Dead Stock
25139,11,19.99,219.89,5.0,2.2,Slow Moving
25140,14,24.99,349.85999999999996,10.0,1.4,Normal
25141,372,15.99,5948.28,128.0,2.90625,Slow Moving
25143,9,59.99,539.91,0.0,inf,Dead Stock
25145,32,34.99,1119.68,1.0,32.0,Slow Moving
25146,99,4.99,494.01000000000005,22.0,4.5,Slow Moving
25147,390,13.99,5456.1,0.0,inf,Dead Stock
25148,22,17.99,395.78,0.0,inf,Dead Stock
25150,21,17.99,377.78999999999996,0.0,inf,Dead Stock
25151,18,10.99,197.82,0.0,inf,Dead Stock
25153,24,3.99,95.76,0.0,inf,Dead Stock
25154,72,24.99,1799.28,12.0,6.0,Slow Moving
25156,60,49.99,2999.4,2.0,30.0,Slow Moving
25157,238,14.99,3567.62,46.0,5.173913043478261,Slow Moving
25158,300,14.990000000000002,4497.000000000001,74.0,4.054054054054054,Slow Moving
25159,79,11.99,947.21,22.0,3.590909090909091,Slow Moving
25160,189,11.99,2266.11,10.0,18.9,Slow Moving
25161,138,11.99,1654.6200000000001,23.0,6.0,Slow Moving
25162,72,49.99,3599.28,17.0,4.235294117647059,Slow Moving
25176,24,5.29,126.96000000000001,0.0,inf,Dead Stock
25177,5,32.99,164.95000000000002,0.0,inf,Dead Stock
25179,5,195.99,979.95,0.0,inf,Dead Stock
25181,10,95.99,959.9,16.0,0.625,Normal
25183,34,38.99,1325.66,6.0,5.666666666666667,Slow Moving
25184,38,24.99,949.6199999999999,5.0,7.6,Slow Moving
25185,114,15.990000000000002,1822.8600000000001,15.0,7.6,Slow Moving
25187,7,10.99,76.93,99.0,0.0707070707070707,Fast Moving
25190,59,35.99,2123.4100000000003,16.0,3.6875,Slow Moving
25191,61,10.99,670.39,1.0,61.0,Slow Moving
25192,34,74.99,2549.66,0.0,inf,Dead Stock
25194,32,16.99,543.68,23.0,1.391304347826087,Normal
25195,9,109.99,989.91,0.0,inf,Dead Stock
25196,133,27.99,3722.6699999999996,0.0,inf,Dead Stock
25197,5,149.99,749.95,198.0,0.025252525252525252,Fast Moving
25198,145,26.99,3913.5499999999997,16.0,9.0625,Slow Moving
25199,227,14.99,3402.73,9.0,25.22222222222222,Slow Moving
25200,351,14.989999999999998,5261.49,40.0,8.775,Slow Moving
25201,0,18.99,0.0,92.0,0.0,Fast Moving
25202,12,11.99,143.88,0.0,inf,Dead Stock
25203,79,12.99,1026.21,16.0,4.9375,Slow Moving
25204,47,24.99,1174.53,55.0,0.8545454545454545,Normal
25206,2,89.99,179.98,1.0,2.0,Normal
25210,316,19.99,6316.839999999999,2.0,158.0,Slow Moving
25212,497,10.99,5462.03,0.0,inf,Dead Stock
25216,27,7.489999999999999,202.23,0.0,inf,Dead Stock
25220,26,14.99,389.74,0.0,inf,Dead Stock
25224,23,15.99,367.77,0.0,inf,Dead Stock
25225,2,144.99,289.98,0.0,inf,Dead Stock
25226,52,42.99,2235.48,0.0,inf,Dead Stock
25228,34,28.99,985.66,0.0,inf,Dead Stock
25229,57,28.99,1652.4299999999998,0.0,inf,Dead Stock
25236,323,17.99,5810.7699999999995,1.0,323.0,Slow Moving
25244,17,10.99,186.83,0.0,inf,Dead Stock
25246,18,10.99,197.82,0.0,inf,Dead Stock
25252,40,29.99,1199.6,5.0,8.0,Slow Moving
25253,2,15.99,31.98,37.0,0.05405405405405406,Fast Moving
25254,127,12.99,1649.73,23.0,5.521739130434782,Slow Moving
25255,99,18.99,1880.0099999999998,23.0,4.304347826086956,Slow Moving
25256,29,16.99,492.71,38.0,0.7631578947368421,Normal
25257,65,31.99,2079.35,7.0,9.285714285714286,Slow Moving
25258,21,12.99,272.79,35.0,0.6,Normal
25259,6,10.99,65.94,35.0,0.17142857142857143,Fast Moving
25260,72,7.99,575.28,149.0,0.48322147651006714,Fast Moving
25262,137,14.990000000000002,2053.63,0.0,inf,Dead Stock
25264,36,32.99,1187.64,86.0,0.4186046511627907,Fast Moving
25265,9,42.99,386.91,8.0,1.125,Normal
25268,38,12.99,493.62,0.0,inf,Dead Stock
25269,2369,8.99,21297.31,2388.0,0.9920435510887772,Normal
25270,39,3.79,147.81,0.0,inf,Dead Stock
25273,22,14.99,329.78000000000003,0.0,inf,Dead Stock
25275,11,11.99,131.89000000000001,0.0,inf,Dead Stock
25279,10,124.99,1249.8999999999999,4.0,2.5,Slow Moving
25281,366,18.99,6950.339999999999,66.0,5.545454545454546,Slow Moving
25282,283,18.99,5374.169999999999,48.0,5.895833333333333,Slow Moving
25283,70,24.99,1749.3,25.0,2.8,Slow Moving
25284,71,34.99,2484.29,0.0,inf,Dead Stock
25285,371,18.99,7045.289999999999,39.0,9.512820512820513,Slow Moving
25286,219,18.99,4158.8099999999995,87.0,2.5172413793103448,Slow Moving
25287,12,28.99,347.88,16.0,0.75,Normal
25288,10,79.99,799.9,0.0,inf,Dead Stock
25289,399,6.99,2789.01,0.0,inf,Dead Stock
25290,137,9.99,1368.63,0.0,inf,Dead Stock
25291,1144,17.99,20580.559999999998,0.0,inf,Dead Stock
25293,10,19.99,199.89999999999998,0.0,inf,Dead Stock
25301,14,16.99,237.85999999999999,0.0,inf,Dead Stock
25302,23,16.99,390.77,0.0,inf,Dead Stock
25304,20,34.99,699.8000000000001,0.0,inf,Dead Stock
25305,14,24.99,349.85999999999996,0.0,inf,Dead Stock
25306,23,34.99,804.7700000000001,0.0,inf,Dead Stock
25310,23,14.99,344.77,0.0,inf,Dead Stock
25317,20,49.99,999.8000000000001,0.0,inf,Dead Stock
25319,42,12.99,545.58,9.0,4.666666666666667,Slow Moving
25321,21,6.49,136.29,0.0,inf,Dead Stock
25324,21,37.99,797.7900000000001,0.0,inf,Dead Stock
25325,11,36.99,406.89000000000004,0.0,inf,Dead Stock
25327,7,24.99,174.92999999999998,0.0,inf,Dead Stock
25333,24,8.99,215.76,0.0,inf,Dead Stock
25334,24,9.99,239.76,0.0,inf,Dead Stock
25335,38,65.99,2507.62,3.0,12.666666666666666,Slow Moving
25337,41,16.99,696.5899999999999,97.0,0.422680412371134,Fast Moving
25339,18,34.99,629.82,30.0,0.6,Normal
25340,29,24.99,724.7099999999999,28.0,1.0357142857142858,Normal
25341,12,279.99,3359.88,1.0,12.0,Slow Moving
25349,35,14.99,524.65,0.0,inf,Dead Stock
25352,372,6.79,2525.88,0.0,inf,Dead Stock
25353,64,13.99,895.36,3.0,21.333333333333332,Slow Moving
25354,44,19.99,879.56,0.0,inf,Dead Stock
25355,22,21.99,483.78,0.0,inf,Dead Stock
25356,10,21.99,219.89999999999998,0.0,inf,Dead Stock
25357,13,21.99,285.87,0.0,inf,Dead Stock
25358,12,61.99,743.88,0.0,inf,Dead Stock
25360,1,79.99,79.99,0.0,inf,Dead Stock
25361,13,19.99,259.87,0.0,inf,Dead Stock
25365,6,38.99,233.94,0.0,inf,Dead Stock
25367,5,38.99,194.95000000000002,0.0,inf,Dead Stock
25371,14,9.99,139.86,0.0,inf,Dead Stock
25373,523,12.99,6793.77,418.0,1.2511961722488039,Normal
25375,188,9.99,1878.1200000000001,101.0,1.8613861386138615,Normal
25376,1,16.99,16.99,3.0,0.3333333333333333,Fast Moving
25381,1,16.99,16.99,13.0,0.07692307692307693,Fast Moving
25382,138,17.99,2482.62,58.0,2.3793103448275863,Slow Moving
25383,24,18.99,455.76,17.0,1.411764705882353,Normal
25386,65,49.99,3249.35,29.0,2.2413793103448274,Slow Moving
25389,12,14.99,179.88,0.0,inf,Dead Stock
25406,12,16.99,203.88,0.0,inf,Dead Stock
25411,17,16.99,288.83,7.0,2.4285714285714284,Slow Moving
25415,19,15.99,303.81,26.0,0.7307692307692307,Normal
25416,347,39.99,13876.53,11.0,31.545454545454547,Slow Moving
25417,164,21.990000000000002,3606.36,53.0,3.0943396226415096,Slow Moving
25418,129,5.99,772.71,57.0,2.263157894736842,Slow Moving
25419,494,15.99,7899.06,231.0,2.1385281385281387,Slow Moving
25421,9,87.99,791.91,6.0,1.5,Normal
25423,2,220.99,441.98,2.0,1.0,Normal
25426,267,19.99,5337.33,4.0,66.75,Slow Moving
25427,28,41.99,1175.72,24.0,1.1666666666666667,Normal
25430,9,7.99,71.91,0.0,inf,Dead Stock
25431,12,10.99,131.88,0.0,inf,Dead Stock
25444,31,40.99,1270.69,7.0,4.428571428571429,Slow Moving
25445,168,19.99,3358.3199999999997,1.0,168.0,Slow Moving
25448,1,109.99,109.99,0.0,inf,Dead Stock
25449,3,349.99,1049.97,0.0,inf,Dead Stock
25458,19,22.99,436.80999999999995,2.0,9.5,Slow Moving
25459,29,32.99,956.71,1.0,29.0,Slow Moving
25465,93,59.99,5579.070000000001,36.0,2.5833333333333335,Slow Moving
25466,45,11.99,539.55,0.0,inf,Dead Stock
25468,21,16.99,356.78999999999996,0.0,inf,Dead Stock
25478,23,17.99,413.77,0.0,inf,Dead Stock
25480,291,26.990000000000002,7854.09,0.0,inf,Dead Stock
25481,7,36.99,258.93,0.0,inf,Dead Stock
25484,4,17.99,71.96,146.0,0.0273972602739726,Fast Moving
25493,23,15.99,367.77,0.0,inf,Dead Stock
25494,6,9.99,59.94,0.0,inf,Dead Stock
25496,1,17.99,17.99,92.0,0.010869565217391304,Fast Moving
25502,109,24.99,2723.91,0.0,inf,Dead Stock
25503,73,24.99,1824.27,0.0,inf,Dead Stock
25505,188,9.99,1878.1200000000001,0.0,inf,Dead Stock
25506,188,7.99,1502.1200000000001,0.0,inf,Dead Stock
25507,131,11.99,1570.69,0.0,inf,Dead Stock
25508,1610,17.99,28963.899999999998,0.0,inf,Dead Stock
25510,205,18.99,3892.95,0.0,inf,Dead Stock
25511,1691,17.99,30421.089999999997,0.0,inf,Dead Stock
25512,36,45.99,1655.64,8.0,4.5,Slow Moving
25513,26,19.99,519.74,2.0,13.0,Slow Moving
25514,114,55.989999999999995,6382.86,34.0,3.3529411764705883,Slow Moving
25517,7,9.49,66.43,0.0,inf,Dead Stock
25519,1,12.99,12.99,0.0,inf,Dead Stock
25520,570,11.99,6834.3,0.0,inf,Dead Stock
25521,453,14.99,6790.47,0.0,inf,Dead Stock
25522,884,5.99,5295.16,608.0,1.4539473684210527,Normal
25524,384,14.99,5756.16,0.0,inf,Dead Stock
25526,3,18.99,56.97,0.0,inf,Dead Stock
25527,10,149.99,1499.9,0.0,inf,Dead Stock
25528,14,119.99,1679.86,1.0,14.0,Slow Moving
25531,285,20.99,5982.15,121.0,2.355371900826446,Slow Moving
25535,137,18.99,2601.6299999999997,7.0,19.571428571428573,Slow Moving
25537,870,16.99,14781.3,9.0,96.66666666666667,Slow Moving
25538,326,11.99,3908.7400000000002,0.0,inf,Dead Stock
25539,55,9.99,549.45,0.0,inf,Dead Stock
25540,88,13.99,1231.1200000000001,0.0,inf,Dead Stock
25541,4,5.99,23.96,0.0,inf,Dead Stock
25542,19,19.99,379.80999999999995,0.0,inf,Dead Stock
25544,364,11.99,4364.36,3.0,121.33333333333333,Slow Moving
25545,6,29.99,179.94,0.0,inf,Dead Stock
25548,51,14.99,764.49,0.0,inf,Dead Stock
25550,32,9.99,319.68,0.0,inf,Dead Stock
25553,22,71.99,1583.78,0.0,inf,Dead Stock
25554,280,7.990000000000001,2237.2000000000003,0.0,inf,Dead Stock
25555,129,39.99,5158.71,0.0,inf,Dead Stock
25557,308,14.99,4616.92,36.0,8.555555555555555,Slow Moving
25559,42,4.99,209.58,0.0,inf,Dead Stock
25560,7,8.49,59.43,0.0,inf,Dead Stock
25562,48,69.99,3359.5199999999995,9.0,5.333333333333333,Slow Moving
25563,9,32.99,296.91,17.0,0.5294117647058824,Normal
25565,318,3.99,1268.8200000000002,0.0,inf,Dead Stock
25566,1389,12.99,18043.11,0.0,inf,Dead Stock
25567,1058,37.99,40193.420000000006,0.0,inf,Dead Stock
25568,2,7.99,15.98,0.0,inf,Dead Stock
25569,417,15.990000000000002,6667.830000000001,0.0,inf,Dead Stock
25570,53,6.99,370.47,0.0,inf,Dead Stock
25572,926,14.990000000000002,13880.740000000002,0.0,inf,Dead Stock
25573,231,11.99,2769.69,0.0,inf,Dead Stock
25574,1326,11.99,15898.74,0.0,inf,Dead Stock
25575,1106,15.99,17684.94,0.0,inf,Dead Stock
25576,1099,13.99,15375.01,0.0,inf,Dead Stock
25578,993,12.99,12899.07,0.0,inf,Dead Stock
25581,542,7.99,4330.58,100.0,5.42,Slow Moving
25584,6,10.99,65.94,0.0,inf,Dead Stock
25585,9,28.99,260.90999999999997,0.0,inf,Dead Stock
25587,12,7.989999999999999,95.88,0.0,inf,Dead Stock
25588,2,13.99,27.98,3.0,0.6666666666666666,Normal
25589,251,9.99,2507.4900000000002,0.0,inf,Dead Stock
25590,110,8.99,988.9,0.0,inf,Dead Stock
25591,6,36.49,218.94,0.0,inf,Dead Stock
25592,114,9.99,1138.8600000000001,0.0,inf,Dead Stock
25593,21,21.99,461.78999999999996,0.0,inf,Dead Stock
25594,201,21.990000000000002,4419.990000000001,1.0,201.0,Slow Moving
25596,5,19.99,99.94999999999999,0.0,inf,Dead Stock
25597,12,19.99,239.88,0.0,inf,Dead Stock
25602,20,189.99,3799.8,0.0,inf,Dead Stock
25603,417,17.99,7501.829999999999,226.0,1.845132743362832,Normal
25604,9,94.99,854.91,0.0,inf,Dead Stock
25605,9,34.99,314.91,0.0,inf,Dead Stock
25606,19,18.99,360.80999999999995,0.0,inf,Dead Stock
25607,14,54.99,769.86,0.0,inf,Dead Stock
25609,62,18.99,1177.3799999999999,46.0,1.3478260869565217,Normal
25614,10,24.99,249.89999999999998,0.0,inf,Dead Stock
25618,58,23.49,1362.4199999999998,0.0,inf,Dead Stock
25621,106,8.99,952.94,69.0,1.536231884057971,Normal
25622,177,8.99,1591.23,151.0,1.1721854304635762,Normal
25623,106,8.99,952.94,54.0,1.962962962962963,Normal
25625,205,15.99,3277.95,0.0,inf,Dead Stock
25628,17,14.99,254.83,0.0,inf,Dead Stock
25629,3,17.99,53.97,0.0,inf,Dead Stock
25630,511,29.99,15324.89,0.0,inf,Dead Stock
25637,103,39.99,4118.97,0.0,inf,Dead Stock
25638,92,32.99,3035.0800000000004,0.0,inf,Dead Stock
25640,0,8.49,0.0,0.0,inf,Dead Stock
25643,172,14.99,2578.28,36.0,4.777777777777778,Slow Moving
25645,256,9.49,2429.44,0.0,inf,Dead Stock
25647,337,18.99,6399.629999999999,67.0,5.029850746268656,Slow Moving
25649,866,9.99,8651.34,571.0,1.5166374781085814,Normal
25650,611,10.99,6714.89,0.0,inf,Dead Stock
25651,35,13.99,489.65000000000003,0.0,inf,Dead Stock
25652,187,13.99,2616.13,3.0,62.333333333333336,Slow Moving
25653,37,29.99,1109.6299999999999,1.0,37.0,Slow Moving
25656,219,9.99,2187.81,0.0,inf,Dead Stock
25676,93,23.99,2231.0699999999997,0.0,inf,Dead Stock
25678,276,13.989999999999998,3861.24,0.0,inf,Dead Stock
25684,83,7.99,663.1700000000001,0.0,inf,Dead Stock
25689,12,8.99,107.88,157.0,0.07643312101910828,Fast Moving
25692,378,9.99,3776.2200000000003,0.0,inf,Dead Stock
25693,347,16.99,5895.53,0.0,inf,Dead Stock
25694,7,9.99,69.93,0.0,inf,Dead Stock
25696,94,19.99,1879.06,27.0,3.4814814814814814,Slow Moving
25697,77,69.99,5389.23,0.0,inf,Dead Stock
25699,1475,19.99,29485.249999999996,0.0,inf,Dead Stock
25700,8,59.99,479.92,0.0,inf,Dead Stock
25703,632,11.990000000000002,7577.680000000001,118.0,5.3559322033898304,Slow Moving
25704,693,12.989999999999998,9002.07,103.0,6.728155339805825,Slow Moving
25705,6,19.99,119.94,0.0,inf,Dead Stock
25707,21,39.99,839.7900000000001,5.0,4.2,Slow Moving
25708,163,36.99,6029.37,33.0,4.9393939393939394,Slow Moving
25709,1975,15.99,31580.25,0.0,inf,Dead Stock
25710,1,6.49,6.49,0.0,inf,Dead Stock
25711,485,15.99,7755.150000000001,337.0,1.4391691394658754,Normal
25714,234,69.99,16377.659999999998,47.0,4.9787234042553195,Slow Moving
25715,143,29.99,4288.57,20.0,7.15,Slow Moving
25716,633,39.99,25313.670000000002,76.0,8.328947368421053,Slow Moving
25718,3,749.99,2249.9700000000003,0.0,inf,Dead Stock
25723,557,9.99,5564.43,0.0,inf,Dead Stock
25724,13,9.49,123.37,0.0,inf,Dead Stock
25725,478,9.99,4775.22,0.0,inf,Dead Stock
25727,14,174.99,2449.86,1.0,14.0,Slow Moving
25728,189,62.99,11905.11,0.0,inf,Dead Stock
25729,129,29.99,3868.7099999999996,0.0,inf,Dead Stock
25730,169,29.989999999999995,5068.3099999999995,0.0,inf,Dead Stock
25731,84,22.99,1931.1599999999999,0.0,inf,Dead Stock
25732,224,33.99,7613.76,0.0,inf,Dead Stock
25733,110,46.99,5168.900000000001,0.0,inf,Dead Stock
25735,385,11.99,4616.15,0.0,inf,Dead Stock
25736,117,7.989999999999999,934.8299999999999,0.0,inf,Dead Stock
25737,71,17.99,1277.29,0.0,inf,Dead Stock
25738,113,37.99,4292.87,0.0,inf,Dead Stock
25739,400,7.99,3196.0,0.0,inf,Dead Stock
25740,6,12.79,76.74,0.0,inf,Dead Stock
25742,12,11.99,143.88,0.0,inf,Dead Stock
25747,12,7.49,89.88,0.0,inf,Dead Stock
25749,3,18.99,56.97,0.0,inf,Dead Stock
25750,10,7.99,79.9,0.0,inf,Dead Stock
25753,446,7.99,3563.54,0.0,inf,Dead Stock
25754,455,7.99,3635.4500000000003,0.0,inf,Dead Stock
25757,1498,17.99,26949.019999999997,0.0,inf,Dead Stock
25758,20,16.49,329.79999999999995,0.0,inf,Dead Stock
25759,20,19.99,399.79999999999995,0.0,inf,Dead Stock
25761,19,9.99,189.81,0.0,inf,Dead Stock
25766,4,45.99,183.96,0.0,inf,Dead Stock
25771,18,13.99,251.82,0.0,inf,Dead Stock
25773,47,13.99,657.53,0.0,inf,Dead Stock
25774,172,7.989999999999999,1374.28,0.0,inf,Dead Stock
25776,138,38.99,5380.62,0.0,inf,Dead Stock
25777,277,14.99,4152.2300000000005,94.0,2.9468085106382977,Slow Moving
25778,157,36.99,5807.43,0.0,inf,Dead Stock
25779,23,14.99,344.77,0.0,inf,Dead Stock
25785,12,16.99,203.88,0.0,inf,Dead Stock
25789,49,9.99,489.51,31.0,1.5806451612903225,Normal
25790,463,8.989999999999998,4162.369999999999,0.0,inf,Dead Stock
25791,18,13.99,251.82,0.0,inf,Dead Stock
25792,16,13.99,223.84,0.0,inf,Dead Stock
25794,4,13.99,55.96,0.0,inf,Dead Stock
25796,137,34.99,4793.63,32.0,4.28125,Slow Moving
25798,1041,26.99,28096.59,0.0,inf,Dead Stock
25800,12,23.99,287.88,0.0,inf,Dead Stock
25801,7,27.99,195.92999999999998,0.0,inf,Dead Stock
25802,531,11.990000000000002,6366.690000000001,253.0,2.0988142292490117,Slow Moving
25807,20,59.99,1199.8,0.0,inf,Dead Stock
25808,1116,11.99,13380.84,522.0,2.1379310344827585,Slow Moving
25809,29,45.99,1333.71,0.0,inf,Dead Stock
25810,239,8.99,2148.61,0.0,inf,Dead Stock
25811,13,16.99,220.86999999999998,0.0,inf,Dead Stock
25812,126,15.99,2014.74,0.0,inf,Dead Stock
25813,251,11.99,3009.4900000000002,0.0,inf,Dead Stock
25814,148,11.99,1774.52,0.0,inf,Dead Stock
25815,134,12.99,1740.66,0.0,inf,Dead Stock
25816,10,9.99,99.9,0.0,inf,Dead Stock
25817,90,49.99,4499.1,18.0,5.0,Slow Moving
25818,140,9.99,1398.6000000000001,0.0,inf,Dead Stock
25819,33,10.99,362.67,0.0,inf,Dead Stock
25820,104,11.99,1246.96,0.0,inf,Dead Stock
25827,13,5.79,75.27,0.0,inf,Dead Stock
25831,197,11.99,2362.03,57.0,3.456140350877193,Slow Moving
25832,791,10.99,8693.09,578.0,1.3685121107266436,Normal
25833,455,11.99,5455.45,0.0,inf,Dead Stock
25834,17,19.99,339.83,0.0,inf,Dead Stock
25837,60,14.99,899.4,0.0,inf,Dead Stock
25838,147,19.99,2938.5299999999997,65.0,2.2615384615384615,Slow Moving
25841,391,12.99,5079.09,0.0,inf,Dead Stock
25843,390,14.99,5846.1,0.0,inf,Dead Stock
25844,253,17.99,4551.469999999999,0.0,inf,Dead Stock
25846,1385,19.99,27686.149999999998,235.0,5.8936170212765955,Slow Moving
25852,4,24.49,97.96,0.0,inf,Dead Stock
25853,347,16.99,5895.53,0.0,inf,Dead Stock
25857,782,8.49,6639.18,0.0,inf,Dead Stock
25859,2,10.99,21.98,0.0,inf,Dead Stock
25863,64,23.99,1535.36,0.0,inf,Dead Stock
25866,122,14.99,1828.78,0.0,inf,Dead Stock
25867,80,18.99,1519.1999999999998,0.0,inf,Dead Stock
25868,17,19.99,339.83,0.0,inf,Dead Stock
25870,81,6.989999999999999,566.1899999999999,0.0,inf,Dead Stock
25875,552,12.99,7170.4800000000005,0.0,inf,Dead Stock
25876,378,12.99,4910.22,0.0,inf,Dead Stock
25877,733,11.99,8788.67,0.0,inf,Dead Stock
25879,109,10.99,1197.91,19.0,5.7368421052631575,Slow Moving
25883,454,36.99,16793.46,302.0,1.5033112582781456,Normal
25886,39,34.99,1364.6100000000001,0.0,inf,Dead Stock
25887,704,13.989999999999998,9848.96,0.0,inf,Dead Stock
25888,65,37.99,2469.35,0.0,inf,Dead Stock
25891,129,10.99,1417.71,0.0,inf,Dead Stock
25892,1,10.99,10.99,0.0,inf,Dead Stock
25893,231,10.99,2538.69,0.0,inf,Dead Stock
25894,82,8.99,737.1800000000001,0.0,inf,Dead Stock
25895,233,13.99,3259.67,0.0,inf,Dead Stock
25896,191,15.99,3054.09,0.0,inf,Dead Stock
25898,24,29.99,719.76,0.0,inf,Dead Stock
25900,252,9.989999999999998,2517.4799999999996,0.0,inf,Dead Stock
25901,439,9.99,4385.61,0.0,inf,Dead Stock
25904,278,4.29,1192.6200000000001,0.0,inf,Dead Stock
25905,54,18.99,1025.4599999999998,0.0,inf,Dead Stock
25909,76,184.99,14059.240000000002,0.0,inf,Dead Stock
25915,3,6.49,19.47,101.0,0.0297029702970297,Fast Moving
25917,154,9.99,1538.46,39.0,3.948717948717949,Slow Moving
25918,202,9.99,2017.98,104.0,1.9423076923076923,Normal
25919,7,9.99,69.93,24.0,0.2916666666666667,Fast Moving
25926,19,11.49,218.31,0.0,inf,Dead Stock
25930,10,10.49,104.9,0.0,inf,Dead Stock
25932,355,9.99,3546.4500000000003,374.0,0.9491978609625669,Normal
25934,795,7.99,6352.05,673.0,1.1812778603268945,Normal
25935,41,9.99,409.59000000000003,0.0,inf,Dead Stock
25940,3,16.99,50.97,0.0,inf,Dead Stock
25941,4,16.99,67.96,0.0,inf,Dead Stock
25958,0,7.99,0.0,0.0,inf,Dead Stock
25963,327,18.99,6209.73,95.0,3.442105263157895,Slow Moving
25964,311,22.99,7149.889999999999,0.0,inf,Dead Stock
25966,243,34.99,8502.57,104.0,2.3365384615384617,Slow Moving
25971,43,19.99,859.5699999999999,0.0,inf,Dead Stock
25984,710,9.99,7092.900000000001,143.0,4.965034965034965,Slow Moving
25985,530,9.99,5294.7,121.0,4.380165289256198,Slow Moving
25988,375,12.99,4871.25,0.0,inf,Dead Stock
25989,62,13.99,867.38,0.0,inf,Dead Stock
25990,63,11.99,755.37,0.0,inf,Dead Stock
25991,12,3.49,41.88,0.0,inf,Dead Stock
25992,527,12.99,6845.7300000000005,153.0,3.4444444444444446,Slow Moving
25993,12,3.49,41.88,0.0,inf,Dead Stock
25994,1687,13.95,23533.649999999998,312.0,5.407051282051282,Slow Moving
25995,189,9.99,1888.1100000000001,159.0,1.1886792452830188,Normal
25997,19,3.49,66.31,0.0,inf,Dead Stock
26000,12,3.49,41.88,0.0,inf,Dead Stock
26003,16,17.99,287.84,0.0,inf,Dead Stock
26006,47,49.99,2349.53,0.0,inf,Dead Stock
26008,14,18.99,265.85999999999996,0.0,inf,Dead Stock
26012,30,24.99,749.6999999999999,0.0,inf,Dead Stock
26013,361,8.79,3173.1899999999996,0.0,inf,Dead Stock
26016,184,13.99,2574.16,0.0,inf,Dead Stock
26017,20,9.99,199.8,0.0,inf,Dead Stock
26020,8,18.99,151.92,0.0,inf,Dead Stock
26021,13,19.99,259.87,0.0,inf,Dead Stock
26024,151,35.99,5434.490000000001,0.0,inf,Dead Stock
26025,141,15.99,2254.59,0.0,inf,Dead Stock
26026,106,28.989999999999995,3072.9399999999996,0.0,inf,Dead Stock
26027,76,32.99,2507.2400000000002,0.0,inf,Dead Stock
26028,105,17.99,1888.9499999999998,0.0,inf,Dead Stock
26032,11,89.99,989.89,0.0,inf,Dead Stock
26046,324,16.99,5504.759999999999,0.0,inf,Dead Stock
26049,13,14.99,194.87,0.0,inf,Dead Stock
26050,23,8.99,206.77,0.0,inf,Dead Stock
26051,13,14.99,194.87,0.0,inf,Dead Stock
26052,12,13.99,167.88,0.0,inf,Dead Stock
26058,19,14.99,284.81,0.0,inf,Dead Stock
26061,135,12.99,1753.65,0.0,inf,Dead Stock
26062,90,9.99,899.1,0.0,inf,Dead Stock
26063,243,9.99,2427.57,0.0,inf,Dead Stock
26066,860,10.989999999999998,9451.399999999998,0.0,inf,Dead Stock
26075,0,19.99,0.0,0.0,inf,Dead Stock
26076,130,10.99,1428.7,0.0,inf,Dead Stock
26077,5,10.99,54.95,0.0,inf,Dead Stock
26078,4,23.99,95.96,0.0,inf,Dead Stock
26080,4,46.99,187.96,0.0,inf,Dead Stock
26081,9,62.99,566.91,0.0,inf,Dead Stock
26082,7,7.99,55.93,0.0,inf,Dead Stock
26084,22,18.99,417.78,0.0,inf,Dead Stock
26085,28,18.99,531.7199999999999,0.0,inf,Dead Stock
26087,161,11.990000000000002,1930.3900000000003,0.0,inf,Dead Stock
26088,183,49.99,9148.17,0.0,inf,Dead Stock
26091,867,8.99,7794.33,378.0,2.2936507936507935,Slow Moving
26092,1960,7.99,15660.4,906.0,2.163355408388521,Slow Moving
26098,129,13.49,1740.21,0.0,inf,Dead Stock
26102,12,12.99,155.88,0.0,inf,Dead Stock
26104,39,174.98999999999998,6824.61,8.0,4.875,Slow Moving
26105,52,35.99,1871.48,0.0,inf,Dead Stock
26134,453,8.99,4072.4700000000003,60.0,7.55,Slow Moving
26142,44,35.99,1583.5600000000002,0.0,inf,Dead Stock
26143,2036,8.99,18303.64,448.0,4.544642857142857,Slow Moving
26145,83,14.99,1244.17,0.0,inf,Dead Stock
26153,351,9.99,3506.4900000000002,0.0,inf,Dead Stock
26156,24,19.99,479.76,0.0,inf,Dead Stock
26160,7,21.99,153.92999999999998,0.0,inf,Dead Stock
26163,94,13.490000000000002,1268.0600000000002,49.0,1.9183673469387754,Normal
26166,342,14.989999999999998,5126.579999999999,0.0,inf,Dead Stock
26167,12,24.99,299.88,0.0,inf,Dead Stock
26175,417,12.99,5416.83,0.0,inf,Dead Stock
26181,4029,7.950000000000001,32030.550000000003,621.0,6.48792270531401,Slow Moving
26183,23,14.99,344.77,0.0,inf,Dead Stock
26186,48,12.99,623.52,0.0,inf,Dead Stock
26187,49,12.99,636.51,0.0,inf,Dead Stock
26197,252,13.990000000000002,3525.4800000000005,0.0,inf,Dead Stock
26198,131,17.99,2356.6899999999996,0.0,inf,Dead Stock
26199,106,17.99,1906.9399999999998,0.0,inf,Dead Stock
26201,461,5.79,2669.19,0.0,inf,Dead Stock
26203,24,14.99,359.76,0.0,inf,Dead Stock
26204,11,14.99,164.89000000000001,0.0,inf,Dead Stock
26205,24,14.99,359.76,0.0,inf,Dead Stock
26219,87,16.99,1478.1299999999999,19.0,4.578947368421052,Slow Moving
26222,12,209.99,2519.88,0.0,inf,Dead Stock
26223,17,109.99,1869.83,0.0,inf,Dead Stock
26224,10,59.99,599.9,0.0,inf,Dead Stock
26225,16,129.99,2079.84,0.0,inf,Dead Stock
26227,22,139.99,3079.78,0.0,inf,Dead Stock
26233,116,24.99,2898.8399999999997,0.0,inf,Dead Stock
26234,115,24.99,2873.85,0.0,inf,Dead Stock
26235,19,11.99,227.81,0.0,inf,Dead Stock
26236,1807,8.99,16244.93,260.0,6.95,Slow Moving
26238,12,11.99,143.88,0.0,inf,Dead Stock
26239,35,18.99,664.65,0.0,inf,Dead Stock
26240,6,11.99,71.94,0.0,inf,Dead Stock
26242,10,12.99,129.9,0.0,inf,Dead Stock
26243,24,12.99,311.76,0.0,inf,Dead Stock
26246,6,36.99,221.94,0.0,inf,Dead Stock
26247,96,49.99,4799.04,6.0,16.0,Slow Moving
26248,336,199.99,67196.64,32.0,10.5,Slow Moving
26250,583,19.990000000000002,11654.170000000002,169.0,3.4497041420118344,Slow Moving
26253,12,16.99,203.88,0.0,inf,Dead Stock
26254,6,20.99,125.94,0.0,inf,Dead Stock
26256,18,59.99,1079.82,0.0,inf,Dead Stock
26257,6,103.99,623.9399999999999,0.0,inf,Dead Stock
26258,60,199.99,11999.400000000001,0.0,inf,Dead Stock
26259,70,65.99,4619.299999999999,0.0,inf,Dead Stock
26260,75,99.99,7499.25,0.0,inf,Dead Stock
26266,130,16.99,2208.7,0.0,inf,Dead Stock
26268,180,15.99,2878.2,0.0,inf,Dead Stock
26269,24,39.99,959.76,0.0,inf,Dead Stock
26273,47,18.99,892.53,0.0,inf,Dead Stock
26274,125,10.49,1311.25,0.0,inf,Dead Stock
26275,998,12.99,12964.02,0.0,inf,Dead Stock
26277,360,8.49,3056.4,0.0,inf,Dead Stock
26278,47,11.99,563.53,0.0,inf,Dead Stock
26280,1848,15.99,29549.52,0.0,inf,Dead Stock
26281,64,29.99,1919.36,0.0,inf,Dead Stock
26283,47,12.99,610.53,0.0,inf,Dead Stock
26285,427,69.99,29885.73,66.0,6.46969696969697,Slow Moving
26287,12,18.99,227.88,0.0,inf,Dead Stock
26288,41,18.99,778.5899999999999,0.0,inf,Dead Stock
26290,13,14.99,194.87,0.0,inf,Dead Stock
26291,153,15.99,2446.4700000000003,0.0,inf,Dead Stock
26298,21,12.99,272.79,0.0,inf,Dead Stock
26300,23,19.99,459.77,0.0,inf,Dead Stock
26302,29,32.99,956.71,0.0,inf,Dead Stock
26303,16,24.99,399.84,0.0,inf,Dead Stock
26314,17,19.99,339.83,0.0,inf,Dead Stock
26315,145,18.99,2753.5499999999997,0.0,inf,Dead Stock
26317,190,17.99,3418.1,0.0,inf,Dead Stock
26318,326,17.99,5864.74,0.0,inf,Dead Stock
26319,250,9.99,2497.5,0.0,inf,Dead Stock
26320,10,94.99,949.9,0.0,inf,Dead Stock
26328,16,27.99,447.84,0.0,inf,Dead Stock
26329,2,38.99,77.98,0.0,inf,Dead Stock
26330,344,29.99,10316.56,0.0,inf,Dead Stock
26331,17,18.99,322.83,0.0,inf,Dead Stock
26335,15,29.99,449.84999999999997,0.0,inf,Dead Stock
26336,36,5.49,197.64000000000001,0.0,inf,Dead Stock
26339,30,14.99,449.7,0.0,inf,Dead Stock
26340,187,16.99,3177.1299999999997,0.0,inf,Dead Stock
26341,159,16.99,2701.41,0.0,inf,Dead Stock
26342,89,12.99,1156.1100000000001,0.0,inf,Dead Stock
26344,0,16.99,0.0,0.0,inf,Dead Stock
26345,13,16.99,220.86999999999998,0.0,inf,Dead Stock
26347,16,13.99,223.84,0.0,inf,Dead Stock
26348,38,69.99,2659.62,0.0,inf,Dead Stock
26349,14,69.99,979.8599999999999,0.0,inf,Dead Stock
26352,68,13.99,951.32,0.0,inf,Dead Stock
26353,77,12.99,1000.23,0.0,inf,Dead Stock
26354,5,12.99,64.95,0.0,inf,Dead Stock
26355,29,12.99,376.71,0.0,inf,Dead Stock
26356,78,10.99,857.22,0.0,inf,Dead Stock
26357,53,9.99,529.47,0.0,inf,Dead Stock
26358,830,7.99,6631.7,0.0,inf,Dead Stock
26361,181,3.99,722.19,0.0,inf,Dead Stock
26363,996,4.99,4970.04,0.0,inf,Dead Stock
26372,522,5.989999999999999,3126.7799999999997,0.0,inf,Dead Stock
26374,18,62.99,1133.82,0.0,inf,Dead Stock
26376,14,41.99,587.86,0.0,inf,Dead Stock
26377,239,36.99,8840.61,0.0,inf,Dead Stock
26378,41,17.99,737.5899999999999,0.0,inf,Dead Stock
26379,3,45.99,137.97,0.0,inf,Dead Stock
26380,28,31.99,895.7199999999999,0.0,inf,Dead Stock
26382,43,16.99,730.5699999999999,0.0,inf,Dead Stock
26383,3708,11.99,44458.92,2275.0,1.62989010989011,Normal
26388,4,17.99,71.96,0.0,inf,Dead Stock
26390,284,7.99,2269.16,166.0,1.7108433734939759,Normal
26391,361,7.99,2884.39,92.0,3.9239130434782608,Slow Moving
26392,401,7.99,3203.9900000000002,86.0,4.662790697674419,Slow Moving
26394,171,5.99,1024.29,0.0,inf,Dead Stock
26395,568,8.99,5106.32,335.0,1.6955223880597015,Normal
26396,12,5.99,71.88,12.0,1.0,Normal
26399,1452,7.99,11601.48,1746.0,0.8316151202749141,Normal
26402,5,45.99,229.95000000000002,0.0,inf,Dead Stock
26403,696,9.99,6953.04,0.0,inf,Dead Stock
26404,44,39.99,1759.5600000000002,0.0,inf,Dead Stock
26405,24,12.99,311.76,0.0,inf,Dead Stock
26419,222,3.49,774.7800000000001,0.0,inf,Dead Stock
26420,47,24.99,1174.53,0.0,inf,Dead Stock
26421,91,20.99,1910.09,0.0,inf,Dead Stock
26422,9,128.99,1160.91,0.0,inf,Dead Stock
26423,35,18.99,664.65,0.0,inf,Dead Stock
26426,849,29.989999999999995,25461.509999999995,226.0,3.756637168141593,Slow Moving
26427,471,21.99,10357.289999999999,222.0,2.1216216216216215,Slow Moving
26428,377,13.99,5274.2300000000005,141.0,2.673758865248227,Slow Moving
26429,180,74.99,13498.199999999999,23.0,7.826086956521739,Slow Moving
26431,435,13.989999999999998,6085.65,0.0,inf,Dead Stock
26434,37,22.99,850.63,0.0,inf,Dead Stock
26435,233,9.99,2327.67,0.0,inf,Dead Stock
26436,46,9.99,459.54,0.0,inf,Dead Stock
26437,160,18.99,3038.3999999999996,0.0,inf,Dead Stock
26442,1015,15.99,16229.85,0.0,inf,Dead Stock
26443,509,14.989999999999998,7629.909999999999,0.0,inf,Dead Stock
26445,32,12.99,415.68,0.0,inf,Dead Stock
26450,108,11.99,1294.92,0.0,inf,Dead Stock
26456,2397,7.99,19152.03,539.0,4.447124304267161,Slow Moving
26458,32,15.99,511.68,0.0,inf,Dead Stock
26460,115,34.99,4023.8500000000004,0.0,inf,Dead Stock
26461,92,22.99,2115.08,0.0,inf,Dead Stock
26462,870,16.99,14781.3,220.0,3.9545454545454546,Slow Moving
26463,2005,7.99,16019.95,1210.0,1.6570247933884297,Normal
26464,130,18.99,2468.7,0.0,inf,Dead Stock
26473,88,21.99,1935.12,0.0,inf,Dead Stock
26478,74,18.99,1405.26,0.0,inf,Dead Stock
26479,70,29.99,2099.2999999999997,0.0,inf,Dead Stock
26484,20,10.99,219.8,0.0,inf,Dead Stock
26485,17,11.99,203.83,0.0,inf,Dead Stock
26491,50,12.99,649.5,0.0,inf,Dead Stock
26492,7,29.99,209.92999999999998,0.0,inf,Dead Stock
26493,1,12.99,12.99,0.0,inf,Dead Stock
26495,126,18.99,2392.74,0.0,inf,Dead Stock
26496,199,39.99,7958.01,0.0,inf,Dead Stock
26497,172,17.99,3094.2799999999997,35.0,4.914285714285715,Slow Moving
26498,20,82.99,1659.8,0.0,inf,Dead Stock
26499,24,17.99,431.76,0.0,inf,Dead Stock
26500,24,47.99,1151.76,0.0,inf,Dead Stock
26501,1059,15.99,16933.41,56.0,18.910714285714285,Slow Moving
26502,152,21.99,3342.4799999999996,0.0,inf,Dead Stock
26503,41,35.99,1475.5900000000001,0.0,inf,Dead Stock
26510,27,14.99,404.73,0.0,inf,Dead Stock
26514,72,28.99,2087.2799999999997,0.0,inf,Dead Stock
26515,16,15.99,255.84,0.0,inf,Dead Stock
26516,12,15.99,191.88,0.0,inf,Dead Stock
26517,18,16.99,305.82,0.0,inf,Dead Stock
26518,183,6.99,1279.17,0.0,inf,Dead Stock
26530,554,8.99,4980.46,475.0,1.1663157894736842,Normal
26534,176,8.99,1582.24,0.0,inf,Dead Stock
26535,166,8.99,1492.3400000000001,0.0,inf,Dead Stock
26538,329,17.99,5918.709999999999,0.0,inf,Dead Stock
26551,273,21.99,6003.2699999999995,103.0,2.650485436893204,Slow Moving
26557,1264,18.99,24003.359999999997,246.0,5.138211382113822,Slow Moving
26558,835,26.989999999999995,22536.649999999994,56.0,14.910714285714286,Slow Moving
26560,176,15.99,2814.2400000000002,0.0,inf,Dead Stock
26561,46,10.99,505.54,0.0,inf,Dead Stock
26562,46,3.99,183.54000000000002,0.0,inf,Dead Stock
26567,22,13.99,307.78000000000003,0.0,inf,Dead Stock
26568,15,17.99,269.84999999999997,0.0,inf,Dead Stock
26569,19,11.99,227.81,0.0,inf,Dead Stock
26570,12,15.99,191.88,0.0,inf,Dead Stock
26571,345,39.99,13796.550000000001,0.0,inf,Dead Stock
26580,1548,21.99,34040.52,0.0,inf,Dead Stock
26583,36,185.99,6695.64,0.0,inf,Dead Stock
26586,14,44.99,629.86,0.0,inf,Dead Stock
26591,23,10.99,252.77,0.0,inf,Dead Stock
26592,158,19.99,3158.4199999999996,0.0,inf,Dead Stock
26594,29,68.99,2000.7099999999998,0.0,inf,Dead Stock
26596,33,43.99,1451.67,0.0,inf,Dead Stock
26606,1281,5.99,7673.1900000000005,0.0,inf,Dead Stock
26611,26,21.99,571.74,0.0,inf,Dead Stock
26615,31,5.989999999999999,185.68999999999997,0.0,inf,Dead Stock
26620,152,19.99,3038.4799999999996,0.0,inf,Dead Stock
26621,24,57.49,1379.76,0.0,inf,Dead Stock
26625,33,15.99,527.67,0.0,inf,Dead Stock
26627,30,15.99,479.7,0.0,inf,Dead Stock
26631,63,35.99,2267.3700000000003,0.0,inf,Dead Stock
26632,189,8.99,1699.1100000000001,80.0,2.3625,Slow Moving
26645,70,16.99,1189.3,0.0,inf,Dead Stock
26646,124,14.99,1858.76,54.0,2.2962962962962963,Slow Moving
26652,12,16.99,203.88,0.0,inf,Dead Stock
26654,24,15.99,383.76,0.0,inf,Dead Stock
26655,35,13.49,472.15000000000003,0.0,inf,Dead Stock
26666,8,7.99,63.92,0.0,inf,Dead Stock
26670,133,21.99,2924.6699999999996,0.0,inf,Dead Stock
26671,5,359.99,1799.95,0.0,inf,Dead Stock
26672,300,9.49,2847.0,0.0,inf,Dead Stock
26674,12,14.99,179.88,0.0,inf,Dead Stock
26677,42,29.99,1259.58,0.0,inf,Dead Stock
26678,97,14.99,1454.03,0.0,inf,Dead Stock
26679,399,9.99,3986.01,0.0,inf,Dead Stock
26680,204,7.99,1629.96,0.0,inf,Dead Stock
26682,43,49.99,2149.57,0.0,inf,Dead Stock
26683,338,8.99,3038.62,0.0,inf,Dead Stock
26684,706,9.99,7052.9400000000005,0.0,inf,Dead Stock
26685,75,56.99,4274.25,0.0,inf,Dead Stock
26686,6,293.99,1763.94,0.0,inf,Dead Stock
26687,30,76.99,2309.7,0.0,inf,Dead Stock
26688,70,48.99,3429.3,0.0,inf,Dead Stock
26689,74,48.99,3625.26,0.0,inf,Dead Stock
26690,72,24.99,1799.28,0.0,inf,Dead Stock
26691,12,214.99,2579.88,0.0,inf,Dead Stock
26692,23,62.99,1448.77,0.0,inf,Dead Stock
26693,101,26.99,2725.99,0.0,inf,Dead Stock
26694,11,76.99,846.89,0.0,inf,Dead Stock
26695,88,33.99,2991.1200000000003,0.0,inf,Dead Stock
26696,55,28.99,1594.4499999999998,0.0,inf,Dead Stock
26697,41,69.99,2869.5899999999997,0.0,inf,Dead Stock
26699,107,18.99,2031.9299999999998,0.0,inf,Dead Stock
26701,39,22.99,896.6099999999999,0.0,inf,Dead Stock
26705,12,47.99,575.88,0.0,inf,Dead Stock
26706,13,24.99,324.87,0.0,inf,Dead Stock
26707,10,24.99,249.89999999999998,0.0,inf,Dead Stock
26708,376,41.49,15600.240000000002,0.0,inf,Dead Stock
26709,56,8.99,503.44,0.0,inf,Dead Stock
26713,23,15.49,356.27,0.0,inf,Dead Stock
26716,310,31.989999999999995,9916.899999999998,0.0,inf,Dead Stock
26717,295,9.99,2947.05,0.0,inf,Dead Stock
26728,283,14.990000000000002,4242.170000000001,0.0,inf,Dead Stock
26730,98,14.99,1469.02,0.0,inf,Dead Stock
26732,2706,12.99,35150.94,706.0,3.8328611898016995,Slow Moving
26735,10,7.99,79.9,0.0,inf,Dead Stock
26739,208,39.99,8317.92,48.0,4.333333333333333,Slow Moving
26740,12,8.49,101.88,0.0,inf,Dead Stock
26742,1103,13.99,15430.97,0.0,inf,Dead Stock
26744,1230,11.99,14747.7,491.0,2.505091649694501,Slow Moving
26754,87,26.99,2348.1299999999997,0.0,inf,Dead Stock
26755,261,17.99,4695.389999999999,267.0,0.9775280898876404,Normal
26756,12,12.99,155.88,0.0,inf,Dead Stock
26760,1,15.99,15.99,0.0,inf,Dead Stock
26762,1959,14.99,29365.41,0.0,inf,Dead Stock
26763,55,18.99,1044.4499999999998,0.0,inf,Dead Stock
26764,18,58.99,1061.82,0.0,inf,Dead Stock
26766,23,29.99,689.77,0.0,inf,Dead Stock
26767,20,44.99,899.8000000000001,0.0,inf,Dead Stock
26768,61,49.99,3049.3900000000003,0.0,inf,Dead Stock
26769,33,49.99,1649.67,0.0,inf,Dead Stock
26770,20,65.99,1319.8,0.0,inf,Dead Stock
26771,62,48.99,3037.38,0.0,inf,Dead Stock
26772,40,57.989999999999995,2319.6,0.0,inf,Dead Stock
26774,354,11.989999999999998,4244.459999999999,0.0,inf,Dead Stock
26779,235,10.99,2582.65,200.0,1.175,Normal
26781,10,16.99,169.89999999999998,0.0,inf,Dead Stock
26787,546,10.49,5727.54,281.0,1.9430604982206405,Normal
26802,46,52.99,2437.54,0.0,inf,Dead Stock
26803,1,68.99,68.99,0.0,inf,Dead Stock
26804,60,39.99,2399.4,0.0,inf,Dead Stock
26811,103,4.79,493.37,88.0,1.1704545454545454,Normal
26812,144,29.99,4318.5599999999995,0.0,inf,Dead Stock
26813,161,24.99,4023.39,0.0,inf,Dead Stock
26814,293,16.99,4978.07,0.0,inf,Dead Stock
26815,74,64.99,4809.259999999999,0.0,inf,Dead Stock
26816,80,69.99,5599.2,0.0,inf,Dead Stock
26817,1497,7.989999999999999,11961.029999999999,547.0,2.736745886654479,Slow Moving
26818,553,16.99,9395.47,128.0,4.3203125,Slow Moving
26820,93,7.99,743.07,0.0,inf,Dead Stock
26821,1119,9.99,11178.81,542.0,2.0645756457564577,Slow Moving
26826,19,11.99,227.81,12.0,1.5833333333333333,Normal
26827,724,9.99,7232.76,148.0,4.891891891891892,Slow Moving
26833,90,19.99,1799.1,0.0,inf,Dead Stock
26834,101,12.99,1311.99,0.0,inf,Dead Stock
26835,35,17.99,629.65,0.0,inf,Dead Stock
26836,36,21.99,791.64,0.0,inf,Dead Stock
26837,59,11.99,707.41,0.0,inf,Dead Stock
26838,24,14.99,359.76,0.0,inf,Dead Stock
26839,0,9.99,0.0,0.0,inf,Dead Stock
26840,15,16.99,254.84999999999997,0.0,inf,Dead Stock
26844,100,18.99,1898.9999999999998,0.0,inf,Dead Stock
26845,13,12.99,168.87,0.0,inf,Dead Stock
26846,13,12.99,168.87,0.0,inf,Dead Stock
26847,4,13.99,55.96,0.0,inf,Dead Stock
26848,6,74.99,449.93999999999994,0.0,inf,Dead Stock
26849,239,14.99,3582.61,0.0,inf,Dead Stock
26850,43,14.99,644.57,0.0,inf,Dead Stock
26851,90,49.99,4499.1,0.0,inf,Dead Stock
26852,106,49.99,5298.9400000000005,0.0,inf,Dead Stock
26853,68,29.99,2039.32,0.0,inf,Dead Stock
26854,108,43.99,4750.92,0.0,inf,Dead Stock
26860,63,16.99,1070.37,0.0,inf,Dead Stock
26861,7,39.99,279.93,0.0,inf,Dead Stock
26862,16,15.99,255.84,0.0,inf,Dead Stock
26864,29,15.99,463.71,0.0,inf,Dead Stock
26865,265,14.99,3972.35,0.0,inf,Dead Stock
26866,82,17.99,1475.1799999999998,0.0,inf,Dead Stock
26867,30,29.99,899.6999999999999,0.0,inf,Dead Stock
26868,34,59.99,2039.66,0.0,inf,Dead Stock
26869,14,105.98999999999998,1483.8599999999997,0.0,inf,Dead Stock
26870,67,59.99,4019.33,0.0,inf,Dead Stock
26871,17,17.99,305.83,0.0,inf,Dead Stock
26872,36,14.99,539.64,0.0,inf,Dead Stock
26882,7,79.99,559.93,0.0,inf,Dead Stock
26883,186,14.99,2788.14,0.0,inf,Dead Stock
26885,358,19.99,7156.419999999999,73.0,4.904109589041096,Slow Moving
26886,49,21.99,1077.51,1.0,49.0,Slow Moving
26889,70,23.99,1679.3,8.0,8.75,Slow Moving
26890,367,12.99,4767.33,0.0,inf,Dead Stock
26891,417,14.989999999999998,6250.829999999999,0.0,inf,Dead Stock
26892,159,9.79,1556.61,0.0,inf,Dead Stock
26896,20,24.99,499.79999999999995,0.0,inf,Dead Stock
26913,34,29.99,1019.66,0.0,inf,Dead Stock
26935,13,14.99,194.87,0.0,inf,Dead Stock
26939,38,39.99,1519.6200000000001,9.0,4.222222222222222,Slow Moving
26943,18,49.99,899.82,110.0,0.16363636363636364,Fast Moving
26944,32,31.99,1023.68,35.0,0.9142857142857143,Normal
26945,2714,9.99,27112.86,353.0,7.688385269121813,Slow Moving
26947,303,19.99,6056.969999999999,48.0,6.3125,Slow Moving
26948,3981,18.99,75599.18999999999,621.0,6.4106280193236715,Slow Moving
26949,1120,22.99,25748.8,496.0,2.2580645161290325,Slow Moving
26966,789,9.990000000000002,7882.1100000000015,560.0,1.4089285714285715,Normal
26983,54,99.99,5399.46,0.0,inf,Dead Stock
26985,223,16.99,3788.7699999999995,0.0,inf,Dead Stock
26990,3,4.99,14.97,0.0,inf,Dead Stock
26992,129,45.99,5932.71,0.0,inf,Dead Stock
26994,151,35.99,5434.490000000001,0.0,inf,Dead Stock
26995,86,55.99,4815.14,0.0,inf,Dead Stock
26996,608,11.989999999999998,7289.919999999999,0.0,inf,Dead Stock
26997,5,17.99,89.94999999999999,0.0,inf,Dead Stock
27005,37,59.99,2219.63,0.0,inf,Dead Stock
27009,484,16.99,8223.16,0.0,inf,Dead Stock
27010,514,23.99,12330.859999999999,0.0,inf,Dead Stock
27011,48,55.99,2687.52,0.0,inf,Dead Stock
27012,397,16.99,6745.03,0.0,inf,Dead Stock
27013,128,39.99,5118.72,0.0,inf,Dead Stock
27014,143,69.99,10008.57,0.0,inf,Dead Stock
27015,38,89.99,3419.62,0.0,inf,Dead Stock
27016,486,10.99,5341.14,0.0,inf,Dead Stock
27017,359,10.99,3945.41,0.0,inf,Dead Stock
27027,42,39.99,1679.5800000000002,0.0,inf,Dead Stock
27031,204,264.99,54057.96,0.0,inf,Dead Stock
27033,0,32.99,0.0,5.0,0.0,Fast Moving
27042,1127,9.99,11258.73,618.0,1.8236245954692556,Normal
27051,1044,14.99,15649.56,0.0,inf,Dead Stock
27053,15,9.99,149.85,0.0,inf,Dead Stock
27056,185,16.99,3143.1499999999996,0.0,inf,Dead Stock
27061,26,69.99,1819.7399999999998,0.0,inf,Dead Stock
27062,18,39.99,719.82,0.0,inf,Dead Stock
27063,18,32.99,593.82,0.0,inf,Dead Stock
27064,10,72.99,729.9,0.0,inf,Dead Stock
27065,157,32.99,5179.43,33.0,4.757575757575758,Slow Moving
27066,18,39.99,719.82,0.0,inf,Dead Stock
27067,57,45.99,2621.4300000000003,0.0,inf,Dead Stock
27069,6,19.99,119.94,0.0,inf,Dead Stock
27071,12,17.99,215.88,0.0,inf,Dead Stock
27083,230,19.99,4597.7,0.0,inf,Dead Stock
27091,44,26.99,1187.56,0.0,inf,Dead Stock
27092,6,11.99,71.94,0.0,inf,Dead Stock
27093,11,11.99,131.89000000000001,0.0,inf,Dead Stock
27094,210,7.99,1677.9,0.0,inf,Dead Stock
27095,57,29.99,1709.4299999999998,0.0,inf,Dead Stock
27097,143,74.99,10723.57,34.0,4.205882352941177,Slow Moving
27098,165,99.99,16498.35,0.0,inf,Dead Stock
27100,50,12.99,649.5,0.0,inf,Dead Stock
27103,2,12.99,25.98,0.0,inf,Dead Stock
27105,70,44.99,3149.3,0.0,inf,Dead Stock
27106,77,24.99,1924.2299999999998,0.0,inf,Dead Stock
27111,140,59.989999999999995,8398.599999999999,25.0,5.6,Slow Moving
27121,6,27.99,167.94,0.0,inf,Dead Stock
27123,6,31.99,191.94,0.0,inf,Dead Stock
27124,554,11.989999999999998,6642.459999999999,0.0,inf,Dead Stock
27131,8,49.99,399.92,0.0,inf,Dead Stock
27132,2,18.99,37.98,0.0,inf,Dead Stock
27133,13,71.99,935.8699999999999,0.0,inf,Dead Stock
27134,58,19.99,1159.4199999999998,0.0,inf,Dead Stock
27135,18,15.99,287.82,0.0,inf,Dead Stock
27136,10,66.99,669.9,0.0,inf,Dead Stock
27137,21,23.99,503.78999999999996,0.0,inf,Dead Stock
27138,53,15.99,847.47,24.0,2.2083333333333335,Slow Moving
27139,51,26.99,1376.49,0.0,inf,Dead Stock
27140,30,23.99,719.6999999999999,0.0,inf,Dead Stock
27141,23,33.99,781.7700000000001,0.0,inf,Dead Stock
27142,1381,11.99,16558.19,0.0,inf,Dead Stock
27143,1527,17.99,27470.729999999996,0.0,inf,Dead Stock
27144,1559,17.99,28046.409999999996,0.0,inf,Dead Stock
27145,1079,9.99,10779.210000000001,433.0,2.491916859122402,Slow Moving
27146,285,9.99,2847.15,123.0,2.317073170731707,Slow Moving
27157,599,14.99,8979.01,0.0,inf,Dead Stock
27158,488,10.989999999999998,5363.119999999999,0.0,inf,Dead Stock
27159,879,10.99,9660.210000000001,0.0,inf,Dead Stock
27160,10,67.99,679.9,5.0,2.0,Normal
27161,78,59.99,4679.22,0.0,inf,Dead Stock
27162,76,39.99,3039.2400000000002,0.0,inf,Dead Stock
27163,376,10.99,4132.24,0.0,inf,Dead Stock
27164,143,26.99,3859.5699999999997,0.0,inf,Dead Stock
27165,47,21.99,1033.53,0.0,inf,Dead Stock
27166,94,18.99,1785.06,0.0,inf,Dead Stock
27167,87,59.99,5219.13,0.0,inf,Dead Stock
27168,21,18.99,398.78999999999996,0.0,inf,Dead Stock
27169,24,34.99,839.76,0.0,inf,Dead Stock
27170,14,59.99,839.86,0.0,inf,Dead Stock
27171,127,15.99,2030.73,0.0,inf,Dead Stock
27172,82,18.99,1557.1799999999998,0.0,inf,Dead Stock
27173,78,56.99,4445.22,0.0,inf,Dead Stock
27176,153,14.99,2293.4700000000003,95.0,1.6105263157894736,Normal
27178,27,67.99,1835.7299999999998,0.0,inf,Dead Stock
27180,185,17.99,3328.1499999999996,0.0,inf,Dead Stock
27191,15,107.99,1619.85,0.0,inf,Dead Stock
27192,33,46.99,1550.67,0.0,inf,Dead Stock
27193,140,53.989999999999995,7558.599999999999,0.0,inf,Dead Stock
27194,74,49.99,3699.26,0.0,inf,Dead Stock
27195,148,19.99,2958.52,0.0,inf,Dead Stock
27196,119,25.99,3092.81,0.0,inf,Dead Stock
27197,31,56.989999999999995,1766.6899999999998,0.0,inf,Dead Stock
27198,19,44.99,854.8100000000001,0.0,inf,Dead Stock
27201,1373,19.99,27446.269999999997,0.0,inf,Dead Stock
27202,2294,9.99,22917.06,0.0,inf,Dead Stock
27203,1164,12.99,15120.36,0.0,inf,Dead Stock
27206,1032,12.99,13405.68,0.0,inf,Dead Stock
27212,115,54.99,6323.85,21.0,5.476190476190476,Slow Moving
27214,72,33.99,2447.28,0.0,inf,Dead Stock
27219,108,74.99,8098.919999999999,0.0,inf,Dead Stock
27220,58,114.99,6669.42,0.0,inf,Dead Stock
27221,50,56.99,2849.5,0.0,inf,Dead Stock
27233,538,5.99,3222.62,362.0,1.4861878453038675,Normal
27235,12,5.49,65.88,0.0,inf,Dead Stock
27243,1317,9.99,13156.83,0.0,inf,Dead Stock
27250,17,7.99,135.83,0.0,inf,Dead Stock
27255,900,16.99,15290.999999999998,0.0,inf,Dead Stock
27259,450,24.99,11245.5,0.0,inf,Dead Stock
27262,1017,17.99,18295.829999999998,0.0,inf,Dead Stock
27264,19,10.99,208.81,0.0,inf,Dead Stock
27267,32,70.99,2271.68,0.0,inf,Dead Stock
27269,12,129.99,1559.88,0.0,inf,Dead Stock
27273,238,9.99,2377.62,0.0,inf,Dead Stock
27274,173,209.99,36328.270000000004,0.0,inf,Dead Stock
27275,9,409.99,3689.91,0.0,inf,Dead Stock
27276,398,8.99,3578.02,0.0,inf,Dead Stock
27279,42,85.99,3611.58,0.0,inf,Dead Stock
27284,7,59.99,419.93,0.0,inf,Dead Stock
27285,50,73.99,3699.4999999999995,0.0,inf,Dead Stock
27286,22,49.99,1099.78,0.0,inf,Dead Stock
27287,1,79.99,79.99,0.0,inf,Dead Stock
27288,365,11.99,4376.35,0.0,inf,Dead Stock
27289,292,16.99,4961.08,0.0,inf,Dead Stock
27290,160,129.99,20798.4,0.0,inf,Dead Stock
27291,496,19.99,9915.039999999999,0.0,inf,Dead Stock
27303,500,8.99,4495.0,228.0,2.192982456140351,Slow Moving
27316,70,81.99,5739.299999999999,0.0,inf,Dead Stock
27318,31,85.99,2665.69,0.0,inf,Dead Stock
27319,36,119.99,4319.639999999999,0.0,inf,Dead Stock
27320,48,59.99,2879.52,0.0,inf,Dead Stock
27322,61,81.99,5001.389999999999,0.0,inf,Dead Stock
27325,172,11.99,2062.28,0.0,inf,Dead Stock
27326,157,11.99,1882.43,0.0,inf,Dead Stock
27327,12,14.99,179.88,0.0,inf,Dead Stock
27328,151,11.99,1810.49,0.0,inf,Dead Stock
27330,141,11.99,1690.59,179.0,0.7877094972067039,Normal
27331,236,11.990000000000002,2829.6400000000003,107.0,2.205607476635514,Slow Moving
27332,127,15.99,2030.73,0.0,inf,Dead Stock
27333,20,6.99,139.8,0.0,inf,Dead Stock
27334,149,15.99,2382.51,0.0,inf,Dead Stock
27342,1062,12.99,13795.380000000001,0.0,inf,Dead Stock
27348,108,27.99,3022.9199999999996,0.0,inf,Dead Stock
27349,132,13.99,1846.68,0.0,inf,Dead Stock
27350,733,15.99,11720.67,747.0,0.9812583668005355,Normal
27351,831,15.99,13287.69,1317.0,0.6309794988610479,Normal
27360,54,49.99,2699.46,0.0,inf,Dead Stock
27361,728,10.99,8000.72,361.0,2.0166204986149583,Slow Moving
27367,192,19.99,3838.08,0.0,inf,Dead Stock
27368,288,20.989999999999995,6045.119999999999,186.0,1.5483870967741935,Normal
27369,606,18.99,11507.939999999999,0.0,inf,Dead Stock
27370,33,17.99,593.67,23.0,1.434782608695652,Normal
27371,80,149.99,11999.2,0.0,inf,Dead Stock
27393,1892,9.99,18901.08,0.0,inf,Dead Stock
27395,36,25.99,935.64,0.0,inf,Dead Stock
27396,61,19.99,1219.3899999999999,0.0,inf,Dead Stock
27398,53,49.99,2649.4700000000003,0.0,inf,Dead Stock
27399,44,22.99,1011.56,0.0,inf,Dead Stock
27403,300,9.99,2997.0,0.0,inf,Dead Stock
27404,28,20.99,587.7199999999999,0.0,inf,Dead Stock
27405,91,26.99,2456.0899999999997,0.0,inf,Dead Stock
27406,110,37.99,4178.900000000001,0.0,inf,Dead Stock
27407,95,71.99,6839.049999999999,0.0,inf,Dead Stock
27408,49,119.98999999999998,5879.509999999999,0.0,inf,Dead Stock
27409,111,47.99,5326.89,0.0,inf,Dead Stock
27410,128,26.99,3454.72,0.0,inf,Dead Stock
27411,21,54.99,1154.79,0.0,inf,Dead Stock
27412,982,11.99,11774.18,0.0,inf,Dead Stock
27429,631,19.99,12613.689999999999,177.0,3.5649717514124295,Slow Moving
27432,126,15.990000000000002,2014.7400000000002,24.0,5.25,Slow Moving
27433,106,15.99,1694.94,16.0,6.625,Slow Moving
27437,196,10.99,2154.04,0.0,inf,Dead Stock
27440,27,9.49,256.23,0.0,inf,Dead Stock
27442,32,18.99,607.68,0.0,inf,Dead Stock
27443,42,49.99,2099.58,0.0,inf,Dead Stock
27444,30,24.99,749.6999999999999,0.0,inf,Dead Stock
27460,643,9.99,6423.57,193.0,3.33160621761658,Slow Moving
27461,1729,8.99,15543.710000000001,2074.0,0.8336547733847638,Normal
27472,272,12.989999999999998,3533.2799999999997,63.0,4.317460317460317,Slow Moving
27473,325,14.99,4871.75,0.0,inf,Dead Stock
27474,285,14.99,4272.15,0.0,inf,Dead Stock
27480,136,38.99,5302.64,0.0,inf,Dead Stock
27481,24,94.99,2279.7599999999998,0.0,inf,Dead Stock
27483,72,49.99,3599.28,0.0,inf,Dead Stock
27484,4,199.99,799.96,0.0,inf,Dead Stock
27489,4,34.99,139.96,0.0,inf,Dead Stock
27492,86,21.990000000000002,1891.14,0.0,inf,Dead Stock
27493,102,21.99,2242.98,0.0,inf,Dead Stock
27494,136,18.99,2582.64,0.0,inf,Dead Stock
27496,12,11.99,143.88,0.0,inf,Dead Stock
27497,12,13.99,167.88,0.0,inf,Dead Stock
27502,303,14.99,4541.97,0.0,inf,Dead Stock
27503,628,11.99,7529.72,133.0,4.7218045112781954,Slow Moving
27504,304,14.99,4556.96,0.0,inf,Dead Stock
27506,234,24.99,5847.66,0.0,inf,Dead Stock
27512,711,22.99,16345.89,217.0,3.2764976958525347,Slow Moving
27513,61,34.99,2134.3900000000003,0.0,inf,Dead Stock
27514,516,17.99,9282.839999999998,75.0,6.88,Slow Moving
27515,560,13.990000000000002,7834.4000000000015,152.0,3.6842105263157894,Slow Moving
27516,12,569.99,6839.88,0.0,inf,Dead Stock
27520,672,12.49,8393.28,0.0,inf,Dead Stock
27521,150,35.99,5398.5,0.0,inf,Dead Stock
27522,49,27.99,1371.51,0.0,inf,Dead Stock
27523,43,29.99,1289.57,0.0,inf,Dead Stock
27528,221,10.99,2428.79,101.0,2.1881188118811883,Slow Moving
27534,60,24.99,1499.3999999999999,0.0,inf,Dead Stock
27546,11,19.99,219.89,0.0,inf,Dead Stock
27549,1952,11.99,23404.48,0.0,inf,Dead Stock
27551,133,37.99,5052.67,0.0,inf,Dead Stock
27553,227,26.99,6126.73,0.0,inf,Dead Stock
27556,1853,12.990000000000002,24070.470000000005,14.0,132.35714285714286,Slow Moving
27558,72,54.99,3959.28,0.0,inf,Dead Stock
27562,8,159.99,1279.92,0.0,inf,Dead Stock
27563,23,62.989999999999995,1448.77,0.0,inf,Dead Stock
27566,33,41.99,1385.67,0.0,inf,Dead Stock
27567,1689,10.99,18562.11,129.0,13.093023255813954,Slow Moving
27569,60,24.99,1499.3999999999999,0.0,inf,Dead Stock
27572,12,30.99,371.88,0.0,inf,Dead Stock
27579,33,66.99,2210.6699999999996,6.0,5.5,Slow Moving
27581,184,14.99,2758.16,110.0,1.6727272727272726,Normal
27591,243,31.99,7773.57,57.0,4.2631578947368425,Slow Moving
27596,1301,7.989999999999999,10394.99,803.0,1.6201743462017435,Normal
27612,7,259.99,1819.93,0.0,inf,Dead Stock
27613,10,199.99,1999.9,0.0,inf,Dead Stock
27619,6,667.99,4007.94,0.0,inf,Dead Stock
27626,304,40.99,12460.960000000001,0.0,inf,Dead Stock
27627,65,26.99,1754.35,0.0,inf,Dead Stock
27644,844,9.99,8431.56,1204.0,0.7009966777408638,Normal
27650,85,17.49,1486.6499999999999,0.0,inf,Dead Stock
27662,0,12.99,0.0,0.0,inf,Dead Stock
27679,203,13.99,2839.9700000000003,57.0,3.56140350877193,Slow Moving
27689,166,14.99,2488.34,0.0,inf,Dead Stock
27693,41,76.99,3156.5899999999997,0.0,inf,Dead Stock
27694,17,76.99,1308.83,0.0,inf,Dead Stock
27695,42,64.99,2729.58,0.0,inf,Dead Stock
27696,138,28.99,4000.62,0.0,inf,Dead Stock
27697,165,14.99,2473.35,0.0,inf,Dead Stock
27698,17,72.99,1240.83,0.0,inf,Dead Stock
27699,232,24.99,5797.679999999999,0.0,inf,Dead Stock
27700,41,88.99,3648.5899999999997,0.0,inf,Dead Stock
27707,18,62.989999999999995,1133.82,0.0,inf,Dead Stock
27708,1008,18.99,19141.92,0.0,inf,Dead Stock
27723,121,24.99,3023.79,0.0,inf,Dead Stock
27724,111,24.99,2773.89,0.0,inf,Dead Stock
27735,4320,10.99,47476.8,979.0,4.412665985699694,Slow Moving
27746,165,69.99,11548.349999999999,0.0,inf,Dead Stock
27747,116,44.99,5218.84,0.0,inf,Dead Stock
27749,160,39.99,6398.400000000001,0.0,inf,Dead Stock
27750,155,32.99,5113.450000000001,0.0,inf,Dead Stock
27758,2,13.99,27.98,0.0,inf,Dead Stock
27763,19,159.99,3039.8100000000004,0.0,inf,Dead Stock
27764,148,37.99,5622.52,0.0,inf,Dead Stock
27765,100,34.99,3499.0,0.0,inf,Dead Stock
27769,240,19.99,4797.599999999999,0.0,inf,Dead Stock
27773,23,99.99,2299.77,0.0,inf,Dead Stock
27774,57,32.99,1880.43,0.0,inf,Dead Stock
27775,56,34.99,1959.44,0.0,inf,Dead Stock
27778,56,39.99,2239.44,0.0,inf,Dead Stock
27780,20,46.99,939.8000000000001,0.0,inf,Dead Stock
27781,21,29.99,629.79,0.0,inf,Dead Stock
27782,53,34.99,1854.47,0.0,inf,Dead Stock
27783,25,31.99,799.75,0.0,inf,Dead Stock
27784,27,34.99,944.73,0.0,inf,Dead Stock
27785,16,29.99,479.84,0.0,inf,Dead Stock
27786,23,39.99,919.7700000000001,0.0,inf,Dead Stock
27787,12,134.99,1619.88,0.0,inf,Dead Stock
27789,10,79.99,799.9,0.0,inf,Dead Stock
27790,18,69.99,1259.82,0.0,inf,Dead Stock
27791,71,21.99,1561.29,0.0,inf,Dead Stock
27792,38,25.99,987.6199999999999,0.0,inf,Dead Stock
27793,41,29.99,1229.59,0.0,inf,Dead Stock
27794,21,35.99,755.7900000000001,0.0,inf,Dead Stock
27797,65,12.99,844.35,14.0,4.642857142857143,Slow Moving
27798,204,9.99,2037.96,40.0,5.1,Slow Moving
27799,435,29.99,13045.65,97.0,4.484536082474227,Slow Moving
27800,30,52.989999999999995,1589.6999999999998,0.0,inf,Dead Stock
27801,440,45.99,20235.600000000002,81.0,5.432098765432099,Slow Moving
27802,513,24.49,12563.369999999999,129.0,3.9767441860465116,Slow Moving
27805,23,59.989999999999995,1379.77,0.0,inf,Dead Stock
27806,19,37.99,721.8100000000001,0.0,inf,Dead Stock
27807,164,6.99,1146.3600000000001,129.0,1.2713178294573644,Normal
27808,1520,7.989999999999999,12144.8,153.0,9.934640522875817,Slow Moving
27810,40,31.99,1279.6,0.0,inf,Dead Stock
27811,21,46.99,986.7900000000001,0.0,inf,Dead Stock
27813,629,13.99,8799.710000000001,441.0,1.4263038548752835,Normal
27816,17,21.99,373.83,0.0,inf,Dead Stock
27817,277,27.990000000000002,7753.2300000000005,521.0,0.5316698656429942,Normal
27826,20,48.99,979.8000000000001,0.0,inf,Dead Stock
27827,58,32.99,1913.42,0.0,inf,Dead Stock
27830,1218,19.99,24347.82,389.0,3.1311053984575836,Slow Moving
27831,2179,15.99,34842.21,551.0,3.954627949183303,Slow Moving
27835,1482,15.99,23697.18,566.0,2.618374558303887,Slow Moving
27849,188,13.99,2630.12,0.0,inf,Dead Stock
27850,100,14.99,1499.0,0.0,inf,Dead Stock
27851,118,18.99,2240.8199999999997,0.0,inf,Dead Stock
27852,178,14.99,2668.2200000000003,0.0,inf,Dead Stock
27853,205,13.99,2867.95,0.0,inf,Dead Stock
27854,2132,16.99,36222.68,1857.0,1.1480883144857297,Normal
27867,1389,7.99,11098.11,422.0,3.2914691943127963,Slow Moving
27868,75,89.99,6749.25,0.0,inf,Dead Stock
27870,196,15.99,3134.04,0.0,inf,Dead Stock
27871,100,16.99,1698.9999999999998,0.0,inf,Dead Stock
27872,1292,26.99,34871.079999999994,0.0,inf,Dead Stock
27873,55,39.99,2199.4500000000003,0.0,inf,Dead Stock
27874,1291,12.99,16770.09,0.0,inf,Dead Stock
27878,59,36.99,2182.4100000000003,0.0,inf,Dead Stock
27879,92,17.99,1655.08,0.0,inf,Dead Stock
27880,23,114.99,2644.77,0.0,inf,Dead Stock
27886,1339,14.99,20071.61,0.0,inf,Dead Stock
27900,7,7.99,55.93,0.0,inf,Dead Stock
27901,6,6.99,41.94,0.0,inf,Dead Stock
27911,328,15.99,5244.72,47.0,6.9787234042553195,Slow Moving
27924,42,55.99,2351.58,0.0,inf,Dead Stock
27925,42,58.99,2477.58,0.0,inf,Dead Stock
27926,168,23.99,4030.3199999999997,0.0,inf,Dead Stock
27932,304,17.99,5468.959999999999,59.0,5.1525423728813555,Slow Moving
27969,167,36.99,6177.33,0.0,inf,Dead Stock
27973,4,17.99,71.96,0.0,inf,Dead Stock
27988,11,18.99,208.89,0.0,inf,Dead Stock
27989,30,469.98999999999995,14099.699999999999,0.0,inf,Dead Stock
28005,30,84.99,2549.7,0.0,inf,Dead Stock
28006,42,69.99,2939.58,0.0,inf,Dead Stock
28007,120,18.99,2278.7999999999997,0.0,inf,Dead Stock
28029,120,29.99,3598.7999999999997,0.0,inf,Dead Stock
28038,23,5.49,126.27000000000001,72.0,0.3194444444444444,Fast Moving
28039,56,8.99,503.44,77.0,0.7272727272727273,Normal
28050,56,16.99,951.4399999999999,0.0,inf,Dead Stock
28069,2024,9.99,20219.760000000002,1512.0,1.3386243386243386,Normal
28070,455,9.99,4545.45,265.0,1.7169811320754718,Normal
28081,698,8.99,6275.02,475.0,1.4694736842105263,Normal
28092,676,14.99,10133.24,509.0,1.3280943025540275,Normal
28114,1012,16.99,17193.879999999997,356.0,2.842696629213483,Slow Moving
28122,202,21.99,4441.98,75.0,2.6933333333333334,Slow Moving
28138,1927,9.99,19250.73,1507.0,1.278699402786994,Normal
28146,197,11.99,2362.03,26.0,7.576923076923077,Slow Moving
28147,1792,10.99,19694.08,1921.0,0.9328474752732951,Normal
28155,116,16.99,1970.84,8.0,14.5,Slow Moving
28156,352,13.99,4924.4800000000005,159.0,2.2138364779874213,Slow Moving
28162,368,12.990000000000002,4780.320000000001,52.0,7.076923076923077,Slow Moving
28163,1874,11.99,22469.260000000002,504.0,3.7182539682539684,Slow Moving
28214,602,11.99,7217.9800000000005,212.0,2.839622641509434,Slow Moving
28223,264,15.99,4221.36,36.0,7.333333333333333,Slow Moving
28238,257,10.99,2824.43,158.0,1.6265822784810127,Normal
28239,329,12.99,4273.71,170.0,1.9352941176470588,Normal
28252,7,16.99,118.92999999999999,16.0,0.4375,Fast Moving
28258,668,7.99,5337.32,236.0,2.830508474576271,Slow Moving
28260,1149,7.99,9180.51,584.0,1.9674657534246576,Normal
28262,813,7.99,6495.87,352.0,2.309659090909091,Slow Moving
28266,226,7.99,1805.74,60.0,3.7666666666666666,Slow Moving
28272,6,7.79,46.74,18.0,0.3333333333333333,Fast Moving
28275,21,5.99,125.79,0.0,inf,Dead Stock
28312,168,6.99,1174.32,328.0,0.5121951219512195,Normal
28313,24,3.99,95.76,24.0,1.0,Normal
28316,14,7.99,111.86,4.0,3.5,Slow Moving
28317,10,7.99,79.9,2.0,5.0,Slow Moving
28323,27,7.49,202.23000000000002,1.0,27.0,Slow Moving
28457,8,17.99,143.92,777.0,0.010296010296010296,Fast Moving
28474,1388,12.99,18030.12,460.0,3.017391304347826,Slow Moving
28497,235,11.99,2817.65,70.0,3.357142857142857,Slow Moving
28538,15,14.99,224.85,3.0,5.0,Slow Moving
28548,469,15.99,7499.31,336.0,1.3958333333333333,Normal
28565,10,12.99,129.9,0.0,inf,Dead Stock
28567,12,7.99,95.88,0.0,inf,Dead Stock
28578,36,11.99,431.64,19.0,1.894736842105263,Normal
28579,1968,7.989999999999999,15724.319999999998,631.0,3.1188589540412046,Slow Moving
28580,590,24.99,14744.099999999999,206.0,2.8640776699029127,Slow Moving
28606,161,9.99,1608.39,69.0,2.3333333333333335,Slow Moving
28639,21,12.99,272.79,0.0,inf,Dead Stock
28658,2903,8.99,26097.97,1056.0,2.7490530303030303,Slow Moving
28681,979,10.99,10759.210000000001,224.0,4.370535714285714,Slow Moving
28682,793,10.99,8715.07,299.0,2.652173913043478,Slow Moving
28690,130,10.99,1428.7,136.0,0.9558823529411765,Normal
28736,372,5.99,2228.28,301.0,1.2358803986710964,Normal
28753,36,8.99,323.64,24.0,1.5,Normal
28775,494,12.989999999999998,6417.0599999999995,435.0,1.1356321839080459,Normal
28856,2166,19.95,43211.7,714.0,3.033613445378151,Slow Moving
28887,265,12.99,3442.35,166.0,1.5963855421686748,Normal
28888,255,11.99,3057.4500000000003,218.0,1.1697247706422018,Normal
28889,569,15.49,8813.81,986.0,0.577079107505071,Normal
28890,397,14.99,5951.03,391.0,1.0153452685421995,Normal
28919,220,9.99,2197.8,116.0,1.896551724137931,Normal
28920,4,4.99,19.96,0.0,inf,Dead Stock
28943,34,15.99,543.66,12.0,2.8333333333333335,Slow Moving
28946,422,29.99,12655.779999999999,78.0,5.410256410256411,Slow Moving
28947,4470,8.99,40185.3,1737.0,2.5734024179620034,Slow Moving
28954,26,38.99,1013.74,0.0,inf,Dead Stock
28980,182,154.99,28208.18,1.0,182.0,Slow Moving
28983,458,14.99,6865.42,76.0,6.026315789473684,Slow Moving
28984,211,19.99,4217.889999999999,24.0,8.791666666666666,Slow Moving
29039,114,47.99,5470.860000000001,30.0,3.8,Slow Moving
29077,422,14.99,6325.78,188.0,2.24468085106383,Slow Moving
29081,363,9.99,3626.37,116.0,3.1293103448275863,Slow Moving
29112,205,28.99,5942.95,61.0,3.360655737704918,Slow Moving
29118,342,9.989999999999998,3416.5799999999995,174.0,1.9655172413793103,Normal
29128,706,5.99,4228.9400000000005,608.0,1.1611842105263157,Normal
29129,104,9.99,1038.96,44.0,2.3636363636363638,Slow Moving
29130,32,5.989999999999999,191.67999999999998,0.0,inf,Dead Stock
29131,14,5.99,83.86,1.0,14.0,Slow Moving
29155,12,5.49,65.88,0.0,inf,Dead Stock
29169,849,17.99,15273.509999999998,1351.0,0.6284233900814211,Normal
29182,195,13.99,2728.05,67.0,2.91044776119403,Slow Moving
29192,217,27.99,6073.83,75.0,2.8933333333333335,Slow Moving
29201,12,9.49,113.88,0.0,inf,Dead Stock
29202,11,5.49,60.39,0.0,inf,Dead Stock
29203,12,9.49,113.88,0.0,inf,Dead Stock
29204,17,5.49,93.33,0.0,inf,Dead Stock
29205,9,9.49,85.41,1.0,9.0,Slow Moving
29207,7,8.49,59.43,0.0,inf,Dead Stock
29212,2938,8.99,26412.62,1152.0,2.5503472222222223,Slow Moving
29248,6725,9.99,67182.75,3013.0,2.2319946896780616,Slow Moving
29352,396,18.99,7520.039999999999,135.0,2.933333333333333,Slow Moving
29353,367,27.99,10272.33,68.0,5.397058823529412,Slow Moving
29371,145,27.99,4058.5499999999997,53.0,2.7358490566037736,Slow Moving
29400,181,20.99,3799.1899999999996,57.0,3.175438596491228,Slow Moving
29407,1097,15.99,17541.03,310.0,3.5387096774193547,Slow Moving
29427,15,66.99,1004.8499999999999,31.0,0.4838709677419355,Fast Moving
29431,85,54.99000000000001,4674.150000000001,299.0,0.2842809364548495,Fast Moving
29433,194,19.99,3878.0599999999995,44.0,4.409090909090909,Slow Moving
29434,148,24.99,3698.52,27.0,5.481481481481482,Slow Moving
29461,140,8.99,1258.6000000000001,86.0,1.627906976744186,Normal
29469,30,13.99,419.7,18.0,1.6666666666666667,Normal
29470,14,169.99,2379.86,1.0,14.0,Slow Moving
29472,24,8.99,215.76,3.0,8.0,Slow Moving
29473,23,8.99,206.77,0.0,inf,Dead Stock
29477,689,8.99,6194.110000000001,239.0,2.8828451882845187,Slow Moving
29489,273,19.99,5457.2699999999995,77.0,3.5454545454545454,Slow Moving
29554,8,41.99,335.92,0.0,inf,Dead Stock
29558,12,7.99,95.88,2.0,6.0,Slow Moving
29616,379,13.99,5302.21,217.0,1.7465437788018434,Normal
29619,581,15.99,9290.19,183.0,3.1748633879781423,Slow Moving
29620,141,12.99,1831.59,19.0,7.421052631578948,Slow Moving
29621,306,13.99,4280.9400000000005,117.0,2.6153846153846154,Slow Moving
29646,159,12.99,2065.41,115.0,1.382608695652174,Normal
29649,584,13.99,8170.16,195.0,2.994871794871795,Slow Moving
29650,152,10.99,1670.48,106.0,1.4339622641509433,Normal
29691,253,11.99,3033.4700000000003,125.0,2.024,Slow Moving
29696,15,20.99,314.84999999999997,56.0,0.26785714285714285,Fast Moving
29714,87,8.99,782.13,3.0,29.0,Slow Moving
29810,325,16.99,5521.749999999999,93.0,3.4946236559139785,Slow Moving
29835,1109,7.99,8860.91,645.0,1.7193798449612403,Normal
29902,14,21.99,307.85999999999996,0.0,inf,Dead Stock
29942,274,12.990000000000002,3559.2600000000007,166.0,1.6506024096385543,Normal
29955,219,7.99,1749.81,48.0,4.5625,Slow Moving
29996,1307,16.99,22205.929999999997,440.0,2.9704545454545452,Slow Moving
30039,0,44.49,0.0,0.0,inf,Dead Stock
30117,0,44.49,0.0,0.0,inf,Dead Stock
30602,1960,12.99,25460.4,218.0,8.990825688073395,Slow Moving
30656,626,17.99,11261.74,211.0,2.9668246445497632,Slow Moving
30713,141,18.99,2677.5899999999997,34.0,4.147058823529412,Slow Moving
30735,351,28.99,10175.49,68.0,5.161764705882353,Slow Moving
31045,64,59.989999999999995,3839.3599999999997,10.0,6.4,Slow Moving
31070,433,31.989999999999995,13851.669999999998,135.0,3.2074074074074073,Slow Moving
31075,21,29.99,629.79,54.0,0.3888888888888889,Fast Moving
31083,2022,28.99,58617.78,115.0,17.582608695652173,Slow Moving
31086,20,14.99,299.8,0.0,inf,Dead Stock
31119,410,44.99,18445.9,47.0,8.72340425531915,Slow Moving
31120,134,28.99,3884.66,17.0,7.882352941176471,Slow Moving
31157,17,24.99,424.83,1.0,17.0,Slow Moving
31160,565,21.99,12424.349999999999,290.0,1.9482758620689655,Normal
31163,440,13.99,6155.6,147.0,2.993197278911565,Slow Moving
31172,400,16.99,6795.999999999999,64.0,6.25,Slow Moving
31176,11,69.99,769.89,3.0,3.6666666666666665,Slow Moving
31186,673,15.99,10761.27,660.0,1.0196969696969698,Normal
31194,114,24.99,2848.8599999999997,4.0,28.5,Slow Moving
31195,220,29.99,6597.799999999999,37.0,5.945945945945946,Slow Moving
31200,657,20.99,13790.429999999998,270.0,2.433333333333333,Slow Moving
31201,1187,8.99,10671.130000000001,368.0,3.2255434782608696,Slow Moving
31202,1230,8.99,11057.7,154.0,7.987012987012987,Slow Moving
31203,1042,8.99,9367.58,231.0,4.510822510822511,Slow Moving
31204,446,8.99,4009.54,48.0,9.291666666666666,Slow Moving
31231,1154,9.99,11528.460000000001,722.0,1.5983379501385042,Normal
31233,324,10.99,3560.76,199.0,1.6281407035175879,Normal
31277,20,15.99,319.8,940.0,0.02127659574468085,Fast Moving
31318,212,13.99,2965.88,63.0,3.365079365079365,Slow Moving
31320,1352,6.99,9450.48,388.0,3.484536082474227,Slow Moving
31323,20,15.99,319.8,0.0,inf,Dead Stock
31345,64,22.99,1471.36,70.0,0.9142857142857143,Normal
31346,205,10.99,2252.95,63.0,3.253968253968254,Slow Moving
31347,228,10.99,2505.7200000000003,97.0,2.350515463917526,Slow Moving
31349,925,7.99,7390.75,965.0,0.9585492227979274,Normal
31356,446,79.99,35675.54,65.0,6.861538461538461,Slow Moving
31384,493,29.99,14785.07,136.0,3.625,Slow Moving
31419,215,11.99,2577.85,61.0,3.5245901639344264,Slow Moving
31452,519,7.99,4146.81,227.0,2.2863436123348015,Slow Moving
31454,1007,6.99,7038.93,807.0,1.2478314745972738,Normal
31456,586,7.99,4682.14,259.0,2.2625482625482625,Slow Moving
31458,439,7.99,3507.61,204.0,2.1519607843137254,Slow Moving
31465,1221,17.99,21965.789999999997,2399.0,0.5089620675281368,Normal
31466,739,21.99,16250.609999999999,157.0,4.707006369426751,Slow Moving
31487,2468,6.950000000000001,17152.600000000002,1307.0,1.8882938026013771,Normal
31488,1422,4.99,7095.780000000001,1254.0,1.1339712918660287,Normal
31489,2983,10.99,32783.17,1579.0,1.889170360987967,Normal
31493,905,4.99,4515.95,807.0,1.1214374225526642,Normal
31494,2197,10.99,24145.03,1004.0,2.1882470119521913,Slow Moving
31496,40,4.99,199.60000000000002,12.0,3.3333333333333335,Slow Moving
31497,462,10.99,5077.38,303.0,1.5247524752475248,Normal
31500,619,4.99,3088.81,357.0,1.7338935574229692,Normal
31501,170,10.99,1868.3,117.0,1.452991452991453,Normal
31502,14,4.99,69.86,24.0,0.5833333333333334,Normal
31503,6,10.99,65.94,0.0,inf,Dead Stock
31524,338,8.99,3038.62,67.0,5.044776119402985,Slow Moving
31541,719,21.99,15810.81,333.0,2.159159159159159,Slow Moving
31542,2452,24.99,61275.479999999996,350.0,7.005714285714285,Slow Moving
31558,776,13.99,10856.24,576.0,1.3472222222222223,Normal
31561,133,22.99,3057.6699999999996,78.0,1.705128205128205,Normal
31573,309,9.99,3086.91,77.0,4.012987012987013,Slow Moving
31581,266,16.99,4519.339999999999,95.0,2.8,Slow Moving
31618,550,11.99,6594.5,352.0,1.5625,Normal
31621,268,10.99,2945.32,41.0,6.536585365853658,Slow Moving
31787,141,16.99,2395.5899999999997,234.0,0.6025641025641025,Normal
31788,8,7.99,63.92,6.0,1.3333333333333333,Normal
31790,211,9.99,2107.89,141.0,1.49645390070922,Normal
31796,202,10.99,2219.98,117.0,1.7264957264957266,Normal
31847,227,32.99,7488.7300000000005,42.0,5.404761904761905,Slow Moving
31866,1428,15.99,22833.72,637.0,2.241758241758242,Slow Moving
31873,15,16.99,254.84999999999997,28.0,0.5357142857142857,Normal
31909,1369,17.99,24628.309999999998,791.0,1.7307206068268015,Normal
31910,232,9.99,2317.68,118.0,1.9661016949152543,Normal
31915,2311,12.99,30019.89,1554.0,1.4871299871299872,Normal
31971,660,8.99,5933.400000000001,562.0,1.1743772241992882,Normal
32054,1165,9.99,11638.35,416.0,2.800480769230769,Slow Moving
32055,645,10.99,7088.55,49.0,13.16326530612245,Slow Moving
32065,3,6.99,20.97,113.0,0.02654867256637168,Fast Moving
32074,295,12.989999999999998,3832.0499999999997,112.0,2.6339285714285716,Slow Moving
32084,1949,26.99,52603.509999999995,179.0,10.888268156424582,Slow Moving
32090,490,26.99,13225.099999999999,182.0,2.6923076923076925,Slow Moving
32107,360,12.99,4676.4,179.0,2.011173184357542,Slow Moving
32108,1790,15.99,28622.100000000002,934.0,1.9164882226980728,Normal
32136,59,44.99,2654.4100000000003,31.0,1.903225806451613,Normal
32137,434,15.99,6939.66,166.0,2.6144578313253013,Slow Moving
32138,441,13.989999999999998,6169.589999999999,205.0,2.151219512195122,Slow Moving
32203,417,12.99,5416.83,182.0,2.291208791208791,Slow Moving
32263,3533,14.99,52959.67,1016.0,3.4773622047244093,Slow Moving
32294,329,4.49,1477.21,357.0,0.9215686274509803,Normal
32296,51,16.99,866.4899999999999,2.0,25.5,Slow Moving
32303,109,11.99,1306.91,33.0,3.303030303030303,Slow Moving
32338,149,24.99,3723.5099999999998,17.0,8.764705882352942,Slow Moving
32367,653,6.990000000000001,4564.470000000001,549.0,1.1894353369763206,Normal
32368,3314,9.99,33106.86,692.0,4.789017341040463,Slow Moving
32479,2502,10.99,27496.98,291.0,8.597938144329897,Slow Moving
32508,304,21.99,6684.959999999999,116.0,2.6206896551724137,Slow Moving
32514,20,17.99,359.79999999999995,0.0,inf,Dead Stock
32545,815,16.99,13846.849999999999,533.0,1.5290806754221389,Normal
32546,694,21.99,15261.06,486.0,1.4279835390946503,Normal
32592,91,18.99,1728.09,85.0,1.0705882352941176,Normal
32604,371,9.99,3706.29,84.0,4.416666666666667,Slow Moving
32619,152,20.99,3190.4799999999996,53.0,2.8679245283018866,Slow Moving
32648,2364,7.99,18888.36,1820.0,1.298901098901099,Normal
32649,1038,7.99,8293.62,531.0,1.9548022598870056,Normal
32650,670,8.99,6023.3,116.0,5.775862068965517,Slow Moving
32652,964,6.99,6738.360000000001,303.0,3.1815181518151814,Slow Moving
32656,21,5.99,125.79,0.0,inf,Dead Stock
32670,244,6.99,1705.56,65.0,3.753846153846154,Slow Moving
32675,1780,7.99,14222.2,343.0,5.189504373177843,Slow Moving
32679,327,7.99,2612.73,85.0,3.847058823529412,Slow Moving
32749,2217,9.99,22147.83,905.0,2.4497237569060775,Slow Moving
32796,577,19.99,11534.23,251.0,2.298804780876494,Slow Moving
32803,79,26.99,2132.21,11.0,7.181818181818182,Slow Moving
32805,231,26.99,6234.69,35.0,6.6,Slow Moving
32807,88,12.99,1143.1200000000001,29.0,3.0344827586206895,Slow Moving
32809,338,12.99,4390.62,54.0,6.2592592592592595,Slow Moving
32826,2536,32.95,83561.20000000001,698.0,3.63323782234957,Slow Moving
32827,203,29.989999999999995,6087.969999999999,31.0,6.548387096774194,Slow Moving
32831,1860,11.99,22301.4,4031.0,0.4614239642768544,Fast Moving
32832,8,29.99,239.92,445.0,0.017977528089887642,Fast Moving
32835,294,17.99,5289.0599999999995,53.0,5.547169811320755,Slow Moving
32900,37,119.99,4439.63,12.0,3.0833333333333335,Slow Moving
32906,3985,9.99,39810.15,3602.0,1.1063298167684619,Normal
32907,4943,7.99,39494.57,3798.0,1.3014744602422328,Normal
32908,3129,9.99,31258.71,1804.0,1.7344789356984478,Normal
32915,1768,14.99,26502.32,1027.0,1.7215189873417722,Normal
32924,1718,46.99,80728.82,559.0,3.073345259391771,Slow Moving
32968,913,13.99,12772.87,1062.0,0.85969868173258,Normal
32969,653,13.99,9135.47,783.0,0.8339719029374202,Normal
32988,1028,4.99,5129.72,631.0,1.6291600633914423,Normal
32989,2087,10.99,22936.13,813.0,2.5670356703567037,Slow Moving
33028,280,49.99,13997.2,41.0,6.829268292682927,Slow Moving
33032,469,27.99,13127.31,272.0,1.724264705882353,Normal
33035,168,8.99,1510.32,81.0,2.074074074074074,Slow Moving
33037,1329,18.99,25237.71,249.0,5.337349397590361,Slow Moving
33038,1692,18.99,32131.079999999998,139.0,12.172661870503598,Slow Moving
33039,1369,18.99,25997.309999999998,160.0,8.55625,Slow Moving
33052,39,54.99,2144.61,0.0,inf,Dead Stock
33055,375,8.99,3371.25,209.0,1.7942583732057416,Normal
33067,40,8.99,359.6,0.0,inf,Dead Stock
33075,132,16.99,2242.68,69.0,1.9130434782608696,Normal
33111,62,12.99,805.38,0.0,inf,Dead Stock
33115,15,12.99,194.85,0.0,inf,Dead Stock
33143,991,8.99,8909.09,647.0,1.5316846986089645,Normal
33147,24,12.99,311.76,2.0,12.0,Slow Moving
33148,1138,9.99,11368.62,195.0,5.835897435897436,Slow Moving
33149,3801,8.99,34170.99,3459.0,1.0988725065047702,Normal
33204,2,19.99,39.98,3.0,0.6666666666666666,Normal
33206,103,16.99,1749.9699999999998,23.0,4.478260869565218,Slow Moving
33209,13,5.29,68.77,24.0,0.5416666666666666,Normal
33210,163,8.49,1383.8700000000001,208.0,0.7836538461538461,Normal
33211,40,5.29,211.6,12.0,3.3333333333333335,Slow Moving
33212,184,8.49,1562.16,236.0,0.7796610169491526,Normal
33213,22,5.29,116.38,98.0,0.22448979591836735,Fast Moving
33214,73,8.49,619.77,209.0,0.3492822966507177,Fast Moving
33215,37,5.29,195.73,0.0,inf,Dead Stock
33216,132,8.49,1120.68,39.0,3.3846153846153846,Slow Moving
33265,159,10.99,1747.41,89.0,1.7865168539325842,Normal
33267,397,19.99,7936.03,58.0,6.844827586206897,Slow Moving
33278,545,8.99,4899.55,270.0,2.0185185185185186,Slow Moving
33307,225,15.989999999999998,3597.7499999999995,62.0,3.629032258064516,Slow Moving
33325,20,5.99,119.80000000000001,0.0,inf,Dead Stock
33326,264,5.989999999999999,1581.36,61.0,4.327868852459017,Slow Moving
33331,107,8.99,961.9300000000001,0.0,inf,Dead Stock
33333,14,8.99,125.86,0.0,inf,Dead Stock
33334,516,8.99,4638.84,245.0,2.1061224489795918,Slow Moving
33348,1062,10.99,11671.380000000001,237.0,4.481012658227848,Slow Moving
33370,483,38.99,18832.170000000002,53.0,9.11320754716981,Slow Moving
33441,298,36.99,11023.02,21.0,14.19047619047619,Slow Moving
33446,287,6.29,1805.23,128.0,2.2421875,Slow Moving
33513,56,12.99,727.44,0.0,inf,Dead Stock
33573,230,14.99,3447.7000000000003,126.0,1.8253968253968254,Normal
33574,140,17.99,2518.6,54.0,2.5925925925925926,Slow Moving
33578,224,14.99,3357.76,41.0,5.463414634146342,Slow Moving
33579,498,15.99,7963.02,208.0,2.394230769230769,Slow Moving
33581,334,10.99,3670.66,44.0,7.590909090909091,Slow Moving
33582,4149,9.99,41448.51,888.0,4.672297297297297,Slow Moving
33587,193,32.99,6367.070000000001,72.0,2.6805555555555554,Slow Moving
33672,290,10.99,3187.1,114.0,2.543859649122807,Slow Moving
33682,574,20.99,12048.259999999998,360.0,1.5944444444444446,Normal
33683,738,20.99,15490.619999999999,239.0,3.087866108786611,Slow Moving
33684,375,20.99,7871.249999999999,102.0,3.676470588235294,Slow Moving
33685,12,8.99,107.88,0.0,inf,Dead Stock
33706,114,7.99,910.86,75.0,1.52,Normal
33707,10,7.989999999999999,79.89999999999999,2.0,5.0,Slow Moving
33717,313,46.99,14707.87,8.0,39.125,Slow Moving
33719,202,32.99,6663.9800000000005,8.0,25.25,Slow Moving
33731,1836,12.99,23849.64,209.0,8.78468899521531,Slow Moving
33734,481,17.99,8653.189999999999,6.0,80.16666666666667,Slow Moving
33735,84,45.99,3863.1600000000003,0.0,inf,Dead Stock
33765,22,62.99,1385.78,1.0,22.0,Slow Moving
33767,247,11.990000000000002,2961.5300000000007,45.0,5.488888888888889,Slow Moving
33768,318,24.990000000000002,7946.820000000001,38.0,8.368421052631579,Slow Moving
33819,369,15.99,5900.31,138.0,2.6739130434782608,Slow Moving
33873,1354,6.49,8787.460000000001,598.0,2.2642140468227425,Slow Moving
33874,1796,10.99,19738.04,3291.0,0.5457307809176543,Normal
33879,209,9.99,2087.91,96.0,2.1770833333333335,Slow Moving
33923,15,90.99,1364.85,0.0,inf,Dead Stock
33930,4,24.99,99.96,1.0,4.0,Slow Moving
33953,358,11.99,4292.42,137.0,2.613138686131387,Slow Moving
33960,351,15.99,5612.49,122.0,2.877049180327869,Slow Moving
33961,128,79.99,10238.72,12.0,10.666666666666666,Slow Moving
33963,206,11.99,2469.94,603.0,0.3416252072968491,Fast Moving
33965,244,21.99,5365.5599999999995,154.0,1.5844155844155845,Normal
33966,69,50.99,3518.31,4.0,17.25,Slow Moving
33967,21,41.99,881.7900000000001,4.0,5.25,Slow Moving
33971,55,28.99,1594.4499999999998,3.0,18.333333333333332,Slow Moving
33982,191,15.99,3054.09,206.0,0.9271844660194175,Normal
33987,294,9.99,2937.06,46.0,6.391304347826087,Slow Moving
33988,682,9.99,6813.18,167.0,4.083832335329341,Slow Moving
34014,196,59.989999999999995,11758.039999999999,26.0,7.538461538461538,Slow Moving
34020,169,18.99,3209.31,62.0,2.725806451612903,Slow Moving
34060,297,13.990000000000002,4155.030000000001,124.0,2.3951612903225805,Slow Moving
34074,6,42.99,257.94,0.0,inf,Dead Stock
34082,11,15.99,175.89000000000001,24.0,0.4583333333333333,Fast Moving
34101,16,22.99,367.84,0.0,inf,Dead Stock
34123,307,3.99,1224.93,93.0,3.3010752688172045,Slow Moving
34133,1056,10.99,11605.44,2439.0,0.43296432964329645,Fast Moving
34134,1195,10.99,13133.050000000001,2870.0,0.4163763066202091,Fast Moving
34135,1,10.99,10.99,6.0,0.16666666666666666,Fast Moving
34136,15,10.99,164.85,0.0,inf,Dead Stock
34137,780,9.99,7792.2,265.0,2.943396226415094,Slow Moving
34138,369,9.99,3686.31,89.0,4.146067415730337,Slow Moving
34144,179,59.989999999999995,10738.21,0.0,inf,Dead Stock
34153,35,13.49,472.15000000000003,10.0,3.5,Slow Moving
34175,1746,11.99,20934.54,563.0,3.1012433392539966,Slow Moving
34219,395,16.99,6711.049999999999,90.0,4.388888888888889,Slow Moving
34333,29,9.99,289.71,1.0,29.0,Slow Moving
34339,22,6.99,153.78,0.0,inf,Dead Stock
34388,178,16.99,3024.22,23.0,7.739130434782608,Slow Moving
34393,710,11.99,8512.9,199.0,3.5678391959798996,Slow Moving
34395,10,11.99,119.9,0.0,inf,Dead Stock
34427,1820,20.99,38201.799999999996,395.0,4.6075949367088604,Slow Moving
34428,2163,15.99,34586.37,703.0,3.076813655761024,Slow Moving
34429,524,16.99,8902.759999999998,242.0,2.165289256198347,Slow Moving
34430,497,20.99,10432.029999999999,162.0,3.067901234567901,Slow Moving
34431,622,19.99,12433.779999999999,264.0,2.356060606060606,Slow Moving
34439,954,15.989999999999998,15254.46,454.0,2.101321585903084,Slow Moving
34460,1174,12.99,15250.26,821.0,1.4299634591961023,Normal
34472,16,6.99,111.84,0.0,inf,Dead Stock
34473,13,14.99,194.87,4.0,3.25,Slow Moving
34474,10,7.99,79.9,6.0,1.6666666666666667,Normal
34501,18,9.99,179.82,12.0,1.5,Normal
34504,682,14.99,10223.18,213.0,3.2018779342723005,Slow Moving
34507,38,7.99,303.62,25.0,1.52,Normal
34508,31,7.99,247.69,1.0,31.0,Slow Moving
34525,82,25.99,2131.18,47.0,1.7446808510638299,Normal
34532,101,13.99,1412.99,5.0,20.2,Slow Moving
34580,91,28.99,2638.0899999999997,38.0,2.3947368421052633,Slow Moving
34628,31,8.99,278.69,0.0,inf,Dead Stock
34635,94,8.99,845.0600000000001,120.0,0.7833333333333333,Normal
34637,5,649.99,3249.95,0.0,inf,Dead Stock
34646,2,8.49,16.98,12.0,0.16666666666666666,Fast Moving
34647,631,8.49,5357.1900000000005,294.0,2.1462585034013606,Slow Moving
34674,127,8.99,1141.73,58.0,2.189655172413793,Slow Moving
34693,0,17.99,0.0,0.0,inf,Dead Stock
34694,138,15.99,2206.62,22.0,6.2727272727272725,Slow Moving
34703,4,19.99,79.96,24.0,0.16666666666666666,Fast Moving
34733,13,23.99,311.87,0.0,inf,Dead Stock
34752,468,23.99,11227.32,73.0,6.410958904109589,Slow Moving
34763,387,11.99,4640.13,111.0,3.4864864864864864,Slow Moving
34777,30,46.99,1409.7,0.0,inf,Dead Stock
34792,0,27.99,0.0,0.0,inf,Dead Stock
34802,143,17.99,2572.5699999999997,11.0,13.0,Slow Moving
34803,37,17.99,665.63,6.0,6.166666666666667,Slow Moving
34822,24,7.49,179.76,0.0,inf,Dead Stock
34825,511,12.99,6637.89,148.0,3.4527027027027026,Slow Moving
34841,106,16.99,1800.9399999999998,11.0,9.636363636363637,Slow Moving
34842,84,19.99,1679.1599999999999,0.0,inf,Dead Stock
34850,488,12.99,6339.12,127.0,3.84251968503937,Slow Moving
34870,790,10.99,8682.1,254.0,3.1102362204724407,Slow Moving
34893,30,9.99,299.7,0.0,inf,Dead Stock
34903,3707,6.79,25170.53,1318.0,2.8125948406676784,Slow Moving
34904,3958,6.79,26874.82,1076.0,3.6784386617100373,Slow Moving
34905,3597,6.79,24423.63,739.0,4.867388362652233,Slow Moving
34906,254,6.790000000000001,1724.6600000000003,63.0,4.031746031746032,Slow Moving
34947,313,11.489999999999998,3596.3699999999994,172.0,1.819767441860465,Normal
34950,18,50.99,917.82,5.0,3.6,Slow Moving
34951,646,16.99,10975.539999999999,65.0,9.938461538461539,Slow Moving
34971,152,26.99,4102.48,47.0,3.234042553191489,Slow Moving
34982,21,18.99,398.78999999999996,4.0,5.25,Slow Moving
34998,289,16.99,4910.11,68.0,4.25,Slow Moving
35048,435,13.99,6085.650000000001,109.0,3.9908256880733943,Slow Moving
35049,337,12.99,4377.63,184.0,1.8315217391304348,Normal
35075,376,11.989999999999998,4508.24,27.0,13.925925925925926,Slow Moving
35088,381,9.99,3806.19,171.0,2.2280701754385963,Slow Moving
35103,537,9.99,5364.63,417.0,1.2877697841726619,Normal
35123,223,31.99,7133.7699999999995,37.0,6.027027027027027,Slow Moving
35130,641,7.99,5121.59,312.0,2.0544871794871793,Slow Moving
35180,11,7.99,87.89,0.0,inf,Dead Stock
35266,52,19.99,1039.48,10.0,5.2,Slow Moving
35268,0,25.99,0.0,0.0,inf,Dead Stock
35294,1357,4.99,6771.43,376.0,3.609042553191489,Slow Moving
35318,565,11.49,6491.85,92.0,6.141304347826087,Slow Moving
35319,663,17.49,11595.869999999999,43.0,15.418604651162791,Slow Moving
35358,12,13.49,161.88,34.0,0.35294117647058826,Fast Moving
35365,72,26.99,1943.28,0.0,inf,Dead Stock
35375,765,29.990000000000002,22942.350000000002,264.0,2.897727272727273,Slow Moving
35380,53,12.99,688.47,63.0,0.8412698412698413,Normal
35392,151,13.99,2112.4900000000002,15.0,10.066666666666666,Slow Moving
35393,739,13.99,10338.61,239.0,3.092050209205021,Slow Moving
35407,25,8.99,224.75,0.0,inf,Dead Stock
35411,1237,7.99,9883.630000000001,1061.0,1.165881244109331,Normal
35412,4927,8.95,44096.649999999994,1392.0,3.5395114942528734,Slow Moving
35413,1275,7.989999999999999,10187.25,1088.0,1.171875,Normal
35414,4188,8.95,37482.6,969.0,4.321981424148607,Slow Moving
35430,79,26.99,2132.21,0.0,inf,Dead Stock
35442,2935,14.99,43995.65,1432.0,2.0495810055865924,Slow Moving
35464,2329,48.99,114097.71,349.0,6.673352435530086,Slow Moving
35471,1872,7.99,14957.28,450.0,4.16,Slow Moving
35472,4385,8.99,39421.15,1836.0,2.3883442265795205,Slow Moving
35480,14,19.99,279.85999999999996,3.0,4.666666666666667,Slow Moving
35490,300,11.99,3597.0,69.0,4.3478260869565215,Slow Moving
35578,980,9.99,9790.2,340.0,2.8823529411764706,Slow Moving
35581,361,36.99,13353.390000000001,64.0,5.640625,Slow Moving
35589,14,11.99,167.86,0.0,inf,Dead Stock
35590,210,12.99,2727.9,82.0,2.5609756097560976,Slow Moving
35605,623,10.99,6846.77,226.0,2.756637168141593,Slow Moving
35606,518,9.99,5174.82,173.0,2.994219653179191,Slow Moving
35607,246,9.99,2457.54,147.0,1.6734693877551021,Normal
35644,10,11.99,119.9,6.0,1.6666666666666667,Normal
35646,282,18.99,5355.179999999999,58.0,4.862068965517241,Slow Moving
35650,381,16.99,6473.19,48.0,7.9375,Slow Moving
35663,38,6.29,239.02,2.0,19.0,Slow Moving
35664,991,9.99,9900.09,1086.0,0.9125230202578268,Normal
35665,12,6.29,75.48,0.0,inf,Dead Stock
35666,1197,9.99,11958.03,880.0,1.3602272727272726,Normal
35668,615,9.99,6143.85,193.0,3.1865284974093266,Slow Moving
35670,454,9.99,4535.46,225.0,2.017777777777778,Slow Moving
35709,233,12.99,3026.67,64.0,3.640625,Slow Moving
35716,30,56.99,1709.7,0.0,inf,Dead Stock
35747,203,13.99,2839.9700000000003,36.0,5.638888888888889,Slow Moving
35755,29,54.99,1594.71,7.0,4.142857142857143,Slow Moving
35756,27,54.99,1484.73,6.0,4.5,Slow Moving
35757,35,54.99,1924.65,0.0,inf,Dead Stock
35759,19,54.99,1044.81,11.0,1.7272727272727273,Normal
35800,20,11.99,239.8,192.0,0.10416666666666667,Fast Moving
35801,107,8.99,961.9300000000001,40.0,2.675,Slow Moving
35837,15,17.99,269.84999999999997,0.0,inf,Dead Stock
35860,12,8.99,107.88,0.0,inf,Dead Stock
35862,873,19.99,17451.27,358.0,2.4385474860335195,Slow Moving
35885,201,9.99,2007.99,52.0,3.8653846153846154,Slow Moving
35896,101,41.99,4240.99,8.0,12.625,Slow Moving
35905,25,41.99,1049.75,7.0,3.5714285714285716,Slow Moving
35910,103,19.99,2058.97,6.0,17.166666666666668,Slow Moving
35913,1862,8.99,16739.38,2765.0,0.6734177215189874,Normal
35914,1867,8.99,16784.33,3598.0,0.518899388549194,Normal
35916,1733,8.99,15579.67,2098.0,0.8260247855100096,Normal
35918,825,14.99,12366.75,945.0,0.873015873015873,Normal
35941,341,8.99,3065.59,116.0,2.939655172413793,Slow Moving
35959,537,54.99,29529.63,44.0,12.204545454545455,Slow Moving
35960,318,29.99,9536.82,30.0,10.6,Slow Moving
35962,128,39.99,5118.72,25.0,5.12,Slow Moving
35967,272,22.99,6253.28,21.0,12.952380952380953,Slow Moving
35972,156,12.99,2026.44,74.0,2.108108108108108,Slow Moving
35976,918,9.99,9170.82,368.0,2.494565217391304,Slow Moving
35977,12,14.99,179.88,2.0,6.0,Slow Moving
35989,28,1299.99,36399.72,0.0,inf,Dead Stock
35990,55,110.99,6104.45,0.0,inf,Dead Stock
35999,227,12.99,2948.73,57.0,3.982456140350877,Slow Moving
36000,118,12.99,1532.82,43.0,2.744186046511628,Slow Moving
36045,9,7.99,71.91,1.0,9.0,Slow Moving
36059,21,224.99,4724.79,0.0,inf,Dead Stock
36060,11,325.99,3585.8900000000003,0.0,inf,Dead Stock
36063,58,1099.99,63799.42,0.0,inf,Dead Stock
36065,22,252.99,5565.780000000001,6.0,3.6666666666666665,Slow Moving
36069,4,75.99,303.96,2.0,2.0,Normal
36070,46,357.99,16467.54,0.0,inf,Dead Stock
36071,17,427.99,7275.83,0.0,inf,Dead Stock
36072,9,81.99,737.91,0.0,inf,Dead Stock
36073,9,64.99,584.91,0.0,inf,Dead Stock
36075,12,698.9900000000001,8387.880000000001,0.0,inf,Dead Stock
36076,14,169.99,2379.86,1.0,14.0,Slow Moving
36078,24,407.99,9791.76,0.0,inf,Dead Stock
36079,2,81.99,163.98,4.0,0.5,Fast Moving
36080,95,196.99000000000004,18714.050000000003,0.0,inf,Dead Stock
36081,98,196.49,19256.02,3.0,32.666666666666664,Slow Moving
36087,140,37.99,5318.6,34.0,4.117647058823529,Slow Moving
36088,88,18.99,1671.12,1.0,88.0,Slow Moving
36100,246,29.99,7377.54,132.0,1.8636363636363635,Normal
36101,50,55.99,2799.5,23.0,2.1739130434782608,Slow Moving
36123,157,19.99,3138.43,58.0,2.706896551724138,Slow Moving
36135,16,26.99,431.84,0.0,inf,Dead Stock
36138,426,10.99,4681.74,104.0,4.096153846153846,Slow Moving
36139,176,13.99,2462.2400000000002,25.0,7.04,Slow Moving
36153,347,12.99,4507.53,107.0,3.2429906542056073,Slow Moving
36154,129,30.99,3997.7099999999996,41.0,3.1463414634146343,Slow Moving
36155,11,18.49,203.39,0.0,inf,Dead Stock
36161,750,8.99,6742.5,268.0,2.798507462686567,Slow Moving
36197,30,8.99,269.7,18.0,1.6666666666666667,Normal
36199,649,11.99,7781.51,181.0,3.585635359116022,Slow Moving
36200,713,11.989999999999998,8548.869999999999,140.0,5.0928571428571425,Slow Moving
36208,88,21.99,1935.12,0.0,inf,Dead Stock
36209,230,7.99,1837.7,63.0,3.6507936507936507,Slow Moving
36262,485,16.99,8240.15,189.0,2.566137566137566,Slow Moving
36267,124,14.99,1858.76,50.0,2.48,Slow Moving
36268,209,16.99,3550.91,94.0,2.223404255319149,Slow Moving
36284,1086,16.99,18451.14,187.0,5.807486631016043,Slow Moving
36306,45,22.99,1034.55,0.0,inf,Dead Stock
36307,12,22.99,275.88,2.0,6.0,Slow Moving
36344,460,12.99,5975.400000000001,190.0,2.4210526315789473,Slow Moving
36360,3,14.99,44.97,3.0,1.0,Normal
36370,2,6.99,13.98,97.0,0.020618556701030927,Fast Moving
36371,226,9.99,2257.7400000000002,44.0,5.136363636363637,Slow Moving
36376,177,15.99,2830.23,46.0,3.847826086956522,Slow Moving
36378,5161,10.99,56719.39,5371.0,0.9609011357289146,Normal
36380,6,9.99,59.94,3837.0,0.001563721657544957,Fast Moving
36383,314,14.99,4706.86,107.0,2.9345794392523366,Slow Moving
36386,248,14.99,3717.52,12.0,20.666666666666668,Slow Moving
36419,137,11.99,1642.63,68.0,2.014705882352941,Slow Moving
36435,44,9.49,417.56,0.0,inf,Dead Stock
36463,121,9.99,1208.79,1.0,121.0,Slow Moving
36473,796,14.99,11932.04,310.0,2.567741935483871,Slow Moving
36483,69,59.989999999999995,4139.3099999999995,11.0,6.2727272727272725,Slow Moving
36493,0,34.99,0.0,11.0,0.0,Fast Moving
36510,165,11.99,1978.3500000000001,47.0,3.5106382978723403,Slow Moving
36511,230,11.990000000000002,2757.7000000000003,116.0,1.9827586206896552,Normal
36523,2179,14.99,32663.21,964.0,2.2603734439834025,Slow Moving
36524,1672,14.989999999999998,25063.28,483.0,3.461697722567288,Slow Moving
36538,126,7.99,1006.74,0.0,inf,Dead Stock
36539,293,7.99,2341.07,31.0,9.451612903225806,Slow Moving
36540,6,7.99,47.94,0.0,inf,Dead Stock
36541,17,7.99,135.83,44.0,0.38636363636363635,Fast Moving
36543,4,19.99,79.96,453.0,0.008830022075055188,Fast Moving
36558,534,9.99,5334.66,213.0,2.507042253521127,Slow Moving
36570,272,69.99,19037.28,19.0,14.31578947368421,Slow Moving
36571,7,25.99,181.92999999999998,4.0,1.75,Normal
36572,10,29.99,299.9,16.0,0.625,Normal
36573,628,17.99,11297.72,70.0,8.971428571428572,Slow Moving
36579,282,5.99,1689.18,234.0,1.205128205128205,Normal
36620,478,16.99,8121.219999999999,68.0,7.029411764705882,Slow Moving
36623,464,28.99,13451.359999999999,63.0,7.365079365079365,Slow Moving
36625,192,21.99,4222.08,39.0,4.923076923076923,Slow Moving
36648,586,57.99,33982.14,174.0,3.367816091954023,Slow Moving
36653,26,7.989999999999999,207.73999999999998,12.0,2.1666666666666665,Slow Moving
36660,12,13.99,167.88,48.0,0.25,Fast Moving
36749,128,15.990000000000002,2046.7200000000003,4.0,32.0,Slow Moving
36750,616,7.99,4921.84,718.0,0.8579387186629527,Normal
36766,3,16.99,50.97,31.0,0.0967741935483871,Fast Moving
36770,4172,8.95,37339.399999999994,989.0,4.21840242669363,Slow Moving
36771,4126,8.95,36927.7,908.0,4.544052863436123,Slow Moving
36773,38,10.99,417.62,0.0,inf,Dead Stock
36826,44,43.99,1935.5600000000002,0.0,inf,Dead Stock
36843,190,15.99,3038.1,67.0,2.8358208955223883,Slow Moving
36844,199,12.99,2585.01,40.0,4.975,Slow Moving
36845,77,9.99,769.23,42.0,1.8333333333333333,Normal
36846,50,11.99,599.5,6.0,8.333333333333334,Slow Moving
36849,12,18.99,227.88,24.0,0.5,Fast Moving
36850,186,12.99,2416.14,43.0,4.325581395348837,Slow Moving
36851,20,15.99,319.8,10.0,2.0,Normal
36852,204,12.99,2649.96,23.0,8.869565217391305,Slow Moving
36859,339,9.99,3386.61,26.0,13.038461538461538,Slow Moving
36868,13,129.99,1689.8700000000001,0.0,inf,Dead Stock
36874,1031,7.990000000000001,8237.69,1064.0,0.9689849624060151,Normal
36989,146,10.99,1604.54,52.0,2.8076923076923075,Slow Moving
36991,472,10.99,5187.28,125.0,3.776,Slow Moving
36992,615,17.99,11063.849999999999,223.0,2.757847533632287,Slow Moving
37047,1,129.99,129.99,0.0,inf,Dead Stock
37048,354,44.99,15926.460000000001,44.0,8.045454545454545,Slow Moving
37049,312,19.989999999999995,6236.879999999998,129.0,2.4186046511627906,Slow Moving
37071,1046,22.99,24047.539999999997,223.0,4.690582959641255,Slow Moving
37083,538,11.489999999999998,6181.619999999999,59.0,9.11864406779661,Slow Moving
37100,15,53.99,809.85,2.0,7.5,Slow Moving
37121,610,12.99,7923.900000000001,146.0,4.178082191780822,Slow Moving
37126,246,17.99,4425.54,76.0,3.236842105263158,Slow Moving
37152,94,20.99,1973.06,36.0,2.611111111111111,Slow Moving
37156,93,5.99,557.07,42.0,2.2142857142857144,Slow Moving
37158,303,12.99,3935.9700000000003,81.0,3.740740740740741,Slow Moving
37166,35,7.989999999999999,279.65,12.0,2.9166666666666665,Slow Moving
37194,105,8.99,943.95,6.0,17.5,Slow Moving
37217,231,13.99,3231.69,105.0,2.2,Slow Moving
37235,938,11.99,11246.62,423.0,2.2174940898345152,Slow Moving
37249,558,14.990000000000002,8364.420000000002,15.0,37.2,Slow Moving
37310,326,9.99,3256.7400000000002,248.0,1.314516129032258,Normal
37311,466,11.99,5587.34,234.0,1.9914529914529915,Normal
37312,2178,15.99,34826.22,249.0,8.74698795180723,Slow Moving
37313,1110,11.99,13308.9,377.0,2.944297082228117,Slow Moving
37314,116,17.99,2086.8399999999997,4.0,29.0,Slow Moving
37342,4,74.99,299.96,5.0,0.8,Normal
37387,130,30.99,4028.7,16.0,8.125,Slow Moving
37401,1605,8.99,14428.95,769.0,2.0871261378413526,Slow Moving
37419,129,49.99,6448.71,2.0,64.5,Slow Moving
37420,1811,17.99,32579.889999999996,0.0,inf,Dead Stock
37421,1,164.99,164.99,27.0,0.037037037037037035,Fast Moving
37422,51,125.99,6425.49,9.0,5.666666666666667,Slow Moving
37433,1802,9.99,18001.98,583.0,3.090909090909091,Slow Moving
37435,653,31.99,20889.469999999998,157.0,4.159235668789809,Slow Moving
37457,8,7.99,63.92,0.0,inf,Dead Stock
37526,22,6.29,138.38,0.0,inf,Dead Stock
37527,443,9.99,4425.57,111.0,3.990990990990991,Slow Moving
37530,14,7.99,111.86,9.0,1.5555555555555556,Normal
37541,856,54.99,47071.44,73.0,11.726027397260275,Slow Moving
37542,761,29.989999999999995,22822.389999999996,27.0,28.185185185185187,Slow Moving
37568,41,185.99,7625.59,0.0,inf,Dead Stock
37601,240,19.989999999999995,4797.5999999999985,298.0,0.8053691275167785,Normal
37604,402,19.99,8035.98,522.0,0.7701149425287356,Normal
37607,273,19.99,5457.2699999999995,337.0,0.8100890207715133,Normal
37651,8,4.99,39.92,0.0,inf,Dead Stock
37656,801,19.99,16011.989999999998,357.0,2.2436974789915967,Slow Moving
37657,523,17.99,9408.769999999999,172.0,3.0406976744186047,Slow Moving
37678,989,10.99,10869.11,685.0,1.4437956204379563,Normal
37708,20,10.99,219.8,13.0,1.5384615384615385,Normal
37712,0,10.99,0.0,41.0,0.0,Fast Moving
37722,10,9.99,99.9,12.0,0.8333333333333334,Normal
37731,841,10.99,9242.59,849.0,0.9905771495877503,Normal
37732,12,12.99,155.88,0.0,inf,Dead Stock
37735,423,12.99,5494.77,211.0,2.004739336492891,Slow Moving
37765,1,8.99,8.99,120.0,0.008333333333333333,Fast Moving
37785,855,11.99,10251.45,109.0,7.844036697247707,Slow Moving
37786,1620,11.99,19423.8,430.0,3.7674418604651163,Slow Moving
37790,281,25.99,7303.19,46.0,6.108695652173913,Slow Moving
37792,1574,7.99,12576.26,253.0,6.221343873517786,Slow Moving
37793,21,8.99,188.79,0.0,inf,Dead Stock
37794,221,8.99,1986.79,12.0,18.416666666666668,Slow Moving
37798,122,18.99,2316.7799999999997,18.0,6.777777777777778,Slow Moving
37817,205,12.99,2662.95,51.0,4.019607843137255,Slow Moving
37821,342,11.99,4100.58,1068.0,0.3202247191011236,Fast Moving
37822,2246,16.99,38159.53999999999,425.0,5.284705882352942,Slow Moving
37826,1012,7.99,8085.88,848.0,1.1933962264150944,Normal
37827,506,7.989999999999999,4042.9399999999996,141.0,3.5886524822695036,Slow Moving
37828,1140,9.99,11388.6,411.0,2.7737226277372264,Slow Moving
37840,608,7.99,4857.92,641.0,0.9485179407176287,Normal
37842,465,11.99,5575.35,509.0,0.9135559921414538,Normal
37849,85,95.99,8159.15,29.0,2.9310344827586206,Slow Moving
37878,85,29.99,2549.15,0.0,inf,Dead Stock
37902,0,14.99,0.0,2.0,0.0,Fast Moving
37904,1180,10.99,12968.2,750.0,1.5733333333333333,Normal
37909,57,49.99,2849.4300000000003,1.0,57.0,Slow Moving
37910,35,79.99,2799.6499999999996,1.0,35.0,Slow Moving
37913,97,19.99,1939.0299999999997,62.0,1.564516129032258,Normal
37923,465,13.99,6505.35,57.0,8.157894736842104,Slow Moving
37924,22,12.99,285.78000000000003,0.0,inf,Dead Stock
37926,540,13.99,7554.6,249.0,2.1686746987951806,Slow Moving
37943,361,6.99,2523.39,87.0,4.149425287356322,Slow Moving
37984,550,10.99,6044.5,416.0,1.3221153846153846,Normal
38011,379,10.99,4165.21,106.0,3.5754716981132075,Slow Moving
38088,28,46.99,1315.72,0.0,inf,Dead Stock
38102,46,5.989999999999999,275.53999999999996,54.0,0.8518518518518519,Normal
38103,16,11.99,191.84,72.0,0.2222222222222222,Fast Moving
38104,54,5.989999999999999,323.46,60.0,0.9,Normal
38105,33,11.99,395.67,90.0,0.36666666666666664,Fast Moving
38106,15,5.99,89.85000000000001,60.0,0.25,Fast Moving
38107,16,11.99,191.84,12.0,1.3333333333333333,Normal
38108,21,5.99,125.79,0.0,inf,Dead Stock
38109,12,11.99,143.88,0.0,inf,Dead Stock
38110,16,5.99,95.84,0.0,inf,Dead Stock
38111,14,11.99,167.86,0.0,inf,Dead Stock
38131,735,11.99,8812.65,846.0,0.8687943262411347,Normal
38133,4462,8.99,40113.38,2851.0,1.5650648895124517,Normal
38137,58,31.99,1855.4199999999998,38.0,1.5263157894736843,Normal
38153,98,43.99,4311.02,18.0,5.444444444444445,Slow Moving
38165,216,9.99,2157.84,45.0,4.8,Slow Moving
38178,897,5.99,5373.03,874.0,1.0263157894736843,Normal
38179,757,5.99,4534.43,677.0,1.118168389955687,Normal
38180,711,5.99,4258.89,520.0,1.3673076923076923,Normal
38181,912,5.99,5462.88,1054.0,0.8652751423149905,Normal
38191,2,7.79,15.58,0.0,inf,Dead Stock
38197,253,11.99,3033.4700000000003,57.0,4.43859649122807,Slow Moving
38198,96,9.99,959.04,30.0,3.2,Slow Moving
38241,297,56.989999999999995,16926.03,9.0,33.0,Slow Moving
38242,38,35.99,1367.6200000000001,14.0,2.7142857142857144,Slow Moving
38244,123,35.99,4426.77,4.0,30.75,Slow Moving
38263,238,8.99,2139.62,120.0,1.9833333333333334,Normal
38301,14,11.99,167.86,1.0,14.0,Slow Moving
38303,44,23.99,1055.56,0.0,inf,Dead Stock
38322,340,11.99,4076.6,231.0,1.4718614718614718,Normal
38348,468,13.989999999999998,6547.32,262.0,1.786259541984733,Normal
38355,32,14.49,463.68,32.0,1.0,Normal
38369,1767,14.99,26487.33,218.0,8.105504587155963,Slow Moving
38370,3228,10.99,35475.72,2769.0,1.1657638136511377,Normal
38392,165,17.99,2968.35,9.0,18.333333333333332,Slow Moving
38406,128,23.99,3070.72,77.0,1.6623376623376624,Normal
38412,136,10.99,1494.64,14.0,9.714285714285714,Slow Moving
38416,169,11.99,2026.31,92.0,1.8369565217391304,Normal
38441,843,9.99,8421.57,470.0,1.7936170212765958,Normal
38457,3892,6.79,26426.68,913.0,4.262869660460022,Slow Moving
38471,45,13.99,629.55,12.0,3.75,Slow Moving
38473,342,15.99,5468.58,83.0,4.120481927710843,Slow Moving
38476,630,23.99,15113.699999999999,81.0,7.777777777777778,Slow Moving
38481,144,16.99,2446.56,61.0,2.360655737704918,Slow Moving
38483,495,10.99,5440.05,211.0,2.345971563981043,Slow Moving
38502,1454,6.99,10163.460000000001,1075.0,1.3525581395348838,Normal
38528,186,39.99,7438.14,82.0,2.268292682926829,Slow Moving
38541,270,19.99,5397.299999999999,148.0,1.8243243243243243,Normal
38542,502,11.99,6018.9800000000005,292.0,1.7191780821917808,Normal
38546,7162,9.99,71548.38,6511.0,1.0999846413761327,Normal
38549,1116,8.99,10032.84,484.0,2.3057851239669422,Slow Moving
38622,51,12.99,662.49,12.0,4.25,Slow Moving
38635,144,17.99,2590.56,263.0,0.5475285171102662,Normal
38641,16,13.99,223.84,6.0,2.6666666666666665,Slow Moving
38644,282,10.99,3099.18,188.0,1.5,Normal
38649,1,26.99,26.99,3.0,0.3333333333333333,Fast Moving
38651,326,16.99,5538.74,149.0,2.1879194630872485,Slow Moving
38652,468,20.99,9823.32,529.0,0.8846880907372401,Normal
38668,471,15.99,7531.29,0.0,inf,Dead Stock
38681,612,16.99,10397.88,322.0,1.9006211180124224,Normal
38690,308,15.99,4924.92,68.0,4.529411764705882,Slow Moving
38701,6,10.49,62.94,0.0,inf,Dead Stock
38726,19,9.99,189.81,44.0,0.4318181818181818,Fast Moving
38728,23,8.99,206.77,0.0,inf,Dead Stock
38731,93,9.99,929.07,49.0,1.8979591836734695,Normal
38771,319,13.99,4462.81,170.0,1.8764705882352941,Normal
38772,2105,16.99,35763.95,602.0,3.4966777408637872,Slow Moving
38822,373,11.99,4472.27,103.0,3.621359223300971,Slow Moving
38850,2109,7.99,16850.91,1068.0,1.9747191011235956,Normal
38852,41,4.99,204.59,36.0,1.1388888888888888,Normal
38853,20,4.99,99.80000000000001,36.0,0.5555555555555556,Normal
38859,261,49.99,13047.390000000001,35.0,7.457142857142857,Slow Moving
38888,2577,27.990000000000002,72130.23000000001,709.0,3.634696755994358,Slow Moving
38889,273,45.99,12555.27,18.0,15.166666666666666,Slow Moving
38897,156,24.99,3898.4399999999996,66.0,2.3636363636363638,Slow Moving
38898,1012,29.99,30349.879999999997,233.0,4.343347639484978,Slow Moving
38899,4704,12.99,61104.96,1914.0,2.457680250783699,Slow Moving
38901,0,10.99,0.0,0.0,inf,Dead Stock
38945,20,14.99,299.8,23.0,0.8695652173913043,Normal
38946,848,8.99,7623.52,656.0,1.2926829268292683,Normal
38950,623,9.99,6223.77,184.0,3.385869565217391,Slow Moving
38952,137,14.99,2053.63,25.0,5.48,Slow Moving
38953,166,12.99,2156.34,39.0,4.256410256410256,Slow Moving
39062,420,18.99,7975.799999999999,125.0,3.36,Slow Moving
39063,44,19.99,879.56,0.0,inf,Dead Stock
39084,4,20.99,83.96,0.0,inf,Dead Stock
39086,6,8.99,53.94,0.0,inf,Dead Stock
39087,896,10.99,9847.04,1475.0,0.607457627118644,Normal
39098,169,24.99,4223.3099999999995,3.0,56.333333333333336,Slow Moving
39104,1,12.99,12.99,22.0,0.045454545454545456,Fast Moving
39107,27,94.99,2564.73,8.0,3.375,Slow Moving
39110,216,11.49,2481.84,59.0,3.6610169491525424,Slow Moving
39111,8,2.99,23.92,24.0,0.3333333333333333,Fast Moving
39146,1124,10.99,12352.76,1143.0,0.9833770778652668,Normal
39209,109,10.99,1197.91,39.0,2.7948717948717947,Slow Moving
39219,211,14.99,3162.89,35.0,6.0285714285714285,Slow Moving
39228,131,44.99,5893.6900000000005,22.0,5.954545454545454,Slow Moving
39234,43,19.99,859.5699999999999,15.0,2.8666666666666667,Slow Moving
39254,969,11.99,11618.31,597.0,1.6231155778894473,Normal
39255,14,14.99,209.86,0.0,inf,Dead Stock
39256,1982,10.99,21782.18,560.0,3.539285714285714,Slow Moving
39282,3,9.99,29.97,110.0,0.02727272727272727,Fast Moving
39283,22,9.99,219.78,0.0,inf,Dead Stock
39285,150,22.99,3448.4999999999995,17.0,8.823529411764707,Slow Moving
39334,152,15.99,2430.48,33.0,4.606060606060606,Slow Moving
39335,5161,14.99,77363.39,3415.0,1.5112737920937043,Normal
39346,15,4.99,74.85000000000001,12.0,1.25,Normal
39348,991,9.99,9900.09,1386.0,0.715007215007215,Normal
39356,607,17.99,10919.929999999998,585.0,1.0376068376068377,Normal
39357,256,17.99,4605.44,156.0,1.641025641025641,Normal
39358,218,17.99,3921.8199999999997,113.0,1.9292035398230087,Normal
39384,1685,16.99,28628.149999999998,856.0,1.9684579439252337,Normal
39400,333,39.99,13316.67,10.0,33.3,Slow Moving
39410,652,9.99,6513.4800000000005,392.0,1.663265306122449,Normal
39411,752,9.99,7512.4800000000005,467.0,1.6102783725910064,Normal
39412,605,9.99,6043.95,273.0,2.2161172161172162,Slow Moving
39413,1416,8.99,12729.84,1588.0,0.8916876574307305,Normal
39414,21,9.99,209.79,0.0,inf,Dead Stock
39437,304,6.99,2124.96,68.0,4.470588235294118,Slow Moving
39438,5,6.99,34.95,0.0,inf,Dead Stock
39449,3,9.29,27.869999999999997,0.0,inf,Dead Stock
39450,309,34.99,10811.91,47.0,6.574468085106383,Slow Moving
39456,71,76.99,5466.29,12.0,5.916666666666667,Slow Moving
39461,4,104.99,419.96,12.0,0.3333333333333333,Fast Moving
39470,160,4.99,798.4000000000001,30.0,5.333333333333333,Slow Moving
39471,111,28.989999999999995,3217.8899999999994,14.0,7.928571428571429,Slow Moving
39472,119,26.99,3211.81,21.0,5.666666666666667,Slow Moving
39473,61,26.99,1646.3899999999999,28.0,2.1785714285714284,Slow Moving
39479,2273,6.95,15797.35,657.0,3.4596651445966513,Slow Moving
39491,671,13.99,9387.29,99.0,6.777777777777778,Slow Moving
39512,36,5.99,215.64000000000001,2.0,18.0,Slow Moving
39517,247,30.989999999999995,7654.529999999999,79.0,3.1265822784810124,Slow Moving
39518,220,24.99,5497.799999999999,46.0,4.782608695652174,Slow Moving
39523,916,24.99,22890.84,290.0,3.1586206896551725,Slow Moving
39524,303,25.99,7874.969999999999,0.0,inf,Dead Stock
39574,150,33.99,5098.5,5.0,30.0,Slow Moving
39575,161,45.99,7404.39,8.0,20.125,Slow Moving
39581,15,11.99,179.85,21.0,0.7142857142857143,Normal
39592,24,6.29,150.96,0.0,inf,Dead Stock
39593,905,9.99,9040.95,1203.0,0.7522859517871987,Normal
39598,534,6.989999999999999,3732.66,182.0,2.934065934065934,Slow Moving
39599,382,6.99,2670.1800000000003,250.0,1.528,Normal
39600,227,6.99,1586.73,87.0,2.6091954022988504,Slow Moving
39601,26,6.99,181.74,10.0,2.6,Slow Moving
39631,460,7.99,3675.4,359.0,1.2813370473537604,Normal
39648,423,14.99,6340.77,151.0,2.801324503311258,Slow Moving
39652,66,5.989999999999999,395.34,153.0,0.43137254901960786,Fast Moving
39653,9,5.99,53.910000000000004,0.0,inf,Dead Stock
39654,331,9.99,3306.69,317.0,1.0441640378548895,Normal
39665,29,7.49,217.21,3.0,9.666666666666666,Slow Moving
39681,403,3.99,1607.97,82.0,4.914634146341464,Slow Moving
39689,12,16.49,197.88,56.0,0.21428571428571427,Fast Moving
39691,636,21.99,13985.64,375.0,1.696,Normal
39708,2149,8.99,19319.510000000002,598.0,3.5936454849498327,Slow Moving
39711,0,69.99,0.0,0.0,inf,Dead Stock
39716,521,8.99,4683.79,154.0,3.383116883116883,Slow Moving
39717,814,9.99,8131.860000000001,356.0,2.2865168539325844,Slow Moving
39718,27,65.99,1781.7299999999998,1.0,27.0,Slow Moving
39736,154,49.99,7698.46,2.0,77.0,Slow Moving
39747,7,8.99,62.93,0.0,inf,Dead Stock
39750,2001,8.99,17988.99,558.0,3.586021505376344,Slow Moving
39764,147,27.99,4114.53,39.0,3.769230769230769,Slow Moving
39765,4,49.99,199.96,3.0,1.3333333333333333,Normal
39774,207,27.99,5793.929999999999,78.0,2.6538461538461537,Slow Moving
39775,704,8.99,6328.96,268.0,2.626865671641791,Slow Moving
39792,3,66.99,200.96999999999997,0.0,inf,Dead Stock
39797,19,21.99,417.80999999999995,5.0,3.8,Slow Moving
39798,132,6.99,922.6800000000001,62.0,2.129032258064516,Slow Moving
39834,30,8.99,269.7,1.0,30.0,Slow Moving
39840,85,8.99,764.15,12.0,7.083333333333333,Slow Moving
39841,32,8.99,287.68,62.0,0.5161290322580645,Normal
39842,26,8.99,233.74,32.0,0.8125,Normal
39843,4,8.99,35.96,24.0,0.16666666666666666,Fast Moving
39868,33,13.99,461.67,0.0,inf,Dead Stock
39923,427,9.989999999999998,4265.73,274.0,1.5583941605839415,Normal
39971,445,49.99,22245.55,158.0,2.8164556962025316,Slow Moving
39974,125,13.990000000000002,1748.7500000000002,31.0,4.032258064516129,Slow Moving
39977,88,9.99,879.12,33.0,2.6666666666666665,Slow Moving
39979,664,11.99,7961.360000000001,214.0,3.102803738317757,Slow Moving
39981,198,11.99,2374.02,29.0,6.827586206896552,Slow Moving
39983,362,11.990000000000002,4340.380000000001,132.0,2.742424242424242,Slow Moving
39996,19,3.99,75.81,24.0,0.7916666666666666,Normal
39998,13,3.99,51.870000000000005,0.0,inf,Dead Stock
40040,0,15.99,0.0,0.0,inf,Dead Stock
40051,632,7.990000000000001,5049.68,407.0,1.5528255528255528,Normal
40053,597,8.99,5367.03,326.0,1.8312883435582823,Normal
40054,1150,11.99,13788.5,319.0,3.605015673981191,Slow Moving
40055,436,16.99,7407.639999999999,161.0,2.7080745341614905,Slow Moving
40096,1244,18.99,23623.559999999998,846.0,1.470449172576832,Normal
40097,1247,18.99,23680.53,717.0,1.7391910739191074,Normal
40098,1075,18.99,20414.25,652.0,1.6487730061349692,Normal
40106,143,12.990000000000002,1857.5700000000004,0.0,inf,Dead Stock
40114,389,10.99,4275.11,343.0,1.1341107871720117,Normal
40116,7,7.99,55.93,0.0,inf,Dead Stock
40136,176,47.99,8446.24,20.0,8.8,Slow Moving
40137,34,21.99,747.66,2.0,17.0,Slow Moving
40175,514,11.99,6162.86,191.0,2.6910994764397906,Slow Moving
40193,4973,9.99,49680.270000000004,1256.0,3.9593949044585988,Slow Moving
40203,27,15.99,431.73,0.0,inf,Dead Stock
40213,197,16.99,3347.0299999999997,9.0,21.88888888888889,Slow Moving
40219,269,9.99,2687.31,61.0,4.409836065573771,Slow Moving
40240,216,7.99,1725.8400000000001,65.0,3.3230769230769233,Slow Moving
40246,21,5.49,115.29,11.0,1.9090909090909092,Normal
40258,60,9.99,599.4,0.0,inf,Dead Stock
40296,120,20.99,2518.7999999999997,34.0,3.5294117647058822,Slow Moving
40331,7,8.49,59.43,0.0,inf,Dead Stock
40332,569,12.99,7391.31,443.0,1.2844243792325056,Normal
40337,2572,9.99,25694.28,1455.0,1.7676975945017182,Normal
40338,172,23.99,4126.28,0.0,inf,Dead Stock
40363,297,12.99,3858.03,0.0,inf,Dead Stock
40365,30,74.99,2249.7,1.0,30.0,Slow Moving
40366,19,38.99,740.8100000000001,7.0,2.7142857142857144,Slow Moving
40424,67,7.99,535.33,74.0,0.9054054054054054,Normal
40425,5050,10.99,55499.5,2073.0,2.436082971538833,Slow Moving
40436,16,14.99,239.84,7.0,2.2857142857142856,Slow Moving
40444,0,11.99,0.0,0.0,inf,Dead Stock
40454,6,12.99,77.94,47.0,0.1276595744680851,Fast Moving
40455,20,7.99,159.8,0.0,inf,Dead Stock
40456,197,13.99,2756.03,32.0,6.15625,Slow Moving
40483,251,18.99,4766.49,127.0,1.9763779527559056,Normal
40513,41,17.99,737.5899999999999,4.0,10.25,Slow Moving
40538,171,15.99,2734.29,59.0,2.8983050847457625,Slow Moving
40545,1377,14.99,20641.23,1613.0,0.8536887786732796,Normal
40559,723,11.989999999999998,8668.769999999999,395.0,1.830379746835443,Normal
40561,208,10.99,2285.92,112.0,1.8571428571428572,Normal
40568,12,14.99,179.88,0.0,inf,Dead Stock
40575,8,34.99,279.92,0.0,inf,Dead Stock
40583,54,10.99,593.46,28.0,1.9285714285714286,Normal
40604,1,114.99,114.99,0.0,inf,Dead Stock
40607,86,16.99,1461.1399999999999,4.0,21.5,Slow Moving
40608,6,14.99,89.94,4.0,1.5,Normal
40621,533,18.99,10121.67,260.0,2.05,Slow Moving
40658,164,27.99,4590.36,43.0,3.813953488372093,Slow Moving
40667,275,15.989999999999998,4397.25,3.0,91.66666666666667,Slow Moving
40753,35,12.99,454.65000000000003,0.0,inf,Dead Stock
40755,26,13.99,363.74,0.0,inf,Dead Stock
40757,24,11.99,287.76,0.0,inf,Dead Stock
40766,101,10.99,1109.99,16.0,6.3125,Slow Moving
40767,4,13.99,55.96,0.0,inf,Dead Stock
40771,24,25.99,623.76,2.0,12.0,Slow Moving
40782,1,233.99,233.99,0.0,inf,Dead Stock
40786,205,14.99,3072.95,176.0,1.1647727272727273,Normal
40801,424,9.99,4235.76,174.0,2.4367816091954024,Slow Moving
40822,26,19.99,519.74,0.0,inf,Dead Stock
40825,3,8.99,26.97,3.0,1.0,Normal
40837,294,29.99,8817.06,21.0,14.0,Slow Moving
40926,145,4.99,723.5500000000001,61.0,2.377049180327869,Slow Moving
40965,296,24.989999999999995,7397.039999999998,41.0,7.219512195121951,Slow Moving
41003,92,21.99,2023.08,17.0,5.411764705882353,Slow Moving
41030,326,16.99,5538.74,133.0,2.4511278195488724,Slow Moving
41032,262,16.99,4451.379999999999,29.0,9.03448275862069,Slow Moving
41033,1225,8.99,11012.75,322.0,3.8043478260869565,Slow Moving
41034,6452,8.95,57745.399999999994,3780.0,1.7068783068783069,Normal
41053,22,21.99,483.78,0.0,inf,Dead Stock
41062,259,17.99,4659.41,78.0,3.3205128205128207,Slow Moving
41065,394,16.99,6694.0599999999995,66.0,5.96969696969697,Slow Moving
41070,588,12.99,7638.12,59.0,9.966101694915254,Slow Moving
41072,3706,11.99,44434.94,685.0,5.41021897810219,Slow Moving
41081,62,17.99,1115.3799999999999,7.0,8.857142857142858,Slow Moving
41087,56,8.49,475.44,24.0,2.3333333333333335,Slow Moving
41122,28,28.99,811.7199999999999,0.0,inf,Dead Stock
41132,6,11.99,71.94,12.0,0.5,Fast Moving
41133,23,11.99,275.77,0.0,inf,Dead Stock
41141,4,25.99,103.96,13.0,0.3076923076923077,Fast Moving
41143,2052,8.99,18447.48,302.0,6.7947019867549665,Slow Moving
41144,246,8.99,2211.54,29.0,8.482758620689655,Slow Moving
41157,262,15.99,4189.38,120.0,2.183333333333333,Slow Moving
41159,2621,24.99,65498.78999999999,629.0,4.166931637519872,Slow Moving
41169,31,3.99,123.69000000000001,0.0,inf,Dead Stock
41170,199,3.9900000000000007,794.0100000000001,23.0,8.652173913043478,Slow Moving
41171,39,3.99,155.61,15.0,2.6,Slow Moving
41172,41,3.99,163.59,24.0,1.7083333333333333,Normal
41212,1530,14.99,22934.7,474.0,3.2278481012658227,Slow Moving
41213,2686,16.99,45635.14,836.0,3.212918660287081,Slow Moving
41215,2,14.49,28.98,32.0,0.0625,Fast Moving
41219,1,99.99,99.99,0.0,inf,Dead Stock
41220,2,49.99,99.98,0.0,inf,Dead Stock
41222,116,16.99,1970.84,55.0,2.109090909090909,Slow Moving
41231,36,13.99,503.64,3.0,12.0,Slow Moving
41251,2433,6.99,17006.670000000002,563.0,4.321492007104796,Slow Moving
41252,1341,7.99,10714.59,732.0,1.8319672131147542,Normal
41253,2483,11.99,29771.170000000002,776.0,3.1997422680412373,Slow Moving
41254,2663,11.99,31929.37,409.0,6.511002444987775,Slow Moving
41304,166,19.99,3318.3399999999997,15.0,11.066666666666666,Slow Moving
41309,19,14.99,284.81,2.0,9.5,Slow Moving
41321,2781,16.95,47137.95,475.0,5.854736842105263,Slow Moving
41348,178,17.99,3202.22,38.0,4.684210526315789,Slow Moving
41354,20,12.49,249.8,0.0,inf,Dead Stock
41372,106,14.99,1588.94,22.0,4.818181818181818,Slow Moving
41375,21,15.99,335.79,0.0,inf,Dead Stock
41377,197,9.99,1968.03,28.0,7.035714285714286,Slow Moving
41394,35,22.99,804.65,16.0,2.1875,Slow Moving
41405,508,15.99,8122.92,257.0,1.9766536964980546,Normal
41409,118,17.99,2122.8199999999997,34.0,3.4705882352941178,Slow Moving
41411,7,10.99,76.93,4.0,1.75,Normal
41412,215,11.99,2577.85,101.0,2.128712871287129,Slow Moving
41415,74,12.99,961.26,19.0,3.8947368421052633,Slow Moving
41416,194,12.99,2520.06,75.0,2.5866666666666664,Slow Moving
41417,3,19.99,59.97,0.0,inf,Dead Stock
41485,1,38.99,38.99,6.0,0.16666666666666666,Fast Moving
41530,922,9.99,9210.78,411.0,2.24330900243309,Slow Moving
41531,38,7.99,303.62,3.0,12.666666666666666,Slow Moving
41532,8,9.55,76.4,23.0,0.34782608695652173,Fast Moving
41537,773,27.99,21636.27,320.0,2.415625,Slow Moving
41546,1296,7.99,10355.04,1335.0,0.9707865168539326,Normal
41558,21,12.99,272.79,0.0,inf,Dead Stock
41575,25,50.99,1274.75,13.0,1.9230769230769231,Normal
41588,236,119.98999999999998,28317.639999999996,12.0,19.666666666666668,Slow Moving
41589,94,49.99,4699.06,9.0,10.444444444444445,Slow Moving
41605,174,62.99,10960.26,19.0,9.157894736842104,Slow Moving
41612,85,38.99,3314.15,7.0,12.142857142857142,Slow Moving
41614,83,38.99,3236.17,22.0,3.772727272727273,Slow Moving
41627,1,10.49,10.49,22.0,0.045454545454545456,Fast Moving
41629,211,13.99,2951.89,86.0,2.453488372093023,Slow Moving
41633,373,13.99,5218.27,62.0,6.016129032258065,Slow Moving
41711,1264,5.99,7571.360000000001,1311.0,0.9641495041952708,Normal
41712,1560,5.99,9344.4,1420.0,1.0985915492957747,Normal
41713,1317,5.99,7888.83,1249.0,1.054443554843875,Normal
41714,1564,5.99,9368.36,1772.0,0.8826185101580135,Normal
41727,23,6.99,160.77,12.0,1.9166666666666667,Normal
41751,3245,8.99,29172.55,307.0,10.570032573289902,Slow Moving
41759,280,7.989999999999999,2237.2,140.0,2.0,Normal
41762,58,99.99,5799.42,17.0,3.411764705882353,Slow Moving
41778,6,15.99,95.94,26.0,0.23076923076923078,Fast Moving
41786,82,8.49,696.1800000000001,299.0,0.27424749163879597,Fast Moving
41787,487,27.99,13631.13,76.0,6.407894736842105,Slow Moving
41795,12,12.99,155.88,0.0,inf,Dead Stock
41820,29,17.99,521.7099999999999,27.0,1.0740740740740742,Normal
41827,691,14.99,10358.09,175.0,3.9485714285714284,Slow Moving
41831,20,5.49,109.80000000000001,8.0,2.5,Slow Moving
41862,43,5.989999999999999,257.57,0.0,inf,Dead Stock
41864,31,10.99,340.69,12.0,2.5833333333333335,Slow Moving
41868,134,49.99,6698.66,18.0,7.444444444444445,Slow Moving
41899,342,11.99,4100.58,105.0,3.257142857142857,Slow Moving
41912,376,12.99,4884.24,98.0,3.836734693877551,Slow Moving
41918,84,5.99,503.16,20.0,4.2,Slow Moving
41927,354,14.99,5306.46,116.0,3.0517241379310347,Slow Moving
41940,905,23.99,21710.949999999997,496.0,1.8245967741935485,Normal
41965,710,14.989999999999998,10642.9,153.0,4.640522875816994,Slow Moving
41970,514,14.99,7704.86,321.0,1.601246105919003,Normal
41974,163,6.99,1139.3700000000001,84.0,1.9404761904761905,Normal
41978,36,47.99,1727.64,5.0,7.2,Slow Moving
41981,122,38.99,4756.780000000001,80.0,1.525,Normal
41983,23,31.99,735.77,12.0,1.9166666666666667,Normal
41984,12,31.99,383.88,26.0,0.46153846153846156,Fast Moving
41985,1,52.99,52.99,1.0,1.0,Normal
41990,379,52.99,20083.21,100.0,3.79,Slow Moving
42018,122,11.99,1462.78,39.0,3.128205128205128,Slow Moving
42052,0,89.99,0.0,10.0,0.0,Fast Moving
42053,266,39.99,10637.34,105.0,2.533333333333333,Slow Moving
42080,4,12.99,51.96,2.0,2.0,Normal
42097,432,7.99,3451.6800000000003,4.0,108.0,Slow Moving
42099,533,17.99,9588.67,638.0,0.835423197492163,Normal
42115,387,22.49,8703.63,6.0,64.5,Slow Moving
42117,512,14.49,7418.88,50.0,10.24,Slow Moving
42118,560,10.49,5874.400000000001,70.0,8.0,Slow Moving
42122,922,6.79,6260.38,434.0,2.1244239631336406,Slow Moving
42124,309,19.99,6176.91,26.0,11.884615384615385,Slow Moving
42158,22,12.99,285.78000000000003,17.0,1.2941176470588236,Normal
42162,11,13.99,153.89000000000001,1.0,11.0,Slow Moving
42167,172,14.99,2578.28,47.0,3.6595744680851063,Slow Moving
42172,262,9.99,2617.38,245.0,1.0693877551020408,Normal
42188,3466,49.99,173265.34,1278.0,2.712050078247261,Slow Moving
42211,22,11.99,263.78000000000003,0.0,inf,Dead Stock
42212,338,5.990000000000001,2024.6200000000003,269.0,1.2565055762081785,Normal
42255,207,25.99,5379.929999999999,153.0,1.3529411764705883,Normal
42256,3,5.29,15.870000000000001,26.0,0.11538461538461539,Fast Moving
42258,29,19.99,579.7099999999999,0.0,inf,Dead Stock
42264,188,54.99,10338.12,46.0,4.086956521739131,Slow Moving
42275,73,19.99,1459.27,38.0,1.9210526315789473,Normal
42333,1,13.99,13.99,0.0,inf,Dead Stock
42337,21,10.99,230.79,0.0,inf,Dead Stock
42348,9,7.99,71.91,6.0,1.5,Normal
42350,1076,18.99,20433.239999999998,113.0,9.52212389380531,Slow Moving
42385,24,5.29,126.96000000000001,37.0,0.6486486486486487,Normal
42386,144,8.49,1222.56,226.0,0.6371681415929203,Normal
42392,30,3.99,119.7,0.0,inf,Dead Stock
42399,586,9.99,5854.14,191.0,3.068062827225131,Slow Moving
42401,219,9.99,2187.81,65.0,3.3692307692307693,Slow Moving
42403,222,21.99,4881.78,9.0,24.666666666666668,Slow Moving
42413,1085,8.99,9754.15,370.0,2.9324324324324325,Slow Moving
42420,957,7.99,7646.43,652.0,1.4677914110429449,Normal
42421,2866,13.99,40095.340000000004,368.0,7.788043478260869,Slow Moving
42422,4373,12.99,56805.270000000004,651.0,6.717357910906298,Slow Moving
42423,25,30.99,774.75,15.0,1.6666666666666667,Normal
42436,11,3.99,43.89,12.0,0.9166666666666666,Normal
42437,15,8.99,134.85,0.0,inf,Dead Stock
42438,41,3.99,163.59,0.0,inf,Dead Stock
42439,21,8.99,188.79,6.0,3.5,Slow Moving
42456,131,31.99,4190.69,40.0,3.275,Slow Moving
42462,1768,9.99,17662.32,583.0,3.032590051457976,Slow Moving
42579,1158,9.99,11568.42,675.0,1.7155555555555555,Normal
42581,37,19.99,739.63,0.0,inf,Dead Stock
42601,67,8.99,602.33,76.0,0.881578947368421,Normal
42602,141,8.99,1267.59,68.0,2.073529411764706,Slow Moving
42603,66,8.99,593.34,84.0,0.7857142857142857,Normal
42640,208,9.99,2077.92,79.0,2.632911392405063,Slow Moving
42642,382,11.99,4580.18,211.0,1.8104265402843602,Normal
42643,4,11.99,47.96,0.0,inf,Dead Stock
42655,10,67.99,679.9,0.0,inf,Dead Stock
42663,302,8.99,2714.98,66.0,4.575757575757576,Slow Moving
42671,23,13.99,321.77,0.0,inf,Dead Stock
42672,52,37.99,1975.48,0.0,inf,Dead Stock
42676,29,54.99,1594.71,0.0,inf,Dead Stock
42677,7,54.99,384.93,0.0,inf,Dead Stock
42678,580,5.99,3474.2000000000003,436.0,1.3302752293577982,Normal
42685,82,47.99,3935.1800000000003,7.0,11.714285714285714,Slow Moving
42691,145,12.990000000000002,1883.5500000000002,18.0,8.055555555555555,Slow Moving
42710,0,7.989999999999999,0.0,0.0,inf,Dead Stock
42733,9,32.99,296.91,0.0,inf,Dead Stock
42734,8,24.99,199.92,0.0,inf,Dead Stock
42735,321,10.989999999999998,3527.7899999999995,122.0,2.6311475409836067,Slow Moving
42752,5,3.79,18.95,24.0,0.20833333333333334,Fast Moving
42753,12,3.79,45.480000000000004,36.0,0.3333333333333333,Fast Moving
42759,13,11.99,155.87,3.0,4.333333333333333,Slow Moving
42764,3991,8.99,35879.090000000004,2138.0,1.8666978484565013,Normal
42765,1233,8.99,11084.67,264.0,4.670454545454546,Slow Moving
42766,2886,8.99,25945.14,1094.0,2.6380255941499087,Slow Moving
42785,12,99.99,1199.8799999999999,8.0,1.5,Normal
42789,45,13.99,629.55,19.0,2.3684210526315788,Slow Moving
42797,0,18.49,0.0,41.0,0.0,Fast Moving
42801,86,15.99,1375.14,34.0,2.5294117647058822,Slow Moving
42828,24,12.99,311.76,0.0,inf,Dead Stock
42864,8,13.49,107.92,2.0,4.0,Slow Moving
42874,3996,16.95,67732.2,360.0,11.1,Slow Moving
42881,3583,8.99,32211.170000000002,1841.0,1.9462248777838131,Normal
42884,103,149.99,15448.970000000001,7.0,14.714285714285714,Slow Moving
42886,175,19.99,3498.2499999999995,69.0,2.536231884057971,Slow Moving
42894,10,17.99,179.89999999999998,0.0,inf,Dead Stock
42897,163,58.989999999999995,9615.369999999999,0.0,inf,Dead Stock
42933,5,12.99,64.95,3.0,1.6666666666666667,Normal
42934,21,11.99,251.79,27.0,0.7777777777777778,Normal
42948,1094,9.99,10929.06,418.0,2.617224880382775,Slow Moving
42949,81,13.99,1133.19,18.0,4.5,Slow Moving
42952,2,29.99,59.98,0.0,inf,Dead Stock
42953,146,22.99,3356.54,75.0,1.9466666666666668,Normal
43011,0,11.99,0.0,0.0,inf,Dead Stock
43013,12,11.990000000000002,143.88000000000002,2.0,6.0,Slow Moving
43019,20,84.99,1699.8,9.0,2.2222222222222223,Slow Moving
43020,77,142.99,11010.230000000001,22.0,3.5,Slow Moving
43022,75,37.99,2849.25,0.0,inf,Dead Stock
43023,55,39.99,2199.4500000000003,0.0,inf,Dead Stock
43027,12,14.99,179.88,0.0,inf,Dead Stock
43043,630,7.990000000000001,5033.700000000001,351.0,1.794871794871795,Normal
43092,456,21.99,10027.439999999999,316.0,1.4430379746835442,Normal
43097,80,35.99,2879.2000000000003,24.0,3.3333333333333335,Slow Moving
43124,256,5.99,1533.44,251.0,1.0199203187250996,Normal
43129,248,12.990000000000002,3221.5200000000004,95.0,2.610526315789474,Slow Moving
43131,277,14.99,4152.2300000000005,230.0,1.2043478260869565,Normal
43134,43,69.99,3009.5699999999997,7.0,6.142857142857143,Slow Moving
43143,113,8.99,1015.87,50.0,2.26,Slow Moving
43152,81,37.99,3077.19,5.0,16.2,Slow Moving
43184,162,15.99,2590.38,61.0,2.6557377049180326,Slow Moving
43193,189,8.99,1699.1100000000001,51.0,3.7058823529411766,Slow Moving
43223,4961,8.99,44599.39,2157.0,2.2999536393138618,Slow Moving
43224,618,13.989999999999998,8645.82,96.0,6.4375,Slow Moving
43225,2006,26.990000000000002,54141.94,165.0,12.157575757575758,Slow Moving
43232,162,9.99,1618.38,64.0,2.53125,Slow Moving
43237,25,26.99,674.75,8.0,3.125,Slow Moving
43245,645,9.99,6443.55,474.0,1.360759493670886,Normal
43247,6,12.99,77.94,1.0,6.0,Slow Moving
43289,24,12.99,311.76,0.0,inf,Dead Stock
43290,12,12.99,155.88,0.0,inf,Dead Stock
43291,13,12.99,168.87,0.0,inf,Dead Stock
43292,466,9.99,4655.34,592.0,0.7871621621621622,Normal
43293,11,12.99,142.89000000000001,0.0,inf,Dead Stock
43308,100,14.99,1499.0,242.0,0.4132231404958678,Fast Moving
43317,20,4.99,99.80000000000001,2.0,10.0,Slow Moving
43359,216,39.99,8637.84,77.0,2.8051948051948052,Slow Moving
43362,1410,98.95,139519.5,148.0,9.527027027027026,Slow Moving
43363,29,44.99,1304.71,0.0,inf,Dead Stock
43365,920,9.99,9190.800000000001,286.0,3.2167832167832167,Slow Moving
43379,375,12.99,4871.25,102.0,3.676470588235294,Slow Moving
43380,28,11.99,335.72,20.0,1.4,Normal
43385,19,7.99,151.81,0.0,inf,Dead Stock
43395,3,42.99,128.97,0.0,inf,Dead Stock
43425,24,15.99,383.76,0.0,inf,Dead Stock
43430,98,9.99,979.02,32.0,3.0625,Slow Moving
43432,386,5.99,2312.14,0.0,inf,Dead Stock
43433,11,12.99,142.89000000000001,12.0,0.9166666666666666,Normal
43434,2449,24.99,61200.509999999995,814.0,3.0085995085995085,Slow Moving
43450,330,16.99,5606.7,293.0,1.1262798634812288,Normal
43452,9,16.99,152.91,0.0,inf,Dead Stock
43481,86,32.99,2837.1400000000003,0.0,inf,Dead Stock
43489,280,11.99,3357.2000000000003,109.0,2.5688073394495414,Slow Moving
43490,19,13.99,265.81,2.0,9.5,Slow Moving
43513,39,599.99,23399.61,0.0,inf,Dead Stock
43539,23,18.99,436.77,0.0,inf,Dead Stock
43541,3,7.99,23.97,6.0,0.5,Fast Moving
43542,13,15.99,207.87,0.0,inf,Dead Stock
43544,6,15.99,95.94,0.0,inf,Dead Stock
43545,2,7.99,15.98,0.0,inf,Dead Stock
43546,17,15.99,271.83,0.0,inf,Dead Stock
43547,7,7.99,55.93,1.0,7.0,Slow Moving
43548,5,15.99,79.95,0.0,inf,Dead Stock
43553,381,8.99,3425.19,356.0,1.0702247191011236,Normal
43590,934,14.99,14000.66,345.0,2.7072463768115944,Slow Moving
43615,179,18.99,3399.2099999999996,33.0,5.424242424242424,Slow Moving
43618,370,12.99,4806.3,130.0,2.8461538461538463,Slow Moving
43638,26,105.99,2755.74,49.0,0.5306122448979592,Normal
43639,12,27.99,335.88,0.0,inf,Dead Stock
43652,94,21.99,2067.06,14.0,6.714285714285714,Slow Moving
43662,337,29.99,10106.63,14.0,24.071428571428573,Slow Moving
43667,97,49.99,4849.03,3.0,32.333333333333336,Slow Moving
43668,75,49.99,3749.25,0.0,inf,Dead Stock
43673,116,8.99,1042.84,27.0,4.296296296296297,Slow Moving
43681,24,14.99,359.76,0.0,inf,Dead Stock
43685,227,13.99,3175.73,126.0,1.8015873015873016,Normal
43729,7,70.99,496.92999999999995,0.0,inf,Dead Stock
43730,6,59.99,359.94,0.0,inf,Dead Stock
43737,431,8.99,3874.69,89.0,4.842696629213483,Slow Moving
43747,12,11.99,143.88,24.0,0.5,Fast Moving
43777,288,17.99,5181.12,10.0,28.8,Slow Moving
43782,20,34.99,699.8000000000001,0.0,inf,Dead Stock
43784,309,16.99,5249.91,98.0,3.1530612244897958,Slow Moving
43788,451,49.99,22545.49,96.0,4.697916666666667,Slow Moving
43789,17,10.99,186.83,12.0,1.4166666666666667,Normal
43790,18,10.99,197.82,0.0,inf,Dead Stock
43798,608,10.49,6377.92,296.0,2.054054054054054,Slow Moving
43801,216,10.99,2373.84,168.0,1.2857142857142858,Normal
43803,61,4.49,273.89,6.0,10.166666666666666,Slow Moving
43808,1304,7.99,10418.960000000001,236.0,5.52542372881356,Slow Moving
43809,3031,8.99,27248.690000000002,1173.0,2.5839727195225914,Slow Moving
43819,21,10.99,230.79,0.0,inf,Dead Stock
43820,309,10.99,3395.91,188.0,1.6436170212765957,Normal
43821,8,10.99,87.92,0.0,inf,Dead Stock
43832,17,8.99,152.83,80.0,0.2125,Fast Moving
43872,3058,24.99,76419.42,1604.0,1.9064837905236909,Normal
43873,528,67.99,35898.719999999994,83.0,6.36144578313253,Slow Moving
43877,784,26.99,21160.16,69.0,11.36231884057971,Slow Moving
43890,22,15.99,351.78000000000003,3.0,7.333333333333333,Slow Moving
43900,32,44.99,1439.68,2.0,16.0,Slow Moving
43916,42,11.99,503.58,0.0,inf,Dead Stock
43918,342,11.989999999999998,4100.579999999999,222.0,1.5405405405405406,Normal
43919,17,11.99,203.83,7.0,2.4285714285714284,Slow Moving
43920,491,11.989999999999998,5887.089999999999,241.0,2.037344398340249,Slow Moving
43922,17,8.99,152.83,156.0,0.10897435897435898,Fast Moving
43923,6,11.99,71.94,5.0,1.2,Normal
43924,27,15.49,418.23,3.0,9.0,Slow Moving
43937,39,237.99,9281.61,0.0,inf,Dead Stock
43939,106,22.99,2436.94,0.0,inf,Dead Stock
43950,2,23.99,47.98,0.0,inf,Dead Stock
44025,20,39.99,799.8000000000001,9.0,2.2222222222222223,Slow Moving
44035,485,9.99,4845.150000000001,331.0,1.4652567975830815,Normal
44037,1415,4.99,7060.85,1467.0,0.9645535105657805,Normal
44038,3277,10.99,36014.23,2036.0,1.6095284872298625,Normal
44041,490,11.99,5875.1,255.0,1.9215686274509804,Normal
44063,13,11.99,155.87,0.0,inf,Dead Stock
44072,758,10.99,8330.42,322.0,2.3540372670807455,Slow Moving
44081,448,18.99,8507.519999999999,157.0,2.8535031847133756,Slow Moving
44082,443,13.99,6197.57,62.0,7.145161290322581,Slow Moving
44083,345,12.99,4481.55,15.0,23.0,Slow Moving
44084,259,12.99,3364.41,52.0,4.980769230769231,Slow Moving
44102,15,54.99,824.85,7.0,2.142857142857143,Slow Moving
44106,342,14.99,5126.58,30.0,11.4,Slow Moving
44107,435,15.99,6955.650000000001,117.0,3.717948717948718,Slow Moving
44138,187,12.99,2429.13,147.0,1.272108843537415,Normal
44145,652,9.99,6513.4800000000005,699.0,0.932761087267525,Normal
44148,122,6.99,852.78,459.0,0.2657952069716776,Fast Moving
44174,170,37.99,6458.3,0.0,inf,Dead Stock
44176,24,12.49,299.76,0.0,inf,Dead Stock
44177,23,16.99,390.77,0.0,inf,Dead Stock
44182,332,15.99,5308.68,194.0,1.711340206185567,Normal
44186,192,44.99,8638.08,16.0,12.0,Slow Moving
44199,119,12.99,1545.81,0.0,inf,Dead Stock
44207,121,9.99,1208.79,55.0,2.2,Slow Moving
44208,1158,18.99,21990.42,589.0,1.966044142614601,Normal
44217,427,15.989999999999998,6827.73,102.0,4.186274509803922,Slow Moving
44220,8,32.99,263.92,1.0,8.0,Slow Moving
44221,4,15.99,63.96,12.0,0.3333333333333333,Fast Moving
44228,2805,11.99,33631.95,1189.0,2.359125315391085,Slow Moving
44232,15,31.99,479.84999999999997,0.0,inf,Dead Stock
44233,658,9.99,6573.42,343.0,1.9183673469387754,Normal
44234,1089,13.99,15235.11,311.0,3.5016077170418005,Slow Moving
44238,191,7.99,1526.0900000000001,54.0,3.537037037037037,Slow Moving
44249,22,9.99,219.78,0.0,inf,Dead Stock
44266,843,8.99,7578.570000000001,189.0,4.4603174603174605,Slow Moving
44269,265,10.99,2912.35,55.0,4.818181818181818,Slow Moving
44278,11,18.99,208.89,1.0,11.0,Slow Moving
44291,7,15.99,111.93,0.0,inf,Dead Stock
44292,233,12.990000000000002,3026.6700000000005,99.0,2.3535353535353534,Slow Moving
44302,32,7.99,255.68,15.0,2.1333333333333333,Slow Moving
44325,2,52.49,104.98,0.0,inf,Dead Stock
44334,1192,11.99,14292.08,1600.0,0.745,Normal
44337,479,12.99,6222.21,315.0,1.5206349206349206,Normal
44339,12,12.99,155.88,0.0,inf,Dead Stock
44340,460,12.99,5975.400000000001,315.0,1.4603174603174602,Normal
44362,437,10.99,4802.63,316.0,1.3829113924050633,Normal
44369,12,4.99,59.88,0.0,inf,Dead Stock
44370,9,9.99,89.91,0.0,inf,Dead Stock
44394,12,13.99,167.88,12.0,1.0,Normal
44411,66,29.99,1979.34,0.0,inf,Dead Stock
44452,449,10.99,4934.51,362.0,1.2403314917127073,Normal
44455,182,13.99,2546.18,0.0,inf,Dead Stock
44493,207,46.99,9726.93,37.0,5.594594594594595,Slow Moving
44494,3315,6.79,22508.85,946.0,3.504228329809725,Slow Moving
44511,2065,14.99,30954.350000000002,863.0,2.3928157589803014,Slow Moving
44529,197,9.99,1968.03,85.0,2.3176470588235296,Slow Moving
44547,1401,74.95,105004.95,333.0,4.207207207207207,Slow Moving
44613,41,8.99,368.59000000000003,23.0,1.7826086956521738,Normal
44620,848,14.990000000000002,12711.520000000002,220.0,3.8545454545454545,Slow Moving
44650,1,104.99,104.99,4.0,0.25,Fast Moving
44653,2,104.99,209.98,8.0,0.25,Fast Moving
44662,12,8.99,107.88,0.0,inf,Dead Stock
44703,27,13.49,364.23,29.0,0.9310344827586207,Normal
44704,42,11.49,482.58,41.0,1.024390243902439,Normal
44705,3,13.49,40.47,12.0,0.25,Fast Moving
44708,345,12.99,4481.55,166.0,2.0783132530120483,Slow Moving
44709,31,7.99,247.69,12.0,2.5833333333333335,Slow Moving
44712,1175,20.99,24663.249999999996,1629.0,0.7213014119091468,Normal
44714,542,11.99,6498.58,17.0,31.88235294117647,Slow Moving
44715,116,17.99,2086.8399999999997,31.0,3.7419354838709675,Slow Moving
44716,93,24.99,2324.0699999999997,16.0,5.8125,Slow Moving
44717,2042,13.99,28567.58,324.0,6.302469135802469,Slow Moving
44718,12,9.99,119.88,0.0,inf,Dead Stock
44719,1764,9.99,17622.36,648.0,2.7222222222222223,Slow Moving
44724,31,30.99,960.6899999999999,0.0,inf,Dead Stock
44729,36,11.99,431.64,84.0,0.42857142857142855,Fast Moving
44730,13,13.99,181.87,0.0,inf,Dead Stock
44733,400,9.99,3996.0,95.0,4.2105263157894735,Slow Moving
44734,766,9.99,7652.34,261.0,2.9348659003831417,Slow Moving
44742,61,42.99,2622.3900000000003,2.0,30.5,Slow Moving
44755,4,131.99,527.96,15.0,0.26666666666666666,Fast Moving
44756,40,21.99,879.5999999999999,9.0,4.444444444444445,Slow Moving
44761,205,5.49,1125.45,103.0,1.9902912621359223,Normal
44780,185,22.99,4253.15,42.0,4.404761904761905,Slow Moving
44783,13,14.99,194.87,24.0,0.5416666666666666,Normal
44785,96,19.99,1919.04,16.0,6.0,Slow Moving
44818,199,9.99,1988.01,72.0,2.763888888888889,Slow Moving
44828,449,13.99,6281.51,151.0,2.9735099337748343,Slow Moving
44838,319,37.99,12118.810000000001,70.0,4.557142857142857,Slow Moving
44854,404,49.99,20195.96,90.0,4.488888888888889,Slow Moving
44859,525,10.99,5769.75,11.0,47.72727272727273,Slow Moving
44893,12,16.99,203.88,0.0,inf,Dead Stock
44906,52,9.99,519.48,0.0,inf,Dead Stock
44907,16,13.99,223.84,2.0,8.0,Slow Moving
44911,476,14.99,7135.24,106.0,4.490566037735849,Slow Moving
44912,197,14.99,2953.03,37.0,5.324324324324325,Slow Moving
44915,667,9.99,6663.33,134.0,4.977611940298507,Slow Moving
44916,242,17.99,4353.58,75.0,3.2266666666666666,Slow Moving
44921,208,14.99,3117.92,111.0,1.8738738738738738,Normal
44922,178,36.99,6584.22,32.0,5.5625,Slow Moving
44925,23,14.99,344.77,3.0,7.666666666666667,Slow Moving
44943,135,15.99,2158.65,622.0,0.2170418006430868,Fast Moving
44944,1523,22.989999999999995,35013.76999999999,0.0,inf,Dead Stock
44986,247,16.99,4196.53,133.0,1.8571428571428572,Normal
44992,13,119.98999999999998,1559.8699999999997,2.0,6.5,Slow Moving
44993,56,8.49,475.44,16.0,3.5,Slow Moving
45016,22,93.99,2067.7799999999997,0.0,inf,Dead Stock
45035,103,34.99,3603.9700000000003,29.0,3.5517241379310347,Slow Moving
45058,5,47.99,239.95000000000002,0.0,inf,Dead Stock
45059,0,12.99,0.0,24.0,0.0,Fast Moving
45063,586,9.99,5854.14,159.0,3.6855345911949686,Slow Moving
45090,119,11.990000000000002,1426.8100000000002,39.0,3.051282051282051,Slow Moving
45128,16,54.99,879.84,14.0,1.1428571428571428,Normal
45129,196,59.989999999999995,11758.039999999999,2.0,98.0,Slow Moving
45151,2,61.99,123.98,0.0,inf,Dead Stock
45185,43,15.99,687.57,38.0,1.131578947368421,Normal
45203,348,6.99,2432.52,45.0,7.733333333333333,Slow Moving
45234,25,95.99,2399.75,0.0,inf,Dead Stock
45240,410,18.99,7785.9,96.0,4.270833333333333,Slow Moving
45246,21,6.99,146.79,17.0,1.2352941176470589,Normal
45266,403,12.99,5234.97,161.0,2.5031055900621118,Slow Moving
45276,316,6.79,2145.64,181.0,1.7458563535911602,Normal
45293,23,7.99,183.77,1.0,23.0,Slow Moving
45294,192,12.99,2494.08,165.0,1.1636363636363636,Normal
45297,8,155.99,1247.92,0.0,inf,Dead Stock
45298,205,49.99,10247.95,21.0,9.761904761904763,Slow Moving
45300,119,21.99,2616.81,24.0,4.958333333333333,Slow Moving
45314,222,12.990000000000002,2883.7800000000007,0.0,inf,Dead Stock
45322,1600,8.99,14384.0,467.0,3.4261241970021414,Slow Moving
45329,6,14.99,89.94,0.0,inf,Dead Stock
45330,215,7.99,1717.8500000000001,119.0,1.8067226890756303,Normal
45331,78,10.99,857.22,32.0,2.4375,Slow Moving
45332,495,6.99,3460.05,358.0,1.3826815642458101,Normal
45333,465,7.99,3715.35,269.0,1.728624535315985,Normal
45334,38,10.99,417.62,35.0,1.0857142857142856,Normal
45392,205,18.99,3892.95,96.0,2.1354166666666665,Slow Moving
45424,166,16.99,2820.3399999999997,29.0,5.724137931034483,Slow Moving
45446,7,6.99,48.93,0.0,inf,Dead Stock
45457,313,8.99,2813.87,184.0,1.701086956521739,Normal
45459,7,31.99,223.92999999999998,0.0,inf,Dead Stock
45460,771,12.99,10015.29,801.0,0.9625468164794008,Normal
45474,224,54.989999999999995,12317.759999999998,58.0,3.8620689655172415,Slow Moving
45494,10,16.99,169.89999999999998,1.0,10.0,Slow Moving
45495,44,15.99,703.5600000000001,3.0,14.666666666666666,Slow Moving
45496,1586,7.99,12672.140000000001,771.0,2.0570687418936444,Slow Moving
45503,623,9.99,6223.77,840.0,0.7416666666666667,Normal
45521,23,20.99,482.77,0.0,inf,Dead Stock
45524,224,11.99,2685.76,87.0,2.574712643678161,Slow Moving
45525,372,11.99,4460.28,132.0,2.8181818181818183,Slow Moving
45526,233,11.99,2793.67,111.0,2.099099099099099,Slow Moving
45535,684,10.99,7517.16,309.0,2.2135922330097086,Slow Moving
45565,28,17.99,503.71999999999997,7.0,4.0,Slow Moving
45576,135,7.29,984.15,10.0,13.5,Slow Moving
45577,3,7.29,21.87,0.0,inf,Dead Stock
45599,325,16.99,5521.749999999999,34.0,9.558823529411764,Slow Moving
45600,296,9.99,2957.04,156.0,1.8974358974358974,Normal
45601,223,16.99,3788.7699999999995,108.0,2.064814814814815,Slow Moving
45602,34,11.49,390.66,2.0,17.0,Slow Moving
45604,72,19.99,1439.28,614.0,0.11726384364820847,Fast Moving
45605,175,8.99,1573.25,55.0,3.1818181818181817,Slow Moving
45632,117,16.99,1987.83,70.0,1.6714285714285715,Normal
45647,181,12.99,2351.19,19.0,9.526315789473685,Slow Moving
45649,1,115.99,115.99,0.0,inf,Dead Stock
45745,46,9.99,459.54,18.0,2.5555555555555554,Slow Moving
45752,216,9.99,2157.84,86.0,2.511627906976744,Slow Moving
45769,626,11.99,7505.74,348.0,1.7988505747126438,Normal
45770,444,13.99,6211.56,209.0,2.124401913875598,Slow Moving
45822,3032,9.95,30168.399999999998,1519.0,1.9960500329163924,Normal
45823,331,10.99,3637.69,131.0,2.5267175572519083,Slow Moving
45831,371,17.99,6674.289999999999,78.0,4.756410256410256,Slow Moving
45837,131,35.99,4714.6900000000005,11.0,11.909090909090908,Slow Moving
45839,109,22.99,2505.91,11.0,9.909090909090908,Slow Moving
45845,258,17.99,4641.419999999999,153.0,1.6862745098039216,Normal
45848,3142,9.99,31388.58,484.0,6.491735537190083,Slow Moving
45859,154,15.990000000000002,2462.4600000000005,1.0,154.0,Slow Moving
45860,68,4.99,339.32,56.0,1.2142857142857142,Normal
45866,92,9.99,919.08,24.0,3.8333333333333335,Slow Moving
45871,205,8.49,1740.45,10.0,20.5,Slow Moving
45874,43,5.49,236.07000000000002,9.0,4.777777777777778,Slow Moving
45875,9,9.99,89.91,5.0,1.8,Normal
45876,344,15.989999999999998,5500.5599999999995,93.0,3.6989247311827955,Slow Moving
45885,418,19.99,8355.82,168.0,2.488095238095238,Slow Moving
45912,41,18.99,778.5899999999999,4.0,10.25,Slow Moving
45913,33,4.99,164.67000000000002,0.0,inf,Dead Stock
45920,8,14.99,119.92,0.0,inf,Dead Stock
45921,345,9.99,3446.55,136.0,2.536764705882353,Slow Moving
45980,32,59.99,1919.68,7.0,4.571428571428571,Slow Moving
45991,12,20.99,251.88,0.0,inf,Dead Stock
45992,24,10.99,263.76,11.0,2.1818181818181817,Slow Moving
45993,0,10.99,0.0,4.0,0.0,Fast Moving
46011,2,12.99,25.98,0.0,inf,Dead Stock
46018,3,19.99,59.97,2.0,1.5,Normal
46021,1505,12.99,19549.95,849.0,1.7726737338044758,Normal
46023,1807,13.99,25279.93,567.0,3.18694885361552,Slow Moving
46043,13,26.99,350.87,0.0,inf,Dead Stock
46048,12,17.99,215.88,0.0,inf,Dead Stock
46059,13,3.99,51.870000000000005,24.0,0.5416666666666666,Normal
46060,665,13.99,9303.35,253.0,2.6284584980237153,Slow Moving
46062,245,10.99,2692.55,167.0,1.467065868263473,Normal
46065,16,12.99,207.84,9.0,1.7777777777777777,Normal
46070,98,12.99,1273.02,10.0,9.8,Slow Moving
46074,10,10.99,109.9,18.0,0.5555555555555556,Normal
46083,1,9.99,9.99,0.0,inf,Dead Stock
46093,846,12.99,10989.54,150.0,5.64,Slow Moving
46096,427,9.989999999999998,4265.73,119.0,3.588235294117647,Slow Moving
46098,745,8.99,6697.55,341.0,2.1847507331378297,Slow Moving
46119,58,56.99,3305.42,25.0,2.32,Slow Moving
46132,94,12.99,1221.06,10.0,9.4,Slow Moving
46141,142,21.99,3122.58,30.0,4.733333333333333,Slow Moving
46145,14,5.49,76.86,0.0,inf,Dead Stock
46156,4,18.99,75.96,0.0,inf,Dead Stock
46163,18,6.49,116.82000000000001,23.0,0.782608695652174,Normal
46164,40,6.49,259.6,20.0,2.0,Normal
46165,51,6.49,330.99,26.0,1.9615384615384615,Normal
46166,18,6.49,116.82000000000001,12.0,1.5,Normal
46185,111,22.99,2551.89,3.0,37.0,Slow Moving
46189,234,16.99,3975.66,81.0,2.888888888888889,Slow Moving
46190,23,20.99,482.77,3.0,7.666666666666667,Slow Moving
46199,250,10.99,2747.5,141.0,1.7730496453900708,Normal
46201,550,16.99,9344.5,494.0,1.1133603238866396,Normal
46202,3878,8.95,34708.1,738.0,5.254742547425474,Slow Moving
46217,141,7.99,1126.59,137.0,1.0291970802919708,Normal
46297,327,11.99,3920.73,174.0,1.8793103448275863,Normal
46298,309,11.990000000000002,3704.9100000000008,114.0,2.710526315789474,Slow Moving
46299,238,9.99,2377.62,28.0,8.5,Slow Moving
46308,20,8.99,179.8,0.0,inf,Dead Stock
46310,236,6.99,1649.64,244.0,0.9672131147540983,Normal
46311,351,6.99,2453.4900000000002,236.0,1.4872881355932204,Normal
46325,1,12.99,12.99,0.0,inf,Dead Stock
46333,3,28.99,86.97,1.0,3.0,Slow Moving
46367,28,24.99,699.7199999999999,8.0,3.5,Slow Moving
46371,16,16.99,271.84,16.0,1.0,Normal
46372,4,16.99,67.96,0.0,inf,Dead Stock
46378,24,4.99,119.76,0.0,inf,Dead Stock
46379,1746,17.99,31410.539999999997,854.0,2.0444964871194378,Slow Moving
46380,1896,16.99,32213.039999999997,254.0,7.464566929133858,Slow Moving
46381,1471,16.99,24992.289999999997,227.0,6.4801762114537445,Slow Moving
46402,244,12.99,3169.56,12.0,20.333333333333332,Slow Moving
46418,10,15.99,159.9,2.0,5.0,Slow Moving
46422,425,9.99,4245.75,225.0,1.8888888888888888,Normal
46424,807,9.99,8061.93,744.0,1.0846774193548387,Normal
46428,288,9.99,2877.12,253.0,1.1383399209486167,Normal
46429,253,9.99,2527.4700000000003,126.0,2.007936507936508,Slow Moving
46446,12,3.99,47.88,0.0,inf,Dead Stock
46447,1499,10.99,16474.010000000002,1345.0,1.1144981412639405,Normal
46453,564,12.989999999999998,7326.359999999999,3.0,188.0,Slow Moving
46458,1319,15.99,21090.81,431.0,3.0603248259860787,Slow Moving
46475,157,9.99,1568.43,63.0,2.492063492063492,Slow Moving
46476,1103,9.99,11018.97,1544.0,0.7143782383419689,Normal
46485,260,55.99,14557.4,32.0,8.125,Slow Moving
46489,619,10.989999999999998,6802.809999999999,115.0,5.3826086956521735,Slow Moving
46496,12,17.99,215.88,0.0,inf,Dead Stock
46498,174,11.99,2086.26,195.0,0.8923076923076924,Normal
46551,380,25.99,9876.199999999999,96.0,3.9583333333333335,Slow Moving
46554,181,16.99,3075.1899999999996,41.0,4.414634146341464,Slow Moving
46555,64,8.99,575.36,34.0,1.8823529411764706,Normal
46568,446,8.99,4009.54,154.0,2.896103896103896,Slow Moving
46580,64,4.99,319.36,6.0,10.666666666666666,Slow Moving
46582,401,12.99,5208.99,287.0,1.397212543554007,Normal
46583,42,71.99,3023.58,3.0,14.0,Slow Moving
46590,77,12.99,1000.23,36.0,2.138888888888889,Slow Moving
46599,346,9.99,3456.54,87.0,3.9770114942528734,Slow Moving
46600,400,9.99,3996.0,199.0,2.0100502512562812,Slow Moving
46621,381,23.99,9140.189999999999,139.0,2.741007194244604,Slow Moving
46628,304,13.99,4252.96,170.0,1.7882352941176471,Normal
46662,12,2.99,35.88,12.0,1.0,Normal
46690,5,359.99,1799.95,0.0,inf,Dead Stock
46694,296,26.99,7989.04,66.0,4.484848484848484,Slow Moving
46715,45,30.99,1394.55,0.0,inf,Dead Stock
46725,87,21.99,1913.1299999999999,31.0,2.806451612903226,Slow Moving
46732,17,5.99,101.83,0.0,inf,Dead Stock
46733,1,11.99,11.99,0.0,inf,Dead Stock
46734,1301,9.99,12996.99,273.0,4.7655677655677655,Slow Moving
46762,754,13.99,10548.460000000001,546.0,1.380952380952381,Normal
46763,267,11.99,3201.33,172.0,1.552325581395349,Normal
46764,929,11.99,11138.710000000001,979.0,0.9489274770173647,Normal
46765,6,77.99,467.93999999999994,5.0,1.2,Normal
46766,74,32.99,2441.26,2.0,37.0,Slow Moving
46783,269,9.99,2687.31,89.0,3.0224719101123596,Slow Moving
46785,322,9.99,3216.78,139.0,2.316546762589928,Slow Moving
46788,394,9.99,3936.06,119.0,3.310924369747899,Slow Moving
46802,30,4.99,149.70000000000002,11.0,2.727272727272727,Slow Moving
46816,83,9.99,829.1700000000001,44.0,1.8863636363636365,Normal
46819,3,13.99,41.97,3.0,1.0,Normal
46826,571,14.99,8559.29,42.0,13.595238095238095,Slow Moving
46829,258,11.99,3093.42,62.0,4.161290322580645,Slow Moving
46830,985,8.99,8855.15,610.0,1.6147540983606556,Normal
46904,20,13.99,279.8,0.0,inf,Dead Stock
46923,131,11.990000000000002,1570.6900000000003,18.0,7.277777777777778,Slow Moving
46928,25,26.99,674.75,0.0,inf,Dead Stock
46929,6,4.99,29.94,0.0,inf,Dead Stock
46934,1712,14.95,25594.399999999998,455.0,3.7626373626373626,Slow Moving
46942,28,29.99,839.7199999999999,10.0,2.8,Slow Moving
46947,206,12.99,2675.94,27.0,7.62962962962963,Slow Moving
46950,5,7.99,39.95,10.0,0.5,Fast Moving
46964,8,35.99,287.92,0.0,inf,Dead Stock
46985,1007,23.99,24157.929999999997,234.0,4.303418803418803,Slow Moving
47009,425,13.49,5733.25,116.0,3.663793103448276,Slow Moving
47011,51,18.99,968.4899999999999,3.0,17.0,Slow Moving
47014,684,13.990000000000002,9569.160000000002,332.0,2.0602409638554215,Slow Moving
47027,194,7.989999999999999,1550.06,87.0,2.2298850574712645,Slow Moving
47075,55,4.99,274.45,4.0,13.75,Slow Moving
47090,360,23.99,8636.4,134.0,2.6865671641791047,Slow Moving
50354,7,45.99,321.93,0.0,inf,Dead Stock
90010,135,91.99,12418.65,4.0,33.75,Slow Moving
90011,160,144.99,23198.4,31.0,5.161290322580645,Slow Moving
90012,22,49.99,1099.78,17.0,1.2941176470588236,Normal
90013,130,99.99,12998.699999999999,23.0,5.6521739130434785,Slow Moving
90014,76,61.99,4711.24,14.0,5.428571428571429,Slow Moving
90025,3,59.99,179.97,12.0,0.25,Fast Moving
90080,8,59.99,479.92,19.0,0.42105263157894735,Fast Moving
90081,18,49.99,899.82,7.0,2.5714285714285716,Slow Moving
90082,7,64.99,454.92999999999995,3.0,2.3333333333333335,Slow Moving
90084,2,31.99,63.98,2.0,1.0,Normal
90085,6,36.99,221.94,2.0,3.0,Slow Moving
90086,32,51.989999999999995,1663.6799999999998,1.0,32.0,Slow Moving
90087,45,469.99,21149.55,1.0,45.0,Slow Moving
90088,37,134.99,4994.63,0.0,inf,Dead Stock
90089,124,119.98999999999998,14878.759999999998,27.0,4.592592592592593,Slow Moving
90090,42,649.99,27299.58,0.0,inf,Dead Stock
90604,42,119.99,5039.58,0.0,inf,Dead Stock
90609,238,24.99,5947.62,0.0,inf,Dead Stock
90631,279,18.99,5298.209999999999,0.0,inf,Dead Stock
