Brand,AnnualDemand,AvgPurchasePrice,HoldingCost,OrderingCost,EOQ,OrdersPerYear,TotalOrderingCost,TotalHoldingCost,TotalInventoryCost
8111,28544,0.77,0.15400000000000003,150,7457,4,600,574.1890000000001,1174.189
1892,23121,0.72,0.144,150,6940,4,600,499.67999999999995,1099.6799999999998
4261,20226,16.17,3.2340000000000004,150,1370,15,2250,2215.2900000000004,4465.290000000001
3606,19200,0.74,0.148,150,6239,4,600,461.686,1061.686
5111,18411,0.72,0.144,150,6193,3,450,445.89599999999996,895.896
3837,14057,0.72,0.144,150,5412,3,450,389.664,839.664
4135,12477,0.78,0.15600000000000003,150,4898,3,450,382.04400000000004,832.0440000000001
4157,12102,0.72,0.144,150,5021,3,450,361.512,811.512
3545,11883,21.89,4.378,150,902,14,2100,1974.478,4074.478
8068,11189,18.24,3.6479999999999997,150,959,12,1800,1749.216,3549.216
5491,11027,1.46,0.292,150,3366,4,600,491.436,1091.436
3609,10355,0.74,0.148,150,4581,3,450,338.99399999999997,788.9939999999999
4227,10209,14.17,2.834,150,1040,10,1500,1473.68,2973.6800000000003
1233,9578,26.27,5.2540000000000004,150,740,13,1950,1943.9800000000002,3893.9800000000005
3858,9378,17.77,3.5540000000000003,150,890,11,1650,1581.5300000000002,3231.53
3405,9203,23.19,4.638000000000001,150,772,12,1800,1790.2680000000003,3590.268
8910,9104,0.77,0.15400000000000003,150,4211,3,450,324.24700000000007,774.2470000000001
4798,9059,1.54,0.30800000000000005,150,2970,4,600,457.38000000000005,1057.38
3608,9019,0.72,0.144,150,4335,3,450,312.12,762.12
2120,8732,12.21,2.442,150,1036,9,1350,1264.9560000000001,2614.956
8053,8503,0.75,0.15000000000000002,150,4124,3,450,309.30000000000007,759.3000000000001
6650,8458,7.38,1.476,150,1311,7,1050,967.518,2017.518
8064,8453,0.76,0.15200000000000002,150,4085,3,450,310.46000000000004,760.46
5138,8418,11.1,2.22,150,1067,8,1200,1184.3700000000001,2384.37
6570,8274,6.77,1.354,150,1354,7,1050,916.658,1966.658
8236,8257,1.07,0.21400000000000002,150,3402,3,450,364.01400000000007,814.0140000000001
3893,8240,7.93,1.586,150,1248,7,1050,989.6640000000001,2039.6640000000002
6579,7919,5.8,1.16,150,1431,6,900,829.9799999999999,1729.98
3802,7915,13.43,2.686,150,940,9,1350,1262.42,2612.42
7341,7895,0.75,0.15000000000000002,150,3974,2,300,298.05000000000007,598.0500000000001
3876,7674,13.95,2.79,150,908,9,1350,1266.66,2616.66
14006,7511,5.44,1.088,150,1439,6,900,782.816,1682.816
2127,7499,7.19,1.4380000000000002,150,1251,6,900,899.469,1799.469
3512,7472,11.76,2.352,150,976,8,1200,1147.7759999999998,2347.776
1376,7362,16.29,3.258,150,823,9,1350,1340.667,2690.667
11219,7248,8.44,1.688,150,1135,7,1050,957.9399999999999,2007.94
8961,7046,1.12,0.22400000000000003,150,3072,3,450,344.0640000000001,794.0640000000001
2585,6940,16.42,3.2840000000000007,150,796,9,1350,1307.0320000000004,2657.032
2114,6858,9.41,1.8820000000000001,150,1046,7,1050,984.2860000000001,2034.286
3102,6657,12.94,2.588,150,878,8,1200,1136.132,2336.132
9145,6637,0.75,0.15000000000000002,150,3643,2,300,273.225,573.225
5399,6544,1.45,0.29,150,2602,3,450,377.28999999999996,827.29
38546,6511,5.06,1.012,150,1389,5,750,702.8340000000001,1452.834
8512,6489,14.72,2.9440000000000004,150,813,8,1200,1196.736,2396.736
3607,6427,0.72,0.144,150,3659,2,300,263.448,563.448
3726,6348,3.78,0.756,150,1587,4,600,599.886,1199.886
3180,6340,10.94,2.188,150,932,7,1050,1019.6080000000001,2069.608
4262,5503,11.19,2.238,150,859,7,1050,961.221,2011.221
3246,5403,6.71,1.342,150,1099,5,750,737.4290000000001,1487.429
3522,5394,9.62,1.924,150,917,6,900,882.154,1782.154
36378,5371,6.83,1.366,150,1086,5,750,741.738,1491.738
8606,5369,0.73,0.146,150,3321,2,300,242.433,542.433
8726,5356,1.43,0.286,150,2370,3,450,338.90999999999997,788.91
8822,5334,1.46,0.292,150,2341,3,450,341.786,791.7860000000001
8103,5317,0.77,0.15400000000000003,150,3218,2,300,247.78600000000003,547.7860000000001
18013,5269,4.69,0.9380000000000002,150,1298,5,750,608.7620000000001,1358.7620000000002
2757,5191,22.38,4.476,150,590,9,1350,1320.42,2670.42
1366,5188,0.93,0.18600000000000003,150,2893,2,300,269.04900000000004,569.049
3896,5025,2.63,0.526,150,1693,3,450,445.259,895.259
6349,4854,4.63,0.926,150,1254,4,600,580.602,1180.6019999999999
1232,4806,15.93,3.186,150,673,8,1200,1072.089,2272.089
3769,4732,7.02,1.404,150,1006,5,750,706.212,1456.212
3684,4730,7.68,1.536,150,961,5,750,738.048,1488.048
19748,4692,9.2,1.8399999999999999,150,875,6,900,804.9999999999999,1705.0
5364,4691,23.07,4.614,150,552,9,1350,1273.464,2623.464
3012,4685,0.74,0.148,150,3082,2,300,228.06799999999998,528.068
2589,4649,30.76,6.152000000000001,150,476,10,1500,1464.1760000000002,2964.1760000000004
5952,4446,1.42,0.284,150,2167,3,450,307.714,757.7139999999999
6682,4431,6.03,1.2060000000000002,150,1050,5,750,633.1500000000001,1383.15
3746,4413,8.52,1.704,150,881,6,900,750.612,1650.612
3315,4409,0.74,0.148,150,2990,2,300,221.26,521.26
3878,4376,7.96,1.592,150,908,5,750,722.768,1472.768
3913,4335,14.28,2.856,150,675,7,1050,963.9,2013.9
3243,4307,8.26,1.6520000000000001,150,884,5,750,730.1840000000001,1480.1840000000002
4241,4303,1.47,0.294,150,2095,3,450,307.965,757.9649999999999
8184,4295,1.55,0.31000000000000005,150,2039,3,450,316.0450000000001,766.0450000000001
8159,4264,19.69,3.9380000000000006,150,570,8,1200,1122.3300000000002,2322.33
6479,4223,5.95,1.1900000000000002,150,1032,5,750,614.0400000000001,1364.04
4149,4133,1.16,0.23199999999999998,150,2312,2,300,268.192,568.192
3489,4119,20.73,4.146,150,546,8,1200,1131.858,2331.858
5251,4088,0.72,0.144,150,2918,2,300,210.09599999999998,510.096
8680,4047,28.88,5.776,150,458,9,1350,1322.704,2672.7039999999997
32831,4031,6.75,1.35,150,946,5,750,638.5500000000001,1388.5500000000002
1476,4015,16.05,3.2100000000000004,150,613,7,1050,983.8650000000001,2033.8650000000002
5445,3962,11.76,2.352,150,711,6,900,836.136,1736.136
3500,3925,1.07,0.21400000000000002,150,2346,2,300,251.02200000000002,551.022
5365,3919,14.84,2.968,150,629,7,1050,933.436,1983.4360000000001
8172,3909,0.71,0.142,150,2874,2,300,204.05399999999997,504.054
18152,3891,5.26,1.052,150,1053,4,600,553.878,1153.8780000000002
2586,3845,2.21,0.442,150,1615,3,450,356.915,806.915
36380,3837,6.49,1.298,150,942,5,750,611.3580000000001,1361.3580000000002
8033,3802,2.3,0.45999999999999996,150,1575,3,450,362.25,812.25
32907,3798,5.37,1.074,150,1030,4,600,553.11,1153.1100000000001
41034,3780,5.26,1.052,150,1038,4,600,545.988,1145.988
3637,3701,3.89,0.778,150,1195,4,600,464.855,1064.855
6983,3689,8.27,1.654,150,818,5,750,676.486,1426.4859999999999
5191,3678,7.93,1.586,150,834,5,750,661.3620000000001,1411.362
3899,3636,2.2,0.44000000000000006,150,1575,3,450,346.50000000000006,796.5
8112,3629,19.52,3.904,150,528,7,1050,1030.656,2080.656
508,3625,9.77,1.954,150,746,5,750,728.842,1478.842
8203,3610,1.51,0.30200000000000005,150,1894,2,300,285.994,585.994
32906,3602,6.42,1.284,150,917,4,600,588.714,1188.714
35914,3598,5.51,1.102,150,990,4,600,545.49,1145.49
8746,3538,4.02,0.8039999999999999,150,1149,4,600,461.89799999999997,1061.898
33149,3459,4.79,0.9580000000000001,150,1041,4,600,498.639,1098.6390000000001
3505,3415,13.76,2.7520000000000002,150,610,6,900,839.36,1739.3600000000001
39335,3415,8.75,1.75,150,765,5,750,669.375,1419.375
8171,3412,0.71,0.142,150,2685,2,300,190.635,490.635
3826,3371,15.74,3.148,150,567,6,900,892.4580000000001,1792.458
3625,3370,12.59,2.5180000000000002,150,634,6,900,798.2060000000001,1698.2060000000001
3804,3308,7.63,1.526,150,806,5,750,614.9780000000001,1364.978
6937,3296,6.75,1.35,150,856,4,600,577.8000000000001,1177.8000000000002
33874,3291,6.62,1.324,150,864,4,600,571.9680000000001,1171.968
11826,3270,4.72,0.944,150,1019,4,600,480.96799999999996,1080.9679999999998
8023,3211,3.28,0.656,150,1212,3,450,397.536,847.5360000000001
3253,3133,9.08,1.816,150,719,5,750,652.852,1402.8519999999999
8130,3128,0.93,0.18600000000000003,150,2246,2,300,208.87800000000004,508.87800000000004
2704,3126,0.78,0.15600000000000003,150,2452,2,300,191.25600000000003,491.25600000000003
1385,3122,20.45,4.09,150,479,7,1050,979.555,2029.5549999999998
4113,3110,0.74,0.148,150,2511,2,300,185.814,485.81399999999996
8082,3099,21.73,4.346,150,463,7,1050,1006.099,2056.099
3276,3090,9.62,1.924,150,694,5,750,667.6279999999999,1417.628
11828,3085,3.97,0.794,150,1080,3,450,428.76000000000005,878.76
2443,3050,13.48,2.696,150,583,6,900,785.884,1685.884
3783,3050,1.5,0.30000000000000004,150,1746,2,300,261.90000000000003,561.9000000000001
3423,3048,21.25,4.25,150,464,7,1050,986.0,2036.0
29248,3013,6.53,1.306,150,832,4,600,543.296,1143.296
5676,3009,1.42,0.284,150,1783,2,300,253.18599999999998,553.1859999999999
2432,2994,17.59,3.5180000000000002,150,505,6,900,888.2950000000001,1788.295
2663,2984,21.42,4.284000000000001,150,457,7,1050,978.8940000000001,2028.8940000000002
22899,2968,6.53,1.306,150,826,4,600,539.378,1139.3780000000002
13665,2948,8.96,1.7920000000000003,150,703,5,750,629.8880000000001,1379.8880000000001
3300,2932,0.71,0.142,150,2489,2,300,176.719,476.719
3696,2928,7.6,1.52,150,760,4,600,577.6,1177.6
5734,2918,15.82,3.164,150,526,6,900,832.1320000000001,1732.132
5391,2902,12.02,2.404,150,602,5,750,723.6039999999999,1473.6039999999998
22143,2887,10.52,2.104,150,642,5,750,675.384,1425.384
6451,2880,6.03,1.2060000000000002,150,846,4,600,510.1380000000001,1110.1380000000001
5735,2877,9.29,1.8579999999999999,150,682,5,750,633.578,1383.578
5877,2871,0.62,0.124,150,2636,2,300,163.432,463.432
34134,2870,5.84,1.168,150,859,4,600,501.65599999999995,1101.656
4903,2860,2.87,0.5740000000000001,150,1223,3,450,351.00100000000003,801.001
38133,2851,3.92,0.784,150,1044,3,450,409.248,859.248
8678,2842,9.32,1.864,150,676,5,750,630.032,1380.0320000000002
4243,2839,14.49,2.898,150,542,6,900,785.3580000000001,1685.3580000000002
3650,2829,33.81,6.7620000000000005,150,354,8,1200,1196.874,2396.874
2792,2814,0.78,0.15600000000000003,150,2326,2,300,181.42800000000003,481.428
8504,2801,5.84,1.168,150,848,4,600,495.23199999999997,1095.232
6565,2788,5.99,1.1980000000000002,150,836,4,600,500.76400000000007,1100.7640000000001
3310,2781,4.34,0.868,150,980,3,450,425.32,875.3199999999999
38370,2769,6.59,1.318,150,794,4,600,523.246,1123.246
35913,2765,5.47,1.094,150,871,4,600,476.437,1076.437
6256,2685,5.2,1.04,150,880,4,600,457.6,1057.6
3879,2668,7.91,1.582,150,711,4,600,562.4010000000001,1162.401
1883,2663,13.23,2.6460000000000004,150,549,5,750,726.3270000000001,1476.3270000000002
1180,2660,13.07,2.6140000000000003,150,553,5,750,722.7710000000001,1472.7710000000002
6967,2644,11.89,2.378,150,578,5,750,687.2420000000001,1437.2420000000002
7715,2624,3.01,0.602,150,1144,3,450,344.344,794.344
14706,2600,4.6,0.9199999999999999,150,921,3,450,423.65999999999997,873.66
3636,2594,5.03,1.006,150,880,3,450,442.64,892.64
5103,2576,17.14,3.4280000000000004,150,475,6,900,814.1500000000001,1714.15
6857,2570,5.37,1.074,150,847,4,600,454.83900000000006,1054.839
5299,2493,15.26,3.052,150,495,6,900,755.37,1655.37
8178,2488,18.51,3.7020000000000004,150,449,6,900,831.099,1731.0990000000002
5270,2466,1.55,0.31000000000000005,150,1545,2,300,239.47500000000005,539.475
8092,2455,1.7,0.34,150,1472,2,300,250.24,550.24
3612,2448,6.81,1.362,150,734,4,600,499.85400000000004,1099.854
2143,2441,10.07,2.0140000000000002,150,603,5,750,607.2210000000001,1357.221
34133,2439,6.12,1.2240000000000002,150,773,4,600,473.0760000000001,1073.076
5316,2408,1.83,0.36600000000000005,150,1405,2,300,257.115,557.115
31465,2399,10.38,2.076,150,589,5,750,611.3820000000001,1361.382
25269,2388,4.62,0.924,150,881,3,450,407.022,857.0219999999999
4245,2386,7.93,1.586,150,672,4,600,532.8960000000001,1132.8960000000002
1375,2368,11.5,2.3000000000000003,150,556,5,750,639.4000000000001,1389.4
497,2339,14.7,2.94,150,489,5,750,718.83,1468.83
2465,2316,2.15,0.43,150,1271,2,300,273.265,573.265
7878,2315,9.99,1.9980000000000002,150,590,4,600,589.4100000000001,1189.41
2015,2308,18.1,3.6200000000000006,150,437,6,900,790.9700000000001,1690.9700000000003
8101,2298,1.47,0.294,150,1531,2,300,225.057,525.057
14551,2283,5.29,1.058,150,805,3,450,425.845,875.845
24829,2278,7.53,1.5060000000000002,150,674,4,600,507.52200000000005,1107.522
15393,2277,4.51,0.902,150,870,3,450,392.37,842.37
26383,2275,7.89,1.578,150,658,4,600,519.162,1119.162
1231,2258,9.48,1.8960000000000001,150,598,4,600,566.904,1166.904
5457,2247,1.54,0.30800000000000005,150,1479,2,300,227.76600000000005,527.7660000000001
3349,2234,0.71,0.142,150,2172,2,300,154.212,454.212
13430,2227,5.91,1.1820000000000002,150,752,3,450,444.4320000000001,894.432
16819,2219,8.21,1.6420000000000003,150,637,4,600,522.9770000000001,1122.977
3348,2212,22.38,4.476,150,385,6,900,861.63,1761.63
482,2191,14.28,2.856,150,480,5,750,685.4399999999999,1435.44
3050,2185,6.51,1.302,150,710,4,600,462.21000000000004,1062.21
4269,2162,9.22,1.8440000000000003,150,593,4,600,546.7460000000001,1146.746
8066,2159,7.13,1.4260000000000002,150,674,4,600,480.56200000000007,1080.5620000000001
43223,2157,5.93,1.186,150,739,3,450,438.227,888.227
6081,2153,1.46,0.292,150,1487,2,300,217.10199999999998,517.102
3356,2143,4.47,0.894,150,848,3,450,379.056,829.056
42764,2138,6.09,1.218,150,726,3,450,442.134,892.134
5342,2136,19.85,3.9700000000000006,150,402,6,900,797.9700000000001,1697.9700000000003
5708,2129,0.38,0.07600000000000001,150,2899,1,150,110.16200000000002,260.16200000000003
5401,2129,4.64,0.9279999999999999,150,830,3,450,385.11999999999995,835.1199999999999
35916,2098,5.29,1.058,150,771,3,450,407.85900000000004,857.859
3859,2090,6.81,1.362,150,678,4,600,461.718,1061.718
8202,2083,13.33,2.6660000000000004,150,484,5,750,645.1720000000001,1395.172
23095,2079,4.76,0.952,150,809,3,450,385.084,835.0840000000001
27461,2074,6.12,1.2240000000000002,150,713,3,450,436.35600000000005,886.356
40425,2073,6.42,1.284,150,696,3,450,446.832,896.832
12220,2055,5.48,1.096,150,750,3,450,411.00000000000006,861.0
3162,2049,0.76,0.15200000000000002,150,2011,2,300,152.836,452.836
22447,2039,4.72,0.944,150,805,3,450,379.96,829.96
44038,2036,5.86,1.1720000000000002,150,722,3,450,423.09200000000004,873.0920000000001
4252,2036,0.77,0.15400000000000003,150,1992,2,300,153.38400000000001,453.384
1378,2015,7.08,1.4160000000000001,150,653,4,600,462.32400000000007,1062.324
8691,2008,11.9,2.3800000000000003,150,503,4,600,598.57,1198.5700000000002
5356,2008,7.14,1.428,150,649,4,600,463.38599999999997,1063.386
24875,2007,4.57,0.9140000000000001,150,812,3,450,371.08400000000006,821.0840000000001
5197,2002,5.75,1.1500000000000001,150,723,3,450,415.725,865.725
1346,1994,22.55,4.510000000000001,150,364,6,900,820.8200000000002,1720.8200000000002
5739,1990,1.53,0.30600000000000005,150,1397,2,300,213.74100000000004,513.741
5101,1984,10.39,2.0780000000000003,150,535,4,600,555.8650000000001,1155.8650000000002
1867,1982,2.15,0.43,150,1176,2,300,252.84,552.84
4265,1982,8.26,1.6520000000000001,150,600,4,600,495.6,1095.6
6879,1972,0.74,0.148,150,1999,1,150,147.926,297.926
3630,1969,19.83,3.9659999999999997,150,386,6,900,765.438,1665.438
126,1968,20.14,4.0280000000000005,150,383,6,900,771.3620000000001,1671.362
3562,1966,0.77,0.15400000000000003,150,1957,2,300,150.68900000000002,450.689
2672,1960,1.8,0.36000000000000004,150,1278,2,300,230.04000000000002,530.04
8513,1947,6.56,1.312,150,667,3,450,437.552,887.552
14701,1947,4.57,0.9140000000000001,150,799,3,450,365.1430000000001,815.143
6542,1945,3.71,0.742,150,887,3,450,329.077,779.077
5447,1941,7.63,1.526,150,618,4,600,471.534,1071.534
3040,1940,16.54,3.308,150,419,5,750,693.026,1443.0259999999998
2418,1932,16.53,3.3060000000000005,150,419,5,750,692.6070000000001,1442.607
3568,1927,0.79,0.15800000000000003,150,1913,2,300,151.12700000000004,451.12700000000007
8155,1925,3.28,0.656,150,938,3,450,307.664,757.664
28147,1921,7.14,1.428,150,635,4,600,453.39,1053.3899999999999
8670,1914,7.85,1.57,150,605,4,600,474.925,1074.925
38899,1914,7.28,1.4560000000000002,150,628,4,600,457.1840000000001,1057.1840000000002
24379,1909,8.78,1.756,150,571,4,600,501.338,1101.338
3727,1899,1.47,0.294,150,1392,2,300,204.624,504.624
7345,1898,6.75,1.35,150,649,3,450,438.07500000000005,888.075
3452,1897,5.55,1.11,150,716,3,450,397.38000000000005,847.3800000000001
6264,1886,4.79,0.9580000000000001,150,769,3,450,368.35100000000006,818.3510000000001
6432,1864,0.64,0.128,150,2090,1,150,133.76,283.76
3745,1859,3.07,0.614,150,953,2,300,292.57099999999997,592.5709999999999
27854,1857,10.2,2.04,150,523,4,600,533.46,1133.46
3768,1854,3.62,0.7240000000000001,150,876,3,450,317.112,767.1120000000001
15094,1853,9.08,1.816,150,553,4,600,502.124,1102.124
10727,1850,5.41,1.082,150,716,3,450,387.35600000000005,837.356
42881,1841,3.92,0.784,150,839,3,450,328.88800000000003,778.888
8781,1840,10.32,2.064,150,517,4,600,533.544,1133.5439999999999
35472,1836,5.88,1.176,150,684,3,450,402.19199999999995,852.192
5390,1823,0.77,0.15400000000000003,150,1884,1,150,145.068,295.068
8475,1822,1.23,0.246,150,1491,2,300,183.393,483.39300000000003
32648,1820,5.3,1.06,150,718,3,450,380.54,830.54
4246,1820,4.22,0.844,150,804,3,450,339.288,789.288
6595,1819,4.48,0.8960000000000001,150,780,3,450,349.44000000000005,799.44
3728,1812,18.93,3.786,150,379,5,750,717.447,1467.4470000000001
32908,1804,6.55,1.31,150,643,3,450,421.165,871.165
2037,1795,0.73,0.146,150,1921,1,150,140.233,290.233
1261,1789,0.74,0.148,150,1904,1,150,140.896,290.89599999999996
811,1789,19.84,3.968,150,368,5,750,730.112,1480.112
19848,1789,5.33,1.066,150,710,3,450,378.43,828.4300000000001
1789,1787,17.16,3.4320000000000004,150,395,5,750,677.82,1427.8200000000002
3085,1783,4.72,0.944,150,753,3,450,355.416,805.4159999999999
5490,1780,0.76,0.15200000000000002,150,1874,1,150,142.42400000000004,292.42400000000004
41714,1772,3.22,0.6440000000000001,150,909,2,300,292.69800000000004,592.6980000000001
4153,1772,9.59,1.9180000000000001,150,526,4,600,504.434,1104.434
12771,1771,8.44,1.688,150,561,4,600,473.484,1073.484
6269,1766,5.37,1.074,150,702,3,450,376.97400000000005,826.974
6692,1763,6.68,1.336,150,629,3,450,420.172,870.172
4264,1754,11.53,2.306,150,478,4,600,551.134,1151.134
1355,1754,2.59,0.518,150,1008,2,300,261.072,561.072
26399,1746,3.94,0.788,150,815,3,450,321.11,771.11
1389,1745,2.18,0.43600000000000005,150,1096,2,300,238.92800000000003,538.928
4221,1745,12.94,2.588,150,450,4,600,582.3000000000001,1182.3000000000002
1384,1744,18.93,3.786,150,372,5,750,704.196,1454.196
15527,1744,6.57,1.314,150,631,3,450,414.567,864.567
28947,1737,5.91,1.1820000000000002,150,664,3,450,392.42400000000004,842.424
23143,1731,4.65,0.9300000000000002,150,747,3,450,347.3550000000001,797.355
3687,1720,3.84,0.768,150,820,3,450,314.88,764.88
2164,1718,12.14,2.4280000000000004,150,461,4,600,559.6540000000001,1159.654
3282,1717,0.79,0.15800000000000003,150,1806,1,150,142.67400000000004,292.67400000000004
11825,1717,4.66,0.932,150,743,3,450,346.238,796.238
8815,1713,6.07,1.2140000000000002,150,651,3,450,395.15700000000004,845.157
4198,1706,17.51,3.5020000000000007,150,382,5,750,668.8820000000002,1418.882
3997,1702,14.05,2.8100000000000005,150,426,4,600,598.5300000000001,1198.5300000000002
3344,1700,14.49,2.898,150,420,5,750,608.58,1358.58
6270,1697,0.77,0.15400000000000003,150,1818,1,150,139.98600000000002,289.986
3137,1697,0.76,0.15200000000000002,150,1830,1,150,139.08,289.08000000000004
21985,1681,6.59,1.318,150,619,3,450,407.921,857.921
3485,1680,15.03,3.0060000000000002,150,409,5,750,614.7270000000001,1364.727
3798,1675,19.83,3.9659999999999997,150,356,5,750,705.948,1455.9479999999999
4066,1672,12.85,2.5700000000000003,150,442,4,600,567.97,1167.97
3840,1670,14.39,2.878,150,417,5,750,600.063,1350.063
24325,1662,10.88,2.176,150,479,4,600,521.152,1121.152
3982,1657,14.38,2.8760000000000003,150,416,4,600,598.2080000000001,1198.208
5656,1653,1.16,0.23199999999999998,150,1462,2,300,169.59199999999998,469.592
1737,1648,34.3,6.859999999999999,150,268,7,1050,919.2399999999999,1969.2399999999998
3511,1646,7.24,1.4480000000000002,150,584,3,450,422.81600000000003,872.816
8788,1644,1.53,0.30600000000000005,150,1270,2,300,194.31000000000003,494.31000000000006
8498,1644,5.84,1.168,150,650,3,450,379.59999999999997,829.5999999999999
3776,1643,18.56,3.7119999999999997,150,364,5,750,675.584,1425.5839999999998
3295,1642,7.93,1.586,150,557,3,450,441.701,891.701
7535,1632,4.44,0.8880000000000001,150,743,3,450,329.89200000000005,779.892
5891,1632,11.84,2.368,150,455,4,600,538.72,1138.72
19357,1629,3.92,0.784,150,790,3,450,309.68,759.6800000000001
44712,1629,13.79,2.758,150,421,4,600,580.559,1180.559
2100,1629,7.24,1.4480000000000002,150,581,3,450,420.64400000000006,870.644
2117,1624,5.88,1.176,150,644,3,450,378.67199999999997,828.672
6725,1623,8.44,1.688,150,537,4,600,453.228,1053.228
14622,1620,8.66,1.7320000000000002,150,530,4,600,458.9800000000001,1058.98
40545,1613,9.93,1.986,150,494,4,600,490.542,1090.542
3847,1612,2.81,0.562,150,928,2,300,260.76800000000003,560.768
43872,1604,12.66,2.532,150,436,4,600,551.976,1151.976
44334,1600,7.84,1.568,150,553,3,450,433.552,883.552
18010,1595,3.92,0.784,150,781,3,450,306.152,756.152
11213,1589,12.66,2.532,150,434,4,600,549.444,1149.444
39413,1588,5.06,1.012,150,686,3,450,347.116,797.116
6234,1582,4.54,0.908,150,723,3,450,328.242,778.242
3547,1581,2.2,0.44000000000000006,150,1038,2,300,228.36000000000004,528.36
31489,1579,5.71,1.1420000000000001,150,644,3,450,367.72400000000005,817.724
3488,1578,15.62,3.124,150,389,5,750,607.618,1357.618
3960,1570,9.52,1.904,150,497,4,600,473.144,1073.144
10421,1570,5.9,1.1800000000000002,150,632,3,450,372.88000000000005,822.8800000000001
16794,1569,10.94,2.188,150,464,4,600,507.61600000000004,1107.616
1295,1564,2.89,0.5780000000000001,150,901,2,300,260.389,560.389
7716,1562,3.79,0.758,150,786,2,300,297.894,597.894
6174,1559,5.8,1.16,150,635,3,450,368.29999999999995,818.3
2834,1556,12.3,2.4600000000000004,150,436,4,600,536.2800000000001,1136.2800000000002
31915,1554,8.27,1.654,150,531,3,450,439.137,889.137
3702,1554,0.71,0.142,150,1812,1,150,128.652,278.652
1663,1549,0.74,0.148,150,1772,1,150,131.128,281.128
4932,1545,4.5,0.9,150,718,3,450,323.1,773.1
3038,1545,7.13,1.4260000000000002,150,570,3,450,406.41,856.4100000000001
46476,1544,6.89,1.3780000000000001,150,580,3,450,399.62,849.62
10058,1544,9.26,1.852,150,500,4,600,463.0,1063.0
6249,1543,7.84,1.568,150,543,3,450,425.712,875.712
2752,1542,26.31,5.2620000000000005,150,297,6,900,781.407,1681.4070000000002
3529,1540,10.14,2.028,150,477,4,600,483.678,1083.6779999999999
8441,1537,8.92,1.784,150,508,4,600,453.136,1053.136
3835,1537,8.2,1.64,150,530,3,450,434.59999999999997,884.5999999999999
8590,1531,5.07,1.014,150,673,3,450,341.211,791.211
19121,1531,8.21,1.6420000000000003,150,529,3,450,434.3090000000001,884.3090000000001
4152,1531,3.75,0.75,150,783,2,300,293.625,593.625
8421,1527,3.37,0.674,150,824,2,300,277.68800000000005,577.6880000000001
45822,1519,5.37,1.074,150,651,3,450,349.58700000000005,799.587
6574,1517,9.99,1.9980000000000002,150,477,4,600,476.523,1076.5230000000001
6876,1514,3.97,0.794,150,756,3,450,300.132,750.1320000000001
4736,1513,2.14,0.42800000000000005,150,1030,2,300,220.42000000000002,520.4200000000001
28069,1512,5.45,1.09,150,645,3,450,351.52500000000003,801.5250000000001
4916,1511,7.87,1.574,150,537,3,450,422.619,872.619
28138,1507,6.16,1.2320000000000002,150,606,3,450,373.29600000000005,823.296
3351,1504,13.27,2.654,150,412,4,600,546.7239999999999,1146.724
6526,1503,5.29,1.058,150,653,3,450,345.437,795.437
857,1476,16.17,3.2340000000000004,150,370,4,600,598.2900000000001,1198.29
39087,1475,6.66,1.332,150,576,3,450,383.61600000000004,833.616
10451,1473,5.29,1.058,150,646,3,450,341.73400000000004,791.734
18893,1473,6.89,1.3780000000000001,150,566,3,450,389.97400000000005,839.974
44037,1467,3.42,0.684,150,802,2,300,274.28400000000005,574.2840000000001
3857,1465,38.27,7.654000000000001,150,240,7,1050,918.4800000000001,1968.48
4225,1463,18.37,3.6740000000000004,150,346,5,750,635.6020000000001,1385.602
4296,1462,9.29,1.8579999999999999,150,486,4,600,451.49399999999997,1051.494
11141,1459,5.55,1.11,150,628,3,450,348.54,798.54
40337,1455,6.57,1.314,150,576,3,450,378.432,828.432
5872,1448,2.32,0.46399999999999997,150,968,2,300,224.576,524.576
3345,1441,1.54,0.30800000000000005,150,1185,2,300,182.49000000000004,482.49
18347,1433,8.58,1.7160000000000002,150,501,3,450,429.85800000000006,879.8580000000001
8761,1432,7.08,1.4160000000000001,150,551,3,450,390.10800000000006,840.1080000000001
35442,1432,8.21,1.6420000000000003,150,511,3,450,419.53100000000006,869.5310000000001
4413,1427,1.44,0.288,150,1219,2,300,175.53599999999997,475.53599999999994
6281,1426,8.96,1.7920000000000003,150,489,3,450,438.14400000000006,888.144
41712,1420,3.28,0.656,150,806,2,300,264.368,564.3679999999999
8576,1418,3.67,0.734,150,761,2,300,279.287,579.287
6869,1407,6.8,1.36,150,557,3,450,378.76000000000005,828.76
16610,1407,6.8,1.36,150,557,3,450,378.76000000000005,828.76
5312,1404,14.7,2.94,150,379,4,600,557.13,1157.13
5404,1404,4.32,0.8640000000000001,150,698,3,450,301.53600000000006,751.5360000000001
14240,1401,5.36,1.072,150,626,3,450,335.536,785.5360000000001
3762,1397,4.61,0.9220000000000002,150,674,3,450,310.71400000000006,760.714
4226,1396,7.68,1.536,150,522,3,450,400.896,850.896
24002,1395,4.63,0.926,150,672,3,450,311.136,761.136
35412,1392,5.97,1.194,150,591,3,450,352.827,802.827
19662,1389,4.07,0.8140000000000001,150,715,2,300,291.005,591.005
1637,1389,8.13,1.6260000000000003,150,506,3,450,411.3780000000001,861.3780000000002
5242,1388,22.05,4.41,150,307,5,750,676.9350000000001,1426.935
1955,1388,9.62,1.924,150,465,3,450,447.33,897.3299999999999
24378,1386,6.84,1.368,150,551,3,450,376.884,826.884
39348,1386,6.5,1.3,150,566,3,450,367.90000000000003,817.9000000000001
4488,1385,8.02,1.604,150,509,3,450,408.218,858.2180000000001
4181,1384,9.37,1.8739999999999999,150,471,3,450,441.327,891.327
2797,1383,0.75,0.15000000000000002,150,1663,1,150,124.72500000000002,274.725
5661,1378,10.31,2.0620000000000003,150,448,4,600,461.88800000000003,1061.888
1465,1375,11.02,2.204,150,433,4,600,477.16600000000005,1077.1660000000002
3227,1363,6.86,1.372,150,546,3,450,374.55600000000004,824.556
3842,1360,4.39,0.878,150,682,2,300,299.398,599.398
19948,1351,10.06,2.012,150,449,4,600,451.694,1051.694
12213,1351,5.29,1.058,150,619,3,450,327.451,777.451
29169,1351,10.88,2.176,150,432,4,600,470.016,1070.016
46447,1345,6.12,1.2240000000000002,150,574,3,450,351.28800000000007,801.288
3894,1343,9.08,1.816,150,471,3,450,427.668,877.668
41546,1335,5.51,1.102,150,603,3,450,332.25300000000004,782.253
3244,1329,4.32,0.8640000000000001,150,679,2,300,293.32800000000003,593.328
4379,1320,0.73,0.146,150,1647,1,150,120.231,270.231
34903,1318,4.59,0.918,150,656,3,450,301.104,751.104
8264,1318,5.37,1.074,150,607,3,450,325.959,775.9590000000001
27351,1317,10.38,2.076,150,436,4,600,452.56800000000004,1052.568
538,1314,7.96,1.592,150,498,3,450,396.408,846.408
6918,1312,10.95,2.19,150,424,4,600,464.28,1064.28
5096,1312,7.99,1.598,150,496,3,450,396.30400000000003,846.3040000000001
3238,1312,22.83,4.566,150,294,5,750,671.202,1421.202
41711,1311,3.22,0.6440000000000001,150,781,2,300,251.48200000000006,551.4820000000001
31487,1307,5.29,1.058,150,609,3,450,322.161,772.1610000000001
14129,1305,6.01,1.202,150,571,3,450,343.171,793.171
3326,1305,7.36,1.4720000000000002,150,516,3,450,379.77600000000007,829.7760000000001
8329,1305,4.68,0.9359999999999999,150,647,3,450,302.796,752.796
3827,1283,9.28,1.8559999999999999,150,455,3,450,422.23999999999995,872.24
8619,1282,4.4,0.8800000000000001,150,661,2,300,290.84000000000003,590.84
1379,1280,11.41,2.282,150,410,4,600,467.81,1067.81
1396,1280,10.44,2.088,150,429,3,450,447.87600000000003,897.876
42188,1278,34.01,6.802,150,237,6,900,806.0369999999999,1706.0369999999998
6960,1271,4.6,0.9199999999999999,150,644,2,300,296.23999999999995,596.24
1962,1270,11.02,2.204,150,416,4,600,458.432,1058.432
5367,1266,5.83,1.1660000000000001,150,571,3,450,332.89300000000003,782.893
5153,1261,10.44,2.088,150,426,3,450,444.744,894.744
6647,1258,4.99,0.9980000000000001,150,615,3,450,306.88500000000005,756.885
40193,1256,4.83,0.9660000000000001,150,625,3,450,301.875,751.875
3951,1256,1.83,0.36600000000000005,150,1015,2,300,185.74500000000003,485.745
31488,1254,3.44,0.6880000000000001,150,739,2,300,254.216,554.216
41713,1249,3.22,0.6440000000000001,150,763,2,300,245.68600000000004,545.686
10420,1249,3.35,0.67,150,748,2,300,250.58,550.58
23739,1246,7.25,1.4500000000000002,150,508,3,450,368.30000000000007,818.3000000000001
4380,1241,10.84,2.168,150,414,3,450,448.776,898.7760000000001
8027,1238,1.55,0.31000000000000005,150,1095,2,300,169.72500000000002,469.725
4218,1236,12.31,2.462,150,388,4,600,477.62800000000004,1077.6280000000002
2436,1236,11.99,2.398,150,393,4,600,471.20700000000005,1071.207
10957,1233,6.12,1.2240000000000002,150,550,3,450,336.6000000000001,786.6000000000001
5382,1225,9.44,1.888,150,441,3,450,416.304,866.304
20533,1225,8.55,1.7100000000000002,150,464,3,450,396.72,846.72
4829,1224,9.59,1.9180000000000001,150,438,3,450,420.04200000000003,870.042
3025,1223,9.29,1.8579999999999999,150,444,3,450,412.476,862.476
14342,1222,4.6,0.9199999999999999,150,631,2,300,290.26,590.26
4705,1219,0.76,0.15200000000000002,150,1551,1,150,117.87600000000002,267.87600000000003
3694,1219,13.48,2.696,150,368,4,600,496.064,1096.064
5109,1213,9.84,1.968,150,430,3,450,423.12,873.12
8451,1213,12.59,2.5180000000000002,150,380,4,600,478.4200000000001,1078.42
5440,1212,25.92,5.184000000000001,150,265,5,750,686.8800000000001,1436.88
20357,1211,5.19,1.038,150,592,3,450,307.248,757.248
26463,1210,4.65,0.9300000000000002,150,625,2,300,290.62500000000006,590.625
2760,1208,28.02,5.604,150,254,5,750,711.708,1461.708
8627,1207,5.47,1.094,150,575,3,450,314.52500000000003,764.5250000000001
8626,1205,11.67,2.334,150,394,4,600,459.798,1059.798
18988,1205,8.9,1.7800000000000002,150,451,3,450,401.39000000000004,851.3900000000001
27644,1204,6.84,1.368,150,514,3,450,351.576,801.576
8368,1203,1.51,0.30200000000000005,150,1093,2,300,165.04300000000003,465.043
39593,1203,6.33,1.266,150,534,3,450,338.022,788.0219999999999
3706,1202,13.07,2.6140000000000003,150,371,4,600,484.89700000000005,1084.897
5105,1199,14.81,2.962,150,348,4,600,515.388,1115.388
7254,1198,5.36,1.072,150,579,3,450,310.344,760.344
4678,1197,16.78,3.3560000000000003,150,327,4,600,548.706,1148.7060000000001
3316,1196,8.88,1.7760000000000002,150,449,3,450,398.71200000000005,848.712
44228,1189,5.59,1.118,150,565,3,450,315.83500000000004,765.835
6688,1189,5.81,1.162,150,554,3,450,321.87399999999997,771.874
5254,1187,7.35,1.47,150,492,3,450,361.62,811.62
5311,1183,23.7,4.74,150,274,5,750,649.38,1399.38
4330,1182,20.79,4.158,150,292,5,750,607.0680000000001,1357.0680000000002
6213,1182,5.51,1.102,150,567,3,450,312.41700000000003,762.417
8205,1179,1.53,0.30600000000000005,150,1075,2,300,164.47500000000002,464.475
6654,1177,27.2,5.44,150,255,5,750,693.6,1443.6
812,1176,17.03,3.4060000000000006,150,322,4,600,548.3660000000001,1148.366
43809,1173,5.84,1.168,150,549,3,450,320.616,770.616
6938,1171,4.69,0.9380000000000002,150,612,2,300,287.0280000000001,587.028
8096,1167,1.54,0.30800000000000005,150,1066,2,300,164.16400000000002,464.164
2665,1167,15.38,3.0760000000000005,150,337,4,600,518.306,1118.306
4483,1165,1.93,0.386,150,952,2,300,183.73600000000002,483.736
12586,1164,4.82,0.9640000000000001,150,602,2,300,290.16400000000004,590.164
11827,1162,4.76,0.952,150,605,2,300,287.97999999999996,587.98
5308,1156,0.75,0.15000000000000002,150,1521,1,150,114.07500000000002,264.07500000000005
3089,1155,7.63,1.526,150,477,3,450,363.951,813.951
1373,1155,10.36,2.072,150,409,3,450,423.724,873.7239999999999
14672,1153,11.61,2.322,150,386,3,450,448.146,898.146
1767,1152,19.37,3.8740000000000006,150,299,4,600,579.1630000000001,1179.163
29212,1152,4.59,0.918,150,614,2,300,281.826,581.826
4359,1151,7.71,1.542,150,473,3,450,364.683,814.683
23355,1151,9.6,1.92,150,424,3,450,407.03999999999996,857.04
8214,1145,7.4,1.4800000000000002,150,482,3,450,356.68000000000006,806.6800000000001
39146,1143,6.53,1.306,150,512,3,450,334.336,784.336
6420,1141,3.18,0.6360000000000001,150,734,2,300,233.41200000000003,533.412
4762,1140,5.03,1.006,150,583,2,300,293.249,593.249
2373,1140,10.29,2.058,150,408,3,450,419.832,869.832
3436,1138,18.79,3.758,150,301,4,600,565.579,1165.579
7221,1137,6.86,1.372,150,499,3,450,342.314,792.3140000000001
17876,1137,5.33,1.066,150,566,3,450,301.678,751.678
3938,1137,12.49,2.498,150,370,4,600,462.13000000000005,1062.13
3834,1133,10.23,2.0460000000000003,150,408,3,450,417.38400000000007,867.384
2152,1128,7.19,1.4380000000000002,150,485,3,450,348.71500000000003,798.715
10723,1127,6.2,1.2400000000000002,150,522,3,450,323.64000000000004,773.6400000000001
3808,1124,9.55,1.9100000000000001,150,420,3,450,401.1,851.1
10266,1123,9.58,1.9160000000000001,150,419,3,450,401.40200000000004,851.402
8653,1111,3.53,0.706,150,687,2,300,242.511,542.511
12147,1108,5.26,1.052,150,562,2,300,295.612,595.6120000000001
3730,1106,0.73,0.146,150,1508,1,150,110.08399999999999,260.084
7982,1103,3.95,0.79,150,647,2,300,255.565,555.565
1550,1103,2.91,0.5820000000000001,150,754,2,300,219.41400000000002,519.414
6599,1095,5.78,1.1560000000000001,150,533,3,450,308.074,758.0740000000001
3278,1095,5.79,1.1580000000000001,150,533,3,450,308.607,758.607
4959,1095,0.71,0.142,150,1521,1,150,107.99099999999999,257.991
42766,1094,5.85,1.17,150,530,3,450,310.04999999999995,760.05
5921,1092,14.81,2.962,150,333,4,600,493.17300000000006,1093.173
3701,1089,0.79,0.15800000000000003,150,1438,1,150,113.60200000000002,263.60200000000003
35413,1088,4.72,0.944,150,588,2,300,277.536,577.5360000000001
14805,1088,5.8,1.16,150,530,3,450,307.4,757.4
12666,1088,6.7,1.34,150,494,3,450,330.98,780.98
3627,1087,9.37,1.8739999999999999,150,417,3,450,390.729,840.729
8358,1087,14.49,2.898,150,335,4,600,485.415,1085.415
35664,1086,6.5,1.3,150,501,3,450,325.65000000000003,775.6500000000001
5765,1083,10.36,2.072,150,396,3,450,410.25600000000003,860.2560000000001
540,1080,0.72,0.144,150,1500,1,150,107.99999999999999,258.0
6498,1079,9.73,1.9460000000000002,150,408,3,450,396.98400000000004,846.984
6974,1078,9.08,1.816,150,422,3,450,383.176,833.1759999999999
24805,1077,6.84,1.368,150,486,3,450,332.42400000000004,782.424
34904,1076,4.68,0.9359999999999999,150,587,2,300,274.716,574.716
38502,1075,4.57,0.9140000000000001,150,594,2,300,271.458,571.4580000000001
37821,1068,4.6,0.9199999999999999,150,590,2,300,271.4,571.4
38850,1068,4.65,0.9300000000000002,150,587,2,300,272.95500000000004,572.955
12216,1067,6.66,1.332,150,490,3,450,326.34000000000003,776.34
5297,1064,10.76,2.152,150,385,3,450,414.26000000000005,864.26
36874,1064,4.63,0.926,150,587,2,300,271.781,571.781
32968,1062,6.8,1.36,150,484,3,450,329.12,779.12
7865,1061,23.97,4.794,150,258,5,750,618.4259999999999,1368.426
35411,1061,4.69,0.9380000000000002,150,583,2,300,273.427,573.427
8819,1060,5.1,1.02,150,558,2,300,284.58,584.5799999999999
8628,1060,5.95,1.1900000000000002,150,517,3,450,307.61500000000007,757.615
8312,1059,5.71,1.1420000000000001,150,527,3,450,300.91700000000003,750.917
3851,1058,12.02,2.404,150,363,3,450,436.32599999999996,886.326
4304,1058,0.79,0.15800000000000003,150,1417,1,150,111.94300000000003,261.94300000000004
5381,1056,0.73,0.146,150,1473,1,150,107.529,257.529
28658,1056,4.53,0.9060000000000001,150,591,2,300,267.723,567.723
8170,1054,2.17,0.434,150,854,2,300,185.318,485.318
38181,1054,3.97,0.794,150,631,2,300,250.507,550.5070000000001
3821,1051,8.2,1.64,150,438,3,450,359.15999999999997,809.16
807,1051,13.23,2.6460000000000004,150,345,4,600,456.43500000000006,1056.435
3502,1049,8.14,1.6280000000000001,150,440,3,450,358.16,808.1600000000001
4679,1049,8.63,1.7260000000000002,150,427,3,450,368.50100000000003,818.501
1348,1046,11.84,2.368,150,364,3,450,430.976,880.976
16262,1041,7.18,1.436,150,466,3,450,334.58799999999997,784.588
2122,1041,7.8,1.56,150,447,3,450,348.66,798.6600000000001
8838,1039,7.71,1.542,150,450,3,450,346.95,796.95
3042,1038,8.63,1.7260000000000002,150,425,3,450,366.77500000000003,816.7750000000001
8837,1038,4.13,0.8260000000000001,150,614,2,300,253.58200000000002,553.582
3871,1037,8.2,1.64,150,436,3,450,357.52,807.52
3703,1034,4.64,0.9279999999999999,150,578,2,300,268.192,568.192
4233,1033,7.87,1.574,150,444,3,450,349.428,799.428
2932,1032,24.61,4.922000000000001,150,251,5,750,617.7110000000001,1367.7110000000002
4878,1030,4.92,0.984,150,560,2,300,275.52,575.52
24369,1029,8.21,1.6420000000000003,150,434,3,450,356.3140000000001,806.3140000000001
14539,1027,10.06,2.012,150,391,3,450,393.346,843.346
32915,1027,9.99,1.9980000000000002,150,393,3,450,392.607,842.607
8288,1025,7.94,1.588,150,440,3,450,349.36,799.36
3787,1023,11.8,2.3600000000000003,150,361,3,450,425.9800000000001,875.98
18107,1022,3.22,0.6440000000000001,150,690,2,300,222.18000000000004,522.1800000000001
4703,1020,0.77,0.15400000000000003,150,1410,1,150,108.57000000000002,258.57000000000005
2753,1019,44.77,8.954,150,185,6,900,828.245,1728.245
16370,1017,5.44,1.088,150,530,2,300,288.32,588.3199999999999
32263,1016,6.8,1.36,150,473,3,450,321.64000000000004,771.6400000000001
1220,1016,21.89,4.378,150,264,4,600,577.896,1177.896
7978,1016,3.95,0.79,150,621,2,300,245.29500000000002,545.2950000000001
15035,1012,7.33,1.4660000000000002,150,455,3,450,333.51500000000004,783.5150000000001
8480,1010,11.19,2.238,150,368,3,450,411.792,861.7919999999999
2656,1009,19.52,3.904,150,278,4,600,542.656,1142.656
3549,1007,17.82,3.564,150,291,4,600,518.562,1118.562
1545,1006,19.42,3.8840000000000003,150,279,4,600,541.8180000000001,1141.8180000000002
31494,1004,6.02,1.204,150,500,3,450,301.0,751.0
3747,999,5.18,1.036,150,538,2,300,278.684,578.684
3389,999,12.49,2.498,150,346,3,450,432.15400000000005,882.154
3724,997,12.31,2.462,150,349,3,450,429.619,879.619
16289,994,5.19,1.038,150,536,2,300,278.184,578.184
36770,989,6.13,1.226,150,492,3,450,301.596,751.596
2149,987,5.34,1.068,150,527,2,300,281.418,581.418
28889,986,10.61,2.122,150,373,3,450,395.753,845.7529999999999
24419,982,6.74,1.348,150,467,3,450,314.75800000000004,764.758
27735,979,6.53,1.306,150,474,3,450,309.522,759.5219999999999
46764,979,8.21,1.6420000000000003,150,423,3,450,347.2830000000001,797.2830000000001
4563,977,12.14,2.4280000000000004,150,347,3,450,421.25800000000004,871.258
4683,977,2.96,0.592,150,704,2,300,208.384,508.384
1479,975,9.22,1.8440000000000003,150,398,3,450,366.9560000000001,816.9560000000001
3779,971,9.35,1.87,150,395,3,450,369.32500000000005,819.325
35414,969,6.13,1.226,150,487,2,300,298.531,598.531
5337,969,20.6,4.12,150,266,4,600,547.96,1147.96
31349,965,4.72,0.944,150,554,2,300,261.488,561.488
36523,964,10.34,2.068,150,374,3,450,386.716,836.716
3456,964,13.27,2.654,150,330,3,450,437.90999999999997,887.91
3668,961,34.12,6.824,150,206,5,750,702.872,1452.8719999999998
8345,960,3.37,0.674,150,654,2,300,220.39800000000002,520.398
5536,960,1.15,0.22999999999999998,150,1119,1,150,128.685,278.685
4222,959,7.99,1.598,150,424,3,450,338.776,788.7760000000001
3571,958,1.47,0.294,150,989,1,150,145.38299999999998,295.383
4429,955,17.31,3.4619999999999997,150,288,4,600,498.52799999999996,1098.528
5849,952,12.4,2.4800000000000004,150,339,3,450,420.36000000000007,870.3600000000001
3272,952,13.23,2.6460000000000004,150,329,3,450,435.26700000000005,885.267
44494,946,4.5,0.9,150,562,2,300,252.9,552.9
35918,945,6.49,1.298,150,467,3,450,303.083,753.0830000000001
5292,944,13.13,2.6260000000000003,150,328,3,450,430.66400000000004,880.664
1281,942,11.19,2.238,150,355,3,450,397.245,847.245
31277,940,10.95,2.19,150,359,3,450,393.105,843.105
8200,937,2.18,0.43600000000000005,150,803,2,300,175.05400000000003,475.05400000000003
1269,937,19.11,3.822,150,271,4,600,517.881,1117.8809999999999
4291,936,10.39,2.0780000000000003,150,368,3,450,382.35200000000003,832.3520000000001
32108,934,10.31,2.0620000000000003,150,369,3,450,380.4390000000001,830.4390000000001
5315,932,19.22,3.844,150,270,4,600,518.9399999999999,1118.94
8339,932,30.21,6.042000000000001,150,215,5,750,649.5150000000001,1399.515
2894,931,12.94,2.588,150,329,3,450,425.726,875.726
3766,929,9.35,1.87,150,386,3,450,360.91,810.9100000000001
1395,929,5.88,1.176,150,487,2,300,286.356,586.356
3133,924,8.79,1.758,150,397,3,450,348.963,798.963
23256,923,9.39,1.8780000000000001,150,384,3,450,360.576,810.576
3216,922,7.68,1.536,150,424,3,450,325.632,775.6320000000001
4478,916,13.53,2.706,150,319,3,450,431.60699999999997,881.607
38457,913,4.59,0.918,150,546,2,300,250.614,550.614
8000,913,53.96,10.792000000000002,150,159,6,900,857.9640000000002,1757.9640000000002
20862,911,8.55,1.7100000000000002,150,400,3,450,342.00000000000006,792.0
800,911,24.02,4.804,150,239,4,600,574.0780000000001,1174.078
5438,911,7.51,1.502,150,427,3,450,320.677,770.677
8040,910,6.01,1.202,150,477,2,300,286.67699999999996,586.6769999999999
36771,908,5.97,1.194,150,478,2,300,285.366,585.366
6575,908,5.84,1.168,150,483,2,300,282.072,582.072
77,908,10.39,2.0780000000000003,150,362,3,450,376.11800000000005,826.118
5392,907,13.63,2.7260000000000004,150,316,3,450,430.7080000000001,880.7080000000001
26092,906,4.79,0.9580000000000001,150,533,2,300,255.30700000000002,555.307
3219,905,0.74,0.148,150,1354,1,150,100.196,250.196
32749,905,5.26,1.052,150,508,2,300,267.208,567.2080000000001
8506,904,21.42,4.284000000000001,150,252,4,600,539.7840000000001,1139.784
3257,903,4.5,0.9,150,549,2,300,247.05,547.05
11488,903,7.53,1.5060000000000002,150,424,3,450,319.27200000000005,769.272
1345,900,28.45,5.69,150,218,5,750,620.21,1370.21
4174,896,21.59,4.3180000000000005,150,250,4,600,539.7500000000001,1139.75
3041,895,5.83,1.1660000000000001,150,480,2,300,279.84000000000003,579.84
16328,895,2.75,0.55,150,699,2,300,192.22500000000002,492.225
5054,893,1.42,0.284,150,971,1,150,137.88199999999998,287.88199999999995
33582,888,6.46,1.292,150,454,2,300,293.284,593.284
10239,887,9.08,1.816,150,383,3,450,347.764,797.764
4734,886,11.9,2.3800000000000003,150,334,3,450,397.46000000000004,847.46
3150,885,8.65,1.7300000000000002,150,392,3,450,339.08000000000004,789.08
1415,883,10.39,2.0780000000000003,150,357,3,450,370.92300000000006,820.923
10236,882,7.81,1.562,150,412,3,450,321.772,771.7719999999999
35666,880,6.12,1.2240000000000002,150,464,2,300,283.9680000000001,583.9680000000001
8526,877,20.43,4.086,150,254,4,600,518.922,1118.922
4194,877,9.48,1.8960000000000001,150,373,3,450,353.60400000000004,803.604
19494,876,10.13,2.0260000000000002,150,360,3,450,364.68000000000006,814.6800000000001
38178,874,4.13,0.8260000000000001,150,563,2,300,232.519,532.519
2690,871,7.35,1.47,150,422,3,450,310.17,760.1700000000001
3158,869,12.77,2.5540000000000003,150,319,3,450,407.36300000000006,857.363
4881,867,14.81,2.962,150,296,3,450,438.37600000000003,888.376
7302,866,6.42,1.284,150,450,2,300,288.90000000000003,588.9000000000001
415,866,13.04,2.608,150,316,3,450,412.064,862.0640000000001
3877,865,8.65,1.7300000000000002,150,387,3,450,334.75500000000005,784.7550000000001
5170,863,9.99,1.9980000000000002,150,360,3,450,359.64000000000004,809.6400000000001
44511,863,9.49,1.8980000000000001,150,369,3,450,350.18100000000004,800.181
523,862,7.09,1.4180000000000001,150,427,3,450,302.74300000000005,752.743
16806,858,5.3,1.06,150,493,2,300,261.29,561.29
5060,858,9.35,1.87,150,371,3,450,346.88500000000005,796.885
2508,857,1.59,0.31800000000000006,150,899,1,150,142.94100000000003,292.94100000000003
39384,856,8.96,1.7920000000000003,150,379,3,450,339.58400000000006,789.5840000000001
46379,854,9.39,1.8780000000000001,150,369,3,450,346.49100000000004,796.491
1001,853,4.28,0.8560000000000001,150,547,2,300,234.116,534.116
1886,851,7.96,1.592,150,400,3,450,318.40000000000003,768.4000000000001
18950,849,12.32,2.4640000000000004,150,322,3,450,396.70400000000006,846.7040000000001
46021,849,6.61,1.322,150,439,2,300,290.17900000000003,590.1790000000001
37731,849,6.7,1.34,150,436,2,300,292.12,592.12
8693,848,7.14,1.428,150,422,3,450,301.308,751.308
3154,848,7.8,1.56,150,404,3,450,315.12,765.12
37826,848,4.66,0.932,150,522,2,300,243.252,543.252
5725,847,7.4,1.4800000000000002,150,414,3,450,306.36000000000007,756.3600000000001
38131,846,6.84,1.368,150,431,2,300,294.80400000000003,594.8040000000001
40096,846,10.52,2.104,150,347,3,450,365.04400000000004,815.0440000000001
2105,844,7.87,1.574,150,401,3,450,315.587,765.587
45503,840,6.8,1.36,150,430,2,300,292.40000000000003,592.4000000000001
8462,837,15.82,3.164,150,282,3,450,446.124,896.124
4201,837,9.55,1.9100000000000001,150,363,3,450,346.665,796.665
4945,837,7.47,1.494,150,410,3,450,306.27,756.27
41213,836,12.07,2.414,150,322,3,450,388.654,838.654
8620,834,8.75,1.75,150,378,3,450,330.75,780.75
24455,832,11.71,2.342,150,326,3,450,381.74600000000004,831.7460000000001
8599,830,4.44,0.8880000000000001,150,530,2,300,235.32000000000002,535.32
4670,828,2.87,0.5740000000000001,150,658,2,300,188.84600000000003,488.846
4783,827,8.88,1.7760000000000002,150,374,3,450,332.112,782.1120000000001
8840,827,7.96,1.592,150,395,3,450,314.42,764.4200000000001
597,826,21.53,4.306,150,240,4,600,516.72,1116.72
1178,825,7.83,1.566,150,398,3,450,311.634,761.634
8032,824,5.26,1.052,150,485,2,300,255.11,555.11
11957,823,9.93,1.986,150,353,3,450,350.529,800.529
6524,822,4.57,0.9140000000000001,150,519,2,300,237.18300000000005,537.183
3579,822,8.88,1.7760000000000002,150,373,3,450,331.22400000000005,781.224
34460,821,7.23,1.4460000000000002,150,413,2,300,298.59900000000005,598.599
7159,819,4.72,0.944,150,510,2,300,240.72,540.72
3980,816,31.99,6.398,150,196,5,750,627.004,1377.004
43434,814,15.58,3.116,150,280,3,450,436.24,886.24
5616,814,15.38,3.0760000000000005,150,282,3,450,433.71600000000007,883.7160000000001
32989,813,5.78,1.1560000000000001,150,459,2,300,265.302,565.302
6861,812,4.13,0.8260000000000001,150,543,2,300,224.25900000000001,524.259
13497,811,6.8,1.36,150,423,2,300,287.64000000000004,587.6400000000001
676,811,8.65,1.7300000000000002,150,375,3,450,324.37500000000006,774.375
17345,810,6.01,1.202,150,450,2,300,270.45,570.45
8450,809,13.86,2.7720000000000002,150,296,3,450,410.25600000000003,860.2560000000001
31493,807,3.33,0.666,150,603,2,300,200.799,500.799
31454,807,4.79,0.9580000000000001,150,503,2,300,240.937,540.937
408,806,12.97,2.5940000000000003,150,305,3,450,395.58500000000004,845.585
8018,806,4.6,0.9199999999999999,150,513,2,300,235.98,535.98
27596,803,5.16,1.032,150,483,2,300,249.228,549.2280000000001
45460,801,6.53,1.306,150,429,2,300,280.137,580.137
4723,801,0.77,0.15400000000000003,150,1249,1,150,96.17300000000002,246.173
31909,791,12.9,2.58,150,303,3,450,390.87,840.87
9109,789,0.76,0.15200000000000002,150,1248,1,150,94.84800000000001,244.848
2889,787,23.07,4.614,150,226,4,600,521.382,1121.382
19507,786,4.99,0.9980000000000001,150,486,2,300,242.51400000000004,542.514
8517,784,13.86,2.7720000000000002,150,291,3,450,403.326,853.326
32969,783,6.89,1.3780000000000001,150,413,2,300,284.557,584.557
6455,783,6.09,1.218,150,439,2,300,267.351,567.351
5221,782,8.59,1.718,150,370,3,450,317.83,767.8299999999999
5444,781,14.49,2.898,150,284,3,450,411.516,861.5160000000001
5403,781,5.92,1.184,150,445,2,300,263.44,563.44
3161,780,6.66,1.332,150,419,2,300,279.05400000000003,579.0540000000001
12747,780,3.28,0.656,150,597,2,300,195.816,495.81600000000003
28457,777,11.76,2.352,150,315,3,450,370.44,820.44
41253,776,6.09,1.218,150,437,2,300,266.133,566.133
4368,772,23.91,4.782,150,220,4,600,526.02,1126.02
45496,771,5.29,1.058,150,468,2,300,247.572,547.572
8823,769,5.42,1.084,150,461,2,300,249.86200000000002,549.8620000000001
37401,769,5.26,1.052,150,468,2,300,246.168,546.168
6855,767,15.19,3.0380000000000003,150,275,3,450,417.725,867.725
16326,766,2.64,0.528,150,660,2,300,174.24,474.24
8497,766,7.51,1.502,150,391,2,300,293.641,593.6410000000001
17176,766,5.23,1.046,150,469,2,300,245.287,545.287
24686,766,5.51,1.102,150,457,2,300,251.80700000000002,551.807
23395,764,6.45,1.29,150,422,2,300,272.19,572.19
2131,763,10.15,2.0300000000000002,150,336,3,450,341.04,791.04
14393,762,6.5,1.3,150,419,2,300,272.35,572.35
3882,761,8.79,1.758,150,360,3,450,316.44,766.44
2956,758,10.71,2.1420000000000003,150,326,3,450,349.1460000000001,799.1460000000001
19896,758,6.62,1.324,150,414,2,300,274.06800000000004,574.068
24429,758,8.1,1.62,150,375,3,450,303.75,753.75
16260,755,7.58,1.516,150,387,2,300,293.346,593.346
6459,754,7.53,1.5060000000000002,150,388,2,300,292.16400000000004,592.164
6396,753,5.12,1.024,150,470,2,300,240.64000000000001,540.64
37904,750,6.45,1.29,150,418,2,300,269.61,569.61
567,750,20.71,4.142,150,233,4,600,482.54300000000006,1082.5430000000001
2756,749,22.89,4.578,150,222,4,600,508.158,1108.158
4130,749,6.81,1.362,150,406,2,300,276.48600000000005,576.4860000000001
4634,749,8.52,1.704,150,363,3,450,309.276,759.2760000000001
19645,749,5.26,1.052,150,462,2,300,243.012,543.012
12465,747,6.16,1.2320000000000002,150,426,2,300,262.41600000000005,562.416
27350,747,10.8,2.16,150,322,3,450,347.76000000000005,797.76
8730,746,5.5,1.1,150,451,2,300,248.05,548.05
305,746,22.21,4.442,150,224,4,600,497.504,1097.504
3680,745,18.93,3.786,150,243,4,600,459.999,1059.999
14416,744,8.9,1.7800000000000002,150,354,3,450,315.06000000000006,765.0600000000001
46424,744,6.62,1.324,150,411,2,300,272.082,572.082
4722,744,27.77,5.554,150,200,4,600,555.4,1155.4
2973,743,19.85,3.9700000000000006,150,237,4,600,470.44500000000005,1070.4450000000002
8118,741,4.54,0.908,150,495,2,300,224.73000000000002,524.73
1623,741,10.07,2.0140000000000002,150,332,3,450,334.324,784.3240000000001
388,739,11.41,2.282,150,312,3,450,355.992,805.992
34905,739,4.41,0.8820000000000001,150,501,2,300,220.94100000000003,520.941
8472,739,14.99,2.998,150,272,3,450,407.728,857.7280000000001
1397,739,10.76,2.152,150,321,3,450,345.396,795.396
2645,738,21.89,4.378,150,225,4,600,492.52500000000003,1092.525
46202,738,6.05,1.21,150,428,2,300,258.94,558.94
3643,738,7.71,1.542,150,379,2,300,292.209,592.2090000000001
20863,737,8.84,1.768,150,354,3,450,312.936,762.9359999999999
12123,735,3.37,0.674,150,572,2,300,192.764,492.764
3782,734,18.89,3.7780000000000005,150,241,4,600,455.2490000000001,1055.249
41252,732,5.13,1.026,150,463,2,300,237.519,537.519
24840,730,8.44,1.688,150,360,3,450,303.84,753.8399999999999
4042,730,0.72,0.144,150,1233,1,150,88.776,238.776
3054,729,8.14,1.6280000000000001,150,367,2,300,298.738,598.738
8562,727,11.44,2.288,150,309,3,450,353.496,803.496
8654,725,3.55,0.71,150,553,2,300,196.315,496.315
24606,724,5.15,1.03,150,459,2,300,236.38500000000002,536.385
6867,722,12.74,2.548,150,292,3,450,372.008,822.008
24188,722,8.55,1.7100000000000002,150,356,3,450,304.38000000000005,754.3800000000001
5480,722,7.85,1.57,150,371,2,300,291.235,591.235
31231,722,6.49,1.298,150,408,2,300,264.79200000000003,564.792
858,720,8.95,1.79,150,347,3,450,310.565,760.565
4267,720,15.62,3.124,150,263,3,450,410.80600000000004,860.806
36750,718,4.79,0.9580000000000001,150,474,2,300,227.04600000000002,527.046
6385,718,6.88,1.3760000000000001,150,396,2,300,272.44800000000004,572.4480000000001
5353,717,12.77,2.5540000000000003,150,290,3,450,370.33000000000004,820.33
1212,717,14.38,2.8760000000000003,150,273,3,450,392.57400000000007,842.5740000000001
40097,717,10.59,2.118,150,319,3,450,337.82099999999997,787.8209999999999
8370,716,5.71,1.1420000000000001,150,434,2,300,247.81400000000002,547.8140000000001
28856,714,11.45,2.29,150,306,3,450,350.37,800.37
38888,709,16.88,3.376,150,251,3,450,423.688,873.688
5587,709,13.17,2.6340000000000003,150,284,3,450,374.028,824.028
14439,706,3.42,0.684,150,556,2,300,190.15200000000002,490.15200000000004
12775,706,6.8,1.36,150,395,2,300,268.6,568.6
26732,706,6.79,1.358,150,395,2,300,268.20500000000004,568.205
17875,705,5.44,1.088,150,441,2,300,239.90400000000002,539.904
2132,705,10.23,2.0460000000000003,150,322,3,450,329.40600000000006,779.4060000000001
8016,704,4.79,0.9580000000000001,150,470,2,300,225.13000000000002,525.13
8790,704,8.55,1.7100000000000002,150,351,3,450,300.105,750.105
8232,703,6.24,1.2480000000000002,150,411,2,300,256.46400000000006,556.464
34428,703,9.55,1.9100000000000001,150,332,3,450,317.06,767.06
2783,702,10.06,2.012,150,324,3,450,325.944,775.944
2170,702,2.53,0.506,150,645,2,300,163.185,463.185
23218,700,6.7,1.34,150,396,2,300,265.32,565.3199999999999
44145,699,5.8,1.16,150,425,2,300,246.49999999999997,546.5
1634,699,20.73,4.146,150,225,4,600,466.425,1066.425
32826,698,22.41,4.482,150,216,4,600,484.05600000000004,1084.056
3836,697,7.91,1.582,150,364,2,300,287.92400000000004,587.924
5828,697,6.61,1.322,150,398,2,300,263.07800000000003,563.078
32368,692,6.45,1.29,150,401,2,300,258.645,558.645
4939,692,11.59,2.318,150,299,3,450,346.541,796.5409999999999
1238,692,3.56,0.7120000000000001,150,540,2,300,192.24,492.24
3754,692,8.79,1.758,150,344,3,450,302.376,752.376
4370,690,7.96,1.592,150,361,2,300,287.356,587.356
3610,688,8.26,1.6520000000000001,150,353,2,300,291.57800000000003,591.578
5750,685,8.69,1.738,150,344,2,300,298.936,598.9359999999999
37678,685,6.53,1.306,150,397,2,300,259.241,559.241
41072,685,8.16,1.6320000000000001,150,355,2,300,289.68,589.6800000000001
3045,685,7.8,1.56,150,363,2,300,283.14,583.14
7198,684,7.4,1.4800000000000002,150,372,2,300,275.28000000000003,575.28
1770,683,26.42,5.284000000000001,150,197,4,600,520.474,1120.4740000000002
3614,683,15.99,3.1980000000000004,150,253,3,450,404.547,854.547
3967,679,11.76,2.352,150,294,3,450,345.74399999999997,795.7439999999999
12994,678,8.16,1.6320000000000001,150,353,2,300,288.048,588.048
38179,677,4.13,0.8260000000000001,150,496,2,300,204.848,504.848
3580,676,8.08,1.616,150,354,2,300,286.03200000000004,586.032
11970,676,7.71,1.542,150,363,2,300,279.873,579.873
42579,675,6.53,1.306,150,394,2,300,257.282,557.2819999999999
5847,675,17.31,3.4619999999999997,150,242,3,450,418.902,868.902
4224,674,11.44,2.288,150,297,3,450,339.768,789.768
6976,674,12.74,2.548,150,282,3,450,359.26800000000003,809.268
822,673,19.99,3.9979999999999998,150,225,3,450,449.775,899.775
25934,673,5.15,1.03,150,443,2,300,228.145,528.145
5394,673,8.72,1.7440000000000002,150,340,2,300,296.48,596.48
5285,671,6.24,1.2480000000000002,150,402,2,300,250.84800000000004,550.8480000000001
2587,671,12.67,2.5340000000000003,150,282,3,450,357.29400000000004,807.2940000000001
1520,671,3.02,0.6040000000000001,150,577,2,300,174.25400000000002,474.254
4806,671,11.71,2.342,150,293,3,450,343.103,793.1030000000001
7993,670,4.88,0.976,150,454,2,300,221.552,521.552
4438,668,7.35,1.47,150,369,2,300,271.215,571.2149999999999
8342,668,8.21,1.6420000000000003,150,349,2,300,286.52900000000005,586.529
17748,665,2.75,0.55,150,602,2,300,165.55,465.55
12495,663,4.66,0.932,150,462,2,300,215.292,515.292
1278,663,26.71,5.3420000000000005,150,193,4,600,515.503,1115.5030000000002
4195,661,8.65,1.7300000000000002,150,339,2,300,293.235,593.235
31186,660,10.8,2.16,150,303,3,450,327.24,777.24
14818,659,10.73,2.1460000000000004,150,304,3,450,326.19200000000006,776.192
5219,658,13.23,2.6460000000000004,150,273,3,450,361.17900000000003,811.1790000000001
39479,657,5.29,1.058,150,432,2,300,228.52800000000002,528.528
10874,657,7.53,1.5060000000000002,150,362,2,300,272.586,572.586
24151,656,7.33,1.4660000000000002,150,366,2,300,268.278,568.278
38946,656,5.59,1.118,150,420,2,300,234.78000000000003,534.78
3503,655,8.2,1.64,150,346,2,300,283.71999999999997,583.72
5233,655,14.5,2.9000000000000004,150,260,3,450,377.00000000000006,827.0
1595,654,10.93,2.186,150,300,3,450,327.9,777.9
23353,653,10.95,2.19,150,299,3,450,327.405,777.405
40098,652,10.38,2.076,150,307,3,450,318.666,768.6659999999999
42420,652,4.6,0.9199999999999999,150,461,2,300,212.05999999999997,512.06
3987,651,8.65,1.7300000000000002,150,336,2,300,290.64000000000004,590.6400000000001
42422,651,7.84,1.568,150,353,2,300,276.752,576.752
8413,649,14.28,2.856,150,261,3,450,372.70799999999997,822.708
24768,649,10.95,2.19,150,298,3,450,326.31,776.31
44719,648,6.89,1.3780000000000001,150,376,2,300,259.064,559.0640000000001
6523,648,10.06,2.012,150,311,3,450,312.866,762.866
33143,647,6.2,1.2400000000000002,150,396,2,300,245.52000000000004,545.52
6864,646,5.51,1.102,150,419,2,300,230.86900000000003,530.869
29835,645,4.82,0.9640000000000001,150,448,2,300,215.936,515.936
24936,643,9.67,1.9340000000000002,150,316,3,450,305.572,755.572
37840,641,5.4,1.08,150,422,2,300,227.88000000000002,527.88
661,638,9.99,1.9980000000000002,150,310,3,450,309.69000000000005,759.69
6854,638,9.86,1.972,150,312,3,450,307.632,757.6320000000001
42099,638,11.4,2.2800000000000002,150,290,3,450,330.6,780.6
31866,637,9.03,1.806,150,325,2,300,293.475,593.475
4410,636,7.93,1.586,150,347,2,300,275.171,575.171
824,636,20.76,4.152,150,214,3,450,444.264,894.264
7977,635,7.49,1.4980000000000002,150,357,2,300,267.39300000000003,567.393
23382,635,10.88,2.176,150,296,3,450,322.048,772.048
15105,634,6.86,1.372,150,372,2,300,255.192,555.192
3830,633,18.45,3.69,150,227,3,450,418.815,868.815
5680,632,1.46,0.292,150,806,1,150,117.67599999999999,267.676
3887,632,8.65,1.7300000000000002,150,331,2,300,286.31500000000005,586.315
13215,631,17.22,3.444,150,234,3,450,402.948,852.948
32988,631,3.26,0.652,150,539,2,300,175.714,475.714
28579,631,3.24,0.6480000000000001,150,540,2,300,174.96000000000004,474.96000000000004
5713,630,11.19,2.238,150,291,3,450,325.629,775.629
4346,630,8.39,1.6780000000000002,150,336,2,300,281.90400000000005,581.904
41159,629,16.1,3.2200000000000006,150,242,3,450,389.62000000000006,839.6200000000001
8621,628,4.59,0.918,150,453,2,300,207.92700000000002,507.927
6824,628,10.27,2.054,150,303,3,450,311.181,761.181
10626,627,7.53,1.5060000000000002,150,353,2,300,265.809,565.809
2788,626,31.24,6.248,150,173,4,600,540.452,1140.452
4196,626,7.46,1.492,150,355,2,300,264.83,564.8299999999999
7718,625,3.68,0.7360000000000001,150,505,2,300,185.84000000000003,485.84000000000003
4187,624,12.85,2.5700000000000003,150,270,3,450,346.95000000000005,796.95
7262,624,3.59,0.718,150,511,2,300,183.44899999999998,483.44899999999996
8985,623,4.44,0.8880000000000001,150,459,2,300,203.79600000000002,503.79600000000005
115,623,21.37,4.274,150,209,3,450,446.633,896.633
4247,622,7.99,1.598,150,342,2,300,273.25800000000004,573.258
15548,622,6.07,1.2140000000000002,150,392,2,300,237.94400000000005,537.9440000000001
44943,622,10.45,2.09,150,299,3,450,312.455,762.4549999999999
20216,622,6.57,1.314,150,377,2,300,247.68900000000002,547.6890000000001
3970,622,6.78,1.356,150,371,2,300,251.538,551.538
26181,621,4.57,0.9140000000000001,150,451,2,300,206.10700000000003,506.107
26948,621,11.53,2.306,150,284,3,450,327.452,777.452
4422,620,8.57,1.7140000000000002,150,329,2,300,281.95300000000003,581.953
3420,620,7.93,1.586,150,342,2,300,271.206,571.206
11196,620,5.88,1.176,150,398,2,300,234.024,534.024
8120,620,7.08,1.4160000000000001,150,362,2,300,256.29600000000005,556.296
4494,620,9.55,1.9100000000000001,150,312,2,300,297.96000000000004,597.96
4089,619,14.59,2.918,150,252,3,450,367.668,817.668
3397,619,18.24,3.6479999999999997,150,226,3,450,412.224,862.2239999999999
14838,619,7.71,1.542,150,347,2,300,267.53700000000003,567.537
27042,618,6.53,1.306,150,377,2,300,246.181,546.181
17707,617,4.62,0.924,150,448,2,300,206.976,506.976
3364,616,17.85,3.5700000000000003,150,228,3,450,406.98,856.98
24779,616,6.84,1.368,150,368,2,300,251.71200000000002,551.712
6649,615,7.87,1.574,150,342,2,300,269.154,569.154
4437,615,23.48,4.696000000000001,150,198,4,600,464.90400000000005,1064.904
45604,614,13.07,2.6140000000000003,150,265,3,450,346.355,796.355
18106,614,7.14,1.428,150,359,2,300,256.32599999999996,556.326
7374,613,6.86,1.372,150,366,2,300,251.07600000000002,551.076
273,612,17.31,3.4619999999999997,150,230,3,450,398.13,848.13
2121,612,7.8,1.56,150,343,2,300,267.54,567.54
6660,611,10.27,2.054,150,299,3,450,307.073,757.073
16843,611,3.44,0.6880000000000001,150,516,2,300,177.50400000000002,477.504
23271,610,5.36,1.072,150,413,2,300,221.36800000000002,521.368
14054,610,6.07,1.2140000000000002,150,388,2,300,235.51600000000005,535.5160000000001
8623,610,2.34,0.46799999999999997,150,625,1,150,146.25,296.25
46830,610,5.91,1.1820000000000002,150,393,2,300,232.26300000000003,532.263
1365,609,6.05,1.21,150,389,2,300,235.345,535.345
29128,608,3.97,0.794,150,479,2,300,190.163,490.163
25522,608,4.1,0.82,150,472,2,300,193.51999999999998,493.52
16695,608,10.27,2.054,150,298,3,450,306.046,756.046
24631,606,16.77,3.354,150,233,3,450,390.741,840.741
3329,606,10.84,2.168,150,290,3,450,314.36,764.36
8537,605,9.39,1.8780000000000001,150,311,2,300,292.029,592.029
3736,604,8.2,1.64,150,332,2,300,272.24,572.24
13708,604,11.33,2.266,150,283,3,450,320.639,770.639
33963,603,4.6,0.9199999999999999,150,443,2,300,203.77999999999997,503.78
3534,603,18.17,3.6340000000000003,150,223,3,450,405.19100000000003,855.191
38772,602,10.96,2.192,150,287,3,450,314.552,764.552
4297,600,5.42,1.084,150,407,2,300,220.59400000000002,520.594
8123,600,6.53,1.306,150,371,2,300,242.263,542.263
24327,600,13.1,2.62,150,262,3,450,343.22,793.22
25021,600,7.28,1.4560000000000002,150,352,2,300,256.25600000000003,556.2560000000001
3682,598,16.66,3.3320000000000003,150,232,3,450,386.51200000000006,836.5120000000001
17954,598,5.36,1.072,150,409,2,300,219.22400000000002,519.224
6216,598,5.4,1.08,150,408,2,300,220.32000000000002,520.32
39708,598,4.72,0.944,150,436,2,300,205.792,505.79200000000003
33873,598,4.48,0.8960000000000001,150,447,2,300,200.25600000000003,500.25600000000003
1394,598,12.68,2.536,150,266,3,450,337.288,787.288
39254,597,6.9,1.3800000000000001,150,360,2,300,248.40000000000003,548.4000000000001
2445,596,9.08,1.816,150,314,2,300,285.112,585.1120000000001
4689,595,33.33,6.666,150,164,4,600,546.6120000000001,1146.612
14975,595,4.07,0.8140000000000001,150,468,2,300,190.476,490.476
4868,594,0.79,0.15800000000000003,150,1062,1,150,83.89800000000001,233.89800000000002
5626,593,7.35,1.47,150,348,2,300,255.78,555.78
2952,593,14.61,2.922,150,247,3,450,360.867,810.867
14078,592,11.25,2.25,150,281,3,450,316.125,766.125
43292,592,6.49,1.298,150,370,2,300,240.13,540.13
966,591,16.15,3.23,150,234,3,450,377.91,827.9100000000001
16327,591,2.61,0.522,150,583,2,300,152.163,452.163
5539,590,8.39,1.6780000000000002,150,325,2,300,272.675,572.675
19545,589,5.29,1.058,150,409,2,300,216.36100000000002,516.361
44208,589,10.95,2.19,150,284,3,450,310.98,760.98
8107,588,26.71,5.3420000000000005,150,182,4,600,486.12200000000007,1086.122
2723,588,21.42,4.284000000000001,150,203,3,450,434.8260000000001,884.826
8673,588,7.87,1.574,150,335,2,300,263.64500000000004,563.645
23229,587,10.34,2.068,150,292,3,450,301.928,751.928
3917,587,0.79,0.15800000000000003,150,1056,1,150,83.42400000000002,233.42400000000004
6285,586,6.62,1.324,150,364,2,300,240.96800000000002,540.9680000000001
8102,586,18.65,3.73,150,217,3,450,404.705,854.7049999999999
4404,586,4.32,0.8640000000000001,150,451,2,300,194.83200000000002,494.832
8609,585,7.63,1.526,150,339,2,300,258.657,558.6569999999999
4025,585,1.37,0.274,150,800,1,150,109.60000000000001,259.6
39356,585,11.56,2.3120000000000003,150,276,3,450,319.05600000000004,769.056
28260,584,5.19,1.038,150,411,2,300,213.309,513.309
37433,583,4.32,0.8640000000000001,150,450,2,300,194.40000000000003,494.40000000000003
8338,583,14.49,2.898,150,246,3,450,356.454,806.454
42462,583,6.89,1.3780000000000001,150,356,2,300,245.28400000000002,545.284
15295,582,3.44,0.6880000000000001,150,504,2,300,173.376,473.376
4303,582,5.83,1.1660000000000001,150,387,2,300,225.62100000000004,525.6210000000001
15892,581,3.37,0.674,150,509,2,300,171.53300000000002,471.533
24907,580,6.89,1.3780000000000001,150,355,2,300,244.59500000000003,544.595
4103,579,11.19,2.238,150,279,3,450,312.201,762.201
25832,578,6.53,1.306,150,364,2,300,237.692,537.692
5410,578,6.15,1.2300000000000002,150,375,2,300,230.62500000000003,530.625
4349,577,12.11,2.422,150,267,3,450,323.33700000000005,773.337
31558,576,8.44,1.688,150,320,2,300,270.08,570.0799999999999
13458,575,5.99,1.1980000000000002,150,379,2,300,227.02100000000004,527.0210000000001
23523,573,6.57,1.314,150,362,2,300,237.834,537.8340000000001
21951,573,8.27,1.654,150,322,2,300,266.294,566.294
6873,572,9.2,1.8399999999999999,150,305,2,300,280.59999999999997,580.5999999999999
8922,571,5.4,1.08,150,398,2,300,214.92000000000002,514.9200000000001
25649,571,6.84,1.368,150,354,2,300,242.13600000000002,542.136
3464,570,10.06,2.012,150,292,2,300,293.752,593.752
17175,569,5.2,1.04,150,405,2,300,210.6,510.6
13638,569,8.27,1.654,150,321,2,300,265.467,565.467
4416,569,7.68,1.536,150,333,2,300,255.744,555.744
4223,569,14.92,2.984,150,239,3,450,356.588,806.588
4502,569,16.17,3.2340000000000004,150,230,3,450,371.91,821.9100000000001
8166,568,15.14,3.0280000000000005,150,237,3,450,358.81800000000004,808.818
5031,567,11.71,2.342,150,269,3,450,314.999,764.999
3679,567,14.49,2.898,150,242,3,450,350.658,800.658
46023,567,6.57,1.314,150,360,2,300,236.52,536.52
27835,566,9.14,1.8280000000000003,150,305,2,300,278.77000000000004,578.77
5165,566,13.33,2.6660000000000004,150,252,3,450,335.91600000000005,785.916
3781,566,9.29,1.8579999999999999,150,302,2,300,280.558,580.558
5232,564,10.71,2.1420000000000003,150,281,3,450,300.951,750.951
4105,564,5.07,1.014,150,408,2,300,206.856,506.856
3221,564,7.93,1.586,150,327,2,300,259.31100000000004,559.311
41251,563,3.39,0.678,150,499,2,300,169.161,469.161
3123,563,10.94,2.188,150,278,3,450,304.132,754.1320000000001
34175,563,6.49,1.298,150,361,2,300,234.28900000000002,534.289
31971,562,5.99,1.1980000000000002,150,375,2,300,224.62500000000003,524.625
5489,561,7.57,1.5140000000000002,150,333,2,300,252.08100000000005,552.081
4737,560,7.91,1.582,150,326,2,300,257.866,557.866
39256,560,5.16,1.032,150,403,2,300,207.948,507.948
26966,560,6.53,1.306,150,359,2,300,234.42700000000002,534.427
4199,559,16.92,3.3840000000000003,150,223,3,450,377.31600000000003,827.316
6828,559,6.62,1.324,150,356,2,300,235.67200000000003,535.672
32924,559,27.51,5.502000000000001,150,175,4,600,481.42500000000007,1081.4250000000002
39750,558,5.13,1.026,150,404,2,300,207.252,507.252
21231,557,3.08,0.6160000000000001,150,521,2,300,160.46800000000002,460.468
5502,557,0.77,0.15400000000000003,150,1042,1,150,80.23400000000001,230.234
19276,556,9.08,1.816,150,303,2,300,275.124,575.124
4145,556,12.68,2.536,150,256,3,450,324.608,774.608
8778,556,37.29,7.458,150,150,4,600,559.35,1159.35
2646,556,43.3,8.66,150,139,4,600,601.87,1201.87
5505,555,14.5,2.9000000000000004,150,240,3,450,348.00000000000006,798.0
22903,554,5.4,1.08,150,392,2,300,211.68,511.68
8737,552,7.14,1.428,150,341,2,300,243.474,543.4739999999999
6293,552,5.91,1.1820000000000002,150,374,2,300,221.03400000000002,521.034
24088,552,8.75,1.75,150,308,2,300,269.5,569.5
27831,551,6.84,1.368,150,348,2,300,238.032,538.032
8847,550,3.97,0.794,150,456,2,300,181.032,481.03200000000004
8470,550,2.08,0.41600000000000004,150,630,1,150,131.04000000000002,281.04
32367,549,3.94,0.788,150,457,2,300,180.05800000000002,480.058
10596,549,9.86,1.972,150,289,2,300,284.954,584.954
903,548,18.79,3.758,150,209,3,450,392.711,842.711
26817,547,5.47,1.094,150,387,2,300,211.68900000000002,511.689
19164,547,3.99,0.798,150,453,2,300,180.747,480.747
23253,547,13.07,2.6140000000000003,150,251,3,450,328.057,778.057
46762,546,7.99,1.598,150,320,2,300,255.68,555.6800000000001
24766,546,10.27,2.054,150,282,2,300,289.614,589.614
4362,544,6.05,1.21,150,367,2,300,222.035,522.035
5629,543,7.02,1.404,150,341,2,300,239.38199999999998,539.382
16828,543,8.66,1.7320000000000002,150,307,2,300,265.862,565.8620000000001
26821,542,4.93,0.986,150,406,2,300,200.158,500.158
21308,542,7.38,1.476,150,332,2,300,245.016,545.016
16318,542,7.79,1.558,150,323,2,300,251.61700000000002,551.617
7996,540,4.48,0.8960000000000001,150,425,2,300,190.40000000000003,490.40000000000003
26456,539,4.5,0.9,150,424,2,300,190.8,490.8
18027,539,9.08,1.816,150,298,2,300,270.584,570.5840000000001
2794,539,10.5,2.1,150,277,2,300,290.85,590.85
5368,538,15.23,3.0460000000000003,150,230,3,450,350.29,800.29
17041,537,5.26,1.052,150,391,2,300,205.666,505.666
3368,536,12.22,2.4440000000000004,150,257,3,450,314.05400000000003,764.0540000000001
18857,535,4.02,0.8039999999999999,150,447,2,300,179.694,479.69399999999996
3780,535,10.31,2.0620000000000003,150,279,2,300,287.64900000000006,587.6490000000001
8296,535,21.7,4.34,150,192,3,450,416.64,866.64
6651,535,7.79,1.558,150,321,2,300,250.059,550.059
11214,534,50.33,10.066,150,126,5,750,634.158,1384.158
8500,534,6.28,1.2560000000000002,150,357,2,300,224.19600000000003,524.196
8258,533,21.05,4.21,150,195,3,450,410.475,860.475
32545,533,10.27,2.054,150,279,2,300,286.53299999999996,586.5329999999999
23712,532,6.8,1.36,150,343,2,300,233.24,533.24
6859,531,4.69,0.9380000000000002,150,412,2,300,193.22800000000004,493.22800000000007
32649,531,5.13,1.026,150,394,2,300,202.122,502.122
4896,530,14.05,2.8100000000000005,150,238,3,450,334.39000000000004,784.3900000000001
14930,530,5.93,1.186,150,366,2,300,217.03799999999998,517.038
6586,530,6.7,1.34,150,344,2,300,230.48000000000002,530.48
38652,529,13.65,2.7300000000000004,150,241,3,450,328.96500000000003,778.965
6162,528,14.19,2.838,150,236,3,450,334.884,784.884
3427,528,17.85,3.5700000000000003,150,211,3,450,376.63500000000005,826.635
13661,526,11.61,2.322,150,261,3,450,303.021,753.021
4268,526,18.25,3.6500000000000004,150,208,3,450,379.6,829.6
6356,526,5.16,1.032,150,391,2,300,201.756,501.756
2398,526,16.4,3.28,150,219,3,450,359.15999999999997,809.16
3689,525,12.77,2.5540000000000003,150,248,3,450,316.696,766.696
4178,525,7.46,1.492,150,325,2,300,242.45,542.45
6231,522,10.27,2.054,150,276,2,300,283.452,583.452
5694,522,7.74,1.548,150,318,2,300,246.132,546.1320000000001
25808,522,7.84,1.568,150,316,2,300,247.744,547.744
6429,522,5.8,1.16,150,367,2,300,212.85999999999999,512.86
37604,522,9.26,1.852,150,291,2,300,269.466,569.466
21609,522,9.58,1.9160000000000001,150,286,2,300,273.988,573.988
3343,522,9.46,1.8920000000000003,150,288,2,300,272.44800000000004,572.4480000000001
27817,521,10.95,2.19,150,267,2,300,292.365,592.365
22079,521,4.59,0.918,150,413,2,300,189.567,489.567
5348,521,7.85,1.57,150,316,2,300,248.06,548.06
13303,520,8.96,1.7920000000000003,150,295,2,300,264.32000000000005,564.32
38180,520,3.97,0.794,150,443,2,300,175.871,475.871
4938,517,7.02,1.404,150,332,2,300,233.064,533.064
3583,514,13.23,2.6460000000000004,150,241,3,450,318.843,768.8430000000001
3335,514,8.14,1.6280000000000001,150,308,2,300,250.71200000000002,550.712
3385,514,12.97,2.5940000000000003,150,244,3,450,316.468,766.4680000000001
539,513,4.2,0.8400000000000001,150,428,2,300,179.76000000000002,479.76
4882,513,4.7,0.9400000000000001,150,405,2,300,190.35000000000002,490.35
3667,513,13.13,2.6260000000000003,150,242,3,450,317.74600000000004,767.7460000000001
1024,512,19.99,3.9979999999999998,150,196,3,450,391.804,841.804
6694,511,5.19,1.038,150,384,2,300,199.296,499.296
171,510,36.76,7.352,150,144,4,600,529.344,1129.344
8440,510,14.72,2.9440000000000004,150,228,3,450,335.61600000000004,785.616
6958,510,5.33,1.066,150,379,2,300,202.007,502.007
6933,509,5.26,1.052,150,381,2,300,200.406,500.406
28092,509,9.67,1.9340000000000002,150,281,2,300,271.72700000000003,571.7270000000001
37842,509,7.74,1.548,150,314,2,300,243.036,543.0360000000001
13163,508,5.47,1.094,150,373,2,300,204.031,504.031
25046,508,5.55,1.11,150,371,2,300,205.90500000000003,505.90500000000003
24086,508,7.14,1.428,150,327,2,300,233.47799999999998,533.478
8187,507,13.17,2.6340000000000003,150,240,3,450,316.08000000000004,766.08
3396,507,13.73,2.7460000000000004,150,235,3,450,322.65500000000003,772.655
7994,505,7.93,1.586,150,309,2,300,245.037,545.037
28163,504,6.82,1.364,150,333,2,300,227.10600000000002,527.106
3693,504,8.72,1.7440000000000002,150,294,2,300,256.36800000000005,556.368
8387,502,17.45,3.49,150,208,3,450,362.96000000000004,812.96
3354,500,10.71,2.1420000000000003,150,265,2,300,283.81500000000005,583.815
12203,500,6.84,1.368,150,331,2,300,226.40400000000002,526.404
2898,500,6.01,1.202,150,353,2,300,212.153,512.153
24493,499,14.76,2.952,150,225,3,450,332.1,782.1
24664,498,6.62,1.324,150,336,2,300,222.43200000000002,522.432
6351,498,11.18,2.236,150,258,2,300,288.444,588.444
6319,497,6.72,1.344,150,333,2,300,223.776,523.7760000000001
3486,496,9.84,1.968,150,275,2,300,270.6,570.6
26949,496,15.53,3.106,150,219,3,450,340.10699999999997,790.107
41940,496,14.28,2.856,150,228,3,450,325.584,775.5840000000001
3910,495,8.84,1.768,150,290,2,300,256.36,556.36
2148,495,5.96,1.192,150,353,2,300,210.38799999999998,510.388
5415,494,8.45,1.69,150,296,2,300,250.12,550.12
46201,494,11.25,2.25,150,257,2,300,289.125,589.125
3656,493,19.99,3.9979999999999998,150,192,3,450,383.808,833.808
8448,492,7.51,1.502,150,313,2,300,235.063,535.063
12943,491,4.6,0.9199999999999999,150,400,2,300,184.0,484.0
26744,491,6.42,1.284,150,339,2,300,217.638,517.638
8265,490,6.89,1.3780000000000001,150,327,2,300,225.30300000000003,525.303
5296,490,21.01,4.202000000000001,150,187,3,450,392.88700000000006,842.8870000000001
2755,488,19.68,3.936,150,193,3,450,379.824,829.8240000000001
32546,486,12.58,2.516,150,241,3,450,303.178,753.178
38549,484,4.82,0.9640000000000001,150,388,2,300,187.01600000000002,487.016
45848,484,6.63,1.326,150,331,2,300,219.453,519.453
14184,484,8.72,1.7440000000000002,150,289,2,300,252.00800000000004,552.008
10579,484,6.62,1.324,150,331,2,300,219.122,519.1220000000001
4179,483,15.14,3.0280000000000005,150,219,3,450,331.56600000000003,781.566
36524,483,10.13,2.0260000000000002,150,267,2,300,270.47100000000006,570.471
2426,481,41.59,8.318000000000001,150,132,4,600,548.988,1148.988
2668,481,10.68,2.136,150,260,2,300,277.68,577.6800000000001
8970,480,7.99,1.598,150,300,2,300,239.70000000000002,539.7
6995,480,4.79,0.9580000000000001,150,388,2,300,185.852,485.852
1869,479,40.14,8.028,150,134,4,600,537.876,1137.876
253,479,4.6,0.9199999999999999,150,395,2,300,181.7,481.7
6273,477,4.66,0.932,150,392,2,300,182.672,482.672
23191,477,9.93,1.986,150,268,2,300,266.124,566.124
2520,476,42.21,8.442,150,130,4,600,548.73,1148.73
26530,475,4.72,0.944,150,389,2,300,183.608,483.608
3725,475,9.35,1.87,150,276,2,300,258.06,558.06
1388,475,19.22,3.844,150,193,3,450,370.94599999999997,820.9459999999999
41321,475,10.94,2.188,150,255,2,300,278.97,578.97
28081,475,5.51,1.102,150,360,2,300,198.36,498.36
43245,474,6.59,1.318,150,328,2,300,216.15200000000002,516.152
19934,474,6.7,1.34,150,326,2,300,218.42000000000002,518.4200000000001
41212,474,10.52,2.104,150,260,2,300,273.52000000000004,573.52
1323,473,13.59,2.718,150,228,3,450,309.852,759.852
3388,473,6.97,1.3940000000000001,150,319,2,300,222.34300000000002,522.3430000000001
1276,472,3.87,0.774,150,428,2,300,165.636,465.63599999999997
3805,472,11.19,2.238,150,252,2,300,281.988,581.988
21019,472,10.66,2.132,150,258,2,300,275.028,575.028
23889,472,4.82,0.9640000000000001,150,383,2,300,184.60600000000002,484.606
6499,471,12.68,2.536,150,236,2,300,299.248,599.248
438,471,12.77,2.5540000000000003,150,235,3,450,300.095,750.095
38441,470,6.7,1.34,150,324,2,300,217.08,517.08
5058,470,11.93,2.386,150,243,2,300,289.899,589.899
5890,469,16.66,3.3320000000000003,150,205,3,450,341.53000000000003,791.53
1244,469,12.79,2.558,150,235,2,300,300.565,600.565
1734,469,17.45,3.49,150,201,3,450,350.745,800.745
782,469,35.15,7.03,150,141,4,600,495.615,1095.615
24837,468,3.42,0.684,150,453,2,300,154.92600000000002,454.92600000000004
45322,467,4.66,0.932,150,388,2,300,180.80800000000002,480.808
10472,467,6.07,1.2140000000000002,150,340,2,300,206.38000000000002,506.38
39411,467,5.84,1.168,150,346,2,300,202.064,502.06399999999996
5826,466,6.86,1.372,150,319,2,300,218.834,518.8340000000001
4550,465,9.92,1.984,150,265,2,300,262.88,562.88
22194,465,7.48,1.4960000000000002,150,305,2,300,228.14000000000004,528.1400000000001
3305,465,8.65,1.7300000000000002,150,284,2,300,245.66000000000003,545.6600000000001
16317,464,7.58,1.516,150,303,2,300,229.674,529.674
1535,464,3.14,0.6280000000000001,150,471,1,150,147.89400000000003,297.894
5396,464,12.14,2.4280000000000004,150,239,2,300,290.1460000000001,590.1460000000001
3592,464,7.14,1.428,150,312,2,300,222.768,522.768
5094,464,2.68,0.536,150,510,1,150,136.68,286.68
8893,463,12.68,2.536,150,234,2,300,296.712,596.712
2713,463,10.93,2.186,150,252,2,300,275.436,575.4359999999999
8323,461,11.9,2.3800000000000003,150,241,2,300,286.79,586.79
24205,460,6.81,1.362,150,318,2,300,216.55800000000002,516.558
28474,460,7.14,1.428,150,311,2,300,222.054,522.054
6567,459,6.12,1.2240000000000002,150,335,2,300,205.02000000000004,505.02000000000004
11888,459,7.53,1.5060000000000002,150,302,2,300,227.40600000000003,527.4060000000001
44148,459,4.66,0.932,150,384,2,300,178.94400000000002,478.944
6748,459,3.89,0.778,150,421,2,300,163.769,463.769
3595,459,12.02,2.404,150,239,2,300,287.27799999999996,587.278
3104,458,8.72,1.7440000000000002,150,281,2,300,245.03200000000004,545.032
24456,458,8.21,1.6420000000000003,150,289,2,300,237.26900000000006,537.269
13141,458,7.18,1.436,150,309,2,300,221.862,521.862
2975,458,11.32,2.2640000000000002,150,246,2,300,278.47200000000004,578.472
13154,458,7.79,1.558,150,297,2,300,231.363,531.363
8612,458,45.79,9.158,150,122,4,600,558.6379999999999,1158.638
4294,457,11.71,2.342,150,242,2,300,283.382,583.3820000000001
3981,456,9.37,1.8739999999999999,150,270,2,300,252.98999999999998,552.99
5597,456,7.63,1.526,150,299,2,300,228.137,528.137
23250,456,3.94,0.788,150,417,2,300,164.298,464.298
3362,455,4.47,0.894,150,391,2,300,174.77700000000002,474.77700000000004
3524,455,14.7,2.94,150,215,3,450,316.05,766.05
46934,455,10.31,2.0620000000000003,150,257,2,300,264.96700000000004,564.9670000000001
34996,455,11.4,2.2800000000000002,150,245,2,300,279.3,579.3
2749,455,13.38,2.676,150,226,3,450,302.38800000000003,752.388
17504,454,7.99,1.598,150,292,2,300,233.30800000000002,533.308
6478,454,4.72,0.944,150,380,2,300,179.35999999999999,479.36
34439,454,8.38,1.6760000000000002,150,285,2,300,238.83,538.83
19940,453,6.57,1.314,150,322,2,300,211.554,511.554
36543,453,13.15,2.6300000000000003,150,227,2,300,298.50500000000005,598.5050000000001
3584,452,12.49,2.498,150,233,2,300,291.01700000000005,591.017
6312,452,6.75,1.35,150,317,2,300,213.97500000000002,513.975
4176,451,8.02,1.604,150,290,2,300,232.58,532.58
24592,451,4.69,0.9380000000000002,150,380,2,300,178.22000000000003,478.22
20398,451,6.03,1.2060000000000002,150,335,2,300,202.00500000000002,502.005
3072,451,18.24,3.6479999999999997,150,193,3,450,352.032,802.0319999999999
5195,450,4.72,0.944,150,378,2,300,178.416,478.416
8469,450,16.29,3.258,150,204,3,450,332.316,782.316
6288,450,10.06,2.012,150,259,2,300,260.554,560.554
35471,450,3.35,0.67,150,449,2,300,150.41500000000002,450.415
1868,449,49.62,9.924,150,117,4,600,580.554,1180.554
3924,449,17.38,3.476,150,197,3,450,342.386,792.386
3444,448,29.13,5.8260000000000005,150,152,3,450,442.77600000000007,892.7760000000001
7404,448,0.77,0.15400000000000003,150,934,1,150,71.918,221.918
26143,448,4.65,0.9300000000000002,150,380,2,300,176.70000000000002,476.70000000000005
5630,448,14.17,2.834,150,218,3,450,308.906,758.906
8701,446,6.7,1.34,150,316,2,300,211.72,511.72
3811,445,12.68,2.536,150,229,2,300,290.372,590.3720000000001
32832,445,20.68,4.136,150,180,3,450,372.24,822.24
3919,444,8.45,1.69,150,281,2,300,237.445,537.4449999999999
24612,443,5.82,1.1640000000000001,150,338,2,300,196.71600000000004,496.716
40332,443,8.21,1.6420000000000003,150,284,2,300,233.16400000000004,533.164
821,443,27.99,5.598,150,154,3,450,431.046,881.046
8674,442,5.22,1.044,150,356,2,300,185.832,485.832
3818,441,21.73,4.346,150,174,3,450,378.10200000000003,828.1020000000001
27813,441,9.45,1.89,150,265,2,300,250.42499999999998,550.425
22758,441,10.45,2.09,150,252,2,300,263.34,563.3399999999999
29996,440,10.12,2.024,150,255,2,300,258.06,558.06
2679,440,14.28,2.856,150,215,3,450,307.02,757.02
10062,440,6.03,1.2060000000000002,150,331,2,300,199.59300000000002,499.593
3527,439,21.87,4.3740000000000006,150,174,3,450,380.53800000000007,830.538
8386,438,9.85,1.97,150,258,2,300,254.13,554.13
1639,437,15.74,3.148,150,204,3,450,321.096,771.096
22801,437,6.57,1.314,150,316,2,300,207.61200000000002,507.612
3209,437,14.07,2.814,150,216,3,450,303.91200000000003,753.912
42678,436,3.33,0.666,150,443,1,150,147.519,297.519
20968,436,5.8,1.16,150,336,2,300,194.88,494.88
17177,436,5.45,1.09,150,346,2,300,188.57000000000002,488.57000000000005
3367,436,7.57,1.5140000000000002,150,294,2,300,222.55800000000002,522.558
7293,435,5.96,1.192,150,331,2,300,197.27599999999998,497.27599999999995
3487,435,12.77,2.5540000000000003,150,226,2,300,288.60200000000003,588.6020000000001
24634,435,10.27,2.054,150,252,2,300,258.804,558.804
28775,435,7.58,1.516,150,293,2,300,222.094,522.094
4278,434,9.52,1.904,150,262,2,300,249.42399999999998,549.424
24605,434,5.29,1.058,150,351,2,300,185.679,485.679
42122,434,4.53,0.9060000000000001,150,379,2,300,171.68700000000004,471.687
3194,433,18.31,3.662,150,188,3,450,344.228,794.2280000000001
8898,433,18.83,3.766,150,186,3,450,350.238,800.238
27145,433,6.03,1.2060000000000002,150,328,2,300,197.78400000000002,497.784
6173,433,5.51,1.102,150,343,2,300,188.99300000000002,488.99300000000005
5668,433,9.69,1.938,150,259,2,300,250.971,550.971
3525,432,4.8,0.96,150,367,2,300,176.16,476.15999999999997
19302,432,7.43,1.486,150,295,2,300,219.185,519.185
46458,431,7.71,1.542,150,290,2,300,223.59,523.59
10443,431,6.5,1.3,150,315,2,300,204.75,504.75
6168,431,5.92,1.184,150,330,2,300,195.35999999999999,495.36
5228,431,7.02,1.404,150,303,2,300,212.706,512.706
3220,430,14.72,2.9440000000000004,150,209,3,450,307.648,757.648
37786,430,6.45,1.29,150,316,2,300,203.82,503.82
7860,430,4.07,0.8140000000000001,150,398,2,300,161.98600000000002,461.986
6553,429,7.74,1.548,150,288,2,300,222.912,522.912
1174,429,15.87,3.174,150,201,3,450,318.98699999999997,768.987
4662,429,15.38,3.0760000000000005,150,205,3,450,315.2900000000001,765.2900000000001
5134,429,10.39,2.0780000000000003,150,249,2,300,258.711,558.711
10453,429,5.29,1.058,150,349,2,300,184.621,484.621
7991,428,7.24,1.4480000000000002,150,298,2,300,215.75200000000004,515.7520000000001
7261,427,3.61,0.722,150,421,2,300,151.981,451.981
25036,426,7.53,1.5060000000000002,150,291,2,300,219.12300000000005,519.123
2492,426,41.66,8.331999999999999,150,124,4,600,516.584,1116.5839999999998
3961,426,18.17,3.6340000000000003,150,188,3,450,341.596,791.596
2751,425,15.99,3.1980000000000004,150,200,3,450,319.80000000000007,769.8000000000001
984,425,20.63,4.126,150,176,3,450,363.088,813.088
15255,425,2.68,0.536,150,488,1,150,130.78400000000002,280.784
8078,425,14.59,2.918,150,209,3,450,304.93100000000004,754.931
37822,425,11.72,2.3440000000000003,150,233,2,300,273.076,573.076
19656,424,5.91,1.1820000000000002,150,328,2,300,193.848,493.848
8515,424,14.61,2.922,150,209,3,450,305.349,755.3489999999999
37235,423,8.1,1.62,150,280,2,300,226.8,526.8
4064,423,9.41,1.8820000000000001,150,260,2,300,244.66000000000003,544.6600000000001
27867,422,4.72,0.944,150,366,2,300,172.75199999999998,472.75199999999995
6226,421,5.15,1.03,150,350,2,300,180.25,480.25
15922,420,7.82,1.564,150,284,2,300,222.08800000000002,522.088
3915,420,9.48,1.8960000000000001,150,258,2,300,244.584,544.5840000000001
15356,420,6.45,1.29,150,313,2,300,201.88500000000002,501.885
443,419,24.45,4.890000000000001,150,160,3,450,391.20000000000005,841.2
11529,419,3.76,0.752,150,409,2,300,153.784,453.784
5137,419,6.61,1.322,150,308,2,300,203.58800000000002,503.588
19926,419,6.53,1.306,150,310,2,300,202.43,502.43
42948,418,6.84,1.368,150,303,2,300,207.252,507.252
25373,418,7.74,1.548,150,285,2,300,220.59,520.59
810,417,7.19,1.4380000000000002,150,295,2,300,212.10500000000002,512.105
6448,417,6.03,1.2060000000000002,150,322,2,300,194.16600000000003,494.16600000000005
35103,417,6.7,1.34,150,306,2,300,205.02,505.02
13258,416,6.49,1.298,150,310,2,300,201.19,501.19
37984,416,7.58,1.516,150,287,2,300,217.546,517.546
79,416,9.62,1.924,150,255,2,300,245.31,545.31
32054,416,7.09,1.4180000000000001,150,297,2,300,210.57300000000004,510.57300000000004
4889,415,9.59,1.9180000000000001,150,255,2,300,244.54500000000002,544.5450000000001
8135,415,8.45,1.69,150,271,2,300,228.995,528.995
24096,415,4.57,0.9140000000000001,150,369,2,300,168.63300000000004,468.63300000000004
3513,415,17.98,3.596,150,186,3,450,334.428,784.428
8361,415,10.06,2.012,150,249,2,300,250.494,550.494
3788,414,19.99,3.9979999999999998,150,176,3,450,351.82399999999996,801.824
8346,414,9.93,1.986,150,250,2,300,248.25,548.25
6655,414,4.79,0.9580000000000001,150,360,2,300,172.44000000000003,472.44000000000005
16816,412,8.27,1.654,150,273,2,300,225.771,525.771
24101,412,5.36,1.072,150,340,2,300,182.24,482.24
8921,412,11.45,2.29,150,232,2,300,265.64,565.64
37828,411,6.66,1.332,150,304,2,300,202.464,502.464
21208,411,10.32,2.064,150,244,2,300,251.808,551.808
5042,411,10.68,2.136,150,240,2,300,256.32,556.3199999999999
24552,411,6.7,1.34,150,303,2,300,203.01000000000002,503.01
41530,411,5.84,1.168,150,325,2,300,189.79999999999998,489.79999999999995
2476,410,16.79,3.358,150,191,3,450,320.689,770.6890000000001
41254,409,5.85,1.17,150,324,2,300,189.54,489.53999999999996
3683,409,13.17,2.6340000000000003,150,216,2,300,284.47200000000004,584.472
5714,408,7.14,1.428,150,293,2,300,209.202,509.202
13930,408,4.72,0.944,150,360,2,300,169.92,469.91999999999996
14279,408,5.22,1.044,150,342,2,300,178.524,478.524
40051,407,4.54,0.908,150,367,2,300,166.618,466.618
3663,407,10.76,2.152,150,238,2,300,256.088,556.088
5805,407,11.1,2.22,150,235,2,300,260.85,560.85
15252,407,2.61,0.522,150,484,1,150,126.324,276.324
8438,407,0.72,0.144,150,921,1,150,66.312,216.312
17865,407,6.09,1.218,150,317,2,300,193.053,493.053
7279,406,4.63,0.926,150,363,2,300,168.06900000000002,468.069
6368,406,4.13,0.8260000000000001,150,384,2,300,158.592,458.592
4343,406,6.47,1.294,150,307,2,300,198.62900000000002,498.629
4358,405,4.26,0.852,150,378,2,300,161.028,461.028
3820,404,13.33,2.6660000000000004,150,213,2,300,283.92900000000003,583.9290000000001
4385,404,16.54,3.308,150,191,3,450,315.914,765.914
8473,404,24.44,4.888000000000001,150,157,3,450,383.7080000000001,833.7080000000001
23307,403,6.62,1.324,150,302,2,300,199.924,499.924
13807,403,5.95,1.1900000000000002,150,319,2,300,189.80500000000004,489.80500000000006
294,402,6.79,1.358,150,298,2,300,202.342,502.342
5298,402,12.77,2.5540000000000003,150,217,2,300,277.10900000000004,577.109
3639,401,7.14,1.428,150,290,2,300,207.06,507.06
6569,401,12.98,2.596,150,215,2,300,279.07,579.0699999999999
1921,401,52.71,10.542000000000002,150,107,4,600,563.9970000000001,1163.997
3791,401,6.56,1.312,150,303,2,300,198.768,498.76800000000003
426,401,6.29,1.258,150,309,2,300,194.361,494.361
3704,400,18.37,3.6740000000000004,150,181,3,450,332.497,782.4970000000001
5218,400,10.68,2.136,150,237,2,300,253.116,553.116
2924,400,17.18,3.436,150,187,3,450,321.266,771.2660000000001
3889,399,3.7,0.7400000000000001,150,402,1,150,148.74,298.74
2759,399,10.14,2.028,150,243,2,300,246.40200000000002,546.402
10296,399,9.73,1.9460000000000002,150,248,2,300,241.30400000000003,541.3040000000001
3422,399,15.99,3.1980000000000004,150,193,3,450,308.607,758.607
13792,399,6.16,1.2320000000000002,150,312,2,300,192.19200000000004,492.192
6157,398,6.01,1.202,150,315,2,300,189.315,489.315
4309,398,7.08,1.4160000000000001,150,290,2,300,205.32000000000002,505.32000000000005
6590,398,9.8,1.9600000000000002,150,247,2,300,242.06000000000003,542.0600000000001
18868,397,9.33,1.866,150,253,2,300,236.049,536.049
1692,397,13.4,2.68,150,211,2,300,282.74,582.74
4258,397,7.35,1.47,150,285,2,300,209.475,509.475
40559,395,7.23,1.4460000000000002,150,286,2,300,206.77800000000002,506.778
8534,395,4.02,0.8039999999999999,150,384,2,300,154.368,454.368
1956,395,39.99,7.998000000000001,150,122,4,600,487.87800000000004,1087.8780000000002
34427,395,13.81,2.7620000000000005,150,207,2,300,285.8670000000001,585.8670000000001
8110,394,6.56,1.312,150,300,2,300,196.8,496.8
16814,393,8.1,1.62,150,270,2,300,218.70000000000002,518.7
6225,393,2.98,0.596,150,445,1,150,132.60999999999999,282.61
3591,393,13.48,2.696,150,209,2,300,281.732,581.732
8379,392,7.63,1.526,150,278,2,300,212.114,512.114
10283,392,2.57,0.514,150,478,1,150,122.846,272.846
15575,392,5.88,1.176,150,316,2,300,185.808,485.808
39410,392,6.12,1.2240000000000002,150,310,2,300,189.72000000000003,489.72
28890,391,9.99,1.9980000000000002,150,242,2,300,241.75800000000004,541.758
3743,391,8.02,1.604,150,270,2,300,216.54000000000002,516.54
3197,390,15.32,3.064,150,195,2,300,298.74,598.74
14475,390,6.57,1.314,150,298,2,300,195.786,495.786
23595,390,9.93,1.986,150,243,2,300,241.299,541.299
27830,389,10.95,2.19,150,231,2,300,252.945,552.9449999999999
14690,389,6.84,1.368,150,292,2,300,199.728,499.728
31320,388,4.69,0.9380000000000002,150,352,2,300,165.08800000000002,465.088
16837,388,3.42,0.684,150,413,1,150,141.246,291.246
5317,388,2.46,0.492,150,486,1,150,119.556,269.556
2623,387,18.24,3.6479999999999997,150,178,3,450,324.67199999999997,774.672
1359,387,21.87,4.3740000000000006,150,163,3,450,356.48100000000005,806.481
19036,387,9.67,1.9340000000000002,150,245,2,300,236.91500000000002,536.915
3016,386,14.59,2.918,150,199,2,300,290.341,590.341
4751,385,0.72,0.144,150,896,1,150,64.512,214.512
4796,385,12.31,2.462,150,217,2,300,267.127,567.127
16431,385,6.12,1.2240000000000002,150,307,2,300,187.88400000000004,487.884
2374,385,31.24,6.248,150,136,3,450,424.86400000000003,874.864
3936,385,15.21,3.0420000000000003,150,195,2,300,296.595,596.595
8485,385,13.23,2.6460000000000004,150,209,2,300,276.50700000000006,576.5070000000001
4565,385,6.71,1.342,150,293,2,300,196.603,496.603
3738,383,9.29,1.8579999999999999,150,249,2,300,231.321,531.321
1060,383,21.7,4.34,150,163,3,450,353.71,803.71
4229,383,14.7,2.94,150,198,2,300,291.06,591.06
3760,382,12.49,2.498,150,214,2,300,267.286,567.2860000000001
14250,382,6.62,1.324,150,294,2,300,194.62800000000001,494.62800000000004
2468,380,22.39,4.478000000000001,150,160,3,450,358.24000000000007,808.24
20693,380,13.24,2.648,150,207,2,300,274.06800000000004,574.068
23076,379,9.08,1.816,150,250,2,300,227.0,527.0
26091,378,6.2,1.2400000000000002,150,302,2,300,187.24000000000004,487.24
8694,377,7.99,1.598,150,266,2,300,212.53400000000002,512.534
37313,377,6.75,1.35,150,289,2,300,195.07500000000002,495.07500000000005
1758,377,29.76,5.952000000000001,150,138,3,450,410.68800000000005,860.6880000000001
5142,377,17.45,3.49,150,180,3,450,314.1,764.1
35294,376,3.44,0.6880000000000001,150,405,1,150,139.32000000000002,289.32000000000005
2254,375,10.31,2.0620000000000003,150,234,2,300,241.25400000000002,541.254
39691,375,13.79,2.758,150,202,2,300,278.558,578.558
25932,374,6.49,1.298,150,294,2,300,190.806,490.80600000000004
24665,374,19.3,3.8600000000000003,150,170,3,450,328.1,778.1
3890,372,12.59,2.5180000000000002,150,211,2,300,265.649,565.649
4327,372,14.81,2.962,150,194,2,300,287.314,587.3140000000001
4050,372,8.72,1.7440000000000002,150,253,2,300,220.616,520.616
3366,371,24.45,4.890000000000001,150,151,3,450,369.19500000000005,819.195
1380,371,34.05,6.81,150,128,3,450,435.84,885.8399999999999
4857,370,0.75,0.15000000000000002,150,860,1,150,64.50000000000001,214.5
6735,370,6.53,1.306,150,292,2,300,190.67600000000002,490.67600000000004
2890,370,21.25,4.25,150,162,3,450,344.25,794.25
42413,370,5.84,1.168,150,308,2,300,179.87199999999999,479.87199999999996
15619,370,3.35,0.67,150,407,1,150,136.345,286.345
2142,369,10.38,2.076,150,231,2,300,239.77800000000002,539.778
2287,369,29.22,5.844,150,138,3,450,403.23600000000005,853.2360000000001
42421,368,7.74,1.548,150,267,2,300,206.65800000000002,506.658
35976,368,6.49,1.298,150,292,2,300,189.508,489.50800000000004
31201,368,6.03,1.2060000000000002,150,303,2,300,182.70900000000003,482.70900000000006
16320,368,5.84,1.168,150,307,2,300,179.28799999999998,479.288
3410,367,12.31,2.462,150,211,2,300,259.74100000000004,559.741
3020,365,7.99,1.598,150,262,2,300,209.33800000000002,509.338
19270,365,16.44,3.2880000000000003,150,182,3,450,299.208,749.2080000000001
1515,364,10.14,2.028,150,232,2,300,235.248,535.248
8233,364,17.31,3.4619999999999997,150,178,3,450,308.118,758.1179999999999
3373,364,13.86,2.7720000000000002,150,198,2,300,274.428,574.428
20446,364,6.7,1.34,150,285,2,300,190.95000000000002,490.95000000000005
4234,364,7.99,1.598,150,261,2,300,208.53900000000002,508.539
4382,363,10.44,2.088,150,228,2,300,238.032,538.032
21329,363,10.52,2.104,150,228,2,300,239.85600000000002,539.856
4682,363,26.92,5.384,150,142,3,450,382.264,832.264
23049,362,6.12,1.2240000000000002,150,298,2,300,182.37600000000003,482.37600000000003
809,362,13.13,2.6260000000000003,150,203,2,300,266.53900000000004,566.539
27233,362,4.1,0.82,150,364,1,150,149.23999999999998,299.24
44452,362,6.49,1.298,150,289,2,300,187.561,487.56100000000004
24604,361,5.4,1.08,150,317,2,300,171.18,471.18
27361,361,5.99,1.1980000000000002,150,301,2,300,180.29900000000004,480.29900000000004
8523,360,3.22,0.6440000000000001,150,410,1,150,132.02000000000004,282.02000000000004
8442,360,9.32,1.864,150,241,2,300,224.61200000000002,524.6120000000001
33682,360,10.88,2.176,150,223,2,300,242.62400000000002,542.624
42874,360,11.38,2.2760000000000002,150,218,2,300,248.08400000000003,548.0840000000001
5747,360,8.88,1.7760000000000002,150,247,2,300,219.33600000000004,519.336
3352,359,18.79,3.758,150,169,3,450,317.551,767.5509999999999
39631,359,5.44,1.088,150,315,2,300,171.36,471.36
35862,358,13.6,2.72,150,199,2,300,270.64000000000004,570.6400000000001
6096,358,12.77,2.5540000000000003,150,205,2,300,261.785,561.7850000000001
8424,358,16.29,3.258,150,182,2,300,296.478,596.4780000000001
45332,358,4.69,0.9380000000000002,150,338,2,300,158.52200000000002,458.52200000000005
3147,358,0.71,0.142,150,870,1,150,61.769999999999996,211.76999999999998
37656,357,13.51,2.702,150,199,2,300,268.849,568.8489999999999
32294,357,2.97,0.5940000000000001,150,425,1,150,126.22500000000002,276.225
31500,357,3.22,0.6440000000000001,150,408,1,150,131.37600000000003,281.37600000000003
18743,357,6.8,1.36,150,281,2,300,191.08,491.08000000000004
5758,356,13.33,2.6660000000000004,150,200,2,300,266.6,566.6
1738,356,14.72,2.9440000000000004,150,190,2,300,279.68000000000006,579.6800000000001
39717,356,4.9,0.9800000000000001,150,330,2,300,161.70000000000002,461.70000000000005
7985,356,7.46,1.492,150,268,2,300,199.928,499.928
28114,356,10.88,2.176,150,222,2,300,241.53600000000003,541.5360000000001
43553,356,6.03,1.2060000000000002,150,298,2,300,179.69400000000002,479.694
24146,355,13.24,2.648,150,201,2,300,266.124,566.124
4701,355,12.68,2.536,150,205,2,300,259.94,559.94
8905,354,7.84,1.568,150,260,2,300,203.84,503.84000000000003
8892,354,17.0,3.4000000000000004,150,177,2,300,300.90000000000003,600.9000000000001
8689,354,6.49,1.298,150,286,2,300,185.614,485.61400000000003
26945,353,6.77,1.354,150,280,2,300,189.56,489.56
3231,353,7.74,1.548,150,262,2,300,202.788,502.788
3651,353,2.93,0.5860000000000001,150,425,1,150,124.52500000000002,274.52500000000003
7282,353,6.12,1.2240000000000002,150,294,2,300,179.92800000000003,479.928
904,353,12.22,2.4440000000000004,150,208,2,300,254.17600000000004,554.176
5628,353,7.24,1.4480000000000002,150,270,2,300,195.48000000000002,495.48
8036,353,8.27,1.654,150,253,2,300,209.231,509.231
23521,353,7.43,1.486,150,267,2,300,198.381,498.381
14004,353,8.9,1.7800000000000002,150,244,2,300,217.16000000000003,517.1600000000001
6581,352,7.86,1.572,150,259,2,300,203.574,503.574
15229,352,26.11,5.222,150,142,3,450,370.76200000000006,820.7620000000001
28262,352,5.15,1.03,150,320,2,300,164.8,464.8
21469,352,19.6,3.9200000000000004,150,164,3,450,321.44000000000005,771.44
31618,352,6.57,1.314,150,283,2,300,185.931,485.93100000000004
18592,352,5.4,1.08,150,313,2,300,169.02,469.02
23255,351,7.94,1.588,150,258,2,300,204.852,504.852
5333,351,8.65,1.7300000000000002,150,247,2,300,213.65500000000003,513.655
19755,351,6.57,1.314,150,283,2,300,185.931,485.93100000000004
43043,351,4.51,0.902,150,342,2,300,154.242,454.24199999999996
14623,351,4.69,0.9380000000000002,150,335,2,300,157.11500000000004,457.115
31542,350,16.1,3.2200000000000006,150,181,2,300,291.4100000000001,591.4100000000001
2522,350,36.92,7.384,150,119,3,450,439.348,889.348
24094,350,4.57,0.9140000000000001,150,339,2,300,154.92300000000003,454.923
35464,349,28.44,5.688000000000001,150,136,3,450,386.78400000000005,836.7840000000001
16429,349,5.8,1.16,150,300,2,300,174.0,474.0
13695,348,6.16,1.2320000000000002,150,291,2,300,179.25600000000003,479.25600000000003
45769,348,6.65,1.33,150,280,2,300,186.20000000000002,486.20000000000005
802,347,7.99,1.598,150,255,2,300,203.745,503.745
8124,347,6.75,1.35,150,278,2,300,187.65,487.65
3761,347,34.28,6.856000000000001,150,123,3,450,421.64400000000006,871.644
3325,346,7.4,1.4800000000000002,150,265,2,300,196.10000000000002,496.1
6727,346,10.36,2.072,150,224,2,300,232.06400000000002,532.0640000000001
8474,346,24.62,4.924,150,145,3,450,356.99,806.99
23392,346,6.62,1.324,150,280,2,300,185.36,485.36
43590,345,10.2,2.04,150,225,2,300,229.5,529.5
7740,345,4.1,0.82,150,355,1,150,145.54999999999998,295.54999999999995
1135,345,15.62,3.124,150,182,2,300,284.284,584.284
21965,345,4.69,0.9380000000000002,150,332,2,300,155.70800000000003,455.708
2615,345,2.57,0.514,150,449,1,150,115.393,265.39300000000003
3462,344,13.07,2.6140000000000003,150,199,2,300,260.093,560.0930000000001
40114,343,6.66,1.332,150,278,2,300,185.148,485.148
44233,343,6.84,1.368,150,274,2,300,187.41600000000003,487.41600000000005
32675,343,4.57,0.9140000000000001,150,336,2,300,153.55200000000002,453.552
19336,342,2.71,0.542,150,435,1,150,117.885,267.885
3268,342,7.63,1.526,150,259,2,300,197.617,497.61699999999996
16477,342,4.76,0.952,150,328,2,300,156.128,456.128
23074,342,13.69,2.738,150,194,2,300,265.586,565.586
16761,342,8.84,1.768,150,241,2,300,213.044,513.044
8452,342,12.68,2.536,150,201,2,300,254.868,554.8679999999999
12505,341,6.16,1.2320000000000002,150,288,2,300,177.40800000000002,477.408
46098,341,6.03,1.2060000000000002,150,291,2,300,175.473,475.473
13052,341,5.47,1.094,150,306,2,300,167.382,467.382
35578,340,4.57,0.9140000000000001,150,334,2,300,152.63800000000003,452.63800000000003
15917,340,4.66,0.932,150,331,2,300,154.246,454.246
2917,339,15.62,3.124,150,180,2,300,281.16,581.1600000000001
8131,339,10.38,2.076,150,221,2,300,229.398,529.398
2676,339,10.93,2.186,150,216,2,300,236.088,536.088
24673,338,8.96,1.7920000000000003,150,238,2,300,213.24800000000002,513.248
16175,338,4.69,0.9380000000000002,150,329,2,300,154.30100000000002,454.30100000000004
14008,338,8.1,1.62,150,250,2,300,202.5,502.5
5731,337,9.02,1.804,150,237,2,300,213.774,513.774
37607,337,9.39,1.8780000000000001,150,232,2,300,217.848,517.848
25711,337,9.73,1.9460000000000002,150,228,2,300,221.84400000000002,521.844
8223,336,10.36,2.072,150,221,2,300,228.95600000000002,528.956
28548,336,11.03,2.206,150,214,2,300,236.042,536.042
24755,336,7.79,1.558,150,254,2,300,197.866,497.866
4804,336,12.14,2.4280000000000004,150,204,2,300,247.65600000000003,547.6560000000001
21233,336,7.53,1.5060000000000002,150,259,2,300,195.02700000000004,495.02700000000004
4673,335,46.66,9.331999999999999,150,104,4,600,485.26399999999995,1085.264
24003,335,4.54,0.908,150,333,2,300,151.18200000000002,451.182
5897,335,7.46,1.492,150,260,2,300,193.96,493.96000000000004
26395,335,3.94,0.788,150,357,1,150,140.65800000000002,290.658
31541,333,13.15,2.6300000000000003,150,195,2,300,256.425,556.425
44547,333,45.15,9.03,150,105,4,600,474.075,1074.075
3831,333,2.89,0.5780000000000001,150,416,1,150,120.22400000000002,270.22400000000005
3458,333,15.14,3.0280000000000005,150,182,2,300,275.54800000000006,575.548
8978,332,10.78,2.156,150,215,2,300,231.77,531.77
47014,332,8.16,1.6320000000000001,150,247,2,300,201.55200000000002,501.552
12479,331,7.94,1.588,150,250,2,300,198.5,498.5
21232,331,6.62,1.324,150,274,2,300,181.388,481.38800000000003
44035,331,6.84,1.368,150,269,2,300,183.996,483.996
5767,330,10.36,2.072,150,219,2,300,226.88400000000001,526.884
3989,330,11.93,2.386,150,204,2,300,243.372,543.3720000000001
15875,329,7.18,1.436,150,262,2,300,188.11599999999999,488.116
14363,329,13.51,2.702,150,191,2,300,258.041,558.0409999999999
5255,329,9.35,1.87,150,230,2,300,215.05,515.05
28312,328,4.72,0.944,150,323,2,300,152.456,452.456
22019,328,9.73,1.9460000000000002,150,225,2,300,218.925,518.925
6946,327,4.79,0.9580000000000001,150,320,2,300,153.28,453.28
3945,327,13.84,2.7680000000000002,150,188,2,300,260.192,560.192
40053,326,5.99,1.1980000000000002,150,286,2,300,171.31400000000002,471.314
25186,326,8.66,1.7320000000000002,150,238,2,300,206.10800000000003,506.10800000000006
12520,325,4.72,0.944,150,321,2,300,151.512,451.512
15290,325,3.99,0.798,150,350,1,150,139.65,289.65
15355,324,9.12,1.8239999999999998,150,231,2,300,210.67199999999997,510.67199999999997
44717,324,9.08,1.816,150,231,2,300,209.74800000000002,509.74800000000005
17756,324,9.8,1.9600000000000002,150,223,2,300,218.54000000000002,518.54
15916,323,4.57,0.9140000000000001,150,326,1,150,148.98200000000003,298.982
6984,323,10.96,2.192,150,210,2,300,230.16000000000003,530.1600000000001
23516,323,7.58,1.516,150,253,2,300,191.774,491.774
44072,322,7.23,1.4460000000000002,150,258,2,300,186.53400000000002,486.534
38681,322,11.03,2.206,150,209,2,300,230.527,530.527
41033,322,5.91,1.1820000000000002,150,286,2,300,169.026,469.026
16877,321,6.16,1.2320000000000002,150,280,2,300,172.48000000000002,472.48
41970,321,8.81,1.7620000000000002,150,234,2,300,206.15400000000002,506.154
7992,321,5.55,1.11,150,295,2,300,163.72500000000002,463.725
1064,320,18.39,3.6780000000000004,150,162,2,300,297.918,597.918
41537,320,18.06,3.612,150,163,2,300,294.378,594.3779999999999
7423,320,5.47,1.094,150,296,2,300,161.912,461.91200000000003
2598,320,11.44,2.288,150,205,2,300,234.51999999999998,534.52
4626,320,11.19,2.238,150,207,2,300,231.633,531.633
40054,319,7.48,1.4960000000000002,150,253,2,300,189.24400000000003,489.244
2212,319,8.72,1.7440000000000002,150,234,2,300,204.04800000000003,504.048
2290,318,18.04,3.608,150,163,2,300,294.052,594.052
3863,318,15.5,3.1,150,175,2,300,271.25,571.25
5339,318,2.35,0.47000000000000003,150,451,1,150,105.985,255.985
4522,317,10.06,2.012,150,217,2,300,218.302,518.302
1237,317,33.83,6.766,150,119,3,450,402.577,852.577
8725,317,11.84,2.368,150,200,2,300,236.79999999999998,536.8
2658,317,12.49,2.498,150,195,2,300,243.55500000000004,543.5550000000001
39654,317,6.75,1.35,150,265,2,300,178.875,478.875
7224,317,11.59,2.318,150,203,2,300,235.27700000000002,535.277
22509,317,12.07,2.414,150,198,2,300,238.98600000000002,538.986
44362,316,6.66,1.332,150,267,2,300,177.822,477.822
15251,316,2.73,0.546,150,417,1,150,113.84100000000001,263.841
1358,316,42.85,8.57,150,105,4,600,449.925,1049.925
43092,316,14.48,2.8960000000000004,150,181,2,300,262.088,562.088
19947,316,8.72,1.7440000000000002,150,233,2,300,203.17600000000002,503.17600000000004
8467,315,0.73,0.146,150,805,1,150,58.76499999999999,208.765
44340,315,8.84,1.768,150,231,2,300,204.204,504.204
12772,315,9.2,1.8399999999999999,150,227,2,300,208.83999999999997,508.84
20255,315,9.65,1.9300000000000002,150,221,2,300,213.26500000000001,513.265
44337,315,8.44,1.688,150,237,2,300,200.028,500.028
4897,315,3.28,0.656,150,380,1,150,124.64,274.64
24788,314,9.45,1.89,150,223,2,300,210.73499999999999,510.735
1727,314,17.05,3.41,150,166,2,300,283.03000000000003,583.03
1725,314,14.17,2.834,150,182,2,300,257.894,557.894
1258,314,17.03,3.4060000000000006,150,166,2,300,282.69800000000004,582.6980000000001
19175,313,7.38,1.476,150,252,2,300,185.976,485.976
7728,313,6.07,1.2140000000000002,150,278,2,300,168.74600000000004,468.74600000000004
35130,312,5.51,1.102,150,291,2,300,160.341,460.341
12944,312,6.8,1.36,150,262,2,300,178.16000000000003,478.16
25994,312,11.72,2.3440000000000003,150,200,2,300,234.40000000000003,534.4000000000001
2183,311,14.61,2.922,150,179,2,300,261.519,561.519
44234,311,9.45,1.89,150,222,2,300,209.79,509.78999999999996
1382,310,28.56,5.712,150,128,3,450,365.568,815.568
29407,310,10.33,2.0660000000000003,150,212,2,300,218.99600000000004,518.9960000000001
36473,310,8.38,1.6760000000000002,150,236,2,300,197.76800000000003,497.76800000000003
3699,310,31.0,6.2,150,122,3,450,378.2,828.2
8143,309,23.02,4.604,150,142,3,450,326.884,776.884
45535,309,6.57,1.314,150,266,2,300,174.762,474.762
3437,309,13.84,2.7680000000000002,150,183,2,300,253.27200000000002,553.272
8050,308,12.77,2.5540000000000003,150,190,2,300,242.63000000000002,542.63
6572,308,11.76,2.352,150,198,2,300,232.84799999999998,532.848
2136,308,21.53,4.306,150,146,3,450,314.338,764.338
2026,308,14.61,2.922,150,178,2,300,260.058,560.058
2085,307,10.6,2.12,150,208,2,300,220.48000000000002,520.48
3234,307,45.92,9.184000000000001,150,100,4,600,459.20000000000005,1059.2
8097,307,9.44,1.888,150,221,2,300,208.624,508.624
17967,307,8.96,1.7920000000000003,150,227,2,300,203.39200000000002,503.39200000000005
41751,307,6.2,1.2400000000000002,150,273,2,300,169.26000000000002,469.26
6206,306,8.02,1.604,150,239,2,300,191.678,491.678
4282,306,9.69,1.938,150,218,2,300,211.242,511.24199999999996
8660,305,9.69,1.938,150,217,2,300,210.273,510.273
23259,305,6.12,1.2240000000000002,150,273,2,300,167.07600000000002,467.076
6438,304,3.22,0.6440000000000001,150,376,1,150,121.07200000000003,271.072
4249,304,10.39,2.0780000000000003,150,209,2,300,217.15100000000004,517.1510000000001
21813,304,3.19,0.638,150,378,1,150,120.58200000000001,270.582
5810,304,10.6,2.12,150,207,2,300,219.42000000000002,519.4200000000001
6932,304,3.99,0.798,150,338,1,150,134.862,284.86199999999997
9129,303,3.84,0.768,150,344,1,150,132.096,282.096
32652,303,3.99,0.798,150,338,1,150,134.862,284.86199999999997
3593,303,21.42,4.284000000000001,150,146,3,450,312.732,762.732
31497,303,7.28,1.4560000000000002,150,250,2,300,182.00000000000003,482.0
2517,303,46.42,9.284,150,99,4,600,459.55800000000005,1059.558
8476,303,8.98,1.7960000000000003,150,225,2,300,202.05000000000004,502.05000000000007
5286,302,2.93,0.5860000000000001,150,393,1,150,115.14900000000002,265.149
41143,302,5.26,1.052,150,293,2,300,154.118,454.118
5187,302,6.1,1.22,150,273,2,300,166.53,466.53
25883,302,24.82,4.964,150,135,3,450,335.07000000000005,785.07
5146,301,14.17,2.834,150,179,2,300,253.643,553.643
28736,301,4.1,0.82,150,332,1,150,136.12,286.12
3320,301,6.64,1.328,150,261,2,300,173.304,473.304
24453,301,15.43,3.0860000000000003,150,171,2,300,263.853,563.8530000000001
5215,300,9.41,1.8820000000000001,150,219,2,300,206.079,506.079
3883,300,15.43,3.0860000000000003,150,171,2,300,263.853,563.8530000000001
7340,300,14.72,2.9440000000000004,150,175,2,300,257.6,557.6
8085,299,25.59,5.118,150,132,3,450,337.788,787.788
7969,299,9.03,1.806,150,223,2,300,201.369,501.369
16394,299,9.03,1.806,150,223,2,300,201.369,501.369
28682,299,5.34,1.068,150,290,2,300,154.86,454.86
41786,299,5.86,1.1720000000000002,150,277,2,300,162.32200000000003,462.322
29431,299,19.86,3.972,150,150,2,300,297.9,597.9
12945,299,6.75,1.35,150,258,2,300,174.15,474.15
37601,298,9.2,1.8399999999999999,150,220,2,300,202.39999999999998,502.4
8021,298,31.49,6.298,150,119,3,450,374.731,824.731
4197,298,13.07,2.6140000000000003,150,185,2,300,241.79500000000002,541.7950000000001
3784,298,7.29,1.4580000000000002,150,248,2,300,180.79200000000003,480.79200000000003
15428,297,7.94,1.588,150,237,2,300,188.178,488.178
24771,296,8.66,1.7320000000000002,150,226,2,300,195.71600000000004,495.716
43798,296,6.45,1.29,150,262,2,300,168.99,468.99
2062,296,44.11,8.822000000000001,150,100,3,450,441.1,891.1
5027,296,7.51,1.502,150,243,2,300,182.493,482.493
3999,295,15.93,3.186,150,167,2,300,266.031,566.031
18568,295,6.89,1.3780000000000001,150,253,2,300,174.317,474.317
8189,295,25.59,5.118,150,131,3,450,335.22900000000004,785.229
4140,295,4.75,0.9500000000000001,150,305,1,150,144.875,294.875
6535,294,7.14,1.428,150,249,2,300,177.786,477.786
34647,294,5.15,1.03,150,293,2,300,150.895,450.895
17754,294,8.05,1.6100000000000003,150,234,2,300,188.37000000000003,488.37
4232,293,6.48,1.2960000000000003,150,260,2,300,168.48000000000005,468.48
6552,293,13.99,2.798,150,177,2,300,247.623,547.623
43450,293,11.33,2.266,150,197,2,300,223.201,523.201
1468,293,31.49,6.298,150,118,3,450,371.582,821.582
23257,293,9.33,1.866,150,217,2,300,202.461,502.461
3662,292,8.75,1.75,150,224,2,300,196.0,496.0
38542,292,7.18,1.436,150,247,2,300,177.346,477.346
18856,291,3.92,0.784,150,334,1,150,130.928,280.928
6278,291,7.55,1.51,150,240,2,300,181.2,481.2
3498,291,14.72,2.9440000000000004,150,172,2,300,253.18400000000003,553.184
6670,291,7.24,1.4480000000000002,150,246,2,300,178.104,478.10400000000004
3517,291,6.83,1.366,150,253,2,300,172.799,472.799
32479,291,6.75,1.35,150,254,2,300,171.45000000000002,471.45000000000005
15292,291,3.37,0.674,150,360,1,150,121.32000000000001,271.32
18951,291,12.07,2.414,150,190,2,300,229.33,529.33
31160,290,13.24,2.648,150,181,2,300,239.644,539.644
13723,290,11.56,2.3120000000000003,150,194,2,300,224.26400000000004,524.264
5125,290,5.96,1.192,150,270,2,300,160.92,460.91999999999996
39523,290,15.53,3.106,150,167,2,300,259.351,559.351
2944,290,32.14,6.428000000000001,150,116,3,450,372.82400000000007,822.8240000000001
24928,290,6.16,1.2320000000000002,150,266,2,300,163.85600000000002,463.856
13968,289,8.38,1.6760000000000002,150,227,2,300,190.22600000000003,490.226
18641,289,6.01,1.202,150,269,2,300,161.66899999999998,461.669
14895,289,5.15,1.03,150,290,1,150,149.35,299.35
19191,289,6.53,1.306,150,258,2,300,168.47400000000002,468.47400000000005
58,288,9.28,1.8559999999999999,150,216,2,300,200.44799999999998,500.448
6329,288,6.2,1.2400000000000002,150,264,2,300,163.68000000000004,463.68000000000006
46582,287,6.84,1.368,150,251,2,300,171.68400000000003,471.684
4414,287,7.93,1.586,150,233,2,300,184.769,484.769
43365,286,6.89,1.3780000000000001,150,250,2,300,172.25,472.25
14991,286,11.99,2.398,150,189,2,300,226.61100000000002,526.611
756,286,5.34,1.068,150,283,2,300,151.122,451.122
16758,286,8.55,1.7100000000000002,150,224,2,300,191.52,491.52
21254,286,14.28,2.856,150,173,2,300,247.04399999999998,547.044
3969,285,14.67,2.934,150,171,2,300,250.85700000000003,550.857
16441,285,10.96,2.192,150,197,2,300,215.912,515.912
22584,284,11.91,2.382,150,189,2,300,225.09900000000002,525.099
3515,284,15.5,3.1,150,166,2,300,257.3,557.3
17163,284,7.09,1.4180000000000001,150,245,2,300,173.705,473.70500000000004
25039,284,5.34,1.068,150,282,2,300,150.58800000000002,450.588
18368,284,5.4,1.08,150,281,2,300,151.74,451.74
10609,283,7.84,1.568,150,233,2,300,182.672,482.672
11440,283,9.14,1.8280000000000003,150,216,2,300,197.42400000000004,497.42400000000004
23230,283,9.39,1.8780000000000001,150,213,2,300,200.007,500.007
5160,283,7.96,1.592,150,231,2,300,183.876,483.876
2951,282,28.78,5.756,150,121,3,450,348.238,798.238
2531,282,46.37,9.274,150,96,3,450,445.15199999999993,895.1519999999999
24666,282,5.19,1.038,150,285,1,150,147.915,297.91499999999996
4044,281,9.62,1.924,150,209,2,300,201.058,501.058
26787,281,6.86,1.372,150,248,2,300,170.12800000000001,470.12800000000004
599,280,17.03,3.4060000000000006,150,157,2,300,267.37100000000004,567.3710000000001
2494,280,31.0,6.2,150,116,3,450,359.6,809.6
1005,280,27.34,5.468,150,124,3,450,339.016,789.0160000000001
12901,279,5.19,1.038,150,284,1,150,147.39600000000002,297.396
4270,278,12.97,2.5940000000000003,150,179,2,300,232.16300000000004,532.163
5358,278,18.83,3.766,150,149,2,300,280.567,580.567
757,278,13.95,2.79,150,173,2,300,241.335,541.335
2514,277,11.41,2.282,150,191,2,300,217.931,517.931
21859,277,8.49,1.6980000000000002,150,221,2,300,187.62900000000002,487.629
854,276,11.67,2.334,150,188,2,300,219.39600000000002,519.396
6266,276,5.06,1.012,150,286,1,150,144.716,294.716
5566,276,11.44,2.288,150,190,2,300,217.35999999999999,517.36
1961,275,23.91,4.782,150,131,3,450,313.221,763.221
5148,275,14.17,2.834,150,171,2,300,242.30700000000002,542.307
8929,275,5.8,1.16,150,267,2,300,154.85999999999999,454.86
23778,275,6.45,1.29,150,253,2,300,163.185,463.185
23357,275,24.51,4.902000000000001,150,130,3,450,318.63000000000005,768.6300000000001
5815,275,15.71,3.1420000000000003,150,162,2,300,254.50200000000004,554.5020000000001
8173,275,14.28,2.856,150,170,2,300,242.76,542.76
13963,274,6.75,1.35,150,247,2,300,166.72500000000002,466.725
39923,274,6.55,1.31,150,250,2,300,163.75,463.75
4062,274,5.83,1.1660000000000001,150,266,2,300,155.07800000000003,455.07800000000003
19190,274,7.09,1.4180000000000001,150,241,2,300,170.86900000000003,470.869
6896,274,10.1,2.02,150,202,2,300,204.02,504.02
2246,274,13.96,2.7920000000000003,150,172,2,300,240.11200000000002,540.1120000000001
8144,273,22.38,4.476,150,135,3,450,302.13,752.13
23895,273,5.4,1.08,150,275,1,150,148.5,298.5
39412,273,5.88,1.176,150,264,2,300,155.232,455.23199999999997
46734,273,6.84,1.368,150,245,2,300,167.58,467.58000000000004
15827,272,6.75,1.35,150,246,2,300,166.05,466.05
7725,272,6.07,1.2140000000000002,150,259,2,300,157.21300000000002,457.213
33032,272,19.3,3.8600000000000003,150,145,2,300,279.85,579.85
24846,272,12.25,2.45,150,182,2,300,222.95000000000002,522.95
5706,272,20.6,4.12,150,141,2,300,290.46,590.46
24648,271,9.67,1.9340000000000002,150,205,2,300,198.235,498.235
8218,271,23.87,4.774,150,130,3,450,310.31,760.31
21277,271,13.79,2.758,150,172,2,300,237.188,537.188
15911,271,5.91,1.1820000000000002,150,262,2,300,154.842,454.842
4204,271,7.74,1.548,150,229,2,300,177.246,477.246
12368,270,7.09,1.4180000000000001,150,239,2,300,169.45100000000002,469.451
33278,270,5.36,1.072,150,275,1,150,147.4,297.4
3347,270,28.56,5.712,150,119,3,450,339.864,789.864
31200,270,11.99,2.398,150,184,2,300,220.616,520.616
42212,269,4.07,0.8140000000000001,150,315,1,150,128.205,278.20500000000004
21129,269,11.56,2.3120000000000003,150,187,2,300,216.17200000000003,516.172
6681,269,15.89,3.1780000000000004,150,159,2,300,252.65100000000004,552.6510000000001
16669,269,8.55,1.7100000000000002,150,217,2,300,185.53500000000003,485.535
45333,269,4.76,0.952,150,291,1,150,138.516,288.51599999999996
36161,268,5.84,1.168,150,262,2,300,153.00799999999998,453.008
8359,268,3.2,0.6400000000000001,150,354,1,150,113.28000000000002,263.28000000000003
39775,268,5.84,1.168,150,262,2,300,153.00799999999998,453.008
16428,268,6.2,1.2400000000000002,150,255,2,300,158.10000000000002,458.1
19260,268,6.45,1.29,150,250,2,300,161.25,461.25
26755,267,9.67,1.9340000000000002,150,204,2,300,197.26800000000003,497.26800000000003
20864,267,8.55,1.7100000000000002,150,216,2,300,184.68,484.68
3172,267,10.31,2.0620000000000003,150,197,2,300,203.10700000000003,503.107
2696,267,25.19,5.038,150,126,3,450,317.394,767.394
8808,267,13.95,2.79,150,169,2,300,235.755,535.755
2145,266,12.68,2.536,150,177,2,300,224.436,524.436
5606,266,7.19,1.4380000000000002,150,236,2,300,169.68400000000003,469.684
3731,265,13.38,2.676,150,172,2,300,230.13600000000002,530.136
34137,265,6.84,1.368,150,241,2,300,164.84400000000002,464.84400000000005
28070,265,6.66,1.332,150,244,2,300,162.50400000000002,462.504
42765,264,5.85,1.17,150,260,2,300,152.1,452.1
4211,264,7.8,1.56,150,225,2,300,175.5,475.5
20557,264,7.84,1.568,150,225,2,300,176.4,476.4
8267,264,18.45,3.69,150,147,2,300,271.215,571.2149999999999
168,264,8.95,1.79,150,210,2,300,187.95000000000002,487.95000000000005
34431,264,10.32,2.064,150,196,2,300,202.272,502.272
1398,264,40.59,8.118,150,99,3,450,401.841,851.841
35375,264,19.73,3.946,150,142,2,300,280.166,580.1659999999999
20419,263,12.82,2.564,150,175,2,300,224.35,524.35
22583,263,13.6,2.72,150,170,2,300,231.20000000000002,531.2
38635,263,11.48,2.2960000000000003,150,185,2,300,212.38000000000002,512.38
38348,262,9.26,1.852,150,206,2,300,190.756,490.756
22387,262,6.62,1.324,150,244,2,300,161.52800000000002,461.528
44734,261,5.44,1.088,150,268,1,150,145.792,295.79200000000003
7990,261,7.68,1.536,150,226,2,300,173.568,473.568
5090,261,10.23,2.0460000000000003,150,196,2,300,200.50800000000004,500.50800000000004
40621,260,10.52,2.104,150,193,2,300,203.036,503.036
26236,260,4.76,0.952,150,286,1,150,136.136,286.13599999999997
21596,260,14.56,2.9120000000000004,150,164,2,300,238.78400000000002,538.784
1424,259,9.69,1.938,150,200,2,300,193.79999999999998,493.79999999999995
31456,259,5.22,1.044,150,273,1,150,142.506,292.506
15444,259,6.57,1.314,150,243,2,300,159.651,459.651
8696,259,7.48,1.4960000000000002,150,228,2,300,170.544,470.544
16314,258,5.29,1.058,150,270,1,150,142.83,292.83000000000004
17432,258,10.34,2.068,150,193,2,300,199.562,499.562
6183,258,5.99,1.1980000000000002,150,254,2,300,152.14600000000002,452.146
12111,258,10.73,2.1460000000000004,150,190,2,300,203.87000000000003,503.87
17168,258,5.99,1.1980000000000002,150,254,2,300,152.14600000000002,452.146
3039,257,13.38,2.676,150,170,2,300,227.46,527.46
3707,257,0.74,0.148,150,722,1,150,53.428,203.428
1748,257,10.29,2.058,150,194,2,300,199.62599999999998,499.626
8700,257,16.52,3.3040000000000003,150,153,2,300,252.75600000000003,552.7560000000001
6296,257,5.34,1.068,150,269,1,150,143.64600000000002,293.646
41405,257,9.8,1.9600000000000002,150,198,2,300,194.04000000000002,494.04
16918,256,5.8,1.16,150,257,1,150,149.06,299.06
2692,255,26.31,5.2620000000000005,150,121,3,450,318.351,768.351
4412,255,13.63,2.7260000000000004,150,168,2,300,228.98400000000004,528.984
44041,255,7.61,1.5220000000000002,150,224,2,300,170.46400000000003,470.46400000000006
3617,254,15.82,3.164,150,155,2,300,245.21,545.21
16393,254,4.66,0.932,150,286,1,150,133.276,283.276
34870,254,5.84,1.168,150,255,1,150,148.92,298.91999999999996
46380,254,9.03,1.806,150,205,2,300,185.115,485.115
1239,254,39.99,7.998000000000001,150,98,3,450,391.90200000000004,841.902
19671,254,5.89,1.178,150,254,1,150,149.606,299.606
3626,254,10.39,2.0780000000000003,150,191,2,300,198.44900000000004,498.44900000000007
25802,253,8.21,1.6420000000000003,150,215,2,300,176.51500000000004,476.51500000000004
2830,253,10.44,2.088,150,191,2,300,199.404,499.404
37792,253,4.63,0.926,150,286,1,150,132.418,282.418
46428,253,6.03,1.2060000000000002,150,251,2,300,151.35300000000004,451.35300000000007
6593,253,7.84,1.568,150,220,2,300,172.48000000000002,472.48
2499,253,21.53,4.306,150,133,2,300,286.349,586.3489999999999
46060,253,8.49,1.6980000000000002,150,211,2,300,179.139,479.139
653,253,21.73,4.346,150,132,2,300,286.836,586.836
3139,252,17.64,3.5280000000000005,150,146,2,300,257.54400000000004,557.5440000000001
13498,252,4.63,0.926,150,286,1,150,132.418,282.418
11238,252,13.24,2.648,150,169,2,300,223.756,523.756
32796,251,12.9,2.58,150,171,2,300,220.59,520.59
2721,251,47.61,9.522,150,89,3,450,423.729,873.729
43124,251,4.1,0.82,150,303,1,150,124.22999999999999,274.23
1760,251,19.69,3.9380000000000006,150,138,2,300,271.72200000000004,571.722
18642,250,5.81,1.162,150,254,1,150,147.57399999999998,297.57399999999996
9037,250,11.93,2.386,150,177,2,300,211.161,511.161
39599,250,4.51,0.902,150,288,1,150,129.888,279.88800000000003
17910,249,6.57,1.314,150,238,2,300,156.366,456.366
8727,249,23.07,4.614,150,127,2,300,292.989,592.989
37926,249,8.05,1.6100000000000003,150,215,2,300,173.07500000000005,473.07500000000005
33037,249,10.88,2.176,150,185,2,300,201.28,501.28
37312,249,7.99,1.598,150,216,2,300,172.584,472.584
16655,248,7.23,1.4460000000000002,150,227,2,300,164.121,464.121
6566,248,5.84,1.168,150,252,1,150,147.16799999999998,297.168
37310,248,6.75,1.35,150,235,2,300,158.625,458.625
4313,247,19.42,3.8840000000000003,150,138,2,300,267.99600000000004,567.9960000000001
13268,247,3.86,0.772,150,310,1,150,119.66,269.65999999999997
4787,247,15.03,3.0060000000000002,150,157,2,300,235.971,535.971
11152,247,5.26,1.052,150,265,1,150,139.39000000000001,289.39
10238,247,10.66,2.132,150,186,2,300,198.276,498.276
5128,247,8.98,1.7960000000000003,150,203,2,300,182.29400000000004,482.29400000000004
3510,246,8.65,1.7300000000000002,150,207,2,300,179.05500000000004,479.05500000000006
26557,246,11.4,2.2800000000000002,150,180,2,300,205.20000000000002,505.20000000000005
42172,245,6.66,1.332,150,235,2,300,156.51000000000002,456.51
33334,245,6.2,1.2400000000000002,150,243,2,300,150.66000000000003,450.66
3757,245,21.63,4.326,150,130,2,300,281.19,581.19
17011,245,9.2,1.8399999999999999,150,200,2,300,184.0,484.0
10298,245,4.51,0.902,150,285,1,150,128.535,278.53499999999997
23373,245,2.71,0.542,150,368,1,150,99.72800000000001,249.728
3218,244,10.23,2.0460000000000003,150,189,2,300,193.34700000000004,493.34700000000004
46310,244,4.72,0.944,150,278,1,150,131.21599999999998,281.216
859,243,17.29,3.458,150,145,2,300,250.705,550.705
8744,243,12.32,2.4640000000000004,150,172,2,300,211.90400000000002,511.904
16656,243,7.58,1.516,150,219,2,300,166.002,466.002
22963,242,16.55,3.3100000000000005,150,148,2,300,244.94000000000003,544.94
419,242,15.99,3.1980000000000004,150,151,2,300,241.44900000000004,541.4490000000001
43308,242,6.89,1.3780000000000001,150,230,2,300,158.47000000000003,458.47
13932,242,3.13,0.626,150,341,1,150,106.733,256.733
34429,242,11.72,2.3440000000000003,150,176,2,300,206.27200000000002,506.27200000000005
8520,242,12.3,2.4600000000000004,150,172,2,300,211.56000000000003,511.56000000000006
14624,241,4.57,0.9140000000000001,150,281,1,150,128.41700000000003,278.41700000000003
21032,241,15.12,3.024,150,155,2,300,234.36,534.36
43920,241,8.05,1.6100000000000003,150,212,2,300,170.66000000000003,470.66
2912,240,12.87,2.574,150,167,2,300,214.92899999999997,514.929
33683,239,10.38,2.076,150,186,2,300,193.068,493.068
35393,239,8.6,1.72,150,204,2,300,175.44,475.44
6398,239,5.91,1.1820000000000002,150,246,1,150,145.38600000000002,295.386
5202,239,10.31,2.0620000000000003,150,186,2,300,191.76600000000002,491.766
18860,239,3.86,0.772,150,305,1,150,117.73,267.73
29477,239,4.75,0.9500000000000001,150,275,1,150,130.625,280.625
16826,238,4.69,0.9380000000000002,150,276,1,150,129.44400000000002,279.444
269,238,3.17,0.634,150,336,1,150,106.512,256.512
20731,238,5.95,1.1900000000000002,150,245,1,150,145.77500000000003,295.77500000000003
3868,238,4.77,0.954,150,274,1,150,130.698,280.698
2926,238,21.87,4.3740000000000006,150,128,2,300,279.93600000000004,579.936
1023,237,35.93,7.186,150,99,3,450,355.707,805.707
33348,237,7.23,1.4460000000000002,150,222,2,300,160.50600000000003,460.50600000000003
2366,237,25.36,5.072,150,118,3,450,299.248,749.248
7818,237,3.71,0.742,150,310,1,150,115.01,265.01
43808,236,3.3,0.66,150,328,1,150,108.24000000000001,258.24
46311,236,4.76,0.952,150,273,1,150,129.948,279.948
4345,236,15.62,3.124,150,151,2,300,235.862,535.862
3695,236,7.68,1.536,150,215,2,300,165.12,465.12
28258,236,5.36,1.072,150,257,1,150,137.752,287.752
33212,236,5.7,1.1400000000000001,150,249,1,150,141.93,291.93
18877,236,5.15,1.03,150,262,1,150,134.93,284.93
25846,235,12.05,2.41,150,171,2,300,206.055,506.055
4283,235,13.84,2.7680000000000002,150,160,2,300,221.44000000000003,521.44
10895,235,13.51,2.702,150,162,2,300,218.862,518.862
17457,235,5.84,1.168,150,246,1,150,143.664,293.664
11089,235,6.86,1.372,150,227,2,300,155.722,455.722
2965,234,34.64,6.928000000000001,150,101,3,450,349.86400000000003,799.864
36579,234,3.92,0.784,150,299,1,150,117.208,267.20799999999997
46985,234,15.75,3.1500000000000004,150,149,2,300,234.67500000000004,534.6750000000001
8496,234,11.62,2.324,150,174,2,300,202.188,502.188
37311,234,6.89,1.3780000000000001,150,226,2,300,155.714,455.714
31787,234,10.8,2.16,150,180,2,300,194.4,494.4
23383,233,11.48,2.2960000000000003,150,174,2,300,199.752,499.752
1862,233,19.22,3.844,150,135,2,300,259.46999999999997,559.47
38898,233,20.13,4.026,150,132,2,300,265.716,565.716
8408,233,22.21,4.442,150,125,2,300,277.625,577.625
18449,232,4.53,0.9060000000000001,150,277,1,150,125.48100000000002,275.481
15748,232,5.44,1.088,150,253,1,150,137.632,287.632
11915,232,19.6,3.9200000000000004,150,133,2,300,260.68,560.6800000000001
8671,232,14.49,2.898,150,155,2,300,224.595,524.595
16829,232,9.52,1.904,150,191,2,300,181.832,481.832
31203,231,5.99,1.1980000000000002,150,241,1,150,144.359,294.35900000000004
12069,231,5.33,1.066,150,255,1,150,135.91500000000002,285.915
25419,231,9.33,1.866,150,193,2,300,180.06900000000002,480.069
38322,231,6.62,1.324,150,229,2,300,151.598,451.598
43131,230,8.72,1.7440000000000002,150,199,2,300,173.52800000000002,473.528
8262,230,15.82,3.164,150,148,2,300,234.13600000000002,534.136
13489,229,12.83,2.5660000000000003,150,164,2,300,210.41200000000003,510.41200000000003
12663,229,5.4,1.08,150,252,1,150,136.08,286.08000000000004
3476,229,15.5,3.1,150,149,2,300,230.95000000000002,530.95
3690,229,22.39,4.478000000000001,150,124,2,300,277.636,577.636
23795,228,10.8,2.16,150,178,2,300,192.24,492.24
19453,228,9.65,1.9300000000000002,150,188,2,300,181.42000000000002,481.42
6975,228,4.79,0.9580000000000001,150,267,1,150,127.89300000000001,277.89300000000003
27303,228,5.91,1.1820000000000002,150,241,1,150,142.431,292.43100000000004
31452,227,5.15,1.03,150,257,1,150,132.355,282.355
2640,227,30.07,6.014,150,106,3,450,318.742,768.742
3425,227,15.55,3.1100000000000003,150,148,2,300,230.14000000000001,530.14
46381,227,9.14,1.8280000000000003,150,193,2,300,176.40200000000002,476.40200000000004
42386,226,5.66,1.1320000000000001,150,245,1,150,138.67000000000002,288.67
8113,226,11.1,2.22,150,175,2,300,194.25000000000003,494.25
5462,226,14.7,2.94,150,152,2,300,223.44,523.44
25603,226,11.4,2.2800000000000002,150,172,2,300,196.08,496.08000000000004
26426,226,19.6,3.9200000000000004,150,132,2,300,258.72,558.72
35605,226,6.66,1.332,150,226,1,150,150.51600000000002,300.516
21317,226,9.33,1.866,150,191,2,300,178.203,478.203
20447,226,6.53,1.306,150,228,1,150,148.88400000000001,298.884
5253,226,11.84,2.368,150,169,2,300,200.096,500.096
17978,226,5.47,1.094,150,249,1,150,136.203,286.203
17377,226,10.13,2.0260000000000002,150,183,2,300,185.37900000000002,485.379
8423,226,4.69,0.9380000000000002,150,269,1,150,126.16100000000002,276.161
46422,225,6.57,1.314,150,227,1,150,149.139,299.139
35670,225,7.33,1.4660000000000002,150,215,2,300,157.59500000000003,457.595
13744,225,6.03,1.2060000000000002,150,237,1,150,142.91100000000003,292.91100000000006
16703,225,6.53,1.306,150,227,1,150,148.231,298.231
16670,225,8.27,1.654,150,202,2,300,167.054,467.054
24842,225,4.6,0.9199999999999999,150,271,1,150,124.66,274.65999999999997
5741,225,9.77,1.954,150,186,2,300,181.722,481.722
21001,225,7.38,1.476,150,214,2,300,157.932,457.932
3790,224,35.65,7.13,150,97,3,450,345.805,795.8050000000001
28681,224,5.95,1.1900000000000002,150,238,1,150,141.61,291.61
5185,224,14.61,2.922,150,152,2,300,222.072,522.072
5373,224,7.47,1.494,150,212,2,300,158.364,458.36400000000003
15528,224,9.33,1.866,150,190,2,300,177.27,477.27
7995,224,4.95,0.9900000000000001,150,261,1,150,129.19500000000002,279.19500000000005
19821,224,10.32,2.064,150,180,2,300,185.76,485.76
4833,224,10.78,2.156,150,177,2,300,190.806,490.80600000000004
6596,224,5.97,1.194,150,237,1,150,141.489,291.48900000000003
15824,223,10.73,2.1460000000000004,150,177,2,300,189.92100000000002,489.92100000000005
19258,223,6.45,1.29,150,228,1,150,147.06,297.06
36992,223,10.06,2.012,150,182,2,300,183.092,483.092
37071,223,11.56,2.3120000000000003,150,170,2,300,196.52,496.52
17867,223,3.22,0.6440000000000001,150,322,1,150,103.68400000000003,253.68400000000003
23279,223,16.44,3.2880000000000003,150,143,2,300,235.092,535.092
26427,222,14.19,2.838,150,153,2,300,217.107,517.107
5212,222,15.38,3.0760000000000005,150,147,2,300,226.08600000000004,526.086
20855,222,8.6,1.72,150,197,2,300,169.42,469.41999999999996
43918,222,7.79,1.558,150,207,2,300,161.25300000000001,461.25300000000004
2161,222,15.26,3.052,150,148,2,300,225.848,525.848
5780,220,10.44,2.088,150,178,2,300,185.832,485.832
26462,220,10.8,2.16,150,175,2,300,189.0,489.0
1817,220,16.79,3.358,150,140,2,300,235.06,535.06
44620,220,10.73,2.1460000000000004,150,175,2,300,187.77500000000003,487.77500000000003
12181,220,24.48,4.896000000000001,150,116,2,300,283.9680000000001,583.9680000000001
4411,219,7.24,1.4480000000000002,150,213,2,300,154.21200000000002,454.212
5330,219,11.42,2.2840000000000003,150,170,2,300,194.14000000000001,494.14
5817,219,22.89,4.578,150,120,2,300,274.68,574.6800000000001
3763,218,20.28,4.056,150,127,2,300,257.556,557.556
20699,218,7.94,1.588,150,203,2,300,161.18200000000002,461.182
28888,218,8.1,1.62,150,201,2,300,162.81,462.81
38369,218,9.0,1.8,150,191,2,300,171.9,471.9
30602,218,8.27,1.654,150,199,2,300,164.57299999999998,464.573
1282,218,18.7,3.74,150,132,2,300,246.84,546.84
11854,218,8.38,1.6760000000000002,150,198,2,300,165.924,465.924
20791,217,5.4,1.08,150,246,1,150,132.84,282.84000000000003
2722,217,17.59,3.5180000000000002,150,136,2,300,239.22400000000002,539.224
13422,217,6.45,1.29,150,225,1,150,145.125,295.125
680,217,13.86,2.7720000000000002,150,153,2,300,212.05800000000002,512.058
1556,217,14.84,2.968,150,148,2,300,219.632,519.6320000000001
27512,217,14.09,2.818,150,152,2,300,214.168,514.168
29616,217,8.55,1.7100000000000002,150,195,2,300,166.72500000000002,466.725
22344,217,9.99,1.9980000000000002,150,181,2,300,180.81900000000002,480.819
15761,216,2.49,0.49800000000000005,150,361,1,150,89.88900000000001,239.889
3654,216,39.39,7.878,150,91,3,450,358.449,808.4490000000001
3201,216,21.96,4.392,150,121,2,300,265.716,565.716
17073,216,6.84,1.368,150,218,1,150,149.11200000000002,299.112
12110,215,10.45,2.09,150,176,2,300,183.92,483.91999999999996
2854,215,38.45,7.690000000000001,150,92,3,450,353.74000000000007,803.74
12227,214,8.44,1.688,150,195,2,300,164.57999999999998,464.58
6742,214,12.49,2.498,150,160,2,300,199.84000000000003,499.84000000000003
39979,214,7.84,1.568,150,202,2,300,158.368,458.368
2155,214,24.05,4.8100000000000005,150,116,2,300,278.98,578.98
5375,214,14.72,2.9440000000000004,150,148,2,300,217.85600000000002,517.856
15315,214,6.57,1.314,150,221,1,150,145.197,295.197
10927,214,6.57,1.314,150,221,1,150,145.197,295.197
16351,213,12.83,2.5660000000000003,150,158,2,300,202.71400000000003,502.71400000000006
23998,213,6.75,1.35,150,218,1,150,147.15,297.15
12343,213,11.18,2.236,150,169,2,300,188.942,488.942
3079,213,10.21,2.0420000000000003,150,177,2,300,180.717,480.717
8455,213,10.88,2.176,150,171,2,300,186.048,486.048
8780,213,10.13,2.0260000000000002,150,178,2,300,180.31400000000002,480.314
5076,213,28.12,5.6240000000000006,150,107,2,300,300.884,600.884
36558,213,6.66,1.332,150,219,1,150,145.854,295.85400000000004
34504,213,9.45,1.89,150,184,2,300,173.88,473.88
28214,212,8.1,1.62,150,198,2,300,160.38000000000002,460.38
11414,212,3.26,0.652,150,312,1,150,101.712,251.712
19870,212,5.89,1.178,150,232,1,150,136.648,286.648
21033,212,26.89,5.378,150,109,2,300,293.101,593.101
10264,212,19.6,3.9200000000000004,150,127,2,300,248.92000000000002,548.9200000000001
25691,212,7.33,1.4660000000000002,150,208,2,300,152.46400000000003,452.46400000000006
3495,212,23.52,4.704,150,116,2,300,272.832,572.832
42642,211,8.21,1.6420000000000003,150,196,2,300,160.91600000000003,460.91600000000005
30656,211,11.64,2.3280000000000003,150,165,2,300,192.06000000000003,492.06000000000006
5155,211,5.79,1.1580000000000001,150,234,1,150,135.48600000000002,285.486
37735,211,7.58,1.516,150,204,2,300,154.632,454.632
12078,211,7.48,1.4960000000000002,150,206,2,300,154.08800000000002,454.088
38483,211,7.23,1.4460000000000002,150,209,2,300,151.10700000000003,451.107
2035,211,14.28,2.856,150,149,2,300,212.772,512.7719999999999
1271,211,37.59,7.518000000000001,150,92,3,450,345.82800000000003,795.828
2628,211,23.43,4.686,150,116,2,300,271.788,571.788
3183,211,13.7,2.74,150,152,2,300,208.24,508.24
15743,211,10.38,2.076,150,175,2,300,181.65,481.65
2226,210,27.6,5.5200000000000005,150,107,2,300,295.32000000000005,595.32
23479,210,6.2,1.2400000000000002,150,225,1,150,139.50000000000003,289.5
8077,210,6.84,1.368,150,215,1,150,147.06,297.06
11698,210,7.84,1.568,150,200,2,300,156.8,456.8
5458,210,12.79,2.558,150,157,2,300,200.803,500.803
5525,210,18.24,3.6479999999999997,150,131,2,300,238.944,538.944
8550,210,9.39,1.8780000000000001,150,183,2,300,171.83700000000002,471.837
15265,210,4.76,0.952,150,257,1,150,122.332,272.332
4280,210,18.74,3.7479999999999998,150,130,2,300,243.61999999999998,543.62
45770,209,9.45,1.89,150,182,2,300,171.98999999999998,471.99
33731,209,7.48,1.4960000000000002,150,205,2,300,153.34000000000003,453.34000000000003
6755,209,10.34,2.068,150,174,2,300,179.916,479.916
23129,209,12.24,2.4480000000000004,150,160,2,300,195.84000000000003,495.84000000000003
33055,209,6.16,1.2320000000000002,150,226,1,150,139.21600000000004,289.216
33214,209,5.82,1.1640000000000001,150,232,1,150,135.02400000000003,285.024
23870,208,6.16,1.2320000000000002,150,225,1,150,138.60000000000002,288.6
19224,208,12.74,2.548,150,156,2,300,198.744,498.744
13991,208,6.57,1.314,150,218,1,150,143.226,293.226
33579,208,10.52,2.104,150,172,2,300,180.94400000000002,480.944
33210,208,5.74,1.1480000000000001,150,233,1,150,133.74200000000002,283.742
7413,207,5.19,1.038,150,245,1,150,127.155,277.155
2258,207,9.77,1.954,150,178,2,300,173.906,473.906
11354,207,6.57,1.314,150,217,1,150,142.56900000000002,292.569
6360,207,9.26,1.852,150,183,2,300,169.458,469.45799999999997
1875,206,20.71,4.142,150,122,2,300,252.66200000000003,552.662
11067,206,8.24,1.6480000000000001,150,194,2,300,159.85600000000002,459.856
4200,206,7.68,1.536,150,201,2,300,154.368,454.368
28580,206,14.83,2.966,150,144,2,300,213.55200000000002,513.552
33982,206,10.8,2.16,150,169,2,300,182.52,482.52
3940,206,6.15,1.2300000000000002,150,224,1,150,137.76000000000002,287.76
4480,205,9.92,1.984,150,176,2,300,174.59199999999998,474.592
32138,205,9.2,1.8399999999999999,150,183,2,300,168.35999999999999,468.36
17162,205,6.12,1.2240000000000002,150,224,1,150,137.08800000000002,287.088
5334,205,17.82,3.564,150,131,2,300,233.442,533.442
16151,205,7.38,1.476,150,204,2,300,150.552,450.552
2879,204,22.21,4.442,150,117,2,300,259.857,559.857
31458,204,5.4,1.08,150,238,1,150,128.52,278.52
6105,204,14.84,2.968,150,144,2,300,213.696,513.696
12473,204,7.99,1.598,150,196,2,300,156.604,456.60400000000004
1464,203,19.22,3.844,150,126,2,300,242.172,542.172
6224,203,12.22,2.4440000000000004,150,158,2,300,193.07600000000002,493.076
15009,203,12.58,2.516,150,156,2,300,196.248,496.248
3921,203,17.9,3.58,150,130,2,300,232.70000000000002,532.7
18801,203,7.14,1.428,150,207,1,150,147.798,297.798
22192,203,7.23,1.4460000000000002,150,205,1,150,148.21500000000003,298.21500000000003
658,202,2.2,0.44000000000000006,150,371,1,150,81.62,231.62
6362,202,5.29,1.058,150,239,1,150,126.43100000000001,276.43100000000004
3314,202,19.28,3.8560000000000003,150,125,2,300,241.00000000000003,541.0
361,202,14.28,2.856,150,146,2,300,208.488,508.488
8907,201,4.63,0.926,150,255,1,150,118.06500000000001,268.065
14663,201,8.78,1.756,150,185,2,300,162.43,462.43
22275,201,14.93,2.986,150,142,2,300,212.00600000000003,512.0060000000001
2958,201,40.73,8.145999999999999,150,86,3,450,350.27799999999996,800.278
5230,201,9.92,1.984,150,174,2,300,172.608,472.608
4075,201,15.87,3.174,150,138,2,300,219.006,519.006
4390,200,33.33,6.666,150,95,3,450,316.635,766.635
6322,200,8.16,1.6320000000000001,150,192,2,300,156.67200000000003,456.672
485,200,10.39,2.0780000000000003,150,170,2,300,176.63000000000002,476.63
26779,200,6.8,1.36,150,210,1,150,142.8,292.8
21145,200,7.79,1.558,150,196,2,300,152.684,452.68399999999997
8280,200,8.9,1.7800000000000002,150,184,2,300,163.76000000000002,463.76
2957,200,25.89,5.178000000000001,150,108,2,300,279.612,579.6120000000001
15266,200,4.54,0.908,150,257,1,150,116.678,266.678
18142,200,40.4,8.08,150,86,3,450,347.44,797.44
1845,200,11.27,2.254,150,163,2,300,183.701,483.701
1715,200,13.76,2.7520000000000002,150,148,2,300,203.64800000000002,503.648
46600,199,7.58,1.516,150,198,2,300,150.084,450.084
23212,199,7.99,1.598,150,193,2,300,154.20700000000002,454.207
31233,199,7.43,1.486,150,200,1,150,148.6,298.6
34393,199,8.05,1.6100000000000003,150,193,2,300,155.36500000000004,455.365
7485,199,2.85,0.5700000000000001,150,324,1,150,92.34,242.34
5760,199,1.51,0.30200000000000005,150,445,1,150,67.19500000000001,217.195
23356,198,14.47,2.894,150,143,2,300,206.92100000000002,506.92100000000005
10680,198,7.18,1.436,150,203,1,150,145.754,295.754
25197,198,99.33,19.866,150,55,4,600,546.3149999999999,1146.315
23173,197,9.45,1.89,150,177,2,300,167.265,467.265
24286,197,14.83,2.966,150,141,2,300,209.103,509.103
20992,197,6.7,1.34,150,210,1,150,140.70000000000002,290.70000000000005
12494,197,2.68,0.536,150,332,1,150,88.976,238.976
12589,197,3.09,0.618,150,309,1,150,95.481,245.481
18812,196,8.5,1.7000000000000002,150,186,2,300,158.10000000000002,458.1
16948,196,3.89,0.778,150,275,1,150,106.97500000000001,256.975
18742,196,11.25,2.25,150,162,2,300,182.25,482.25
13940,196,10.45,2.09,150,168,2,300,175.56,475.56
46498,195,6.75,1.35,150,208,1,150,140.4,290.4
29649,195,10.13,2.0260000000000002,150,170,2,300,172.21,472.21000000000004
6980,195,13.96,2.7920000000000003,150,145,2,300,202.42000000000002,502.42
3800,195,42.85,8.57,150,83,3,450,355.65500000000003,805.655
10254,195,3.37,0.674,150,295,1,150,99.415,249.41500000000002
4764,195,14.81,2.962,150,141,2,300,208.82100000000003,508.821
15889,195,5.95,1.1900000000000002,150,222,1,150,132.09000000000003,282.09000000000003
5220,195,5.79,1.1580000000000001,150,225,1,150,130.275,280.275
33148,195,4.54,0.908,150,254,1,150,115.316,265.31600000000003
13662,195,9.43,1.8860000000000001,150,176,2,300,165.96800000000002,465.968
5124,195,51.53,10.306000000000001,150,75,3,450,386.475,836.475
21510,195,7.48,1.4960000000000002,150,198,1,150,148.104,298.10400000000004
23692,195,12.66,2.532,150,152,2,300,192.43200000000002,492.432
21055,195,24.02,4.804,150,110,2,300,264.22,564.22
19041,195,6.62,1.324,150,210,1,150,139.02,289.02
1094,194,29.92,5.984000000000001,150,99,2,300,296.208,596.2080000000001
44182,194,10.73,2.1460000000000004,150,165,2,300,177.04500000000002,477.045
4290,194,7.87,1.574,150,192,2,300,151.104,451.10400000000004
10603,194,7.58,1.516,150,196,1,150,148.568,298.568
2859,194,12.94,2.588,150,150,2,300,194.1,494.1
35668,193,7.33,1.4660000000000002,150,199,1,150,145.86700000000002,295.867
27460,193,6.53,1.306,150,211,1,150,137.78300000000002,287.783
2017,193,44.77,8.954,150,80,3,450,358.16,808.1600000000001
4989,193,16.66,3.3320000000000003,150,132,2,300,219.912,519.912
5773,193,15.26,3.052,150,138,2,300,210.588,510.58799999999997
2448,192,11.42,2.2840000000000003,150,159,2,300,181.57800000000003,481.57800000000003
2689,192,14.72,2.9440000000000004,150,140,2,300,206.08000000000004,506.08000000000004
6460,192,4.76,0.952,150,246,1,150,117.09599999999999,267.096
435,192,12.79,2.558,150,150,2,300,191.85,491.85
35800,192,7.99,1.598,150,190,2,300,151.81,451.81
42399,191,6.57,1.314,150,209,1,150,137.31300000000002,287.313
40175,191,8.21,1.6420000000000003,150,187,2,300,153.52700000000004,453.52700000000004
8622,190,87.09,17.418000000000003,150,57,4,600,496.41300000000007,1096.413
2496,190,36.22,7.244,150,89,3,450,322.358,772.358
19120,190,8.55,1.7100000000000002,150,183,2,300,156.465,456.46500000000003
36344,190,8.72,1.7440000000000002,150,181,2,300,157.83200000000002,457.832
9388,190,17.14,3.4280000000000004,150,129,2,300,221.10600000000002,521.106
44266,189,5.84,1.168,150,220,1,150,128.48,278.48
36262,189,11.18,2.236,150,159,2,300,177.76200000000003,477.76200000000006
3672,189,8.26,1.6520000000000001,150,185,2,300,152.81,452.81
23973,189,10.38,2.076,150,165,2,300,171.27,471.27
6734,189,6.49,1.298,150,209,1,150,135.641,285.64099999999996
15321,188,5.99,1.1980000000000002,150,217,1,150,129.98300000000003,279.98300000000006
2008,188,16.66,3.3320000000000003,150,130,2,300,216.58,516.58
23764,188,4.69,0.9380000000000002,150,245,1,150,114.90500000000002,264.90500000000003
5075,188,15.03,3.0060000000000002,150,137,2,300,205.911,505.911
29077,188,9.65,1.9300000000000002,150,171,2,300,165.01500000000001,465.015
38644,188,6.75,1.35,150,204,1,150,137.70000000000002,287.70000000000005
43820,188,5.88,1.176,150,219,1,150,128.772,278.772
18551,188,10.2,2.04,150,166,2,300,169.32,469.32
5259,188,13.38,2.676,150,145,2,300,194.01000000000002,494.01
829,187,10.71,2.1420000000000003,150,162,2,300,173.50200000000004,473.50200000000007
8057,187,18.37,3.6740000000000004,150,124,2,300,227.788,527.788
2607,187,17.18,3.436,150,128,2,300,219.904,519.904
13694,187,10.8,2.16,150,161,2,300,173.88000000000002,473.88
11821,187,10.66,2.132,150,162,2,300,172.692,472.692
21690,187,5.55,1.11,150,225,1,150,124.87500000000001,274.875
36284,187,7.89,1.578,150,189,1,150,149.121,299.121
13614,187,11.68,2.336,150,155,2,300,181.04,481.03999999999996
18835,187,8.16,1.6320000000000001,150,185,2,300,150.96,450.96000000000004
19169,186,5.4,1.08,150,227,1,150,122.58000000000001,272.58000000000004
27368,186,14.38,2.8760000000000003,150,139,2,300,199.88200000000003,499.88200000000006
1393,186,3.14,0.6280000000000001,150,298,1,150,93.57200000000002,243.572
5977,186,16.42,3.2840000000000007,150,130,2,300,213.46000000000004,513.46
3959,186,18.24,3.6479999999999997,150,124,2,300,226.176,526.1759999999999
15620,186,6.7,1.34,150,204,1,150,136.68,286.68
11499,185,18.24,3.6479999999999997,150,123,2,300,224.35199999999998,524.352
21864,185,15.23,3.0460000000000003,150,135,2,300,205.60500000000002,505.605
19223,185,9.2,1.8399999999999999,150,174,2,300,160.07999999999998,460.08
13341,185,13.24,2.648,150,145,2,300,191.98000000000002,491.98
22047,184,6.49,1.298,150,206,1,150,133.69400000000002,283.694
19122,184,7.3,1.46,150,194,1,150,141.62,291.62
5759,184,9.44,1.888,150,171,2,300,161.42399999999998,461.424
24772,184,8.78,1.756,150,177,2,300,155.406,455.406
13445,184,7.23,1.4460000000000002,150,195,1,150,140.985,290.985
35049,184,8.66,1.7320000000000002,150,179,2,300,155.014,455.014
45457,184,5.19,1.038,150,231,1,150,119.88900000000001,269.889
3658,184,41.9,8.38,150,81,3,450,339.39000000000004,789.3900000000001
38950,184,6.8,1.36,150,201,1,150,136.68,286.68
2580,183,29.36,5.872,150,97,2,300,284.792,584.7919999999999
18875,183,5.15,1.03,150,231,1,150,118.965,268.96500000000003
15168,183,9.73,1.9460000000000002,150,168,2,300,163.46400000000003,463.46400000000006
13461,183,5.88,1.176,150,216,1,150,127.008,277.008
22515,183,8.78,1.756,150,177,2,300,155.406,455.406
13278,183,19.86,3.972,150,118,2,300,234.34799999999998,534.348
29619,183,9.52,1.904,150,170,2,300,161.84,461.84000000000003
32203,182,8.38,1.6760000000000002,150,180,2,300,150.84,450.84000000000003
1273,182,23.19,4.638000000000001,150,109,2,300,252.77100000000004,552.7710000000001
978,182,5.3,1.06,150,227,1,150,120.31,270.31
8252,182,16.01,3.2020000000000004,150,131,2,300,209.73100000000002,509.731
39598,182,4.76,0.952,150,239,1,150,113.764,263.764
8637,182,13.48,2.696,150,142,2,300,191.41600000000003,491.41600000000005
32090,182,11.68,2.336,150,153,2,300,178.70399999999998,478.70399999999995
8154,181,16.05,3.2100000000000004,150,130,2,300,208.65000000000003,508.65000000000003
23270,181,6.7,1.34,150,201,1,150,134.67000000000002,284.67
36199,181,8.05,1.6100000000000003,150,184,1,150,148.12000000000003,298.12
3235,181,12.4,2.4800000000000004,150,148,2,300,183.52000000000004,483.52000000000004
45276,181,4.56,0.9119999999999999,150,244,1,150,111.264,261.264
4664,180,27.77,5.554,150,99,2,300,274.923,574.923
21201,180,11.4,2.2800000000000002,150,154,2,300,175.56000000000003,475.56000000000006
775,180,4.56,0.9119999999999999,150,243,1,150,110.80799999999999,260.808
5246,180,9.77,1.954,150,166,2,300,162.182,462.182
8630,180,5.47,1.094,150,222,1,150,121.43400000000001,271.434
8191,180,14.45,2.89,150,137,2,300,197.965,497.96500000000003
23388,180,6.84,1.368,150,199,1,150,136.116,286.116
6150,180,13.56,2.712,150,141,2,300,191.19600000000003,491.196
15980,180,8.72,1.7440000000000002,150,176,2,300,153.472,453.472
3755,179,12.02,2.404,150,149,2,300,179.09799999999998,479.09799999999996
32084,179,18.91,3.782,150,119,2,300,225.029,525.029
32107,179,8.27,1.654,150,180,1,150,148.85999999999999,298.86
27330,179,7.89,1.578,150,184,1,150,145.17600000000002,295.17600000000004
3321,179,6.93,1.3860000000000001,150,197,1,150,136.52100000000002,286.521
23235,179,7.18,1.436,150,193,1,150,138.57399999999998,288.57399999999996
5776,179,16.29,3.258,150,128,2,300,208.512,508.512
3237,178,18.17,3.6340000000000003,150,121,2,300,219.85700000000003,519.857
3793,178,11.8,2.3600000000000003,150,150,2,300,177.00000000000003,477.0
2795,178,18.74,3.7479999999999998,150,119,2,300,223.006,523.006
15503,178,8.6,1.72,150,176,2,300,151.35999999999999,451.36
18787,178,6.89,1.3780000000000001,150,197,1,150,135.733,285.733
18369,178,5.36,1.072,150,223,1,150,119.528,269.528
15156,178,8.84,1.768,150,174,2,300,153.816,453.81600000000003
13492,178,5.84,1.168,150,214,1,150,124.976,274.976
2435,177,29.76,5.952000000000001,150,94,2,300,279.744,579.744
27429,177,12.9,2.58,150,143,2,300,184.47,484.47
9118,177,10.35,2.07,150,160,2,300,165.6,465.6
6267,176,12.3,2.4600000000000004,150,147,2,300,180.81000000000003,480.81000000000006
8579,176,6.01,1.202,150,210,1,150,126.21,276.21
40786,176,9.8,1.9600000000000002,150,164,2,300,160.72000000000003,460.72
8655,176,12.3,2.4600000000000004,150,147,2,300,180.81000000000003,480.81000000000006
5662,176,7.19,1.4380000000000002,150,192,1,150,138.048,288.048
22441,175,10.06,2.012,150,162,2,300,162.972,462.972
1895,175,5.07,1.014,150,228,1,150,115.596,265.596
8298,175,7.8,1.56,150,183,1,150,142.74,292.74
41827,175,8.16,1.6320000000000001,150,179,1,150,146.06400000000002,296.064
3062,174,15.62,3.124,150,129,2,300,201.49800000000002,501.49800000000005
46297,174,7.74,1.548,150,184,1,150,142.416,292.416
8482,174,14.28,2.856,150,135,2,300,192.78,492.78
11367,174,6.07,1.2140000000000002,150,207,1,150,125.64900000000002,275.649
1136,174,3.87,0.774,150,260,1,150,100.62,250.62
19962,174,9.86,1.972,150,163,2,300,160.718,460.71799999999996
36648,174,39.18,7.836,150,82,3,450,321.276,771.2760000000001
40801,174,7.33,1.4660000000000002,150,189,1,150,138.537,288.53700000000003
12155,174,6.7,1.34,150,197,1,150,131.99,281.99
22569,174,11.72,2.3440000000000003,150,149,2,300,174.62800000000001,474.62800000000004
29118,174,6.8,1.36,150,196,1,150,133.28,283.28
5875,174,12.22,2.4440000000000004,150,146,2,300,178.41200000000003,478.41200000000003
21795,174,3.24,0.6480000000000001,150,284,1,150,92.01600000000002,242.01600000000002
16878,173,5.22,1.044,150,223,1,150,116.406,266.406
35606,173,6.07,1.2140000000000002,150,207,1,150,125.64900000000002,275.649
4299,173,9.77,1.954,150,163,2,300,159.251,459.251
5168,173,13.66,2.732,150,138,2,300,188.508,488.50800000000004
4817,173,7.8,1.56,150,182,1,150,141.96,291.96000000000004
10372,172,5.33,1.066,150,220,1,150,117.26,267.26
7986,172,22.38,4.476,150,107,2,300,239.466,539.466
37657,172,12.16,2.4320000000000004,150,146,2,300,177.53600000000003,477.53600000000006
46763,172,8.05,1.6100000000000003,150,179,1,150,144.09500000000003,294.095
5015,172,5.88,1.176,150,209,1,150,122.892,272.892
34947,172,6.28,1.2560000000000002,150,203,1,150,127.48400000000002,277.48400000000004
19126,172,8.44,1.688,150,175,1,150,147.7,297.7
8072,171,24.99,4.998,150,101,2,300,252.399,552.399
35088,171,5.8,1.16,150,210,1,150,121.8,271.8
14386,171,5.99,1.1980000000000002,150,207,1,150,123.99300000000002,273.99300000000005
23258,171,19.35,3.8700000000000006,150,115,2,300,222.52500000000003,522.5250000000001
25163,171,3.24,0.6480000000000001,150,281,1,150,91.04400000000003,241.04400000000004
24098,171,4.66,0.932,150,235,1,150,109.51,259.51
2125,171,36.76,7.352,150,84,3,450,308.784,758.784
10242,170,15.17,3.0340000000000003,150,130,2,300,197.21,497.21000000000004
13854,170,10.34,2.068,150,157,2,300,162.338,462.33799999999997
2153,170,6.61,1.322,150,196,1,150,129.556,279.55600000000004
38771,170,11.4,2.2800000000000002,150,150,2,300,171.00000000000003,471.0
21752,170,7.58,1.516,150,183,1,150,138.714,288.714
28239,170,8.55,1.7100000000000002,150,173,1,150,147.91500000000002,297.915
2678,170,31.99,6.398,150,89,2,300,284.711,584.711
6361,170,5.4,1.08,150,217,1,150,117.18,267.18
46628,170,9.65,1.9300000000000002,150,163,2,300,157.29500000000002,457.295
8246,170,6.12,1.2240000000000002,150,204,1,150,124.84800000000001,274.848
5107,170,10.14,2.028,150,159,2,300,161.226,461.226
26250,169,13.63,2.7260000000000004,150,136,2,300,185.36800000000002,485.36800000000005
21319,169,8.55,1.7100000000000002,150,172,1,150,147.06,297.06
15392,169,4.96,0.992,150,226,1,150,112.096,262.096
13931,169,9.33,1.866,150,165,2,300,153.94500000000002,453.94500000000005
13637,169,8.16,1.6320000000000001,150,176,1,150,143.616,293.616
2648,168,12.21,2.442,150,144,2,300,175.824,475.824
5130,168,13.17,2.6340000000000003,150,138,2,300,181.74600000000004,481.74600000000004
45885,168,12.98,2.596,150,139,2,300,180.422,480.422
43801,168,5.84,1.168,150,208,1,150,121.472,271.472
19556,168,9.39,1.8780000000000001,150,164,2,300,153.996,453.996
6236,168,6.49,1.298,150,197,1,150,127.85300000000001,277.853
1039,168,10.31,2.0620000000000003,150,156,2,300,160.836,460.836
14625,168,6.62,1.324,150,195,1,150,129.09,279.09000000000003
8617,168,7.19,1.4380000000000002,150,187,1,150,134.453,284.453
33988,167,6.49,1.298,150,196,1,150,127.20400000000001,277.204
46062,167,7.09,1.4180000000000001,150,188,1,150,133.292,283.29200000000003
5822,167,6.24,1.2480000000000002,150,200,1,150,124.80000000000003,274.8
6530,167,5.33,1.066,150,217,1,150,115.661,265.661
5268,167,6.56,1.312,150,195,1,150,127.92,277.92
7266,167,9.14,1.8280000000000003,150,166,2,300,151.72400000000002,451.72400000000005
29942,166,8.49,1.6980000000000002,150,171,1,150,145.179,295.179
18562,166,7.99,1.598,150,177,1,150,141.423,291.423
26390,166,5.4,1.08,150,215,1,150,116.10000000000001,266.1
4767,166,19.28,3.8560000000000003,150,114,2,300,219.79200000000003,519.792
6314,166,7.74,1.548,150,179,1,150,138.546,288.546
20475,166,6.75,1.35,150,192,1,150,129.60000000000002,279.6
44708,166,7.53,1.5060000000000002,150,182,1,150,137.04600000000002,287.04600000000005
32137,166,9.39,1.8780000000000001,150,163,2,300,153.05700000000002,453.057
28887,166,8.38,1.6760000000000002,150,172,1,150,144.13600000000002,294.136
3189,165,10.15,2.0300000000000002,150,156,2,300,158.34000000000003,458.34000000000003
4351,165,15.5,3.1,150,126,2,300,195.3,495.3
43225,165,18.29,3.658,150,116,2,300,212.164,512.164
45294,165,7.53,1.5060000000000002,150,181,1,150,136.293,286.293
5223,165,6.15,1.2300000000000002,150,201,1,150,123.61500000000002,273.615
2826,165,29.59,5.918,150,91,2,300,269.269,569.269
463,165,24.63,4.926,150,100,2,300,246.3,546.3
18423,165,9.93,1.986,150,158,2,300,156.894,456.894
15401,164,5.84,1.168,150,205,1,150,119.72,269.72
3390,164,22.55,4.510000000000001,150,104,2,300,234.52000000000004,534.52
8273,164,17.05,3.41,150,120,2,300,204.60000000000002,504.6
17296,164,7.14,1.428,150,186,1,150,132.804,282.804
601,164,5.38,1.076,150,214,1,150,115.132,265.132
18758,164,6.62,1.324,150,193,1,150,127.766,277.766
11456,164,22.72,4.544,150,104,2,300,236.28799999999998,536.288
2686,164,26.8,5.36,150,96,2,300,257.28000000000003,557.28
2780,164,28.46,5.692,150,93,2,300,264.678,564.678
8464,164,10.66,2.132,150,152,2,300,162.032,462.03200000000004
4263,163,13.27,2.654,150,136,2,300,180.47199999999998,480.472
6375,163,3.76,0.752,150,255,1,150,95.88,245.88
5740,163,14.05,2.8100000000000005,150,132,2,300,185.46000000000004,485.46000000000004
16647,163,8.49,1.6980000000000002,150,170,1,150,144.33,294.33000000000004
892,163,24.99,4.998,150,99,2,300,247.401,547.4010000000001
870,163,17.64,3.5280000000000005,150,118,2,300,208.15200000000002,508.15200000000004
62,162,28.67,5.734000000000001,150,92,2,300,263.76400000000007,563.7640000000001
3598,162,10.21,2.0420000000000003,150,154,2,300,157.234,457.23400000000004
22362,162,6.45,1.29,150,194,1,150,125.13000000000001,275.13
22361,162,3.24,0.6480000000000001,150,274,1,150,88.77600000000002,238.776
17612,162,6.75,1.35,150,190,1,150,128.25,278.25
6659,162,5.95,1.1900000000000002,150,202,1,150,120.19000000000001,270.19
16129,162,25.33,5.066,150,98,2,300,248.23399999999998,548.2339999999999
3174,162,21.73,4.346,150,106,2,300,230.338,530.338
513,162,23.01,4.602,150,103,2,300,237.00300000000001,537.003
21685,162,9.39,1.8780000000000001,150,161,2,300,151.179,451.179
34430,162,15.06,3.0120000000000005,150,127,2,300,191.26200000000003,491.26200000000006
19458,162,5.33,1.066,150,214,1,150,114.06200000000001,264.062
6214,162,9.08,1.816,150,164,1,150,148.912,298.91200000000003
5147,162,9.44,1.888,150,160,2,300,151.04,451.03999999999996
23403,161,6.16,1.2320000000000002,150,198,1,150,121.96800000000002,271.968
23393,161,11.68,2.336,150,144,2,300,168.19199999999998,468.192
12685,161,8.38,1.6760000000000002,150,170,1,150,142.46,292.46000000000004
40055,161,10.52,2.104,150,152,2,300,159.904,459.904
13958,161,7.18,1.436,150,183,1,150,131.394,281.394
3363,161,9.69,1.938,150,158,2,300,153.102,453.102
3794,161,27.77,5.554,150,93,2,300,258.261,558.261
45266,161,6.53,1.306,150,192,1,150,125.376,275.376
6529,160,23.17,4.634,150,102,2,300,236.334,536.3340000000001
5655,160,8.79,1.758,150,165,1,150,145.035,295.03499999999997
8749,160,9.8,1.9600000000000002,150,156,2,300,152.88000000000002,452.88
5318,160,18.65,3.73,150,113,2,300,210.745,510.745
33039,160,10.32,2.064,150,152,2,300,156.864,456.86400000000003
23866,160,8.16,1.6320000000000001,150,171,1,150,139.536,289.536
28156,159,8.9,1.7800000000000002,150,164,1,150,145.96,295.96000000000004
25995,159,6.57,1.314,150,191,1,150,125.48700000000001,275.487
6126,159,18.11,3.622,150,115,2,300,208.265,508.265
18381,159,8.44,1.688,150,168,1,150,141.792,291.79200000000003
6193,159,13.23,2.6460000000000004,150,134,2,300,177.282,477.28200000000004
45063,159,4.79,0.9580000000000001,150,223,1,150,106.81700000000001,256.817
28238,158,5.95,1.1900000000000002,150,200,1,150,119.00000000000001,269.0
6782,158,9.65,1.9300000000000002,150,157,2,300,151.50500000000002,451.505
20729,158,5.99,1.1980000000000002,150,199,1,150,119.20100000000002,269.201
19283,158,6.89,1.3780000000000001,150,185,1,150,127.465,277.46500000000003
39971,158,25.33,5.066,150,97,2,300,245.701,545.701
16469,158,4.79,0.9580000000000001,150,222,1,150,106.33800000000001,256.338
450,158,19.52,3.904,150,110,2,300,214.72,514.72
15399,158,7.28,1.4560000000000002,150,180,1,150,131.04000000000002,281.04
17100,158,5.19,1.038,150,214,1,150,111.066,261.06600000000003
896,158,18.6,3.7200000000000006,150,113,2,300,210.18000000000004,510.18000000000006
15549,157,27.58,5.516,150,92,2,300,253.736,553.736
25689,157,6.03,1.2060000000000002,150,198,1,150,119.39400000000002,269.394
15291,157,3.35,0.67,150,265,1,150,88.775,238.775
31466,157,15.06,3.0120000000000005,150,125,2,300,188.25000000000003,488.25
2967,157,40.73,8.145999999999999,150,76,3,450,309.54799999999994,759.548
23360,157,6.16,1.2320000000000002,150,196,1,150,120.73600000000002,270.736
44081,157,10.96,2.192,150,147,2,300,161.11200000000002,461.112
23075,157,11.72,2.3440000000000003,150,142,2,300,166.42400000000004,466.42400000000004
7358,157,14.17,2.834,150,129,2,300,182.793,482.793
37435,157,20.91,4.182,150,106,2,300,221.64600000000002,521.646
15047,157,8.24,1.6480000000000001,150,169,1,150,139.256,289.256
45600,156,7.33,1.4660000000000002,150,179,1,150,131.20700000000002,281.207
13663,156,11.38,2.2760000000000002,150,143,2,300,162.734,462.73400000000004
39357,156,11.33,2.266,150,144,2,300,163.152,463.152
19381,156,6.57,1.314,150,189,1,150,124.173,274.173
43922,156,5.99,1.1980000000000002,150,198,1,150,118.60200000000002,268.60200000000003
18593,155,6.53,1.306,150,189,1,150,123.417,273.41700000000003
6648,155,5.15,1.03,150,212,1,150,109.18,259.18
7265,155,10.45,2.09,150,149,2,300,155.70499999999998,455.705
376,155,18.97,3.794,150,111,2,300,210.567,510.567
5667,155,7.4,1.4800000000000002,150,177,1,150,130.98000000000002,280.98
5192,155,13.56,2.712,150,131,2,300,177.63600000000002,477.636
46568,154,6.03,1.2060000000000002,150,196,1,150,118.18800000000002,268.188
12773,154,9.99,1.9980000000000002,150,152,2,300,151.848,451.848
31202,154,6.07,1.2140000000000002,150,195,1,150,118.36500000000002,268.365
2115,154,4.88,0.976,150,218,1,150,106.384,256.384
39716,154,5.4,1.08,150,207,1,150,111.78,261.78
33965,154,13.72,2.744,150,130,2,300,178.36,478.36
1168,154,14.28,2.856,150,127,2,300,181.356,481.356
45845,153,10.66,2.132,150,147,2,300,156.702,456.702
5361,153,0.79,0.15800000000000003,150,539,1,150,42.58100000000001,192.58100000000002
3532,153,20.58,4.116,150,106,2,300,218.14799999999997,518.1479999999999
42255,153,16.33,3.266,150,119,2,300,194.327,494.327
3472,153,11.1,2.22,150,144,2,300,159.84,459.84000000000003
14471,153,6.49,1.298,150,188,1,150,122.012,272.012
41965,153,9.73,1.9460000000000002,150,154,1,150,149.842,299.842
39652,153,3.89,0.778,150,243,1,150,94.527,244.527
22027,153,4.79,0.9580000000000001,150,219,1,150,104.90100000000001,254.901
27808,153,4.54,0.908,150,225,1,150,102.15,252.15
25992,153,7.43,1.486,150,176,1,150,130.768,280.76800000000003
4239,152,15.14,3.0280000000000005,150,123,2,300,186.22200000000004,486.22200000000004
8322,152,6.24,1.2480000000000002,150,191,1,150,119.18400000000003,269.184
446,152,10.34,2.068,150,148,2,300,153.032,453.03200000000004
1049,152,5.55,1.11,150,203,1,150,112.665,262.665
27515,152,8.96,1.7920000000000003,150,160,1,150,143.36,293.36
6585,151,5.15,1.03,150,210,1,150,108.15,258.15
2280,151,27.4,5.48,150,91,2,300,249.34000000000003,549.34
18881,151,6.53,1.306,150,186,1,150,121.458,271.45799999999997
8367,151,9.93,1.986,150,151,1,150,149.943,299.943
16159,151,6.89,1.3780000000000001,150,181,1,150,124.709,274.709
24587,151,4.51,0.902,150,224,1,150,101.024,251.024
5669,151,13.38,2.676,150,130,2,300,173.94,473.94
25622,151,5.33,1.066,150,206,1,150,109.798,259.798
39648,151,9.03,1.806,150,158,1,150,142.674,292.674
1336,151,19.42,3.8840000000000003,150,108,2,300,209.73600000000002,509.736
18304,151,5.82,1.1640000000000001,150,197,1,150,114.65400000000001,264.654
44828,151,8.6,1.72,150,162,1,150,139.32,289.32
8897,150,33.55,6.71,150,82,2,300,275.11,575.11
3758,150,14.59,2.918,150,124,2,300,180.916,480.916
46093,150,6.53,1.306,150,186,1,150,121.458,271.45799999999997
2518,149,36.49,7.298000000000001,150,78,2,300,284.622,584.6220000000001
25260,149,5.19,1.038,150,208,1,150,107.952,257.952
178,149,20.76,4.152,150,104,2,300,215.904,515.904
2034,149,21.32,4.264,150,102,2,300,217.464,517.4639999999999
38651,149,10.73,2.1460000000000004,150,144,2,300,154.51200000000003,454.51200000000006
23275,149,7.09,1.4180000000000001,150,178,1,150,126.20200000000001,276.202
1006,149,3.14,0.6280000000000001,150,267,1,150,83.83800000000002,233.83800000000002
9136,149,10.81,2.1620000000000004,150,144,2,300,155.66400000000002,455.664
20800,149,5.84,1.168,150,196,1,150,114.464,264.464
38541,148,11.99,2.398,150,136,2,300,163.06400000000002,463.064
2630,148,29.91,5.982,150,86,2,300,257.226,557.226
5378,148,20.15,4.03,150,105,2,300,211.57500000000002,511.57500000000005
2675,148,34.88,6.976000000000001,150,80,2,300,279.04,579.04
34825,148,9.73,1.9460000000000002,150,151,1,150,146.923,296.923
20395,148,6.49,1.298,150,185,1,150,120.065,270.065
26827,148,6.89,1.3780000000000001,150,180,1,150,124.02000000000001,274.02
6584,148,8.1,1.62,150,166,1,150,134.46,284.46000000000004
43362,148,68.93,13.786000000000001,150,57,3,450,392.90100000000007,842.9010000000001
2158,148,12.4,2.4800000000000004,150,134,2,300,166.16000000000003,466.16
20725,148,9.86,1.972,150,150,1,150,147.9,297.9
6950,147,23.52,4.704,150,97,2,300,228.14399999999998,528.144
31163,147,9.39,1.8780000000000001,150,153,1,150,143.667,293.66700000000003
3928,147,9.52,1.904,150,152,1,150,144.704,294.704
15837,147,5.26,1.052,150,205,1,150,107.83,257.83
2208,147,53.95,10.790000000000001,150,64,3,450,345.28000000000003,795.28
8351,147,8.26,1.6520000000000001,150,163,1,150,134.638,284.63800000000003
44138,147,8.44,1.688,150,162,1,150,136.728,286.728
35607,147,4.63,0.926,150,218,1,150,100.93400000000001,250.93400000000003
2986,147,51.96,10.392000000000001,150,65,3,450,337.74000000000007,787.74
4054,147,9.41,1.8820000000000001,150,153,1,150,143.973,293.973
17016,147,7.58,1.516,150,171,1,150,129.618,279.618
5194,147,9.62,1.924,150,151,1,150,145.262,295.262
5962,147,17.26,3.4520000000000004,150,113,2,300,195.038,495.038
37121,146,8.72,1.7440000000000002,150,158,1,150,137.776,287.776
10422,146,6.07,1.2140000000000002,150,190,1,150,115.33000000000001,265.33000000000004
16180,146,6.84,1.368,150,179,1,150,122.436,272.43600000000004
25484,146,11.99,2.398,150,135,2,300,161.865,461.865
15138,146,15.58,3.116,150,119,2,300,185.40200000000002,485.40200000000004
13097,146,5.99,1.1980000000000002,150,191,1,150,114.40900000000002,264.409
1744,146,17.05,3.41,150,113,2,300,192.66500000000002,492.665
10357,146,5.19,1.038,150,205,1,150,106.39500000000001,256.395
1330,146,38.27,7.654000000000001,150,76,2,300,290.85200000000003,590.8520000000001
11926,146,8.05,1.6100000000000003,150,165,1,150,132.82500000000002,282.82500000000005
8491,146,14.92,2.984,150,121,2,300,180.532,480.53200000000004
825,145,29.99,5.998,150,85,2,300,254.91500000000002,554.915
2534,145,35.99,7.198,150,78,2,300,280.72200000000004,580.722
11080,145,6.62,1.324,150,181,1,150,119.822,269.822
4702,145,16.66,3.3320000000000003,150,114,2,300,189.924,489.924
23464,145,7.23,1.4460000000000002,150,173,1,150,125.07900000000002,275.079
7353,144,12.02,2.404,150,134,2,300,161.06799999999998,461.068
23381,144,11.76,2.352,150,136,2,300,159.93599999999998,459.936
12534,144,6.89,1.3780000000000001,150,177,1,150,121.953,271.953
8658,144,24.28,4.856000000000001,150,94,2,300,228.23200000000003,528.232
8567,144,6.75,1.35,150,179,1,150,120.825,270.825
818,144,7.35,1.47,150,171,1,150,125.685,275.685
2841,143,25.73,5.146000000000001,150,91,2,300,234.14300000000003,534.143
16329,143,9.08,1.816,150,154,1,150,139.832,289.832
4228,143,14.7,2.94,150,121,2,300,177.87,477.87
7851,143,0.79,0.15800000000000003,150,521,1,150,41.159000000000006,191.159
11320,143,7.74,1.548,150,166,1,150,128.484,278.48400000000004
25984,143,5.88,1.176,150,191,1,150,112.30799999999999,262.308
5087,143,9.35,1.87,150,151,1,150,141.185,291.185
17194,143,8.27,1.654,150,161,1,150,133.147,283.147
2030,143,23.48,4.696000000000001,150,96,2,300,225.40800000000002,525.408
24029,143,10.34,2.068,150,144,1,150,148.89600000000002,298.896
743,143,36.5,7.300000000000001,150,77,2,300,281.05,581.05
21699,142,2.39,0.47800000000000004,150,299,1,150,71.461,221.461
4431,142,11.1,2.22,150,139,2,300,154.29000000000002,454.29
15007,142,13.79,2.758,150,124,2,300,170.996,470.996
1226,142,19.99,3.9979999999999998,150,103,2,300,205.897,505.897
23239,142,6.12,1.2240000000000002,150,187,1,150,114.44400000000002,264.444
37827,141,5.15,1.03,150,203,1,150,104.545,254.54500000000002
13451,141,8.05,1.6100000000000003,150,162,1,150,130.41000000000003,280.41
5705,141,15.99,3.1980000000000004,150,115,2,300,183.88500000000002,483.885
689,141,7.33,1.4660000000000002,150,170,1,150,124.61000000000001,274.61
31790,141,5.15,1.03,150,203,1,150,104.545,254.54500000000002
17330,141,8.96,1.7920000000000003,150,154,1,150,137.984,287.98400000000004
21287,141,15.43,3.0860000000000003,150,117,2,300,180.531,480.531
26428,141,9.14,1.8280000000000003,150,152,1,150,138.92800000000003,288.928
5359,141,14.28,2.856,150,122,2,300,174.21599999999998,474.216
19895,141,6.45,1.29,150,181,1,150,116.745,266.745
13836,141,10.73,2.1460000000000004,150,140,2,300,150.22000000000003,450.22
8446,141,4.64,0.9279999999999999,150,213,1,150,98.832,248.832
17814,141,23.64,4.728000000000001,150,95,2,300,224.58000000000004,524.58
106,141,3.4,0.68,150,249,1,150,84.66000000000001,234.66000000000003
46199,141,5.15,1.03,150,203,1,150,104.545,254.54500000000002
3412,141,9.28,1.8559999999999999,150,151,1,150,140.128,290.128
36200,140,8.21,1.6420000000000003,150,160,1,150,131.36,281.36
4363,140,23.73,4.746,150,94,2,300,223.062,523.062
2083,140,31.49,6.298,150,82,2,300,258.218,558.2180000000001
23840,140,11.68,2.336,150,134,2,300,156.512,456.512
14704,140,3.94,0.788,150,231,1,150,91.01400000000001,241.014
976,140,7.47,1.494,150,168,1,150,125.496,275.496
24310,140,6.53,1.306,150,179,1,150,116.887,266.887
41759,140,5.44,1.088,150,196,1,150,106.62400000000001,256.624
6241,140,4.05,0.81,150,228,1,150,92.34,242.34
13979,140,22.87,4.574000000000001,150,96,2,300,219.55200000000002,519.552
5836,139,19.08,3.816,150,105,2,300,200.34,500.34000000000003
46785,139,5.86,1.1720000000000002,150,189,1,150,110.75400000000002,260.754
14280,139,4.96,0.992,150,205,1,150,101.67999999999999,251.68
6015,139,16.42,3.2840000000000007,150,113,2,300,185.54600000000005,485.54600000000005
46621,139,15.48,3.096,150,116,2,300,179.568,479.568
12140,139,5.91,1.1820000000000002,150,188,1,150,111.10800000000002,261.108
21321,139,4.07,0.8140000000000001,150,226,1,150,91.982,241.982
33038,139,10.8,2.16,150,139,1,150,150.12,300.12
4686,139,42.96,8.592,150,70,2,300,300.72,600.72
860,139,8.79,1.758,150,154,1,150,135.366,285.366
23161,139,13.69,2.738,150,123,2,300,168.387,468.387
5346,138,36.22,7.244,150,76,2,300,275.272,575.2719999999999
2893,138,39.67,7.934000000000001,150,72,2,300,285.624,585.624
4150,138,8.63,1.7260000000000002,150,155,1,150,133.76500000000001,283.765
1112,138,34.91,6.981999999999999,150,77,2,300,268.80699999999996,568.807
33819,138,10.8,2.16,150,138,1,150,149.04000000000002,299.04
5507,138,4.54,0.908,150,214,1,150,97.156,247.156
12109,138,12.33,2.466,150,130,2,300,160.29000000000002,460.29
982,137,5.46,1.092,150,194,1,150,105.924,255.924
16484,137,10.52,2.104,150,140,1,150,147.28,297.28
3457,137,22.38,4.476,150,96,2,300,214.848,514.848
33953,137,7.99,1.598,150,160,1,150,127.84,277.84000000000003
5697,137,15.14,3.0280000000000005,150,117,2,300,177.13800000000003,477.13800000000003
5149,137,23.19,4.638000000000001,150,94,2,300,217.98600000000005,517.9860000000001
15729,137,1.66,0.332,150,352,1,150,58.432,208.43200000000002
1340,137,14.05,2.8100000000000005,150,121,2,300,170.00500000000002,470.005
2595,137,12.3,2.4600000000000004,150,129,2,300,158.67000000000002,458.67
46217,137,4.72,0.944,150,209,1,150,98.648,248.648
28690,136,6.66,1.332,150,175,1,150,116.55000000000001,266.55
23397,136,8.05,1.6100000000000003,150,159,1,150,127.99500000000002,277.995
2412,136,15.38,3.0760000000000005,150,115,2,300,176.87000000000003,476.87
21595,136,3.54,0.7080000000000001,150,240,1,150,84.96000000000001,234.96
1728,136,41.35,8.270000000000001,150,70,2,300,289.45000000000005,589.45
31384,136,17.44,3.4880000000000004,150,108,2,300,188.35200000000003,488.35200000000003
45921,136,5.13,1.026,150,199,1,150,102.087,252.087
6145,136,5.19,1.038,150,198,1,150,102.762,252.762
272,135,7.4,1.4800000000000002,150,165,1,150,122.10000000000002,272.1
2045,135,30.39,6.078,150,82,2,300,249.198,549.198
29352,135,11.91,2.382,150,130,2,300,154.83,454.83000000000004
24020,135,7.38,1.476,150,166,1,150,122.508,272.508
31070,135,12.98,2.596,150,125,2,300,162.25,462.25
6721,135,10.95,2.19,150,136,1,150,148.92,298.91999999999996
18747,135,6.84,1.368,150,172,1,150,117.64800000000001,267.648
428,134,6.83,1.366,150,172,1,150,117.47600000000001,267.476
15232,134,29.99,5.998,150,82,2,300,245.918,545.918
6402,134,29.62,5.924,150,82,2,300,242.88400000000001,542.884
24294,134,12.98,2.596,150,124,2,300,160.952,460.952
5831,134,5.34,1.068,150,194,1,150,103.596,253.596
13837,134,5.73,1.1460000000000001,150,187,1,150,107.15100000000001,257.151
4724,134,16.79,3.358,150,109,2,300,183.011,483.01099999999997
1158,134,5.34,1.068,150,194,1,150,103.596,253.596
44915,134,6.45,1.29,150,177,1,150,114.165,264.165
47090,134,15.58,3.116,150,114,2,300,177.612,477.61199999999997
15334,134,6.07,1.2140000000000002,150,182,1,150,110.47400000000002,260.47400000000005
2838,133,35.43,7.086,150,75,2,300,265.725,565.725
27503,133,7.09,1.4180000000000001,150,168,1,150,119.11200000000001,269.112
44986,133,11.1,2.22,150,134,1,150,148.74,298.74
24882,133,1.94,0.388,150,321,1,150,62.274,212.274
41030,133,11.03,2.206,150,134,1,150,147.802,297.802
8398,133,33.33,6.666,150,77,2,300,256.641,556.6410000000001
14852,133,8.16,1.6320000000000001,150,156,1,150,127.296,277.296
5106,133,9.52,1.904,150,145,1,150,138.04,288.03999999999996
45525,132,5.91,1.1820000000000002,150,183,1,150,108.15300000000002,258.153
24595,132,5.86,1.1720000000000002,150,184,1,150,107.82400000000001,257.824
16352,132,11.48,2.2960000000000003,150,131,2,300,150.388,450.38800000000003
10581,132,6.62,1.324,150,173,1,150,114.52600000000001,264.526
36100,132,20.54,4.108,150,98,2,300,201.29199999999997,501.292
6378,132,6.62,1.324,150,173,1,150,114.52600000000001,264.526
7269,132,5.44,1.088,150,191,1,150,103.90400000000001,253.904
42751,132,2.45,0.49000000000000005,150,284,1,150,69.58000000000001,219.58
39983,132,7.89,1.578,150,158,1,150,124.662,274.66200000000003
15332,131,8.55,1.7100000000000002,150,152,1,150,129.96,279.96000000000004
159,131,27.99,5.598,150,84,2,300,235.11599999999999,535.116
4696,131,13.17,2.6340000000000003,150,122,2,300,160.67400000000004,460.67400000000004
45823,131,6.66,1.332,150,172,1,150,114.552,264.552
7320,131,13.17,2.6340000000000003,150,122,2,300,160.67400000000004,460.67400000000004
63,131,30.46,6.0920000000000005,150,80,2,300,243.68,543.6800000000001
23168,131,9.93,1.986,150,141,1,150,140.013,290.01300000000003
14383,131,10.32,2.064,150,138,1,150,142.416,292.416
14811,131,7.53,1.5060000000000002,150,162,1,150,121.98600000000002,271.986
5277,131,6.05,1.21,150,180,1,150,108.89999999999999,258.9
6658,131,11.03,2.206,150,133,1,150,146.69899999999998,296.69899999999996
24357,131,12.24,2.4480000000000004,150,127,2,300,155.44800000000004,455.44800000000004
3705,130,0.72,0.144,150,520,1,150,37.44,187.44
43618,130,7.84,1.568,150,158,1,150,123.872,273.872
381,130,14.5,2.9000000000000004,150,116,2,300,168.20000000000002,468.20000000000005
1386,130,14.59,2.918,150,116,2,300,169.244,469.244
1099,130,33.33,6.666,150,76,2,300,253.30800000000002,553.308
21576,129,11.91,2.382,150,127,2,300,151.257,451.257
14710,129,10.38,2.076,150,137,1,150,142.20600000000002,292.206
27567,129,7.23,1.4460000000000002,150,164,1,150,118.57200000000002,268.572
27807,129,3.37,0.674,150,240,1,150,80.88000000000001,230.88
17837,129,6.89,1.3780000000000001,150,168,1,150,115.75200000000001,265.752
5627,129,13.38,2.676,150,120,2,300,160.56,460.56
37049,129,13.6,2.72,150,119,2,300,161.84,461.84000000000003
3168,129,18.97,3.794,150,101,2,300,191.597,491.597
15466,129,6.03,1.2060000000000002,150,179,1,150,107.93700000000001,257.937
27802,129,16.33,3.266,150,109,2,300,177.997,477.997
5683,128,0.39,0.07800000000000001,150,702,1,150,27.378000000000004,177.37800000000001
13505,128,5.8,1.16,150,182,1,150,105.55999999999999,255.56
33446,128,4.06,0.8119999999999999,150,217,1,150,88.10199999999999,238.10199999999998
981,128,2.89,0.5780000000000001,150,258,1,150,74.56200000000001,224.562
24291,128,11.99,2.398,150,127,2,300,152.273,452.273
26818,128,10.45,2.09,150,136,1,150,142.12,292.12
2654,128,22.47,4.494,150,92,2,300,206.724,506.724
22675,128,5.33,1.066,150,190,1,150,101.27000000000001,251.27
25141,128,10.27,2.054,150,137,1,150,140.69899999999998,290.69899999999996
11441,127,10.96,2.192,150,132,1,150,144.67200000000003,294.672
2619,127,51.58,10.316,150,61,3,450,314.63800000000003,764.638
34850,127,8.6,1.72,150,149,1,150,128.14,278.14
40483,127,10.2,2.04,150,137,1,150,139.74,289.74
3497,127,73.07,14.613999999999999,150,51,3,450,372.657,822.6569999999999
1746,127,19.99,3.9979999999999998,150,98,2,300,195.902,495.902
1835,127,19.7,3.94,150,98,2,300,193.06,493.06
25690,127,11.68,2.336,150,128,1,150,149.504,299.504
22413,127,2.49,0.49800000000000005,150,277,1,150,68.97300000000001,218.973
211,126,19.83,3.9659999999999997,150,98,2,300,194.33399999999997,494.33399999999995
46429,126,5.8,1.16,150,181,1,150,104.97999999999999,254.98
15482,126,5.96,1.192,150,178,1,150,106.088,256.08799999999997
12450,126,5.22,1.044,150,190,1,150,99.18,249.18
12951,126,6.7,1.34,150,168,1,150,112.56,262.56
43685,126,9.58,1.9160000000000001,150,140,1,150,134.12,284.12
8242,126,7.99,1.598,150,154,1,150,123.046,273.046
33573,126,9.93,1.986,150,138,1,150,137.034,287.034
19035,126,7.18,1.436,150,162,1,150,116.316,266.31600000000003
644,126,20.76,4.152,150,95,2,300,197.22,497.22
39062,125,12.41,2.482,150,123,2,300,152.643,452.64300000000003
29691,125,7.94,1.588,150,154,1,150,122.27600000000001,272.276
3597,125,6.51,1.302,150,170,1,150,110.67,260.67
24299,125,5.88,1.176,150,179,1,150,105.252,255.252
19419,125,6.62,1.324,150,168,1,150,111.21600000000001,261.216
36991,125,7.18,1.436,150,162,1,150,116.316,266.31600000000003
3648,124,6.05,1.21,150,175,1,150,105.875,255.875
22593,124,7.58,1.516,150,157,1,150,119.006,269.006
60,124,7.4,1.4800000000000002,150,159,1,150,117.66000000000001,267.66
22289,124,8.84,1.768,150,145,1,150,128.18,278.18
34060,124,9.08,1.816,150,143,1,150,129.844,279.844
19199,124,11.56,2.3120000000000003,150,127,1,150,146.812,296.812
6495,124,11.02,2.204,150,130,1,150,143.26000000000002,293.26
4639,124,58.82,11.764000000000001,150,56,3,450,329.39200000000005,779.392
23438,124,8.55,1.7100000000000002,150,147,1,150,125.68500000000002,275.685
18813,124,7.89,1.578,150,154,1,150,121.506,271.506
3294,124,12.31,2.462,150,123,2,300,151.413,451.413
10702,123,8.05,1.6100000000000003,150,151,1,150,121.55500000000002,271.555
20509,123,7.43,1.486,150,158,1,150,117.394,267.394
8295,123,31.0,6.2,150,77,2,300,238.70000000000002,538.7
13397,123,13.69,2.738,150,116,2,300,158.804,458.804
27146,123,6.57,1.314,150,168,1,150,110.376,260.376
21267,123,10.66,2.132,150,132,1,150,140.71200000000002,290.712
3785,123,6.98,1.3960000000000001,150,163,1,150,113.77400000000002,263.774
4302,123,11.15,2.23,150,129,1,150,143.835,293.83500000000004
8420,123,31.0,6.2,150,77,2,300,238.70000000000002,538.7
33960,122,9.8,1.9600000000000002,150,137,1,150,134.26000000000002,284.26
42735,122,8.1,1.62,150,150,1,150,121.50000000000001,271.5
13709,122,6.75,1.35,150,165,1,150,111.37500000000001,261.375
3288,122,16.66,3.3320000000000003,150,105,2,300,174.93,474.93
21251,122,11.72,2.3440000000000003,150,125,1,150,146.50000000000003,296.5
2582,121,11.8,2.3600000000000003,150,124,1,150,146.32000000000002,296.32000000000005
13981,121,5.26,1.052,150,186,1,150,97.836,247.836
20483,121,11.91,2.382,150,123,1,150,146.493,296.493
934,121,26.08,5.216,150,83,2,300,216.464,516.4639999999999
2862,121,27.68,5.5360000000000005,150,81,2,300,224.20800000000003,524.2080000000001
19340,121,8.38,1.6760000000000002,150,147,1,150,123.186,273.18600000000004
2661,121,47.99,9.598,150,61,2,300,292.73900000000003,592.739
3286,121,36.08,7.216,150,71,2,300,256.168,556.168
758,121,28.77,5.7540000000000004,150,79,2,300,227.28300000000002,527.283
25531,121,15.68,3.136,150,108,2,300,169.344,469.344
25985,121,6.66,1.332,150,165,1,150,109.89,259.89
16458,120,8.55,1.7100000000000002,150,145,1,150,123.97500000000001,273.975
2054,120,34.64,6.928000000000001,150,72,2,300,249.40800000000002,549.408
37765,120,6.12,1.2240000000000002,150,171,1,150,104.65200000000002,254.65200000000002
8075,120,6.75,1.35,150,163,1,150,110.025,260.025
38263,120,6.16,1.2320000000000002,150,171,1,150,105.33600000000001,255.336
2992,120,35.96,7.192,150,71,2,300,255.316,555.316
34635,120,5.29,1.058,150,184,1,150,97.336,247.336
18507,120,44.51,8.902,150,64,2,300,284.864,584.864
4521,120,16.66,3.3320000000000003,150,104,2,300,173.264,473.264
41157,120,10.73,2.1460000000000004,150,130,1,150,139.49,289.49
19174,120,7.38,1.476,150,156,1,150,115.128,265.128
3125,120,7.03,1.4060000000000001,150,160,1,150,112.48000000000002,262.48
45330,119,4.63,0.926,150,196,1,150,90.748,240.748
14620,119,4.76,0.952,150,194,1,150,92.344,242.344
2954,119,35.87,7.1739999999999995,150,71,2,300,254.677,554.677
23379,119,7.99,1.598,150,149,1,150,119.051,269.051
5276,119,4.61,0.9220000000000002,150,197,1,150,90.81700000000002,240.817
23851,119,6.81,1.362,150,162,1,150,110.322,260.322
46096,119,6.8,1.36,150,162,1,150,110.16000000000001,260.16
21181,119,19.72,3.944,150,95,2,300,187.34,487.34000000000003
17459,119,6.07,1.2140000000000002,150,171,1,150,103.79700000000001,253.79700000000003
6461,119,11.41,2.282,150,125,1,150,142.625,292.625
13994,119,5.8,1.16,150,175,1,150,101.5,251.5
2101,119,4.37,0.8740000000000001,150,202,1,150,88.27400000000002,238.274
9115,119,10.35,2.07,150,131,1,150,135.58499999999998,285.585
46788,119,5.62,1.124,150,178,1,150,100.03600000000002,250.036
21834,118,10.52,2.104,150,130,1,150,136.76000000000002,286.76
5417,118,5.83,1.1660000000000001,150,174,1,150,101.44200000000001,251.442
31910,118,6.75,1.35,150,162,1,150,109.35000000000001,259.35
8275,118,20.71,4.142,150,92,2,300,190.532,490.53200000000004
25703,118,7.58,1.516,150,153,1,150,115.974,265.974
22222,117,7.28,1.4560000000000002,150,155,1,150,112.84000000000002,262.84000000000003
23389,117,7.53,1.5060000000000002,150,153,1,150,115.20900000000002,265.209
3153,117,13.23,2.6460000000000004,150,115,2,300,152.145,452.145
31796,117,7.28,1.4560000000000002,150,155,1,150,112.84000000000002,262.84000000000003
31501,117,7.53,1.5060000000000002,150,153,1,150,115.20900000000002,265.209
12946,117,6.57,1.314,150,163,1,150,107.09100000000001,257.091
29621,117,8.21,1.6420000000000003,150,146,1,150,119.86600000000003,269.86600000000004
44107,117,10.52,2.104,150,129,1,150,135.708,285.70799999999997
24858,116,10.13,2.0260000000000002,150,131,1,150,132.703,282.703
8393,116,34.81,6.962000000000001,150,71,2,300,247.151,547.1510000000001
5169,116,12.2,2.44,150,119,1,150,145.18,295.18
29081,116,5.44,1.088,150,179,1,150,97.376,247.376
36511,116,7.94,1.588,150,148,1,150,117.512,267.512
6987,116,6.7,1.34,150,161,1,150,107.87,257.87
17341,116,3.86,0.772,150,212,1,150,81.83200000000001,231.832
970,116,12.11,2.422,150,120,1,150,145.32000000000002,295.32000000000005
3230,116,7.08,1.4160000000000001,150,157,1,150,111.156,261.156
41927,116,9.14,1.8280000000000003,150,138,1,150,126.13200000000002,276.132
28919,116,6.89,1.3780000000000001,150,159,1,150,109.55100000000002,259.55100000000004
4818,116,7.51,1.502,150,152,1,150,114.152,264.152
47009,116,8.44,1.688,150,144,1,150,121.536,271.536
32508,116,10.95,2.19,150,126,1,150,137.97,287.97
32650,116,5.99,1.1980000000000002,150,170,1,150,101.83000000000001,251.83
18817,116,8.6,1.72,150,142,1,150,122.12,272.12
21098,116,9.33,1.866,150,137,1,150,127.82100000000001,277.821
17937,116,6.84,1.368,150,159,1,150,108.75600000000001,258.75600000000003
35941,116,5.51,1.102,150,178,1,150,98.078,248.078
12416,116,5.26,1.052,150,182,1,150,95.732,245.732
23796,115,8.84,1.768,150,140,1,150,123.76,273.76
29646,115,7.14,1.428,150,155,1,150,110.67,260.67
2886,115,49.2,9.840000000000002,150,59,2,300,290.28000000000003,590.28
19320,115,10.32,2.064,150,129,1,150,133.12800000000001,283.12800000000004
18972,115,7.09,1.4180000000000001,150,156,1,150,110.60400000000001,260.60400000000004
4091,115,21.7,4.34,150,89,2,300,193.13,493.13
1896,115,68.83,13.766,150,50,3,450,344.15,794.15
46489,115,7.48,1.4960000000000002,150,152,1,150,113.69600000000001,263.696
31083,115,18.66,3.732,150,96,2,300,179.13600000000002,479.136
23820,114,16.12,3.224,150,103,2,300,166.036,466.036
4250,114,27.77,5.554,150,78,2,300,216.60600000000002,516.606
24971,114,7.18,1.436,150,154,1,150,110.572,260.572
8962,114,13.84,2.7680000000000002,150,111,2,300,153.62400000000002,453.624
46298,114,8.16,1.6320000000000001,150,145,1,150,118.32000000000001,268.32
22914,114,19.86,3.972,150,93,2,300,184.698,484.698
33672,114,7.18,1.436,150,154,1,150,110.572,260.572
9191,114,0.73,0.146,150,484,1,150,35.332,185.332
3677,114,8.59,1.718,150,141,1,150,121.119,271.119
878,114,7.46,1.492,150,151,1,150,112.646,262.646
3376,114,31.99,6.398,150,73,2,300,233.527,533.527
42350,113,10.73,2.1460000000000004,150,126,1,150,135.19800000000004,285.19800000000004
32065,113,4.76,0.952,150,189,1,150,89.964,239.964
39358,113,11.03,2.206,150,124,1,150,136.772,286.772
20184,113,3.78,0.756,150,212,1,150,80.136,230.136
6942,113,7.46,1.492,150,151,1,150,112.646,262.646
18884,113,9.67,1.9340000000000002,150,132,1,150,127.644,277.644
20422,113,18.06,3.612,150,97,2,300,175.18200000000002,475.182
24874,113,7.94,1.588,150,146,1,150,115.924,265.924
15915,113,2.97,0.5940000000000001,150,239,1,150,70.983,220.983
2241,113,20.46,4.0920000000000005,150,91,2,300,186.18600000000004,486.18600000000004
4624,113,15.14,3.0280000000000005,150,106,2,300,160.48400000000004,460.48400000000004
13147,113,13.01,2.6020000000000003,150,114,1,150,148.31400000000002,298.314
19039,113,6.45,1.29,150,162,1,150,104.49000000000001,254.49
2440,113,13.17,2.6340000000000003,150,113,1,150,148.82100000000003,298.821
16261,113,8.72,1.7440000000000002,150,139,1,150,121.20800000000001,271.208
20030,112,5.19,1.038,150,180,1,150,93.42,243.42000000000002
4141,112,0.71,0.142,150,486,1,150,34.506,184.506
23241,112,5.8,1.16,150,170,1,150,98.6,248.6
23401,112,10.8,2.16,150,125,1,150,135.0,285.0
40561,112,7.48,1.4960000000000002,150,150,1,150,112.20000000000002,262.20000000000005
32074,112,8.6,1.72,150,140,1,150,120.39999999999999,270.4
23797,112,8.84,1.768,150,138,1,150,121.992,271.992
3121,112,6.93,1.3860000000000001,150,156,1,150,108.108,258.108
13766,112,8.21,1.6420000000000003,150,143,1,150,117.40300000000002,267.403
2245,112,26.66,5.332000000000001,150,79,2,300,210.61400000000003,510.61400000000003
23649,112,7.89,1.578,150,146,1,150,115.194,265.194
37527,111,7.18,1.436,150,152,1,150,109.136,259.13599999999997
21353,111,4.59,0.918,150,190,1,150,87.21000000000001,237.21
13711,111,5.15,1.03,150,180,1,150,92.7,242.7
2822,111,23.25,4.65,150,85,2,300,197.62500000000003,497.625
44921,111,9.45,1.89,150,133,1,150,125.68499999999999,275.685
855,111,8.65,1.7300000000000002,150,139,1,150,120.23500000000001,270.235
7788,111,7.96,1.592,150,145,1,150,115.42,265.42
23400,111,7.14,1.428,150,153,1,150,109.24199999999999,259.24199999999996
895,111,18.17,3.6340000000000003,150,96,2,300,174.43200000000002,474.432
21836,111,15.03,3.0060000000000002,150,105,2,300,157.815,457.815
7828,111,6.39,1.278,150,161,1,150,102.879,252.87900000000002
34763,111,7.79,1.558,150,146,1,150,113.73400000000001,263.73400000000004
45526,111,5.95,1.1900000000000002,150,167,1,150,99.36500000000001,249.365
23067,110,13.81,2.7620000000000005,150,109,2,300,150.52900000000002,450.529
39282,110,6.84,1.368,150,155,1,150,106.02000000000001,256.02
27581,110,9.99,1.9980000000000002,150,129,1,150,128.871,278.871
10452,110,6.07,1.2140000000000002,150,165,1,150,100.15500000000002,250.15500000000003
2694,110,37.31,7.462000000000001,150,67,2,300,249.97700000000003,549.9770000000001
1022,110,10.6,2.12,150,125,1,150,132.5,282.5
21861,110,6.62,1.324,150,158,1,150,104.596,254.596
9028,110,11.59,2.318,150,119,1,150,137.921,287.921
13745,110,6.57,1.314,150,158,1,150,103.80600000000001,253.806
22297,110,6.75,1.35,150,156,1,150,105.30000000000001,255.3
26943,110,33.11,6.622,150,71,2,300,235.081,535.081
37785,109,8.21,1.6420000000000003,150,141,1,150,115.76100000000002,265.761
43489,109,8.05,1.6100000000000003,150,143,1,150,115.11500000000002,265.115
3870,109,28.02,5.604,150,76,2,300,212.952,512.952
3404,109,13.33,2.6660000000000004,150,111,1,150,147.96300000000002,297.963
7898,109,7.57,1.5140000000000002,150,147,1,150,111.27900000000001,261.279
22416,109,10.45,2.09,150,125,1,150,130.625,280.625
2549,109,29.49,5.898,150,74,2,300,218.226,518.226
35048,109,7.94,1.588,150,143,1,150,113.542,263.54200000000003
4447,109,20.63,4.126,150,89,2,300,183.60700000000003,483.607
2769,109,38.4,7.68,150,65,2,300,249.6,549.6
15092,109,16.44,3.2880000000000003,150,100,2,300,164.4,464.4
1186,109,17.98,3.596,150,95,2,300,170.81,470.81
24489,108,12.49,2.498,150,114,1,150,142.38600000000002,292.386
3138,108,9.29,1.8579999999999999,150,132,1,150,122.62799999999999,272.628
45601,108,11.03,2.206,150,121,1,150,133.463,283.46299999999997
2787,108,33.08,6.616,150,70,2,300,231.56,531.56
2902,108,37.0,7.4,150,66,2,300,244.20000000000002,544.2
17187,108,11.03,2.206,150,121,1,150,133.463,283.46299999999997
1133,108,23.01,4.602,150,84,2,300,193.28400000000002,493.284
21552,108,12.9,2.58,150,112,1,150,144.48000000000002,294.48
4760,108,13.17,2.6340000000000003,150,111,1,150,146.187,296.187
27331,107,7.89,1.578,150,143,1,150,112.827,262.827
20204,107,7.58,1.516,150,146,1,150,110.668,260.668
8152,107,7.24,1.4480000000000002,150,149,1,150,107.87600000000002,257.87600000000003
22842,107,7.28,1.4560000000000002,150,148,1,150,107.74400000000001,257.744
36153,107,9.58,1.9160000000000001,150,129,1,150,123.58200000000001,273.582
19557,107,9.39,1.8780000000000001,150,131,1,150,123.00900000000001,273.009
24778,107,14.66,2.9320000000000004,150,105,2,300,153.93,453.93
16427,107,6.66,1.332,150,155,1,150,103.23,253.23000000000002
6563,107,4.54,0.908,150,188,1,150,85.352,235.352
36383,107,9.39,1.8780000000000001,150,131,1,150,123.00900000000001,273.009
3764,106,20.76,4.152,150,88,2,300,182.68800000000002,482.688
44911,106,10.52,2.104,150,123,1,150,129.39600000000002,279.396
1870,106,59.69,11.938,150,52,3,450,310.38800000000003,760.388
20405,106,10.96,2.192,150,120,1,150,131.52,281.52
5771,106,22.38,4.476,150,84,2,300,187.992,487.99199999999996
6687,106,10.06,2.012,150,126,1,150,126.756,276.756
19668,106,6.53,1.306,150,156,1,150,101.86800000000001,251.868
29650,106,6.12,1.2240000000000002,150,161,1,150,98.53200000000001,248.532
3797,106,12.77,2.5540000000000003,150,112,1,150,143.024,293.024
38011,106,6.45,1.29,150,157,1,150,101.265,251.265
2202,105,23.07,4.614,150,83,2,300,191.481,491.481
686,105,14.95,2.99,150,103,2,300,153.985,453.985
34907,105,6.66,1.332,150,154,1,150,102.56400000000001,252.56400000000002
42053,105,22.6,4.5200000000000005,150,83,2,300,187.58,487.58000000000004
2339,105,15.82,3.164,150,100,2,300,158.20000000000002,458.20000000000005
41899,105,8.21,1.6420000000000003,150,139,1,150,114.11900000000003,264.119
1836,105,21.73,4.346,150,85,2,300,184.705,484.70500000000004
18768,105,8.49,1.6980000000000002,150,136,1,150,115.46400000000001,265.464
37217,105,8.66,1.7320000000000002,150,135,1,150,116.91000000000001,266.91
8149,105,11.25,2.25,150,118,1,150,132.75,282.75
11745,104,6.12,1.2240000000000002,150,160,1,150,97.92000000000002,247.92000000000002
19215,104,18.79,3.758,150,91,2,300,170.989,470.98900000000003
36138,104,7.38,1.476,150,145,1,150,107.01,257.01
17167,104,6.82,1.364,150,151,1,150,102.98200000000001,252.98200000000003
8664,104,14.59,2.918,150,103,2,300,150.27700000000002,450.27700000000004
16315,104,9.45,1.89,150,128,1,150,120.96,270.96
25966,104,23.8,4.760000000000001,150,81,2,300,192.78000000000003,492.78000000000003
17202,104,6.12,1.2240000000000002,150,160,1,150,97.92000000000002,247.92000000000002
25918,104,5.88,1.176,150,163,1,150,95.844,245.844
21076,104,6.07,1.2140000000000002,150,160,1,150,97.12000000000002,247.12
5014,104,3.96,0.792,150,198,1,150,78.408,228.40800000000002
3176,103,20.89,4.178,150,86,2,300,179.654,479.654
3518,103,15.74,3.148,150,99,2,300,155.826,455.826
4320,103,36.02,7.204000000000001,150,65,2,300,234.13000000000002,534.13
25704,103,7.53,1.5060000000000002,150,143,1,150,107.67900000000002,257.67900000000003
8741,103,16.33,3.266,150,97,2,300,158.401,458.401
1065,103,10.07,2.0140000000000002,150,124,1,150,124.86800000000001,274.868
44761,103,3.68,0.7360000000000001,150,205,1,150,75.44000000000001,225.44
6358,103,8.55,1.7100000000000002,150,134,1,150,114.57000000000001,264.57
2767,103,139.7,27.939999999999998,150,33,4,600,461.01,1061.01
38822,103,6.84,1.368,150,150,1,150,102.60000000000001,252.60000000000002
16540,103,13.63,2.7260000000000004,150,106,1,150,144.478,294.478
26551,103,14.19,2.838,150,104,1,150,147.576,297.576
17458,103,6.03,1.2060000000000002,150,160,1,150,96.48000000000002,246.48000000000002
3107,102,47.47,9.494,150,57,2,300,270.579,570.579
43379,102,9.58,1.9160000000000001,150,126,1,150,120.70800000000001,270.708
8395,102,37.31,7.462000000000001,150,64,2,300,238.78400000000002,538.784
15146,102,12.92,2.584,150,109,1,150,140.828,290.828
4628,102,79.99,15.998,150,44,3,450,351.95599999999996,801.9559999999999
18865,102,23.22,4.644,150,81,2,300,188.082,488.082
2609,102,18.11,3.622,150,92,2,300,166.612,466.61199999999997
44217,102,10.95,2.19,150,118,1,150,129.21,279.21000000000004
3377,102,18.25,3.6500000000000004,150,92,2,300,167.9,467.9
33684,102,10.32,2.064,150,122,1,150,125.904,275.904
598,102,17.82,3.564,150,93,2,300,165.726,465.726
5371,102,0.79,0.15800000000000003,150,440,1,150,34.760000000000005,184.76
41412,101,8.21,1.6420000000000003,150,136,1,150,111.65600000000002,261.656
24558,101,7.43,1.486,150,143,1,150,106.249,256.249
25915,101,4.39,0.878,150,186,1,150,81.654,231.654
17471,101,7.14,1.428,150,146,1,150,104.244,254.244
18778,101,6.62,1.324,150,151,1,150,99.962,249.962
25375,101,6.66,1.332,150,151,1,150,100.566,250.566
14415,101,5.4,1.08,150,167,1,150,90.18,240.18
27528,101,7.33,1.4660000000000002,150,144,1,150,105.55200000000002,255.55200000000002
13731,101,11.61,2.322,150,114,1,150,132.354,282.35400000000004
1890,101,41.66,8.331999999999999,150,60,2,300,249.95999999999998,549.96
17209,101,11.03,2.206,150,117,1,150,129.051,279.051
41990,100,35.48,7.096,150,65,2,300,230.62,530.62
25581,100,6.07,1.2140000000000002,150,157,1,150,95.29900000000002,245.29900000000004
2740,100,65.41,13.082,150,48,3,450,313.968,763.9680000000001
22938,100,12.74,2.548,150,109,1,150,138.866,288.866
1781,100,37.59,7.518000000000001,150,63,2,300,236.817,536.817
2590,100,28.98,5.796,150,72,2,300,208.656,508.656
39491,99,8.1,1.62,150,135,1,150,109.35000000000001,259.35
4317,99,23.73,4.746,150,79,2,300,187.467,487.467
5560,99,12.79,2.558,150,108,1,150,138.132,288.132
5702,99,21.89,4.378,150,82,2,300,179.498,479.498
21627,99,10.27,2.054,150,120,1,150,123.24,273.24
7902,99,0.72,0.144,150,454,1,150,32.687999999999995,182.688
25187,99,7.53,1.5060000000000002,150,140,1,150,105.42000000000002,255.42000000000002
22475,99,8.21,1.6420000000000003,150,134,1,150,110.01400000000002,260.014
44292,99,8.38,1.6760000000000002,150,133,1,150,111.45400000000001,261.454
3365,99,18.65,3.73,150,89,2,300,165.98499999999999,465.985
22531,99,6.16,1.2320000000000002,150,155,1,150,95.48000000000002,245.48000000000002
41912,98,8.21,1.6420000000000003,150,134,1,150,110.01400000000002,260.014
162,98,18.39,3.6780000000000004,150,89,2,300,163.67100000000002,463.67100000000005
16460,98,8.16,1.6320000000000001,150,134,1,150,109.34400000000001,259.344
3918,98,33.07,6.614000000000001,150,67,2,300,221.56900000000002,521.569
33213,98,3.5,0.7000000000000001,150,205,1,150,71.75,221.75
8443,98,14.7,2.94,150,100,1,150,147.0,297.0
23423,98,6.8,1.36,150,147,1,150,99.96000000000001,249.96
23943,98,4.13,0.8260000000000001,150,189,1,150,78.057,228.05700000000002
16400,98,6.7,1.34,150,148,1,150,99.16000000000001,249.16000000000003
43784,98,11.56,2.3120000000000003,150,113,1,150,130.62800000000001,280.62800000000004
13793,98,6.8,1.36,150,147,1,150,99.96000000000001,249.96
2960,98,69.34,13.868000000000002,150,46,3,450,318.96400000000006,768.964
22389,97,3.37,0.674,150,208,1,150,70.096,220.096
27799,97,17.41,3.482,150,91,2,300,158.431,458.43100000000004
14130,97,5.8,1.16,150,158,1,150,91.64,241.64
25337,97,11.18,2.236,150,114,1,150,127.45200000000001,277.452
2880,97,11.02,2.204,150,115,1,150,126.73,276.73
21573,97,4.76,0.952,150,175,1,150,83.3,233.3
36370,97,4.63,0.926,150,177,1,150,81.95100000000001,231.95100000000002
541,97,7.8,1.56,150,137,1,150,106.86,256.86
31347,97,7.09,1.4180000000000001,150,143,1,150,101.38700000000001,251.387
3395,97,10.15,2.0300000000000002,150,120,1,150,121.80000000000001,271.8
6472,97,2.71,0.542,150,232,1,150,62.87200000000001,212.872
16380,97,4.69,0.9380000000000002,150,176,1,150,82.54400000000001,232.544
45392,96,12.25,2.45,150,108,1,150,132.3,282.3
45240,96,9.99,1.9980000000000002,150,120,1,150,119.88000000000001,269.88
5954,96,2.96,0.592,150,221,1,150,65.416,215.416
14962,96,3.19,0.638,150,212,1,150,67.628,217.628
43788,96,34.01,6.802,150,65,2,300,221.065,521.065
6990,96,12.41,2.482,150,108,1,150,134.02800000000002,284.028
43224,96,9.2,1.8399999999999999,150,125,1,150,114.99999999999999,265.0
33879,96,6.45,1.29,150,149,1,150,96.105,246.10500000000002
14329,96,8.6,1.72,150,129,1,150,110.94,260.94
190,96,3.06,0.6120000000000001,150,217,1,150,66.40200000000002,216.40200000000002
46551,96,16.77,3.354,150,93,2,300,155.961,455.961
759,96,37.0,7.4,150,62,2,300,229.4,529.4
22014,96,9.93,1.986,150,120,1,150,119.16,269.15999999999997
5633,96,11.62,2.324,150,111,1,150,128.982,278.98199999999997
19376,95,11.91,2.382,150,109,1,150,129.81900000000002,279.819
3414,95,2.96,0.592,150,219,1,150,64.824,214.824
20400,95,9.08,1.816,150,125,1,150,113.5,263.5
31581,95,11.18,2.236,150,113,1,150,126.33400000000002,276.334
27176,95,9.2,1.8399999999999999,150,124,1,150,114.07999999999998,264.08
15264,95,9.52,1.904,150,122,1,150,116.14399999999999,266.144
23249,95,6.57,1.314,150,147,1,150,96.57900000000001,246.579
25963,95,11.61,2.322,150,111,1,150,128.871,278.871
10606,95,7.58,1.516,150,137,1,150,103.846,253.846
43129,95,7.89,1.578,150,134,1,150,105.726,255.726
21735,95,17.56,3.512,150,90,2,300,158.04,458.03999999999996
13225,95,13.6,2.72,150,102,1,150,138.72,288.72
44733,95,5.19,1.038,150,166,1,150,86.154,236.154
9066,94,24.42,4.884,150,76,2,300,185.592,485.592
25777,94,8.96,1.7920000000000003,150,125,1,150,112.00000000000001,262.0
14061,94,51.61,10.322000000000001,150,52,2,300,268.372,568.3720000000001
1483,94,2.39,0.47800000000000004,150,243,1,150,58.077000000000005,208.077
36268,94,11.84,2.368,150,109,1,150,129.05599999999998,279.056
18617,93,8.38,1.6760000000000002,150,129,1,150,108.102,258.102
10715,93,9.14,1.8280000000000003,150,124,1,150,113.33600000000001,263.336
6635,93,6.66,1.332,150,145,1,150,96.57000000000001,246.57
14433,93,5.8,1.16,150,155,1,150,89.89999999999999,239.89999999999998
2047,93,25.36,5.072,150,74,2,300,187.66400000000002,487.664
6481,93,10.13,2.0260000000000002,150,117,1,150,118.52100000000002,268.521
34123,93,2.57,0.514,150,233,1,150,59.881,209.881
366,93,17.18,3.436,150,90,2,300,154.62,454.62
7371,93,7.14,1.428,150,140,1,150,99.96,249.95999999999998
3733,93,83.96,16.791999999999998,150,41,3,450,344.23599999999993,794.2359999999999
29810,93,10.38,2.076,150,116,1,150,120.408,270.408
3943,93,9.59,1.9180000000000001,150,121,1,150,116.03900000000002,266.039
19282,93,13.51,2.702,150,102,1,150,137.802,287.802
23452,93,5.84,1.168,150,155,1,150,90.52,240.51999999999998
16727,93,9.33,1.866,150,122,1,150,113.82600000000001,263.826
45876,93,10.34,2.068,150,116,1,150,119.944,269.944
8877,93,9.08,1.816,150,124,1,150,112.592,262.592
35318,92,7.46,1.492,150,136,1,150,101.456,251.45600000000002
3409,92,32.14,6.428000000000001,150,66,2,300,212.12400000000002,512.124
20439,92,4.68,0.9359999999999999,150,172,1,150,80.496,230.49599999999998
38416,92,8.21,1.6420000000000003,150,130,1,150,106.73000000000002,256.73
25496,92,12.24,2.4480000000000004,150,106,1,150,129.74400000000003,279.744
13933,92,5.91,1.1820000000000002,150,153,1,150,90.42300000000002,240.423
25201,92,12.41,2.482,150,105,1,150,130.305,280.305
26391,92,5.15,1.03,150,164,1,150,84.46000000000001,234.46
2570,92,57.14,11.428,150,49,2,300,279.98600000000005,579.9860000000001
17350,92,9.45,1.89,150,121,1,150,114.345,264.345
2302,92,23.43,4.686,150,77,2,300,180.411,480.411
4513,92,35.15,7.03,150,63,2,300,221.44500000000002,521.445
806,92,10.39,2.0780000000000003,150,115,1,150,119.48500000000001,269.485
8272,92,2.92,0.584,150,217,1,150,63.364,213.364
21326,92,16.23,3.2460000000000004,150,92,1,150,149.31600000000003,299.31600000000003
2988,92,18.51,3.7020000000000004,150,86,2,300,159.186,459.18600000000004
12211,92,11.03,2.206,150,112,1,150,123.536,273.536
17001,91,9.33,1.866,150,121,1,150,112.893,262.89300000000003
13967,91,8.6,1.72,150,126,1,150,108.36,258.36
6240,91,5.36,1.072,150,160,1,150,85.76,235.76
21824,91,16.89,3.378,150,90,2,300,152.01,452.01
2171,91,14.49,2.898,150,97,1,150,140.553,290.553
7872,91,25.5,5.1000000000000005,150,73,2,300,186.15,486.15
6724,91,4.63,0.926,150,172,1,150,79.63600000000001,229.63600000000002
2116,91,27.33,5.466,150,71,2,300,194.043,494.043
6102,91,14.38,2.8760000000000003,150,97,1,150,139.48600000000002,289.486
44854,90,35.37,7.074,150,62,2,300,219.29399999999998,519.294
22566,90,9.14,1.8280000000000003,150,122,1,150,111.50800000000002,261.50800000000004
21412,90,5.29,1.058,150,160,1,150,84.64,234.64
23974,90,11.25,2.25,150,110,1,150,123.75,273.75
38105,90,8.05,1.6100000000000003,150,129,1,150,103.84500000000003,253.84500000000003
3930,90,12.11,2.422,150,106,1,150,128.366,278.366
24398,90,11.4,2.2800000000000002,150,109,1,150,124.26000000000002,274.26
2800,90,59.69,11.938,150,48,2,300,286.512,586.512
34219,90,11.18,2.236,150,110,1,150,122.98000000000002,272.98
33265,89,7.43,1.486,150,134,1,150,99.562,249.562
16725,89,4.63,0.926,150,170,1,150,78.71000000000001,228.71
18096,89,20.94,4.188000000000001,150,80,2,300,167.52000000000004,467.52000000000004
11153,89,5.99,1.1980000000000002,150,149,1,150,89.25100000000002,239.25100000000003
46783,89,5.74,1.1480000000000001,150,153,1,150,87.82200000000002,237.822
11154,89,6.03,1.2060000000000002,150,149,1,150,89.84700000000001,239.847
18879,89,9.99,1.9980000000000002,150,116,1,150,115.88400000000001,265.884
6638,89,16.23,3.2460000000000004,150,91,1,150,147.693,297.693
25188,89,6.16,1.2320000000000002,150,147,1,150,90.55200000000002,240.55200000000002
938,89,22.55,4.510000000000001,150,77,2,300,173.63500000000002,473.635
10576,89,6.49,1.298,150,143,1,150,92.807,242.80700000000002
43737,89,5.88,1.176,150,151,1,150,88.788,238.788
3984,89,32.3,6.46,150,64,2,300,206.72,506.72
34138,89,7.28,1.4560000000000002,150,135,1,150,98.28000000000002,248.28000000000003
3998,88,13.63,2.7260000000000004,150,98,1,150,133.574,283.574
4979,88,57.14,11.428,150,48,2,300,274.27200000000005,574.272
7849,88,7.8,1.56,150,130,1,150,101.4,251.4
26811,88,3.19,0.638,150,203,1,150,64.757,214.757
4846,88,12.4,2.4800000000000004,150,103,1,150,127.72000000000003,277.72
4073,88,5.9,1.1800000000000002,150,150,1,150,88.50000000000001,238.5
17500,88,6.45,1.29,150,143,1,150,92.235,242.235
24975,88,11.76,2.352,150,106,1,150,124.65599999999999,274.656
24377,88,3.39,0.678,150,197,1,150,66.783,216.78300000000002
3061,88,11.32,2.2640000000000002,150,108,1,150,122.25600000000001,272.25600000000003
4453,88,10.76,2.152,150,111,1,150,119.436,269.43600000000004
5689,88,14.84,2.968,150,94,1,150,139.496,289.496
19269,88,15.64,3.128,150,92,1,150,143.888,293.88800000000003
37943,87,4.66,0.932,150,167,1,150,77.822,227.822
45524,87,5.8,1.16,150,150,1,150,87.0,237.0
46599,87,7.53,1.5060000000000002,150,132,1,150,99.39600000000002,249.39600000000002
15228,87,20.68,4.136,150,79,2,300,163.372,463.372
2214,87,21.58,4.316,150,78,2,300,168.32399999999998,468.32399999999996
22757,87,4.82,0.9640000000000001,150,165,1,150,79.53,229.53
25286,87,12.83,2.5660000000000003,150,101,1,150,129.58300000000003,279.583
9256,87,22.05,4.41,150,77,2,300,169.785,469.78499999999997
39600,87,4.54,0.908,150,170,1,150,77.18,227.18
2622,87,18.65,3.73,150,84,2,300,156.66,456.65999999999997
21957,87,4.82,0.9640000000000001,150,165,1,150,79.53,229.53
6357,87,9.2,1.8399999999999999,150,119,1,150,109.47999999999999,259.48
2438,87,54.26,10.852,150,49,2,300,265.874,565.874
47027,87,5.29,1.058,150,157,1,150,83.053,233.053
17906,87,10.59,2.118,150,111,1,150,117.54899999999999,267.549
19908,86,9.58,1.9160000000000001,150,116,1,150,111.12800000000001,261.12800000000004
5678,86,6.93,1.3860000000000001,150,136,1,150,94.248,244.248
41629,86,9.08,1.816,150,119,1,150,108.052,258.052
25264,86,20.54,4.108,150,79,2,300,162.266,462.26599999999996
5322,86,17.42,3.4840000000000004,150,86,1,150,149.812,299.812
1347,86,31.24,6.248,150,64,2,300,199.936,499.93600000000004
45752,86,6.53,1.306,150,141,1,150,92.07300000000001,242.073
29461,86,5.8,1.16,150,149,1,150,86.41999999999999,236.42
17985,86,16.43,3.286,150,89,1,150,146.227,296.227
5077,86,12.69,2.5380000000000003,150,101,1,150,128.169,278.169
17981,86,11.68,2.336,150,105,1,150,122.63999999999999,272.64
4580,86,22.38,4.476,150,76,2,300,170.088,470.08799999999997
515,86,25.36,5.072,150,71,2,300,180.056,480.05600000000004
26392,86,5.29,1.058,150,156,1,150,82.524,232.524
14191,86,7.28,1.4560000000000002,150,133,1,150,96.82400000000001,246.824
8369,86,24.26,4.852,150,73,2,300,177.098,477.098
17219,85,6.45,1.29,150,141,1,150,90.94500000000001,240.945
8704,85,8.66,1.7320000000000002,150,121,1,150,104.78600000000002,254.786
32679,85,5.44,1.088,150,153,1,150,83.232,233.232
1339,85,35.38,7.0760000000000005,150,60,2,300,212.28000000000003,512.28
14381,85,10.52,2.104,150,110,1,150,115.72,265.72
20167,85,8.78,1.756,150,121,1,150,106.238,256.238
10441,85,10.95,2.19,150,108,1,150,118.25999999999999,268.26
44529,85,6.89,1.3780000000000001,150,136,1,150,93.70400000000001,243.704
20932,85,7.43,1.486,150,131,1,150,97.333,247.333
22340,85,7.14,1.428,150,134,1,150,95.676,245.676
16179,85,34.24,6.848000000000001,150,61,2,300,208.86400000000003,508.86400000000003
32592,85,11.56,2.3120000000000003,150,105,1,150,121.38000000000001,271.38
4898,84,29.84,5.968,150,65,2,300,193.96,493.96000000000004
32604,84,6.5,1.3,150,139,1,150,90.35000000000001,240.35000000000002
21374,84,5.13,1.026,150,157,1,150,80.541,230.541
21151,84,6.57,1.314,150,138,1,150,90.666,240.666
23260,84,4.51,0.902,150,167,1,150,75.31700000000001,225.317
3159,84,5.59,1.118,150,150,1,150,83.85000000000001,233.85000000000002
7284,84,6.16,1.2320000000000002,150,143,1,150,88.08800000000001,238.08800000000002
23968,84,8.27,1.654,150,123,1,150,101.72099999999999,251.721
20160,84,10.27,2.054,150,111,1,150,113.99699999999999,263.99699999999996
44729,84,8.16,1.6320000000000001,150,124,1,150,101.18400000000001,251.18400000000003
42603,84,5.99,1.1980000000000002,150,145,1,150,86.85500000000002,236.85500000000002
602,84,5.36,1.072,150,153,1,150,82.00800000000001,232.008
41974,84,4.57,0.9140000000000001,150,166,1,150,75.86200000000001,225.86200000000002
2899,84,37.85,7.57,150,58,2,300,219.53,519.53
1019,83,20.6,4.12,150,78,2,300,160.68,460.68
2382,83,19.22,3.844,150,80,2,300,153.76,453.76
4779,83,21.59,4.3180000000000005,150,76,2,300,164.08400000000003,464.08400000000006
2112,83,15.55,3.1100000000000003,150,89,1,150,138.395,288.395
24782,83,10.95,2.19,150,107,1,150,117.16499999999999,267.16499999999996
19244,83,12.07,2.414,150,102,1,150,123.114,273.11400000000003
38473,83,10.38,2.076,150,110,1,150,114.18,264.18
17020,83,7.14,1.428,150,132,1,150,94.24799999999999,244.248
43873,83,46.66,9.331999999999999,150,52,2,300,242.63199999999998,542.632
8409,83,5.38,1.076,150,152,1,150,81.77600000000001,231.776
15314,83,8.96,1.7920000000000003,150,118,1,150,105.72800000000001,255.728
23969,83,5.51,1.102,150,150,1,150,82.65,232.65
16971,82,7.43,1.486,150,129,1,150,95.847,245.84699999999998
38528,82,25.48,5.096,150,69,2,300,175.812,475.812
13603,82,11.64,2.3280000000000003,150,103,1,150,119.89200000000001,269.892
19798,82,2.73,0.546,150,212,1,150,57.876000000000005,207.876
39681,82,2.64,0.528,150,216,1,150,57.024,207.024
21617,82,4.79,0.9580000000000001,150,160,1,150,76.64,226.64
35590,82,7.53,1.5060000000000002,150,128,1,150,96.38400000000001,246.38400000000001
3925,82,37.87,7.574,150,57,2,300,215.859,515.859
46189,81,11.33,2.266,150,104,1,150,117.832,267.832
33035,81,5.88,1.176,150,144,1,150,84.672,234.672
23155,81,12.58,2.516,150,98,1,150,123.284,273.284
2979,81,35.43,7.086,150,59,2,300,209.037,509.03700000000003
3065,81,0.71,0.142,150,414,1,150,29.394,179.394
37158,81,8.49,1.6980000000000002,150,120,1,150,101.88000000000001,251.88
877,81,7.02,1.404,150,132,1,150,92.66399999999999,242.664
24967,81,8.1,1.62,150,122,1,150,98.82000000000001,248.82
8848,81,0.77,0.15400000000000003,150,397,1,150,30.569000000000006,180.56900000000002
3530,81,6.93,1.3860000000000001,150,132,1,150,91.47600000000001,241.476
20404,81,8.1,1.62,150,122,1,150,98.82000000000001,248.82
2182,81,14.17,2.834,150,93,1,150,131.781,281.781
38476,81,15.89,3.1780000000000004,150,87,1,150,138.24300000000002,288.24300000000005
17957,81,9.14,1.8280000000000003,150,115,1,150,105.11000000000001,255.11
17188,81,11.4,2.2800000000000002,150,103,1,150,117.42000000000002,267.42
17297,81,5.88,1.176,150,144,1,150,84.672,234.672
24303,81,4.99,0.9980000000000001,150,156,1,150,77.84400000000001,227.844
3539,81,13.13,2.6260000000000003,150,96,1,150,126.04800000000002,276.048
27801,81,31.29,6.258,150,62,2,300,193.998,493.998
15584,80,6.49,1.298,150,136,1,150,88.26400000000001,238.264
8128,80,21.73,4.346,150,74,2,300,160.802,460.802
16891,80,8.21,1.6420000000000003,150,121,1,150,99.34100000000002,249.341
15139,80,6.66,1.332,150,134,1,150,89.244,239.244
11003,80,11.25,2.25,150,103,1,150,115.875,265.875
26632,80,4.62,0.924,150,161,1,150,74.382,224.382
18134,80,9.65,1.9300000000000002,150,112,1,150,108.08000000000001,258.08000000000004
24646,80,5.94,1.1880000000000002,150,142,1,150,84.34800000000001,234.348
41981,80,24.66,4.932,150,70,2,300,172.62,472.62
3947,80,34.84,6.968000000000001,150,59,2,300,205.556,505.55600000000004
43832,80,5.8,1.16,150,144,1,150,83.52,233.51999999999998
11227,80,9.73,1.9460000000000002,150,111,1,150,108.00300000000001,258.00300000000004
2024,79,4.44,0.8880000000000001,150,163,1,150,72.37200000000001,222.372
17235,79,7.38,1.476,150,127,1,150,93.726,243.726
8688,79,6.62,1.324,150,134,1,150,88.708,238.708
42640,79,6.8,1.36,150,132,1,150,89.76,239.76
5188,79,23.7,4.74,150,71,2,300,168.27,468.27
1013,79,10.29,2.058,150,107,1,150,110.103,260.103
659,79,23.25,4.65,150,71,2,300,165.07500000000002,465.07500000000005
12963,79,4.79,0.9580000000000001,150,157,1,150,75.203,225.203
12191,79,6.66,1.332,150,133,1,150,88.578,238.578
39517,79,20.39,4.078,150,76,2,300,154.964,454.964
2631,79,55.99,11.198,150,46,2,300,257.55400000000003,557.5540000000001
13956,79,7.79,1.558,150,123,1,150,95.81700000000001,245.817
2554,79,83.33,16.666,150,38,3,450,316.654,766.654
3481,79,16.29,3.258,150,85,1,150,138.465,288.46500000000003
10021,79,7.89,1.578,150,123,1,150,97.04700000000001,247.04700000000003
8444,79,17.38,3.476,150,83,1,150,144.254,294.254
19360,79,7.43,1.486,150,126,1,150,93.618,243.618
1021,79,10.76,2.152,150,105,1,150,112.98,262.98
2602,78,43.84,8.768,150,52,2,300,227.96800000000002,527.9680000000001
12116,78,7.74,1.548,150,123,1,150,95.202,245.202
2821,78,28.02,5.604,150,65,2,300,182.13,482.13
14194,78,25.5,5.1000000000000005,150,68,2,300,173.4,473.4
39774,78,18.11,3.622,150,80,1,150,144.88,294.88
6547,78,6.8,1.36,150,131,1,150,89.08000000000001,239.08
28946,78,18.06,3.612,150,80,1,150,144.48000000000002,294.48
24497,78,8.1,1.62,150,120,1,150,97.2,247.2
41062,78,11.91,2.382,150,99,1,150,117.909,267.909
753,78,13.79,2.758,150,92,1,150,126.868,276.868
17349,78,9.65,1.9300000000000002,150,110,1,150,106.15,256.15
31561,78,15.17,3.0340000000000003,150,88,1,150,133.496,283.496
2235,78,19.56,3.912,150,77,2,300,150.612,450.61199999999997
23079,78,10.06,2.012,150,108,1,150,108.648,258.648
45831,78,11.48,2.2960000000000003,150,101,1,150,115.94800000000001,265.948
21784,77,8.66,1.7320000000000002,150,115,1,150,99.59000000000002,249.59000000000003
10931,77,8.27,1.654,150,118,1,150,97.586,247.586
31573,77,6.49,1.298,150,133,1,150,86.31700000000001,236.317
20152,77,8.9,1.7800000000000002,150,114,1,150,101.46000000000001,251.46
25497,77,12.98,2.596,150,94,1,150,122.012,272.012
6186,77,7.84,1.568,150,121,1,150,94.864,244.864
43359,77,27.02,5.404,150,65,2,300,175.63,475.63
25005,77,11.68,2.336,150,99,1,150,115.63199999999999,265.632
28039,77,5.88,1.176,150,140,1,150,82.32,232.32
29489,77,13.6,2.72,150,92,1,150,125.12,275.12
4450,77,18.51,3.7020000000000004,150,79,1,150,146.229,296.22900000000004
38406,77,15.68,3.136,150,86,1,150,134.848,284.848
3941,77,29.36,5.872,150,63,2,300,184.968,484.96799999999996
6881,77,13.86,2.7720000000000002,150,91,1,150,126.126,276.126
12270,77,8.72,1.7440000000000002,150,115,1,150,100.28000000000002,250.28000000000003
28983,76,10.06,2.012,150,106,1,150,106.636,256.63599999999997
19581,76,15.78,3.156,150,85,1,150,134.13,284.13
3086,76,35.03,7.006,150,57,2,300,199.671,499.671
25716,76,25.8,5.16,150,66,2,300,170.28,470.28
37126,76,12.07,2.414,150,97,1,150,117.07900000000001,267.079
2199,76,23.61,4.722,150,69,2,300,162.90900000000002,462.909
7868,76,23.02,4.604,150,70,2,300,161.14000000000001,461.14
8801,76,0.78,0.15600000000000003,150,382,1,150,29.796000000000006,179.796
16568,76,8.84,1.768,150,114,1,150,100.776,250.776
6505,76,7.96,1.592,150,120,1,150,95.52000000000001,245.52
1964,76,23.07,4.614,150,70,2,300,161.49,461.49
19382,76,6.7,1.34,150,130,1,150,87.10000000000001,237.10000000000002
41787,76,21.08,4.216,150,74,2,300,155.99200000000002,455.992
42601,76,5.84,1.168,150,140,1,150,81.75999999999999,231.76
28122,75,14.28,2.856,150,89,1,150,127.092,277.092
2852,75,30.14,6.0280000000000005,150,61,2,300,183.854,483.85400000000004
17340,75,5.26,1.052,150,146,1,150,76.796,226.796
19669,75,6.06,1.212,150,136,1,150,82.416,232.416
44916,75,11.4,2.2800000000000002,150,99,1,150,112.86000000000001,262.86
4334,75,25.54,5.1080000000000005,150,66,2,300,168.56400000000002,468.564
3533,75,13.23,2.6460000000000004,150,92,1,150,121.71600000000002,271.716
33706,75,5.51,1.102,150,143,1,150,78.793,228.793
23951,75,7.28,1.4560000000000002,150,124,1,150,90.272,240.272
41416,75,8.49,1.6980000000000002,150,115,1,150,97.635,247.635
29192,75,21.99,4.398,150,72,2,300,158.32799999999997,458.328
9219,75,0.78,0.15600000000000003,150,380,1,150,29.640000000000004,179.64000000000001
42953,75,14.86,2.972,150,87,1,150,129.282,279.28200000000004
10051,75,38.7,7.740000000000001,150,54,2,300,208.98000000000002,508.98
889,75,9.84,1.968,150,107,1,150,105.288,255.288
27514,75,10.96,2.192,150,101,1,150,110.69600000000001,260.696
18664,75,6.57,1.314,150,131,1,150,86.06700000000001,236.067
21992,74,5.26,1.052,150,145,1,150,76.27000000000001,226.27
23522,74,4.11,0.8220000000000001,150,164,1,150,67.40400000000001,217.404
24244,74,14.47,2.894,150,88,1,150,127.33600000000001,277.336
40424,74,5.51,1.102,150,142,1,150,78.242,228.24200000000002
25158,74,10.06,2.012,150,105,1,150,105.63,255.63
13143,74,10.27,2.054,150,104,1,150,106.80799999999999,256.808
8059,74,21.73,4.346,150,71,2,300,154.28300000000002,454.283
20781,74,9.73,1.9460000000000002,150,107,1,150,104.111,254.111
3640,74,16.54,3.308,150,82,1,150,135.628,285.628
35972,74,8.84,1.768,150,112,1,150,99.008,249.00799999999998
24097,74,2.57,0.514,150,208,1,150,53.456,203.45600000000002
23420,74,8.27,1.654,150,116,1,150,95.93199999999999,245.932
6042,74,7.51,1.502,150,122,1,150,91.622,241.622
3233,74,16.66,3.3320000000000003,150,82,1,150,136.61200000000002,286.612
17535,74,5.99,1.1980000000000002,150,136,1,150,81.46400000000001,231.464
4845,74,6.39,1.278,150,132,1,150,84.348,234.348
25125,74,8.55,1.7100000000000002,150,114,1,150,97.47000000000001,247.47000000000003
4677,74,34.61,6.922000000000001,150,57,2,300,197.27700000000002,497.27700000000004
942,73,45.45,9.090000000000002,150,49,2,300,222.70500000000004,522.705
2593,73,23.61,4.722,150,68,2,300,160.548,460.548
34752,73,14.56,2.9120000000000004,150,87,1,150,126.67200000000001,276.672
2466,73,29.62,5.924,150,61,2,300,180.68200000000002,480.682
37541,73,19.17,3.8340000000000005,150,76,1,150,145.692,295.692
10175,73,5.19,1.038,150,145,1,150,75.255,225.255
26885,73,13.07,2.6140000000000003,150,92,1,150,120.24400000000001,270.244
8543,73,14.81,2.962,150,86,1,150,127.36600000000001,277.366
7629,73,15.26,3.052,150,85,1,150,129.71,279.71000000000004
13618,73,12.32,2.4640000000000004,150,94,1,150,115.80800000000002,265.808
8231,73,9.02,1.804,150,110,1,150,99.22,249.22
15230,73,32.46,6.492000000000001,150,58,2,300,188.26800000000003,488.26800000000003
8366,72,5.84,1.168,150,136,1,150,79.42399999999999,229.42399999999998
23949,72,6.49,1.298,150,129,1,150,83.721,233.721
44818,72,6.53,1.306,150,129,1,150,84.23700000000001,234.23700000000002
175,72,26.8,5.36,150,63,2,300,168.84,468.84000000000003
15979,72,8.44,1.688,150,113,1,150,95.372,245.372
4147,72,28.77,5.7540000000000004,150,61,2,300,175.497,475.497
38103,72,7.94,1.588,150,117,1,150,92.89800000000001,242.89800000000002
10227,72,6.16,1.2320000000000002,150,132,1,150,81.31200000000001,231.312
15529,72,5.19,1.038,150,144,1,150,74.736,224.736
24033,72,3.15,0.63,150,185,1,150,58.275,208.275
22170,72,13.07,2.6140000000000003,150,91,1,150,118.93700000000001,268.937
24075,72,5.56,1.1119999999999999,150,139,1,150,77.28399999999999,227.284
6115,72,14.07,2.814,150,88,1,150,123.816,273.81600000000003
5603,72,0.79,0.15800000000000003,150,370,1,150,29.230000000000004,179.23000000000002
28038,72,3.71,0.742,150,171,1,150,63.441,213.441
19635,72,13.07,2.6140000000000003,150,91,1,150,118.93700000000001,268.937
25043,72,5.74,1.1480000000000001,150,137,1,150,78.638,228.638
1657,72,51.46,10.292000000000002,150,46,2,300,236.71600000000004,536.716
33587,72,20.4,4.08,150,73,1,150,148.92000000000002,298.92
14719,72,14.96,2.9920000000000004,150,85,1,150,127.16000000000003,277.16
24458,72,26.52,5.304,150,64,2,300,169.728,469.728
5641,71,11.1,2.22,150,98,1,150,108.78000000000002,258.78000000000003
1228,71,69.76,13.952000000000002,150,39,2,300,272.064,572.0640000000001
17990,71,8.27,1.654,150,113,1,150,93.451,243.451
4389,71,16.54,3.308,150,80,1,150,132.32,282.32
19451,71,6.84,1.368,150,125,1,150,85.5,235.5
2994,71,35.96,7.192,150,54,2,300,194.184,494.18399999999997
13895,71,10.27,2.054,150,102,1,150,104.75399999999999,254.754
3204,71,15.71,3.1420000000000003,150,82,1,150,128.822,278.822
20406,71,13.69,2.738,150,88,1,150,120.472,270.472
13487,71,12.32,2.4640000000000004,150,93,1,150,114.57600000000002,264.576
2737,71,27.77,5.554,150,62,2,300,172.174,472.174
861,71,4.67,0.934,150,151,1,150,70.51700000000001,220.517
3923,71,106.34,21.268,150,32,3,450,340.288,790.288
44838,70,21.42,4.284000000000001,150,70,1,150,149.94000000000003,299.94000000000005
1848,70,47.01,9.402,150,47,2,300,220.94699999999997,520.947
8401,70,8.26,1.6520000000000001,150,113,1,150,93.33800000000001,243.33800000000002
42118,70,6.81,1.362,150,124,1,150,84.444,234.44400000000002
31345,70,15.64,3.128,150,82,1,150,128.248,278.248
28497,70,8.16,1.6320000000000001,150,113,1,150,92.20800000000001,242.20800000000003
7211,70,8.45,1.69,150,111,1,150,93.795,243.79500000000002
6344,70,6.62,1.324,150,126,1,150,83.412,233.412
36573,70,11.25,2.25,150,97,1,150,109.125,259.125
21144,70,12.49,2.498,150,92,1,150,114.90800000000002,264.908
6227,70,18.39,3.6780000000000004,150,76,1,150,139.764,289.764
16537,70,6.84,1.368,150,124,1,150,84.816,234.816
44413,70,3.44,0.6880000000000001,150,175,1,150,60.2,210.2
3296,70,15.99,3.1980000000000004,150,81,1,150,129.519,279.519
45632,70,11.1,2.22,150,97,1,150,107.67000000000002,257.67
2772,70,46.15,9.23,150,48,2,300,221.52,521.52
20905,70,5.95,1.1900000000000002,150,133,1,150,79.135,229.135
5070,70,17.85,3.5700000000000003,150,77,1,150,137.44500000000002,287.44500000000005
21341,70,8.55,1.7100000000000002,150,111,1,150,94.90500000000002,244.90500000000003
23406,70,11.91,2.382,150,94,1,150,111.95400000000001,261.954
23101,69,6.53,1.306,150,126,1,150,82.278,232.27800000000002
43877,69,17.64,3.5280000000000005,150,77,1,150,135.82800000000003,285.82800000000003
25621,69,5.36,1.072,150,139,1,150,74.504,224.50400000000002
2242,69,16.05,3.2100000000000004,150,80,1,150,128.4,278.4
25126,69,6.62,1.324,150,125,1,150,82.75,232.75
33075,69,10.13,2.0260000000000002,150,101,1,150,102.31300000000002,252.31300000000002
11480,69,10.06,2.012,150,101,1,150,101.606,251.606
13636,69,10.45,2.09,150,100,1,150,104.5,254.5
2664,69,10.5,2.1,150,99,1,150,103.95,253.95
18337,69,10.2,2.04,150,101,1,150,103.02,253.01999999999998
42886,69,13.24,2.648,150,88,1,150,116.512,266.512
28606,69,6.62,1.324,150,125,1,150,82.75,232.75
5929,69,34.88,6.976000000000001,150,54,2,300,188.35200000000003,488.35200000000003
19127,69,10.95,2.19,150,97,1,150,106.215,256.21500000000003
35490,69,7.58,1.516,150,117,1,150,88.686,238.686
6783,68,8.38,1.6760000000000002,150,110,1,150,92.18,242.18
30735,68,19.07,3.814,150,73,1,150,139.211,289.211
39437,68,4.51,0.902,150,150,1,150,67.65,217.65
16378,68,6.66,1.332,150,124,1,150,82.584,232.584
2591,68,29.4,5.88,150,59,2,300,173.46,473.46000000000004
38690,68,10.13,2.0260000000000002,150,100,1,150,101.30000000000001,251.3
23384,68,12.16,2.4320000000000004,150,92,1,150,111.87200000000001,261.872
3722,68,9.02,1.804,150,106,1,150,95.61200000000001,245.61200000000002
11396,68,8.44,1.688,150,110,1,150,92.84,242.84
19356,68,12.25,2.45,150,91,1,150,111.47500000000001,261.475
4018,68,26.46,5.292000000000001,150,62,2,300,164.05200000000002,464.052
22004,68,3.91,0.782,150,162,1,150,63.342,213.34199999999998
42602,68,5.88,1.176,150,132,1,150,77.616,227.61599999999999
36620,68,10.95,2.19,150,97,1,150,106.215,256.21500000000003
36419,68,6.53,1.306,150,125,1,150,81.625,231.625
34998,68,10.66,2.132,150,98,1,150,104.468,254.46800000000002
29353,68,17.41,3.482,150,77,1,150,134.05700000000002,284.057
5434,68,8.64,1.7280000000000002,150,109,1,150,94.17600000000002,244.17600000000002
971,67,11.42,2.2840000000000003,150,94,1,150,107.34800000000001,257.348
14920,67,7.84,1.568,150,113,1,150,88.592,238.59199999999998
6116,67,18.65,3.73,150,73,1,150,136.145,286.145
36843,67,11.25,2.25,150,95,1,150,106.875,256.875
23947,67,15.48,3.096,150,81,1,150,125.388,275.38800000000003
21271,67,9.2,1.8399999999999999,150,105,1,150,96.6,246.6
8151,67,0.71,0.142,150,376,1,150,26.695999999999998,176.696
31524,67,6.03,1.2060000000000002,150,129,1,150,77.787,227.787
1252,67,13.84,2.7680000000000002,150,85,1,150,117.64000000000001,267.64
4040,67,17.98,3.596,150,75,1,150,134.85,284.85
897,67,4.92,0.984,150,143,1,150,70.356,220.356
25647,67,13.42,2.684,150,87,1,150,116.754,266.754
18565,67,5.95,1.1900000000000002,150,130,1,150,77.35000000000001,227.35000000000002
4528,67,106.86,21.372,150,31,3,450,331.266,781.2660000000001
29182,67,8.21,1.6420000000000003,150,111,1,150,91.13100000000001,241.13100000000003
3439,66,13.48,2.696,150,86,1,150,115.92800000000001,265.928
192,66,27.68,5.5360000000000005,150,60,2,300,166.08,466.08000000000004
2043,66,23.07,4.614,150,66,1,150,152.262,302.262
8958,66,7.99,1.598,150,111,1,150,88.68900000000001,238.68900000000002
38897,66,18.49,3.698,150,73,1,150,134.977,284.977
3058,66,0.71,0.142,150,373,1,150,26.482999999999997,176.483
2239,66,15.78,3.156,150,79,1,150,124.662,274.66200000000003
23650,66,7.99,1.598,150,111,1,150,88.68900000000001,238.68900000000002
23800,66,9.2,1.8399999999999999,150,104,1,150,95.67999999999999,245.68
7344,66,7.74,1.548,150,113,1,150,87.462,237.462
7202,66,8.33,1.6660000000000001,150,109,1,150,90.79700000000001,240.79700000000003
46694,66,16.1,3.2200000000000006,150,78,1,150,125.58000000000003,275.58000000000004
4315,66,23.07,4.614,150,66,1,150,152.262,302.262
18375,66,7.89,1.578,150,112,1,150,88.36800000000001,238.368
41065,66,11.18,2.236,150,94,1,150,105.09200000000001,255.092
26285,66,45.45,9.090000000000002,150,47,2,300,213.61500000000004,513.615
42663,66,5.8,1.16,150,131,1,150,75.97999999999999,225.98
25281,66,12.92,2.584,150,88,1,150,113.696,263.696
1029,66,5.26,1.052,150,137,1,150,72.062,222.062
6433,66,39.05,7.81,150,50,2,300,195.25,495.25
19394,66,19.35,3.8700000000000006,150,72,1,150,139.32000000000002,289.32000000000005
17326,66,16.89,3.378,150,77,1,150,130.053,280.053
32670,65,4.69,0.9380000000000002,150,144,1,150,67.53600000000002,217.536
2130,65,22.05,4.41,150,66,1,150,145.53,295.53
23197,65,6.84,1.368,150,119,1,150,81.396,231.39600000000002
20102,65,6.7,1.34,150,121,1,150,81.07000000000001,231.07
31356,65,54.41,10.882,150,42,2,300,228.522,528.5219999999999
2803,65,20.46,4.0920000000000005,150,69,1,150,141.174,291.174
16325,65,4.68,0.9359999999999999,150,144,1,150,67.392,217.392
25838,65,12.49,2.498,150,88,1,150,109.912,259.91200000000003
4190,65,19.52,3.904,150,71,1,150,138.59199999999998,288.592
3618,65,7.29,1.4580000000000002,150,116,1,150,84.56400000000001,234.56400000000002
5325,65,12.94,2.588,150,87,1,150,112.578,262.578
34951,65,11.48,2.2960000000000003,150,92,1,150,105.61600000000001,255.616
778,65,10.23,2.0460000000000003,150,98,1,150,100.25400000000002,250.25400000000002
17507,65,9.99,1.9980000000000002,150,99,1,150,98.90100000000001,248.901
40240,65,5.33,1.066,150,135,1,150,71.955,221.95499999999998
42401,65,6.45,1.29,150,123,1,150,79.33500000000001,229.335
17316,65,20.91,4.182,150,68,1,150,142.18800000000002,292.188
8652,64,39.84,7.968000000000001,150,49,2,300,195.216,495.216
17921,64,8.9,1.7800000000000002,150,104,1,150,92.56000000000002,242.56
35709,64,7.09,1.4180000000000001,150,116,1,150,82.24400000000001,232.24400000000003
35581,64,25.16,5.032,150,62,2,300,155.992,455.99199999999996
2333,64,39.05,7.81,150,50,2,300,195.25,495.25
16990,64,6.7,1.34,150,120,1,150,80.4,230.4
213,64,17.03,3.4060000000000006,150,75,1,150,127.72500000000002,277.725
2636,64,48.83,9.766,150,44,2,300,214.852,514.852
4386,64,34.34,6.868000000000001,150,53,2,300,182.00200000000004,482.00200000000007
43232,64,6.57,1.314,150,121,1,150,79.497,229.497
233,64,30.21,6.042000000000001,150,56,2,300,169.17600000000002,469.17600000000004
2041,64,61.14,12.228000000000002,150,40,2,300,244.56000000000003,544.5600000000001
22697,64,10.46,2.092,150,96,1,150,100.416,250.416
13949,64,39.03,7.806000000000001,150,50,2,300,195.15000000000003,495.15000000000003
31172,64,11.72,2.3440000000000003,150,91,1,150,106.65200000000002,256.65200000000004
15079,64,7.74,1.548,150,111,1,150,85.914,235.914
2543,64,18.89,3.7780000000000005,150,71,1,150,134.11900000000003,284.119
5643,63,10.71,2.1420000000000003,150,94,1,150,100.67400000000002,250.67400000000004
4424,63,8.39,1.6780000000000002,150,106,1,150,88.93400000000001,238.93400000000003
9304,63,14.38,2.8760000000000003,150,81,1,150,116.47800000000001,266.478
23196,63,3.39,0.678,150,167,1,150,56.61300000000001,206.613
4652,63,118.51,23.702,150,28,3,450,331.82800000000003,781.828
3952,63,16.42,3.2840000000000007,150,76,1,150,124.79200000000003,274.79200000000003
17134,63,9.8,1.9600000000000002,150,98,1,150,96.04,246.04000000000002
24048,63,6.7,1.34,150,119,1,150,79.73,229.73000000000002
6195,63,19.04,3.808,150,70,1,150,133.28,283.28
35380,63,8.6,1.72,150,105,1,150,90.3,240.3
36623,63,19.72,3.944,150,69,1,150,136.068,286.068
2818,63,25.57,5.114000000000001,150,61,2,300,155.97700000000003,455.97700000000003
19646,63,5.99,1.1980000000000002,150,126,1,150,75.47400000000002,225.47400000000002
36209,63,5.15,1.03,150,135,1,150,69.525,219.525
2644,63,58.13,11.626000000000001,150,40,2,300,232.52000000000004,532.52
46475,63,6.75,1.35,150,118,1,150,79.65,229.65
6245,63,7.58,1.516,150,112,1,150,84.896,234.89600000000002
23220,63,7.74,1.548,150,110,1,150,85.14,235.14
27472,63,8.6,1.72,150,105,1,150,90.3,240.3
8687,63,6.62,1.324,150,119,1,150,78.778,228.77800000000002
8632,63,12.85,2.5700000000000003,150,86,1,150,110.51000000000002,260.51
3236,63,6.78,1.356,150,118,1,150,80.004,230.00400000000002
16526,63,6.03,1.2060000000000002,150,125,1,150,75.37500000000001,225.375
20132,63,84.76,16.952,150,33,2,300,279.708,579.7080000000001
31346,63,7.48,1.4960000000000002,150,112,1,150,83.77600000000001,233.776
16728,63,12.83,2.5660000000000003,150,86,1,150,110.33800000000001,260.338
31318,63,7.58,1.516,150,112,1,150,84.896,234.89600000000002
34906,63,4.65,0.9300000000000002,150,143,1,150,66.495,216.495
18836,62,9.33,1.866,150,100,1,150,93.30000000000001,243.3
46829,62,8.1,1.62,150,107,1,150,86.67,236.67000000000002
20921,62,11.68,2.336,150,89,1,150,103.952,253.952
21750,62,6.84,1.368,150,117,1,150,80.028,230.02800000000002
5033,62,12.97,2.5940000000000003,150,85,1,150,110.24500000000002,260.245
17489,62,8.78,1.756,150,103,1,150,90.434,240.434
13454,62,17.0,3.4000000000000004,150,74,1,150,125.80000000000001,275.8
18733,62,18.49,3.698,150,71,1,150,131.279,281.279
876,62,6.66,1.332,150,118,1,150,78.58800000000001,228.58800000000002
41633,62,8.6,1.72,150,104,1,150,89.44,239.44
3100,62,34.28,6.856000000000001,150,52,2,300,178.25600000000003,478.25600000000003
39841,62,5.84,1.168,150,126,1,150,73.58399999999999,223.584
1880,62,46.71,9.342,150,45,2,300,210.19500000000002,510.19500000000005
18175,62,7.43,1.486,150,112,1,150,83.216,233.216
1889,62,5.5,1.1,150,130,1,150,71.5,221.5
22168,62,7.43,1.486,150,112,1,150,83.216,233.216
33307,62,10.59,2.118,150,94,1,150,99.54599999999999,249.546
34020,62,13.6,2.72,150,83,1,150,112.88000000000001,262.88
37913,62,13.15,2.6300000000000003,150,84,1,150,110.46000000000001,260.46000000000004
22230,62,8.96,1.7920000000000003,150,102,1,150,91.39200000000001,241.392
22077,62,6.07,1.2140000000000002,150,124,1,150,75.26800000000001,225.26800000000003
2189,62,19.83,3.9659999999999997,150,68,1,150,134.844,284.844
44082,62,9.03,1.806,150,101,1,150,91.203,241.203
25462,62,20.77,4.154,150,67,1,150,139.159,289.159
14236,62,1.71,0.342,150,233,1,150,39.843,189.84300000000002
3944,62,31.99,6.398,150,54,2,300,172.74599999999998,472.746
39798,62,4.69,0.9380000000000002,150,141,1,150,66.129,216.12900000000002
15900,61,6.45,1.29,150,119,1,150,76.755,226.755
20912,61,15.75,3.1500000000000004,150,76,1,150,119.70000000000002,269.70000000000005
2103,61,14.95,2.99,150,78,1,150,116.61000000000001,266.61
40219,61,6.75,1.35,150,116,1,150,78.30000000000001,228.3
43184,61,10.45,2.09,150,94,1,150,98.22999999999999,248.23
38481,61,10.96,2.192,150,91,1,150,99.736,249.736
19740,61,10.95,2.19,150,91,1,150,99.645,249.64499999999998
17351,61,11.18,2.236,150,90,1,150,100.62,250.62
24787,61,12.98,2.596,150,84,1,150,109.03200000000001,259.03200000000004
5833,61,50.77,10.154000000000002,150,42,2,300,213.23400000000004,513.234
12374,61,6.66,1.332,150,117,1,150,77.92200000000001,227.92200000000003
1214,61,5.34,1.068,150,131,1,150,69.95400000000001,219.954
29112,61,19.72,3.944,150,68,1,150,134.096,284.096
4498,61,28.56,5.712,150,57,2,300,162.792,462.79200000000003
33326,61,4.63,0.926,150,141,1,150,65.283,215.28300000000002
311,61,32.8,6.56,150,53,2,300,173.84,473.84000000000003
3528,61,31.24,6.248,150,54,2,300,168.696,468.696
31419,61,7.48,1.4960000000000002,150,111,1,150,83.028,233.02800000000002
2159,61,30.53,6.106000000000001,150,55,2,300,167.91500000000002,467.915
2828,61,33.81,6.7620000000000005,150,52,2,300,175.812,475.812
15263,61,7.71,1.542,150,109,1,150,84.039,234.039
40926,61,3.28,0.656,150,167,1,150,54.776,204.776
3939,61,22.55,4.510000000000001,150,64,1,150,144.32000000000002,294.32000000000005
6768,61,3.86,0.772,150,154,1,150,59.444,209.44400000000002
24246,61,4.05,0.81,150,150,1,150,60.75000000000001,210.75
14974,60,8.9,1.7800000000000002,150,101,1,150,89.89000000000001,239.89000000000001
8063,60,1.59,0.31800000000000006,150,238,1,150,37.842000000000006,187.842
12234,60,3.24,0.6480000000000001,150,167,1,150,54.10800000000001,204.108
38104,60,3.94,0.788,150,151,1,150,59.494,209.494
6280,60,6.89,1.3780000000000001,150,114,1,150,78.546,228.546
39997,60,2.61,0.522,150,186,1,150,48.546,198.546
5414,60,6.15,1.2300000000000002,150,121,1,150,74.415,224.41500000000002
16778,60,11.03,2.206,150,90,1,150,99.27,249.26999999999998
24593,60,10.13,2.0260000000000002,150,94,1,150,95.22200000000001,245.222
14983,60,17.8,3.5600000000000005,150,71,1,150,126.38000000000002,276.38
1181,60,11.02,2.204,150,90,1,150,99.18,249.18
28266,60,5.36,1.072,150,130,1,150,69.68,219.68
19246,60,6.57,1.314,150,117,1,150,76.869,226.869
26134,60,6.07,1.2140000000000002,150,122,1,150,74.05400000000002,224.05400000000003
38106,60,3.92,0.784,150,152,1,150,59.584,209.584
1009,60,38.75,7.75,150,48,2,300,186.0,486.0
2802,60,18.93,3.786,150,69,1,150,130.617,280.61699999999996
22339,60,9.08,1.816,150,100,1,150,90.8,240.8
4732,60,69.76,13.952000000000002,150,36,2,300,251.13600000000002,551.136
5135,60,17.26,3.4520000000000004,150,72,1,150,124.27200000000002,274.27200000000005
16968,59,10.8,2.16,150,91,1,150,98.28,248.28
8943,59,7.74,1.548,150,107,1,150,82.818,232.81799999999998
16174,59,21.7,4.34,150,64,1,150,138.88,288.88
10647,59,11.4,2.2800000000000002,150,88,1,150,100.32000000000001,250.32
18534,59,18.79,3.758,150,69,1,150,129.651,279.651
13795,59,6.45,1.29,150,117,1,150,75.465,225.465
8728,59,9.45,1.89,150,97,1,150,91.66499999999999,241.665
4491,59,19.04,3.808,150,68,1,150,129.47199999999998,279.472
7590,59,13.27,2.654,150,82,1,150,108.814,258.81399999999996
12067,59,4.57,0.9140000000000001,150,139,1,150,63.52300000000001,213.52300000000002
19055,59,6.75,1.35,150,115,1,150,77.625,227.625
3903,59,11.59,2.318,150,87,1,150,100.833,250.833
41070,59,7.28,1.4560000000000002,150,110,1,150,80.08000000000001,230.08
24297,59,7.43,1.486,150,109,1,150,80.987,230.987
40538,59,10.8,2.16,150,91,1,150,98.28,248.28
27932,59,11.99,2.398,150,86,1,150,103.114,253.114
17308,59,15.17,3.0340000000000003,150,76,1,150,115.29200000000002,265.29200000000003
12681,59,8.1,1.62,150,105,1,150,85.05000000000001,235.05
4060,59,9.35,1.87,150,97,1,150,90.69500000000001,240.695
17101,59,12.74,2.548,150,83,1,150,105.742,255.74200000000002
10666,59,7.74,1.548,150,107,1,150,82.818,232.81799999999998
18638,59,16.55,3.3100000000000005,150,73,1,150,120.81500000000001,270.815
14235,59,1.64,0.328,150,232,1,150,38.048,188.048
16555,59,11.18,2.236,150,89,1,150,99.50200000000001,249.502
3732,59,11.93,2.386,150,86,1,150,102.598,252.598
39110,59,7.92,1.584,150,106,1,150,83.952,233.952
37083,59,7.51,1.502,150,109,1,150,81.859,231.85899999999998
23950,58,7.38,1.476,150,109,1,150,80.442,230.442
33267,58,13.6,2.72,150,80,1,150,108.80000000000001,258.8
4748,58,16.66,3.3320000000000003,150,72,1,150,119.95200000000001,269.952
35646,58,11.61,2.322,150,87,1,150,101.007,251.007
20552,58,9.58,1.9160000000000001,150,95,1,150,91.01,241.01
36123,58,11.76,2.352,150,86,1,150,101.136,251.136
6021,58,16.54,3.308,150,73,1,150,120.74199999999999,270.74199999999996
34674,58,5.84,1.168,150,122,1,150,71.24799999999999,221.248
16889,58,7.79,1.558,150,106,1,150,82.574,232.574
1036,58,29.84,5.968,150,54,2,300,161.136,461.13599999999997
3773,58,21.73,4.346,150,63,1,150,136.899,286.899
2989,58,192.59,38.518,150,21,3,450,404.439,854.4390000000001
14810,58,8.66,1.7320000000000002,150,100,1,150,86.60000000000001,236.60000000000002
6929,58,13.33,2.6660000000000004,150,81,1,150,107.97300000000001,257.973
25382,58,12.24,2.4480000000000004,150,84,1,150,102.81600000000002,252.81600000000003
887,58,10.15,2.0300000000000002,150,93,1,150,94.39500000000001,244.395
875,58,6.56,1.312,150,115,1,150,75.44,225.44
16494,58,11.68,2.336,150,86,1,150,100.448,250.44799999999998
20162,58,7.43,1.486,150,108,1,150,80.244,230.244
20180,58,9.65,1.9300000000000002,150,95,1,150,91.67500000000001,241.675
16205,58,11.25,2.25,150,88,1,150,99.0,249.0
45474,58,33.55,6.71,150,51,2,300,171.105,471.105
8787,57,6.7,1.34,150,113,1,150,75.71000000000001,225.71
2521,57,69.22,13.844000000000001,150,35,2,300,242.27,542.27
22517,57,5.91,1.1820000000000002,150,120,1,150,70.92000000000002,220.92000000000002
22662,57,21.19,4.238,150,64,1,150,135.616,285.616
25831,57,6.89,1.3780000000000001,150,111,1,150,76.47900000000001,226.479
5983,57,21.42,4.284000000000001,150,63,1,150,134.94600000000003,284.946
19037,57,9.8,1.9600000000000002,150,93,1,150,91.14000000000001,241.14000000000001
18618,57,10.66,2.132,150,90,1,150,95.94000000000001,245.94
18575,57,26.34,5.268000000000001,150,57,1,150,150.13800000000003,300.13800000000003
17596,57,8.1,1.62,150,103,1,150,83.43,233.43
25418,57,4.07,0.8140000000000001,150,145,1,150,59.015,209.015
37923,57,7.43,1.486,150,107,1,150,79.501,229.501
344,57,15.74,3.148,150,74,1,150,116.476,266.476
35999,57,8.44,1.688,150,101,1,150,85.244,235.244
19552,57,12.9,2.58,150,81,1,150,104.49000000000001,254.49
16724,57,25.97,5.194,150,57,1,150,148.029,298.029
29400,57,12.49,2.498,150,83,1,150,103.66700000000002,253.66700000000003
3279,57,22.21,4.442,150,62,1,150,137.702,287.702
27679,57,9.33,1.866,150,96,1,150,89.56800000000001,239.568
27591,57,20.94,4.188000000000001,150,64,1,150,134.01600000000002,284.016
14552,57,13.24,2.648,150,80,1,150,105.92,255.92000000000002
8677,57,27.47,5.494,150,56,2,300,153.832,453.832
15876,57,9.65,1.9300000000000002,150,94,1,150,90.71000000000001,240.71
38197,57,8.05,1.6100000000000003,150,103,1,150,82.91500000000002,232.91500000000002
14437,56,11.68,2.336,150,85,1,150,99.27999999999999,249.27999999999997
14457,56,7.74,1.548,150,104,1,150,80.49600000000001,230.496
19648,56,8.96,1.7920000000000003,150,97,1,150,86.912,236.912
18653,56,6.57,1.314,150,113,1,150,74.241,224.24099999999999
45860,56,3.44,0.6880000000000001,150,156,1,150,53.664,203.664
2851,56,4.5,0.9,150,137,1,150,61.65,211.65
39689,56,8.66,1.7320000000000002,150,98,1,150,84.86800000000001,234.868
1035,56,8.59,1.718,150,99,1,150,85.041,235.041
7867,56,7.68,1.536,150,105,1,150,80.64,230.64
14703,56,7.58,1.516,150,105,1,150,79.59,229.59
29696,56,12.66,2.532,150,81,1,150,102.546,252.546
3670,56,12.02,2.404,150,84,1,150,100.96799999999999,250.968
13693,56,7.58,1.516,150,105,1,150,79.59,229.59
26501,56,13.07,2.6140000000000003,150,80,1,150,104.56000000000002,254.56
26558,56,16.54,3.308,150,71,1,150,117.434,267.43399999999997
13393,55,6.07,1.2140000000000002,150,117,1,150,71.019,221.019
18952,55,9.18,1.836,150,95,1,150,87.21000000000001,237.21
2711,55,15.03,3.0060000000000002,150,74,1,150,111.22200000000001,261.222
2810,55,43.74,8.748000000000001,150,43,2,300,188.08200000000002,488.082
4272,55,20.43,4.086,150,64,1,150,130.752,280.752
21693,55,23.17,4.634,150,60,1,150,139.02,289.02
41222,55,10.32,2.064,150,89,1,150,91.848,241.848
11200,55,9.26,1.852,150,94,1,150,87.04400000000001,237.044
45605,55,6.12,1.2240000000000002,150,116,1,150,70.99200000000002,220.99200000000002
23273,55,6.45,1.29,150,113,1,150,72.885,222.885
11199,55,9.8,1.9600000000000002,150,92,1,150,90.16000000000001,240.16000000000003
44269,55,6.45,1.29,150,113,1,150,72.885,222.885
25204,55,17.0,3.4000000000000004,150,70,1,150,119.00000000000001,269.0
10205,55,16.99,3.3979999999999997,150,70,1,150,118.92999999999999,268.93
44207,55,6.2,1.2400000000000002,150,115,1,150,71.30000000000001,221.3
7017,55,25.59,5.118,150,57,1,150,145.863,295.863
32809,54,8.78,1.756,150,96,1,150,84.288,234.288
2098,54,16.29,3.258,150,71,1,150,115.659,265.659
5495,54,11.67,2.334,150,83,1,150,96.861,246.861
23414,54,1.62,0.32400000000000007,150,224,1,150,36.28800000000001,186.288
38102,54,3.86,0.772,150,145,1,150,55.97,205.97
8495,54,0.71,0.142,150,338,1,150,23.997999999999998,173.998
9092,54,21.89,4.378,150,61,1,150,133.529,283.529
33574,54,11.64,2.3280000000000003,150,83,1,150,96.61200000000001,246.61200000000002
24863,54,16.54,3.308,150,70,1,150,115.78,265.78
18001,54,11.03,2.206,150,86,1,150,94.858,244.858
3572,54,7.68,1.536,150,103,1,150,79.104,229.10399999999998
25623,54,5.44,1.088,150,122,1,150,66.36800000000001,216.368
13567,54,9.33,1.866,150,93,1,150,86.769,236.769
6762,54,4.51,0.902,150,134,1,150,60.434000000000005,210.434
26646,54,9.93,1.986,150,90,1,150,89.37,239.37
10164,54,10.45,2.09,150,88,1,150,91.96,241.95999999999998
44238,54,5.4,1.08,150,122,1,150,65.88000000000001,215.88
19220,54,44.29,8.858,150,43,2,300,190.447,490.447
15059,54,6.2,1.2400000000000002,150,114,1,150,70.68,220.68
15057,54,6.8,1.36,150,109,1,150,74.12,224.12
2310,54,23.19,4.638000000000001,150,59,1,150,136.82100000000003,286.821
31075,54,17.87,3.5740000000000003,150,67,1,150,119.72900000000001,269.72900000000004
19577,54,9.45,1.89,150,93,1,150,87.88499999999999,237.885
564,54,6.61,1.322,150,111,1,150,73.37100000000001,223.371
13710,53,6.03,1.2060000000000002,150,115,1,150,69.34500000000001,219.34500000000003
22291,53,11.4,2.2800000000000002,150,84,1,150,95.76,245.76
9358,53,41.98,8.395999999999999,150,44,2,300,184.712,484.712
25417,53,11.68,2.336,150,83,1,150,96.94399999999999,246.944
3688,53,3.56,0.7120000000000001,150,149,1,150,53.044000000000004,203.044
33370,53,23.02,4.604,150,59,1,150,135.818,285.818
2816,53,34.61,6.922000000000001,150,48,2,300,166.12800000000001,466.12800000000004
23848,53,10.73,2.1460000000000004,150,86,1,150,92.27800000000002,242.27800000000002
24289,53,9.58,1.9160000000000001,150,91,1,150,87.17800000000001,237.178
17147,53,9.03,1.806,150,94,1,150,84.882,234.882
12079,53,7.43,1.486,150,103,1,150,76.529,226.529
4583,53,17.29,3.458,150,68,1,150,117.572,267.572
2467,53,17.96,3.5920000000000005,150,67,1,150,120.33200000000002,270.332
29371,53,18.66,3.732,150,65,1,150,121.29,271.29
20903,53,12.66,2.532,150,79,1,150,100.014,250.014
2655,53,21.89,4.378,150,60,1,150,131.34,281.34000000000003
2123,53,57.96,11.592,150,37,2,300,214.452,514.452
21982,53,15.64,3.128,150,71,1,150,111.04400000000001,261.044
8895,53,12.41,2.482,150,80,1,150,99.28,249.28
32835,53,12.24,2.4480000000000004,150,81,1,150,99.14400000000002,249.144
32619,53,12.41,2.482,150,80,1,150,99.28,249.28
3629,53,20.63,4.126,150,62,1,150,127.906,277.906
1878,52,10.65,2.1300000000000003,150,86,1,150,91.59000000000002,241.59000000000003
44084,52,7.94,1.588,150,99,1,150,78.60600000000001,228.606
913,52,10.58,2.116,150,86,1,150,90.988,240.988
28162,52,8.05,1.6100000000000003,150,98,1,150,78.89000000000001,228.89000000000001
19769,52,13.15,2.6300000000000003,150,77,1,150,101.25500000000001,251.255
23514,52,9.05,1.8100000000000003,150,93,1,150,84.165,234.16500000000002
18734,52,6.03,1.2060000000000002,150,114,1,150,68.742,218.74200000000002
10734,52,11.72,2.3440000000000003,150,82,1,150,96.10400000000001,246.104
19763,52,2.66,0.532,150,171,1,150,45.486000000000004,195.486
11037,52,3.28,0.656,150,154,1,150,50.512,200.512
36989,52,7.43,1.486,150,102,1,150,75.786,225.786
23345,52,14.28,2.856,150,74,1,150,105.672,255.672
356,52,9.12,1.8239999999999998,150,92,1,150,83.904,233.904
21729,52,8.16,1.6320000000000001,150,98,1,150,79.968,229.96800000000002
3620,52,31.99,6.398,150,49,2,300,156.751,456.751
20343,52,9.58,1.9160000000000001,150,90,1,150,86.22000000000001,236.22000000000003
18535,52,19.17,3.8340000000000005,150,64,1,150,122.68800000000002,272.688
8011,52,7.24,1.4480000000000002,150,104,1,150,75.296,225.296
23149,52,7.09,1.4180000000000001,150,105,1,150,74.44500000000001,224.445
35885,52,6.03,1.2060000000000002,150,114,1,150,68.742,218.74200000000002
7855,52,7.57,1.5140000000000002,150,102,1,150,77.21400000000001,227.214
22883,52,7.48,1.4960000000000002,150,102,1,150,76.296,226.296
9360,51,35.99,7.198,150,46,2,300,165.554,465.554
8212,51,16.66,3.3320000000000003,150,68,1,150,113.28800000000001,263.288
18571,51,6.5,1.3,150,108,1,150,70.2,220.2
37817,51,8.66,1.7320000000000002,150,94,1,150,81.40400000000001,231.404
1399,51,27.81,5.562,150,52,1,150,144.612,294.61199999999997
17347,51,19.35,3.8700000000000006,150,63,1,150,121.90500000000002,271.90500000000003
11460,51,27.02,5.404,150,53,1,150,143.206,293.206
2682,51,42.39,8.478,150,42,2,300,178.03799999999998,478.038
2793,51,17.18,3.436,150,67,1,150,115.106,265.106
21157,51,7.38,1.476,150,102,1,150,75.276,225.276
19814,51,8.9,1.7800000000000002,150,93,1,150,82.77000000000001,232.77
23396,51,8.66,1.7320000000000002,150,94,1,150,81.40400000000001,231.404
11249,51,11.84,2.368,150,80,1,150,94.72,244.72
15550,51,19.2,3.84,150,63,1,150,120.96,270.96
43193,51,5.19,1.038,150,121,1,150,62.799,212.799
19881,51,5.91,1.1820000000000002,150,114,1,150,67.37400000000001,217.37400000000002
2856,51,42.1,8.42,150,43,2,300,181.03,481.03
17912,51,6.16,1.2320000000000002,150,111,1,150,68.376,218.376
22905,50,4.65,0.9300000000000002,150,127,1,150,59.05500000000001,209.055
23539,50,12.41,2.482,150,78,1,150,96.798,246.798
1932,50,0.71,0.142,150,325,1,150,23.075,173.075
184,50,13.04,2.608,150,76,1,150,99.104,249.10399999999998
42117,50,9.6,1.92,150,88,1,150,84.47999999999999,234.48
15171,50,9.33,1.866,150,90,1,150,83.97,233.97
19935,50,5.26,1.052,150,119,1,150,62.594,212.594
13433,50,12.33,2.466,150,78,1,150,96.174,246.174
24503,50,47.29,9.458,150,40,2,300,189.16,489.15999999999997
10531,50,9.86,1.972,150,87,1,150,85.782,235.78199999999998
43143,50,6.03,1.2060000000000002,150,112,1,150,67.53600000000002,217.536
24498,50,16.55,3.3100000000000005,150,67,1,150,110.88500000000002,260.885
36267,50,9.65,1.9300000000000002,150,88,1,150,84.92,234.92000000000002
17145,50,11.56,2.3120000000000003,150,81,1,150,93.63600000000001,243.63600000000002
384,50,54.68,10.936,150,37,2,300,202.316,502.31600000000003
19513,50,5.88,1.176,150,113,1,150,66.444,216.44400000000002
17294,50,8.38,1.6760000000000002,150,95,1,150,79.61000000000001,229.61
38731,49,6.84,1.368,150,104,1,150,71.13600000000001,221.13600000000002
2163,49,14.38,2.8760000000000003,150,71,1,150,102.09800000000001,252.098
20407,49,9.33,1.866,150,89,1,150,83.037,233.037
2089,49,16.53,3.3060000000000005,150,67,1,150,110.75100000000002,260.75100000000003
26163,49,8.82,1.7640000000000002,150,91,1,150,80.26200000000001,230.262
2808,49,23.61,4.722,150,56,1,150,132.216,282.216
4401,49,29.19,5.838000000000001,150,50,1,150,145.95000000000002,295.95000000000005
12086,49,9.65,1.9300000000000002,150,87,1,150,83.95500000000001,233.955
19782,49,16.44,3.2880000000000003,150,67,1,150,110.14800000000001,260.148
24290,49,8.16,1.6320000000000001,150,95,1,150,77.52000000000001,227.52
2606,49,79.36,15.872,150,30,2,300,238.07999999999998,538.0799999999999
23245,49,7.94,1.588,150,96,1,150,76.224,226.224
8454,49,24.8,4.960000000000001,150,54,1,150,133.92000000000002,283.92
5062,49,8.39,1.6780000000000002,150,94,1,150,78.86600000000001,228.866
2209,49,21.58,4.316,150,58,1,150,125.164,275.164
2935,49,74.62,14.924000000000001,150,31,2,300,231.32200000000003,531.322
11449,49,8.84,1.768,150,91,1,150,80.444,230.44400000000002
19747,49,7.79,1.558,150,97,1,150,75.563,225.563
43638,49,62.06,12.412,150,34,2,300,211.00400000000002,511.004
24672,49,8.49,1.6980000000000002,150,93,1,150,78.95700000000001,228.957
19249,49,11.03,2.206,150,82,1,150,90.446,240.446
5959,49,11.9,2.3800000000000003,150,79,1,150,94.01000000000002,244.01000000000002
2878,49,29.84,5.968,150,50,1,150,149.2,299.2
254,49,8.79,1.758,150,91,1,150,79.989,229.989
32055,49,7.89,1.578,150,97,1,150,76.533,226.53300000000002
4219,49,10.68,2.136,150,83,1,150,88.644,238.644
8422,48,3.08,0.6160000000000001,150,153,1,150,47.12400000000001,197.12400000000002
15891,48,8.1,1.62,150,94,1,150,76.14,226.14
20674,48,17.23,3.446,150,65,1,150,111.995,261.995
3306,48,20.86,4.172,150,59,1,150,123.074,273.074
25482,48,9.93,1.986,150,85,1,150,84.405,234.405
6608,48,62.96,12.592,150,34,2,300,214.06400000000002,514.0640000000001
19074,48,12.66,2.532,150,75,1,150,94.95,244.95
15235,48,5.99,1.1980000000000002,150,110,1,150,65.89000000000001,215.89000000000001
36660,48,9.65,1.9300000000000002,150,86,1,150,82.99000000000001,232.99
26947,48,13.72,2.744,150,72,1,150,98.784,248.784
10750,48,17.99,3.598,150,63,1,150,113.33699999999999,263.337
31204,48,6.07,1.2140000000000002,150,109,1,150,66.16300000000001,216.163
29955,48,5.26,1.052,150,117,1,150,61.542,211.542
20626,48,2.7,0.54,150,163,1,150,44.010000000000005,194.01
24018,48,24.99,4.998,150,54,1,150,134.946,284.946
2237,48,35.71,7.142,150,45,2,300,160.69500000000002,460.69500000000005
14119,48,2.16,0.43200000000000005,150,183,1,150,39.528000000000006,189.52800000000002
649,48,28.67,5.734000000000001,150,50,1,150,143.35000000000002,293.35
25282,48,12.49,2.498,150,76,1,150,94.924,244.924
19000,48,6.66,1.332,150,104,1,150,69.26400000000001,219.264
17487,48,4.6,0.9199999999999999,150,125,1,150,57.49999999999999,207.5
13113,48,21.85,4.37,150,57,1,150,124.545,274.545
12188,48,1.99,0.398,150,190,1,150,37.81,187.81
35650,48,12.92,2.584,150,75,1,150,96.9,246.9
2946,48,62.01,12.402000000000001,150,34,2,300,210.834,510.834
13767,48,9.45,1.89,150,87,1,150,82.21499999999999,232.21499999999997
10235,48,6.89,1.3780000000000001,150,102,1,150,70.278,220.27800000000002
26739,48,27.58,5.516,150,51,1,150,140.658,290.658
3324,47,37.31,7.462000000000001,150,43,2,300,160.43300000000002,460.433
36510,47,7.89,1.578,150,95,1,150,74.955,224.95499999999998
24119,47,8.55,1.7100000000000002,150,91,1,150,77.805,227.805
19799,47,32.89,6.578,150,46,2,300,151.294,451.294
42167,47,8.6,1.72,150,91,1,150,78.26,228.26
8458,47,26.27,5.2540000000000004,150,52,1,150,136.604,286.60400000000004
34525,47,16.54,3.308,150,65,1,150,107.50999999999999,257.51
2270,47,54.34,10.868000000000002,150,36,2,300,195.62400000000002,495.624
40454,47,5.29,1.058,150,115,1,150,60.835,210.835
31119,47,26.66,5.332000000000001,150,51,1,150,135.966,285.966
34971,47,16.66,3.3320000000000003,150,65,1,150,108.29,258.29
11437,47,10.73,2.1460000000000004,150,81,1,150,86.91300000000001,236.913
14538,47,12.07,2.414,150,76,1,150,91.732,241.732
12310,47,12.24,2.4480000000000004,150,76,1,150,93.02400000000002,243.024
23147,47,7.99,1.598,150,94,1,150,75.10600000000001,225.106
24047,47,5.8,1.16,150,110,1,150,63.8,213.8
1296,47,20.6,4.12,150,59,1,150,121.54,271.54
27911,47,10.38,2.076,150,82,1,150,85.116,235.11599999999999
18909,47,9.65,1.9300000000000002,150,85,1,150,82.025,232.025
5925,47,14.05,2.8100000000000005,150,71,1,150,99.75500000000002,249.75500000000002
3601,47,26.61,5.322,150,51,1,150,135.711,285.711
18109,47,4.36,0.8720000000000001,150,127,1,150,55.37200000000001,205.372
4160,47,15.5,3.1,150,67,1,150,103.85000000000001,253.85000000000002
2770,47,31.0,6.2,150,48,1,150,148.8,298.8
25714,47,38.35,7.670000000000001,150,43,2,300,164.90500000000003,464.90500000000003
1020,47,18.11,3.622,150,62,1,150,112.282,262.282
39450,47,23.8,4.760000000000001,150,54,1,150,128.52,278.52
18332,47,8.66,1.7320000000000002,150,90,1,150,77.94000000000001,227.94
21672,47,11.33,2.266,150,79,1,150,89.507,239.507
2082,46,74.07,14.814,150,31,2,300,229.617,529.617
15745,46,14.28,2.856,150,70,1,150,99.96,249.95999999999998
12478,46,10.96,2.192,150,79,1,150,86.584,236.584
4034,46,26.66,5.332000000000001,150,51,1,150,135.966,285.966
24798,46,8.38,1.6760000000000002,150,91,1,150,76.25800000000001,226.258
2906,46,72.99,14.597999999999999,150,31,2,300,226.26899999999998,526.269
3239,46,7.8,1.56,150,94,1,150,73.32000000000001,223.32
13123,46,8.72,1.7440000000000002,150,89,1,150,77.608,227.608
39518,46,16.23,3.2460000000000004,150,65,1,150,105.49500000000002,255.495
33987,46,6.53,1.306,150,103,1,150,67.259,217.25900000000001
1038,46,16.41,3.282,150,65,1,150,106.665,256.665
17866,46,8.9,1.7800000000000002,150,88,1,150,78.32000000000001,228.32
25157,46,10.27,2.054,150,82,1,150,84.214,234.214
2604,46,73.52,14.704,150,31,2,300,227.912,527.912
42264,46,32.67,6.534000000000001,150,46,1,150,150.282,300.28200000000004
18741,46,9.8,1.9600000000000002,150,84,1,150,82.32000000000001,232.32
19850,46,7.53,1.5060000000000002,150,96,1,150,72.28800000000001,222.288
8565,46,7.87,1.574,150,94,1,150,73.97800000000001,223.978
25609,46,16.43,3.286,150,65,1,150,106.795,256.795
36376,46,10.52,2.104,150,81,1,150,85.212,235.212
37790,46,16.88,3.376,150,64,1,150,108.032,258.032
45203,45,5.12,1.024,150,115,1,150,58.88,208.88
281,45,7.14,1.428,150,97,1,150,69.258,219.25799999999998
16165,45,9.45,1.89,150,85,1,150,80.325,230.325
38165,45,6.53,1.306,150,102,1,150,66.60600000000001,216.606
4259,45,7.74,1.548,150,93,1,150,71.982,221.982
3681,45,23.07,4.614,150,54,1,150,124.578,274.578
10916,45,9.39,1.8780000000000001,150,85,1,150,79.815,229.815
21381,45,9.03,1.806,150,86,1,150,77.658,227.65800000000002
669,45,26.84,5.368,150,50,1,150,134.20000000000002,284.20000000000005
3406,45,10.78,2.156,150,79,1,150,85.162,235.162
14657,45,8.49,1.6980000000000002,150,89,1,150,75.561,225.561
24014,45,9.08,1.816,150,86,1,150,78.08800000000001,228.08800000000002
16290,45,3.24,0.6480000000000001,150,144,1,150,46.656000000000006,196.656
20409,45,9.86,1.972,150,83,1,150,81.838,231.838
12235,45,13.99,2.798,150,69,1,150,96.531,246.531
24540,45,13.79,2.758,150,70,1,150,96.53,246.53
12415,45,6.12,1.2240000000000002,150,105,1,150,64.26,214.26
14929,45,5.47,1.094,150,111,1,150,60.717000000000006,210.717
33767,45,7.14,1.428,150,97,1,150,69.258,219.25799999999998
2748,45,240.59,48.118,150,17,3,450,409.00300000000004,859.003
33581,44,6.75,1.35,150,99,1,150,66.825,216.825
13724,44,7.14,1.428,150,96,1,150,68.544,218.54399999999998
17984,44,9.86,1.972,150,82,1,150,80.852,230.852
29433,44,13.79,2.758,150,69,1,150,95.151,245.151
36541,44,5.51,1.102,150,109,1,150,60.059000000000005,210.059
23801,44,10.66,2.132,150,79,1,150,84.214,234.214
35959,44,32.46,6.492000000000001,150,45,1,150,146.07000000000002,296.07000000000005
46816,44,6.8,1.36,150,99,1,150,67.32000000000001,217.32
14382,44,10.59,2.118,150,79,1,150,83.661,233.661
37048,44,26.84,5.368,150,50,1,150,134.20000000000002,284.20000000000005
23394,44,6.75,1.35,150,99,1,150,66.825,216.825
38726,44,4.66,0.932,150,119,1,150,55.454,205.454
3615,44,11.02,2.204,150,77,1,150,84.85400000000001,234.854
2262,44,21.2,4.24,150,56,1,150,118.72,268.72
21442,44,8.66,1.7320000000000002,150,87,1,150,75.34200000000001,225.342
22087,44,13.79,2.758,150,69,1,150,95.151,245.151
18396,44,12.98,2.596,150,71,1,150,92.158,242.15800000000002
6257,44,9.86,1.972,150,82,1,150,80.852,230.852
14799,44,12.9,2.58,150,72,1,150,92.88,242.88
3929,44,31.15,6.23,150,46,1,150,143.29000000000002,293.29
15233,44,29.21,5.8420000000000005,150,48,1,150,140.20800000000003,290.208
29129,44,6.45,1.29,150,101,1,150,65.145,215.14499999999998
36371,44,6.84,1.368,150,98,1,150,67.03200000000001,217.032
14300,44,7.43,1.486,150,94,1,150,69.842,219.84199999999998
19549,44,8.66,1.7320000000000002,150,87,1,150,75.34200000000001,225.342
13491,44,7.28,1.4560000000000002,150,95,1,150,69.16000000000001,219.16000000000003
17146,44,9.08,1.816,150,85,1,150,77.18,227.18
664,44,54.01,10.802,150,35,2,300,189.035,489.03499999999997
13553,44,25.34,5.0680000000000005,150,51,1,150,129.234,279.23400000000004
2250,44,9.69,1.938,150,83,1,150,80.42699999999999,230.427
4274,43,22.21,4.442,150,54,1,150,119.934,269.93399999999997
16189,43,17.87,3.5740000000000003,150,60,1,150,107.22000000000001,257.22
13565,43,5.51,1.102,150,108,1,150,59.508,209.508
18837,43,8.66,1.7320000000000002,150,86,1,150,74.47600000000001,224.476
36850,43,9.52,1.904,150,82,1,150,78.064,228.064
18748,43,5.6,1.1199999999999999,150,107,1,150,59.919999999999995,209.92
19855,43,19.47,3.894,150,58,1,150,112.926,262.926
11337,43,17.44,3.4880000000000004,150,61,1,150,106.38400000000001,256.384
3909,43,19.37,3.8740000000000006,150,58,1,150,112.34600000000002,262.346
35319,43,9.66,1.9320000000000002,150,82,1,150,79.212,229.212
36000,43,8.44,1.688,150,87,1,150,73.428,223.428
831,43,7.46,1.492,150,93,1,150,69.378,219.378
838,43,7.96,1.592,150,90,1,150,71.64,221.64
40658,43,20.54,4.108,150,56,1,150,115.02399999999999,265.024
24621,43,5.88,1.176,150,105,1,150,61.739999999999995,211.74
5681,43,23.8,4.760000000000001,150,52,1,150,123.76000000000002,273.76
525,43,31.0,6.2,150,46,1,150,142.6,292.6
3285,43,7.29,1.4580000000000002,150,94,1,150,68.52600000000001,218.526
10415,43,8.6,1.72,150,87,1,150,74.82,224.82
18901,43,6.07,1.2140000000000002,150,103,1,150,62.52100000000001,212.52100000000002
2368,43,108.52,21.704,150,24,2,300,260.448,560.448
5990,43,39.36,7.872,150,40,2,300,157.44,457.44
16824,42,13.15,2.6300000000000003,150,69,1,150,90.73500000000001,240.735
37156,42,4.1,0.82,150,124,1,150,50.839999999999996,200.84
8425,42,15.17,3.0340000000000003,150,64,1,150,97.08800000000001,247.08800000000002
20745,42,7.94,1.588,150,89,1,150,70.666,220.666
18014,42,13.6,2.72,150,68,1,150,92.48,242.48000000000002
16246,42,5.47,1.094,150,107,1,150,58.529,208.529
21311,42,26.84,5.368,150,48,1,150,128.832,278.832
15205,42,17.76,3.5520000000000005,150,60,1,150,106.56000000000002,256.56
44780,42,12.9,2.58,150,70,1,150,90.3,240.3
18278,42,16.1,3.2200000000000006,150,63,1,150,101.43000000000002,251.43
8708,42,4.62,0.924,150,117,1,150,54.054,204.054
46826,42,10.34,2.068,150,78,1,150,80.652,230.652
22696,42,6.66,1.332,150,97,1,150,64.602,214.602
31847,42,21.85,4.37,150,54,1,150,117.99000000000001,267.99
23148,42,7.48,1.4960000000000002,150,92,1,150,68.81600000000002,218.81600000000003
20000,42,7.18,1.436,150,94,1,150,67.49199999999999,217.492
24265,42,14.09,2.818,150,67,1,150,94.403,244.40300000000002
1048,42,5.11,1.022,150,111,1,150,56.721000000000004,206.721
21218,42,17.44,3.4880000000000004,150,60,1,150,104.64000000000001,254.64000000000001
1004,42,10.65,2.1300000000000003,150,77,1,150,82.00500000000001,232.005
3578,42,36.49,7.298000000000001,150,42,1,150,153.258,303.25800000000004
14096,42,21.37,4.274,150,54,1,150,115.398,265.398
19001,42,18.18,3.636,150,59,1,150,107.262,257.262
3046,42,35.81,7.162000000000001,150,42,1,150,150.40200000000002,300.40200000000004
12154,42,10.06,2.012,150,79,1,150,79.474,229.474
4421,42,8.2,1.64,150,88,1,150,72.16,222.16
17378,42,8.27,1.654,150,87,1,150,71.949,221.949
7193,42,8.91,1.782,150,84,1,150,74.844,224.844
19531,42,15.03,3.0060000000000002,150,65,1,150,97.69500000000001,247.695
16839,42,10.38,2.076,150,78,1,150,80.964,230.964
12212,42,10.52,2.104,150,77,1,150,81.004,231.00400000000002
36845,42,7.33,1.4660000000000002,150,93,1,150,68.16900000000001,218.169
3483,41,10.21,2.0420000000000003,150,78,1,150,79.638,229.638
44704,41,7.56,1.512,150,90,1,150,68.04,218.04000000000002
22270,41,27.02,5.404,150,48,1,150,129.696,279.696
11443,41,5.33,1.066,150,107,1,150,57.031000000000006,207.031
12024,41,11.56,2.3120000000000003,150,73,1,150,84.388,234.388
31621,41,6.62,1.324,150,96,1,150,63.55200000000001,213.55200000000002
40965,41,16.44,3.2880000000000003,150,61,1,150,100.284,250.284
5707,41,21.42,4.284000000000001,150,54,1,150,115.66800000000002,265.668
7219,41,30.46,6.0920000000000005,150,45,1,150,137.07000000000002,287.07000000000005
856,41,21.73,4.346,150,53,1,150,115.169,265.169
16989,41,6.07,1.2140000000000002,150,101,1,150,61.30700000000001,211.30700000000002
451,41,3.59,0.718,150,131,1,150,47.028999999999996,197.029
24603,41,20.13,4.026,150,55,1,150,110.71499999999999,260.715
2532,41,96.89,19.378,150,25,2,300,242.225,542.225
36154,41,19.99,3.9979999999999998,150,55,1,150,109.945,259.945
42797,41,10.64,2.128,150,76,1,150,80.864,230.864
15089,41,6.57,1.314,150,97,1,150,63.729,213.72899999999998
1042,41,5.34,1.068,150,107,1,150,57.138000000000005,207.138
17431,41,7.09,1.4180000000000001,150,93,1,150,65.93700000000001,215.937
4391,41,18.1,3.6200000000000006,150,58,1,150,104.98000000000002,254.98000000000002
17882,41,16.32,3.2640000000000002,150,61,1,150,99.552,249.55200000000002
37712,41,7.3,1.46,150,92,1,150,67.16,217.16
604,41,5.14,1.028,150,109,1,150,56.026,206.026
16657,41,7.23,1.4460000000000002,150,92,1,150,66.516,216.51600000000002
33578,41,9.86,1.972,150,79,1,150,77.894,227.894
4921,41,15.87,3.174,150,62,1,150,98.39399999999999,248.394
33028,41,30.4,6.08,150,45,1,150,136.8,286.8
15675,41,7.28,1.4560000000000002,150,92,1,150,66.97600000000001,216.976
46554,41,9.39,1.8780000000000001,150,81,1,150,76.059,226.059
21270,40,5.91,1.1820000000000002,150,101,1,150,59.69100000000001,209.691
24049,40,5.91,1.1820000000000002,150,101,1,150,59.69100000000001,209.691
24056,40,12.74,2.548,150,69,1,150,87.906,237.906
18533,40,10.27,2.054,150,76,1,150,78.05199999999999,228.052
9140,40,16.29,3.258,150,61,1,150,99.369,249.369
17945,40,6.53,1.306,150,96,1,150,62.688,212.688
18529,40,5.1,1.02,150,108,1,150,55.08,205.07999999999998
1230,40,3.17,0.634,150,138,1,150,43.746,193.746
2667,40,14.39,2.878,150,65,1,150,93.535,243.535
42456,40,19.35,3.8700000000000006,150,56,1,150,108.36000000000001,258.36
23351,40,4.89,0.978,150,111,1,150,54.278999999999996,204.279
1672,40,15.99,3.1980000000000004,150,61,1,150,97.53900000000002,247.53900000000002
2156,40,26.92,5.384,150,47,1,150,126.524,276.524
12429,40,9.08,1.816,150,81,1,150,73.548,223.548
14631,40,23.83,4.766,150,50,1,150,119.15,269.15
20427,40,11.4,2.2800000000000002,150,73,1,150,83.22000000000001,233.22000000000003
2200,40,10.78,2.156,150,75,1,150,80.85000000000001,230.85000000000002
22822,40,8.21,1.6420000000000003,150,85,1,150,69.78500000000001,219.78500000000003
20324,40,7.99,1.598,150,87,1,150,69.513,219.513
2625,40,43.16,8.632,150,37,2,300,159.692,459.692
17915,40,5.8,1.16,150,102,1,150,59.16,209.16
35801,40,6.12,1.2240000000000002,150,99,1,150,60.58800000000001,210.58800000000002
217,40,14.7,2.94,150,64,1,150,94.08,244.07999999999998
19443,40,14.33,2.866,150,65,1,150,93.14500000000001,243.145
36844,40,9.26,1.852,150,80,1,150,74.08,224.07999999999998
27798,40,6.49,1.298,150,96,1,150,62.304,212.304
547,40,10.31,2.0620000000000003,150,76,1,150,78.35600000000001,228.356
25200,40,8.78,1.756,150,83,1,150,72.874,222.874
17325,40,13.69,2.738,150,66,1,150,90.354,240.35399999999998
4326,39,22.38,4.476,150,51,1,150,114.138,264.13800000000003
25917,39,6.07,1.2140000000000002,150,98,1,150,59.48600000000001,209.48600000000002
42018,39,7.94,1.588,150,86,1,150,68.284,218.284
21428,39,9.45,1.89,150,79,1,150,74.655,224.655
3652,39,37.79,7.558,150,39,1,150,147.381,297.381
1542,39,22.72,4.544,150,51,1,150,115.87199999999999,265.87199999999996
39764,39,18.29,3.658,150,57,1,150,104.253,254.253
45090,39,8.05,1.6100000000000003,150,85,1,150,68.42500000000001,218.425
14655,39,6.53,1.306,150,95,1,150,62.035000000000004,212.035
22338,39,17.1,3.4200000000000004,150,58,1,150,99.18,249.18
20748,39,34.48,6.896,150,41,1,150,141.368,291.368
33216,39,5.86,1.1720000000000002,150,100,1,150,58.60000000000001,208.60000000000002
2597,39,14.38,2.8760000000000003,150,64,1,150,92.03200000000001,242.032
24786,39,159.73,31.945999999999998,150,19,3,450,303.48699999999997,753.487
18174,39,7.14,1.428,150,91,1,150,64.974,214.974
24416,39,8.44,1.688,150,83,1,150,70.05199999999999,220.052
2650,39,19.68,3.936,150,55,1,150,108.24,258.24
16931,39,109.93,21.986000000000004,150,23,2,300,252.83900000000006,552.839
555,39,21.73,4.346,150,52,1,150,112.99600000000001,262.996
15357,39,6.89,1.3780000000000001,150,92,1,150,63.388000000000005,213.388
1392,39,10.6,2.12,150,74,1,150,78.44,228.44
36625,39,14.18,2.8360000000000003,150,64,1,150,90.75200000000001,240.752
2563,39,34.61,6.922000000000001,150,41,1,150,141.901,291.901
10732,39,9.8,1.9600000000000002,150,77,1,150,75.46000000000001,225.46
25285,39,12.49,2.498,150,68,1,150,84.932,234.93200000000002
4784,39,13.23,2.6460000000000004,150,66,1,150,87.31800000000001,237.318
39209,39,7.53,1.5060000000000002,150,88,1,150,66.26400000000001,216.264
38953,39,8.27,1.654,150,84,1,150,69.46799999999999,219.468
20096,39,5.88,1.176,150,100,1,150,58.8,208.8
25338,39,32.46,6.492000000000001,150,42,1,150,136.33200000000002,286.332
865,39,5.5,1.1,150,103,1,150,56.650000000000006,206.65
5808,39,38.12,7.624,150,39,1,150,148.668,298.668
7537,38,70.86,14.172,150,28,2,300,198.40800000000002,498.408
24208,38,6.07,1.2140000000000002,150,97,1,150,58.87900000000001,208.87900000000002
24099,38,2.62,0.524,150,147,1,150,38.514,188.514
18000,38,2.75,0.55,150,144,1,150,39.6,189.6
16646,38,24.18,4.836,150,49,1,150,118.48200000000001,268.482
15552,38,8.05,1.6100000000000003,150,84,1,150,67.62000000000002,217.62
41348,38,12.16,2.4320000000000004,150,68,1,150,82.68800000000002,232.68800000000002
779,38,9.55,1.9100000000000001,150,77,1,150,73.53500000000001,223.53500000000003
42275,38,12.9,2.58,150,66,1,150,85.14,235.14
30638,38,9.52,1.904,150,77,1,150,73.304,223.304
10470,38,11.4,2.2800000000000002,150,71,1,150,80.94000000000001,230.94
34580,38,18.82,3.7640000000000002,150,55,1,150,103.51,253.51
9439,38,21.47,4.294,150,52,1,150,111.64399999999999,261.644
2238,38,18.93,3.786,150,55,1,150,104.115,254.115
12428,38,41.37,8.274,150,37,2,300,153.069,453.06899999999996
3199,38,34.3,6.859999999999999,150,41,1,150,140.63,290.63
7917,38,6.92,1.3840000000000001,150,91,1,150,62.97200000000001,212.972
484,38,16.79,3.358,150,58,1,150,97.382,247.382
2433,38,91.9,18.380000000000003,150,25,2,300,229.75000000000003,529.75
6892,38,3.39,0.678,150,130,1,150,44.07,194.07
25256,38,11.1,2.22,150,72,1,150,79.92,229.92000000000002
21002,38,7.74,1.548,150,86,1,150,66.56400000000001,216.56400000000002
33768,38,14.47,2.894,150,63,1,150,91.161,241.161
8348,38,13.95,2.79,150,64,1,150,89.28,239.28
22524,38,18.82,3.7640000000000002,150,55,1,150,103.51,253.51
18806,38,36.42,7.284000000000001,150,40,1,150,145.68,295.68
22632,38,7.48,1.4960000000000002,150,87,1,150,65.07600000000001,215.07600000000002
22617,38,6.8,1.36,150,92,1,150,62.56,212.56
14666,38,11.68,2.336,150,70,1,150,81.75999999999999,231.76
19486,38,11.76,2.352,150,70,1,150,82.32,232.32
21884,38,2.36,0.472,150,155,1,150,36.58,186.57999999999998
24024,38,13.69,2.738,150,65,1,150,88.985,238.985
13594,38,8.16,1.6320000000000001,150,84,1,150,68.54400000000001,218.544
38137,38,19.99,3.9979999999999998,150,53,1,150,105.94699999999999,255.947
200,38,23.43,4.686,150,49,1,150,114.807,264.807
45185,38,9.08,1.816,150,79,1,150,71.732,221.732
24432,37,5.95,1.1900000000000002,150,97,1,150,57.71500000000001,207.715
2502,37,26.92,5.384,150,45,1,150,121.14000000000001,271.14
1148,37,5.26,1.052,150,103,1,150,54.178000000000004,204.178
19392,37,9.93,1.986,150,75,1,150,74.475,224.475
4121,37,22.21,4.442,150,50,1,150,111.05000000000001,261.05
24703,37,15.43,3.0860000000000003,150,60,1,150,92.58000000000001,242.58
25253,37,10.52,2.104,150,73,1,150,76.796,226.796
19242,37,6.95,1.3900000000000001,150,89,1,150,61.855000000000004,211.85500000000002
8337,37,12.4,2.4800000000000004,150,67,1,150,83.08000000000001,233.08
24580,37,12.25,2.45,150,67,1,150,82.075,232.075
42385,37,3.65,0.73,150,123,1,150,44.894999999999996,194.89499999999998
8237,37,74.62,14.924000000000001,150,27,2,300,201.47400000000002,501.47400000000005
2790,37,24.44,4.888000000000001,150,48,1,150,117.31200000000001,267.312
2781,37,44.11,8.822000000000001,150,35,2,300,154.38500000000002,454.385
13395,37,9.2,1.8399999999999999,150,78,1,150,71.75999999999999,221.76
18613,37,9.33,1.866,150,77,1,150,71.84100000000001,221.841
22854,37,8.27,1.654,150,82,1,150,67.814,217.814
3737,37,12.4,2.4800000000000004,150,67,1,150,83.08000000000001,233.08
16468,37,7.79,1.558,150,84,1,150,65.436,215.436
44493,37,31.07,6.214,150,42,1,150,130.494,280.494
23172,37,20.4,4.08,150,52,1,150,106.08,256.08
12204,37,4.02,0.8039999999999999,150,117,1,150,47.034,197.034
31195,37,17.53,3.5060000000000002,150,56,1,150,98.168,248.168
35123,37,21.76,4.352,150,51,1,150,110.97600000000001,260.976
2512,37,25.36,5.072,150,47,1,150,119.19200000000001,269.192
3408,37,15.62,3.124,150,60,1,150,93.72,243.72
9116,37,18.51,3.7020000000000004,150,55,1,150,101.805,251.805
16860,37,13.51,2.702,150,64,1,150,86.464,236.464
44912,37,10.88,2.176,150,71,1,150,77.248,227.248
17024,37,8.72,1.7440000000000002,150,80,1,150,69.76,219.76
14684,37,29.6,5.920000000000001,150,43,1,150,127.28000000000002,277.28000000000003
5468,37,45.11,9.022,150,35,2,300,157.885,457.885
16782,37,24.5,4.9,150,48,1,150,117.60000000000001,267.6
8875,37,15.33,3.0660000000000003,150,60,1,150,91.98,241.98000000000002
2990,36,15.99,3.1980000000000004,150,58,1,150,92.74200000000002,242.74200000000002
18744,36,7.58,1.516,150,84,1,150,63.672,213.672
884,36,7.08,1.4160000000000001,150,87,1,150,61.596000000000004,211.596
788,36,11.19,2.238,150,69,1,150,77.211,227.211
23366,36,9.26,1.852,150,76,1,150,70.376,220.376
24418,36,9.26,1.852,150,76,1,150,70.376,220.376
22007,36,10.8,2.16,150,71,1,150,76.68,226.68
25557,36,9.8,1.9600000000000002,150,74,1,150,72.52000000000001,222.52
26876,36,54.05,10.81,150,32,2,300,172.96,472.96000000000004
24557,36,8.78,1.756,150,78,1,150,68.484,218.48399999999998
15076,36,7.74,1.548,150,84,1,150,65.016,215.01600000000002
2096,36,78.12,15.624000000000002,150,26,2,300,203.11200000000002,503.112
21252,36,8.05,1.6100000000000003,150,82,1,150,66.01000000000002,216.01000000000002
21260,36,8.78,1.756,150,78,1,150,68.484,218.48399999999998
46590,36,8.38,1.6760000000000002,150,80,1,150,67.04,217.04000000000002
8720,36,5.96,1.192,150,95,1,150,56.62,206.62
25643,36,7.89,1.578,150,83,1,150,65.48700000000001,215.48700000000002
22043,36,2.54,0.508,150,146,1,150,37.084,187.084
13552,36,31.72,6.344,150,41,1,150,130.052,280.052
21975,36,8.49,1.6980000000000002,150,80,1,150,67.92,217.92000000000002
38853,36,3.39,0.678,150,126,1,150,42.714000000000006,192.714
21960,36,4.02,0.8039999999999999,150,116,1,150,46.632,196.632
19316,36,9.99,1.9980000000000002,150,74,1,150,73.926,223.926
35747,36,9.33,1.866,150,76,1,150,70.908,220.90800000000002
13619,36,12.07,2.414,150,67,1,150,80.869,230.869
17473,36,5.62,1.124,150,98,1,150,55.07600000000001,205.07600000000002
3892,36,2.18,0.43600000000000005,150,157,1,150,34.226000000000006,184.226
11366,36,6.07,1.2140000000000002,150,94,1,150,57.05800000000001,207.058
28223,36,10.38,2.076,150,72,1,150,74.736,224.736
15362,36,10.8,2.16,150,71,1,150,76.68,226.68
2982,36,52.23,10.446,150,32,2,300,167.136,467.13599999999997
42753,36,2.6,0.52,150,144,1,150,37.44,187.44
16869,36,4.57,0.9140000000000001,150,109,1,150,49.81300000000001,199.81300000000002
24812,36,8.78,1.756,150,78,1,150,68.484,218.48399999999998
14413,36,2.59,0.518,150,144,1,150,37.296,187.296
37152,36,12.9,2.58,150,65,1,150,83.85000000000001,233.85000000000002
27488,36,8.84,1.768,150,78,1,150,68.952,218.952
1740,36,40.71,8.142000000000001,150,36,1,150,146.556,296.55600000000004
22919,36,12.92,2.584,150,65,1,150,83.98,233.98000000000002
8289,36,43.79,8.758000000000001,150,35,2,300,153.26500000000001,453.265
21419,36,5.47,1.094,150,99,1,150,54.153000000000006,204.15300000000002
6891,36,3.42,0.684,150,126,1,150,43.092000000000006,193.092
3185,36,35.33,7.066,150,39,1,150,137.787,287.78700000000003
6754,36,4.72,0.944,150,107,1,150,50.504,200.504
7874,36,3.99,0.798,150,116,1,150,46.284000000000006,196.284
19831,36,6.84,1.368,150,89,1,150,60.876000000000005,210.876
19989,36,5.26,1.052,150,101,1,150,53.126000000000005,203.126
38852,36,3.28,0.656,150,128,1,150,41.984,191.984
25465,36,39.99,7.998000000000001,150,37,1,150,147.96300000000002,297.963
2207,36,46.15,9.23,150,34,2,300,156.91,456.90999999999997
11932,36,18.29,3.658,150,54,1,150,98.76599999999999,248.766
5838,36,17.85,3.5700000000000003,150,55,1,150,98.17500000000001,248.175
23832,36,5.91,1.1820000000000002,150,96,1,150,56.736000000000004,206.736
24292,36,7.48,1.4960000000000002,150,85,1,150,63.58000000000001,213.58
21420,36,5.36,1.072,150,100,1,150,53.6,203.6
17520,35,1.97,0.394,150,163,1,150,32.111000000000004,182.111
26497,35,11.61,2.322,150,67,1,150,77.787,227.787
18788,35,10.27,2.054,150,71,1,150,72.91699999999999,222.91699999999997
15981,35,9.33,1.866,150,75,1,150,69.97500000000001,219.97500000000002
3770,35,14.17,2.834,150,61,1,150,86.437,236.437
23432,35,10.59,2.118,150,70,1,150,74.13,224.13
16146,35,12.83,2.5660000000000003,150,64,1,150,82.11200000000001,232.11200000000002
1591,35,9.92,1.984,150,73,1,150,72.416,222.416
26944,35,18.18,3.636,150,54,1,150,98.172,248.172
6446,35,9.8,1.9600000000000002,150,73,1,150,71.54,221.54000000000002
22294,35,17.23,3.446,150,55,1,150,94.765,244.765
18971,35,15.64,3.128,150,58,1,150,90.712,240.712
7891,35,35.96,7.192,150,38,1,150,136.648,286.648
8043,35,4.47,0.894,150,108,1,150,48.276,198.276
25258,35,8.72,1.7440000000000002,150,78,1,150,68.016,218.01600000000002
25259,35,7.09,1.4180000000000001,150,86,1,150,60.974000000000004,210.974
39219,35,9.08,1.816,150,76,1,150,69.008,219.00799999999998
38859,35,32.46,6.492000000000001,150,40,1,150,129.84000000000003,279.84000000000003
2942,35,27.12,5.424,150,44,1,150,119.328,269.328
12387,35,10.8,2.16,150,70,1,150,75.60000000000001,225.60000000000002
4355,35,19.91,3.982,150,51,1,150,101.54100000000001,251.541
14209,35,15.58,3.116,150,58,1,150,90.364,240.364
32805,35,16.12,3.224,150,57,1,150,91.884,241.88400000000001
16178,35,5.95,1.1900000000000002,150,94,1,150,55.93000000000001,205.93
21849,35,11.72,2.3440000000000003,150,67,1,150,78.52400000000002,228.524
45334,35,6.66,1.332,150,89,1,150,59.274,209.274
1987,35,13.66,2.732,150,62,1,150,84.69200000000001,234.692
2109,34,64.74,12.948,150,28,2,300,181.272,481.272
35358,34,9.05,1.8100000000000003,150,75,1,150,67.87500000000001,217.875
23877,34,7.38,1.476,150,83,1,150,61.254,211.254
30713,34,11.18,2.236,150,68,1,150,76.024,226.024
46555,34,5.84,1.168,150,93,1,150,54.312,204.312
23946,34,13.6,2.72,150,61,1,150,82.96000000000001,232.96
24050,34,8.9,1.7800000000000002,150,76,1,150,67.64000000000001,217.64000000000001
8282,34,0.71,0.142,150,268,1,150,19.028,169.028
18800,34,8.27,1.654,150,79,1,150,65.333,215.333
21364,34,10.34,2.068,150,70,1,150,72.38,222.38
21369,34,14.76,2.952,150,59,1,150,87.084,237.084
2647,34,41.3,8.26,150,35,1,150,144.54999999999998,294.54999999999995
36087,34,25.16,5.032,150,45,1,150,113.22,263.22
8065,34,0.77,0.15400000000000003,150,257,1,150,19.789000000000005,169.78900000000002
45599,34,11.72,2.3440000000000003,150,66,1,150,77.352,227.352
15888,34,4.05,0.81,150,112,1,150,45.36,195.36
1012,34,25.73,5.146000000000001,150,45,1,150,115.78500000000003,265.785
23510,34,7.14,1.428,150,85,1,150,60.69,210.69
2991,34,36.49,7.298000000000001,150,37,1,150,135.013,285.01300000000003
42801,34,11.03,2.206,150,68,1,150,75.004,225.00400000000002
3460,34,41.04,8.208,150,35,1,150,143.64000000000001,293.64
27097,34,51.72,10.344000000000001,150,31,2,300,160.33200000000002,460.332
39550,34,8.6,1.72,150,77,1,150,66.22,216.22
6568,34,3.22,0.6440000000000001,150,126,1,150,40.57200000000001,190.572
19865,34,13.01,2.6020000000000003,150,63,1,150,81.96300000000001,231.96300000000002
40296,34,13.72,2.744,150,61,1,150,83.69200000000001,233.692
25514,34,33.78,6.756,150,39,1,150,131.74200000000002,281.742
19031,34,7.79,1.558,150,81,1,150,63.099000000000004,213.099
24929,34,11.84,2.368,150,66,1,150,78.14399999999999,228.144
24727,34,34.86,6.972,150,38,1,150,132.46800000000002,282.468
41409,34,12.41,2.482,150,64,1,150,79.424,229.424
804,34,11.56,2.3120000000000003,150,66,1,150,76.296,226.296
600,34,5.21,1.042,150,99,1,150,51.579,201.579
3350,34,12.3,2.4600000000000004,150,64,1,150,78.72000000000001,228.72000000000003
27065,33,23.48,4.696000000000001,150,46,1,150,108.00800000000001,258.00800000000004
24301,33,5.47,1.094,150,95,1,150,51.965,201.965
11156,33,6.07,1.2140000000000002,150,90,1,150,54.63000000000001,204.63
2232,33,31.0,6.2,150,40,1,150,124.0,274.0
16684,33,11.03,2.206,150,67,1,150,73.901,223.901
10469,33,10.32,2.064,150,69,1,150,71.208,221.208
32303,33,8.16,1.6320000000000001,150,78,1,150,63.648,213.648
14972,33,21.47,4.294,150,48,1,150,103.05599999999998,253.05599999999998
4029,33,20.43,4.086,150,49,1,150,100.10700000000001,250.10700000000003
22298,33,8.06,1.612,150,78,1,150,62.868,212.868
453,33,21.01,4.202000000000001,150,49,1,150,102.94900000000003,252.949
24817,33,13.1,2.62,150,61,1,150,79.91,229.91
16592,33,11.18,2.236,150,67,1,150,74.906,224.906
2717,33,43.38,8.676,150,34,1,150,147.492,297.49199999999996
2940,33,65.64,13.128,150,27,2,300,177.228,477.228
23858,33,14.48,2.8960000000000004,150,58,1,150,83.98400000000001,233.984
16868,33,11.84,2.368,150,65,1,150,76.96,226.95999999999998
43615,33,11.84,2.368,150,65,1,150,76.96,226.95999999999998
3778,33,34.3,6.859999999999999,150,38,1,150,130.33999999999997,280.34
25708,33,21.85,4.37,150,48,1,150,104.88,254.88
18095,33,10.38,2.076,150,69,1,150,71.622,221.622
3565,33,25.98,5.196000000000001,150,44,1,150,114.31200000000001,264.312
12165,33,15.03,3.0060000000000002,150,57,1,150,85.671,235.671
22326,33,13.42,2.684,150,61,1,150,81.86200000000001,231.86200000000002
18578,33,52.62,10.524000000000001,150,31,2,300,163.122,463.122
39334,33,10.45,2.09,150,69,1,150,72.10499999999999,222.105
3884,33,25.92,5.184000000000001,150,44,1,150,114.04800000000003,264.048
39977,33,6.84,1.368,150,85,1,150,58.14000000000001,208.14000000000001
46485,32,35.94,7.188,150,37,1,150,132.978,282.978
21117,32,5.51,1.102,150,93,1,150,51.243,201.243
25796,32,23.02,4.604,150,46,1,150,105.892,255.892
22508,32,20.68,4.136,150,48,1,150,99.26400000000001,249.264
45331,32,7.28,1.4560000000000002,150,81,1,150,58.96800000000001,208.96800000000002
38355,32,9.86,1.972,150,70,1,150,69.02,219.01999999999998
24546,32,2.66,0.532,150,134,1,150,35.644000000000005,185.644
21323,32,6.16,1.2320000000000002,150,88,1,150,54.20800000000001,204.20800000000003
26248,32,132.44,26.488,150,19,2,300,251.636,551.636
35577,32,6.66,1.332,150,85,1,150,56.61000000000001,206.61
18357,32,6.62,1.324,150,85,1,150,56.27,206.27
2929,32,19.54,3.908,150,50,1,150,97.7,247.7
23827,32,9.93,1.986,150,70,1,150,69.51,219.51
44922,32,22.81,4.562,150,46,1,150,104.926,254.926
21000,32,27.62,5.524000000000001,150,42,1,150,116.00400000000002,266.004
4899,32,14.28,2.856,150,58,1,150,82.824,232.824
16242,32,3.24,0.6480000000000001,150,122,1,150,39.528000000000006,189.52800000000002
21983,32,11.68,2.336,150,64,1,150,74.752,224.752
6477,32,7.8,1.56,150,78,1,150,60.84,210.84
4527,32,26.92,5.384,150,42,1,150,113.06400000000001,263.064
15426,32,6.45,1.29,150,86,1,150,55.47,205.47
834,32,7.68,1.536,150,79,1,150,60.672000000000004,210.672
22353,32,30.51,6.102,150,40,1,150,122.04,272.04
22318,32,27.92,5.5840000000000005,150,41,1,150,114.47200000000001,264.472
1050,32,32.84,6.568000000000001,150,38,1,150,124.79200000000003,274.79200000000003
19977,32,7.58,1.516,150,80,1,150,60.64,210.64
1059,32,3.4,0.68,150,119,1,150,40.46,190.46
4353,32,26.8,5.36,150,42,1,150,112.56,262.56
21410,32,13.1,2.62,150,61,1,150,79.91,229.91
24193,32,14.19,2.838,150,58,1,150,82.302,232.30200000000002
46111,32,6.8,1.36,150,84,1,150,57.120000000000005,207.12
43430,32,6.7,1.34,150,85,1,150,56.95,206.95
40456,32,9.33,1.866,150,72,1,150,67.176,217.176
4978,32,7.24,1.4480000000000002,150,81,1,150,58.644000000000005,208.644
25211,32,8.49,1.6980000000000002,150,75,1,150,63.675000000000004,213.675
22800,32,10.59,2.118,150,67,1,150,70.953,220.953
39842,32,5.99,1.1980000000000002,150,90,1,150,53.91000000000001,203.91000000000003
10267,32,24.65,4.93,150,44,1,150,108.46,258.46
18783,32,5.86,1.1720000000000002,150,91,1,150,53.32600000000001,203.32600000000002
21783,32,8.7,1.74,150,74,1,150,64.38,214.38
1416,32,19.83,3.9659999999999997,150,49,1,150,97.16699999999999,247.16699999999997
41215,32,9.86,1.972,150,70,1,150,69.02,219.01999999999998
23386,32,12.58,2.516,150,62,1,150,77.996,227.99599999999998
16538,32,8.6,1.72,150,75,1,150,64.5,214.5
22568,32,17.0,3.4000000000000004,150,53,1,150,90.10000000000001,240.10000000000002
12224,31,6.57,1.314,150,84,1,150,55.188,205.188
29427,31,45.26,9.052,150,32,1,150,144.832,294.832
21533,31,5.13,1.026,150,95,1,150,48.735,198.735
90011,31,94.76,18.952,150,22,2,300,208.472,508.472
21534,31,6.66,1.332,150,84,1,150,55.944,205.94400000000002
5335,31,22.21,4.442,150,46,1,150,102.166,252.166
1999,31,34.88,6.976000000000001,150,37,1,150,129.056,279.05600000000004
6383,31,3.33,0.666,150,118,1,150,39.294000000000004,189.294
18974,31,32.67,6.534000000000001,150,38,1,150,124.14600000000002,274.146
32827,31,18.79,3.758,150,50,1,150,93.95,243.95
23159,31,17.56,3.512,150,51,1,150,89.556,239.55599999999998
14348,31,7.23,1.4460000000000002,150,80,1,150,57.84,207.84
21427,31,6.8,1.36,150,83,1,150,56.440000000000005,206.44
36766,31,10.95,2.19,150,65,1,150,71.175,221.175
23297,31,14.76,2.952,150,56,1,150,82.656,232.656
19827,31,11.18,2.236,150,64,1,150,71.552,221.55200000000002
20598,31,10.88,2.176,150,65,1,150,70.72,220.72
3416,31,10.78,2.156,150,66,1,150,71.14800000000001,221.14800000000002
36539,31,5.33,1.066,150,93,1,150,49.569,199.56900000000002
4575,31,19.37,3.8740000000000006,150,49,1,150,94.91300000000001,244.913
39974,31,9.26,1.852,150,71,1,150,65.74600000000001,215.746
24993,31,12.92,2.584,150,60,1,150,77.52,227.51999999999998
18629,31,13.79,2.758,150,58,1,150,79.982,229.982
22902,31,11.1,2.22,150,65,1,150,72.15,222.15
10972,31,11.76,2.352,150,63,1,150,74.088,224.088
24992,31,36.18,7.236000000000001,150,36,1,150,130.24800000000002,280.24800000000005
25467,31,17.23,3.446,150,52,1,150,89.596,239.596
24876,31,13.15,2.6300000000000003,150,59,1,150,77.58500000000001,227.585
1033,31,23.07,4.614,150,45,1,150,103.815,253.815
529,31,5.61,1.122,150,91,1,150,51.051,201.051
2908,31,53.84,10.768,150,29,2,300,156.13600000000002,456.136
11209,31,8.78,1.756,150,73,1,150,64.094,214.094
23535,31,16.89,3.378,150,52,1,150,87.828,237.828
833,31,7.99,1.598,150,76,1,150,60.724000000000004,210.724
13045,31,3.83,0.766,150,110,1,150,42.13,192.13
8254,31,9.53,1.906,150,70,1,150,66.71,216.70999999999998
8965,31,39.85,7.970000000000001,150,34,1,150,135.49,285.49
1425,31,20.73,4.146,150,47,1,150,97.431,247.43099999999998
5737,31,13.38,2.676,150,59,1,150,78.94200000000001,228.942
22901,31,12.32,2.4640000000000004,150,61,1,150,75.15200000000002,225.15200000000002
44715,31,12.32,2.4640000000000004,150,61,1,150,75.15200000000002,225.15200000000002
17216,31,11.76,2.352,150,63,1,150,74.088,224.088
1025,31,5.26,1.052,150,94,1,150,49.444,199.44400000000002
18167,31,9.52,1.904,150,70,1,150,66.64,216.64
21338,31,12.98,2.596,150,60,1,150,77.88,227.88
25789,31,6.89,1.3780000000000001,150,82,1,150,56.498000000000005,206.498
21121,31,5.51,1.102,150,92,1,150,50.69200000000001,200.692
32136,31,29.41,5.882000000000001,150,40,1,150,117.64000000000001,267.64
46725,31,12.98,2.596,150,60,1,150,77.88,227.88
8544,31,12.21,2.442,150,62,1,150,75.702,225.702
120,30,10.44,2.088,150,66,1,150,68.904,218.904
21281,30,32.23,6.446,150,37,1,150,119.25099999999999,269.251
8447,30,16.92,3.3840000000000003,150,52,1,150,87.98400000000001,237.984
5056,30,5.55,1.11,150,90,1,150,49.95,199.95
284,30,53.43,10.686,150,29,2,300,154.947,454.947
5145,30,9.12,1.8239999999999998,150,70,1,150,63.839999999999996,213.84
8909,30,4.51,0.902,150,100,1,150,45.1,195.1
46141,30,12.98,2.596,150,59,1,150,76.58200000000001,226.582
25339,30,23.02,4.604,150,44,1,150,101.288,251.288
35960,30,20.26,4.0520000000000005,150,47,1,150,95.22200000000001,245.222
7780,30,34.58,6.916,150,36,1,150,124.488,274.488
20519,30,12.58,2.516,150,60,1,150,75.48,225.48000000000002
24022,30,10.06,2.012,150,67,1,150,67.402,217.402
20429,30,7.53,1.5060000000000002,150,77,1,150,57.98100000000001,207.981
39470,30,3.22,0.6440000000000001,150,118,1,150,37.99600000000001,187.996
1505,30,20.43,4.086,150,47,1,150,96.021,246.02100000000002
24775,30,8.9,1.7800000000000002,150,71,1,150,63.19000000000001,213.19
17119,30,10.66,2.132,150,65,1,150,69.29,219.29000000000002
1972,30,5.46,1.092,150,91,1,150,49.68600000000001,199.686
1798,30,51.09,10.218000000000002,150,30,1,150,153.27000000000004,303.27000000000004
20425,30,8.16,1.6320000000000001,150,74,1,150,60.38400000000001,210.38400000000001
24153,30,8.72,1.7440000000000002,150,72,1,150,62.784000000000006,212.784
29039,30,29.13,5.8260000000000005,150,39,1,150,113.60700000000001,263.607
10591,30,18.61,3.722,150,49,1,150,91.189,241.189
6426,30,9.08,1.816,150,70,1,150,63.56,213.56
10724,30,3.15,0.63,150,120,1,150,37.8,187.8
3070,30,16.53,3.3060000000000005,150,52,1,150,85.95600000000002,235.95600000000002
10621,30,11.56,2.3120000000000003,150,62,1,150,71.67200000000001,221.67200000000003
44106,30,9.86,1.972,150,68,1,150,67.048,217.048
8079,30,3.39,0.678,150,115,1,150,38.985,188.985
44033,30,3.24,0.6480000000000001,150,118,1,150,38.232000000000006,188.232
21615,30,4.79,0.9580000000000001,150,97,1,150,46.463,196.463
21517,30,5.06,1.012,150,94,1,150,47.564,197.564
38198,30,6.8,1.36,150,81,1,150,55.080000000000005,205.08
21363,30,13.42,2.684,150,58,1,150,77.836,227.836
17983,30,11.48,2.2960000000000003,150,63,1,150,72.32400000000001,222.324
22671,30,9.14,1.8280000000000003,150,70,1,150,63.98000000000001,213.98000000000002
3815,29,21.53,4.306,150,45,1,150,96.885,246.885
23512,29,7.41,1.4820000000000002,150,77,1,150,57.05700000000001,207.05700000000002
41032,29,11.56,2.3120000000000003,150,61,1,150,70.516,220.51600000000002
24650,29,77.23,15.446000000000002,150,24,2,300,185.35200000000003,485.35200000000003
4698,29,10.38,2.076,150,65,1,150,67.47,217.47
39981,29,7.99,1.598,150,74,1,150,59.126000000000005,209.126
10932,29,9.33,1.866,150,68,1,150,63.444,213.44400000000002
12511,29,9.67,1.9340000000000002,150,67,1,150,64.789,214.789
24963,29,15.17,3.0340000000000003,150,54,1,150,81.918,231.918
12253,29,5.22,1.044,150,91,1,150,47.502,197.502
585,29,22.55,4.510000000000001,150,44,1,150,99.22000000000001,249.22000000000003
12271,29,8.66,1.7320000000000002,150,71,1,150,61.486000000000004,211.486
41144,29,6.12,1.2240000000000002,150,84,1,150,51.40800000000001,201.40800000000002
45424,29,11.1,2.22,150,63,1,150,69.93,219.93
24305,29,11.18,2.236,150,62,1,150,69.316,219.316
1000,29,11.62,2.324,150,61,1,150,70.88199999999999,220.882
17617,29,10.34,2.068,150,65,1,150,67.21000000000001,217.21
13427,29,16.23,3.2460000000000004,150,52,1,150,84.39600000000002,234.39600000000002
45035,29,22.87,4.574000000000001,150,44,1,150,100.62800000000001,250.62800000000001
37849,29,62.06,12.412,150,26,2,300,161.35600000000002,461.356
109,29,4.95,0.9900000000000001,150,94,1,150,46.53000000000001,196.53
25386,29,33.11,6.622,150,36,1,150,119.196,269.196
24390,29,15.78,3.156,150,53,1,150,83.634,233.63400000000001
2746,29,51.42,10.284,150,29,1,150,149.11800000000002,299.11800000000005
173,29,14.7,2.94,150,54,1,150,79.38,229.38
13718,29,7.28,1.4560000000000002,150,77,1,150,56.056000000000004,206.056
19995,29,12.32,2.4640000000000004,150,59,1,150,72.68800000000002,222.68800000000002
18963,29,5.47,1.094,150,89,1,150,48.68300000000001,198.683
2181,29,0.73,0.146,150,244,1,150,17.811999999999998,167.812
16560,29,8.78,1.756,150,70,1,150,61.46,211.46
44703,29,8.7,1.74,150,71,1,150,61.77,211.77
6624,29,33.11,6.622,150,36,1,150,119.196,269.196
20770,29,14.33,2.866,150,55,1,150,78.815,228.815
693,29,9.35,1.87,150,68,1,150,63.580000000000005,213.58
7931,29,6.47,1.294,150,82,1,150,53.054,203.054
32807,29,7.58,1.516,150,76,1,150,57.608000000000004,207.608
13124,28,8.78,1.756,150,69,1,150,60.582,210.582
40583,28,7.33,1.4660000000000002,150,76,1,150,55.708000000000006,205.708
1037,28,15.5,3.1,150,52,1,150,80.60000000000001,230.60000000000002
2855,28,21.58,4.316,150,44,1,150,94.952,244.952
24999,28,17.23,3.446,150,49,1,150,84.427,234.42700000000002
13602,28,29.72,5.944,150,38,1,150,112.93599999999999,262.936
20762,28,10.95,2.19,150,62,1,150,67.89,217.89
1309,28,44.44,8.888,150,31,1,150,137.764,287.764
17019,28,6.45,1.29,150,81,1,150,52.245000000000005,202.245
24001,28,11.64,2.3280000000000003,150,60,1,150,69.84,219.84
473,28,26.55,5.3100000000000005,150,40,1,150,106.20000000000002,256.20000000000005
10676,28,28.1,5.620000000000001,150,39,1,150,109.59000000000002,259.59000000000003
10722,28,3.92,0.784,150,104,1,150,40.768,190.768
25340,28,17.23,3.446,150,49,1,150,84.427,234.42700000000002
6483,28,5.88,1.176,150,85,1,150,49.98,199.98
31873,28,10.45,2.09,150,63,1,150,65.835,215.83499999999998
2184,28,11.36,2.272,150,61,1,150,69.29599999999999,219.296
16541,28,22.75,4.55,150,43,1,150,97.825,247.825
7890,28,22.21,4.442,150,43,1,150,95.503,245.503
41377,28,5.88,1.176,150,85,1,150,49.98,199.98
21169,28,5.59,1.118,150,87,1,150,48.633,198.633
39473,28,18.49,3.698,150,48,1,150,88.752,238.752
6698,28,29.33,5.866,150,38,1,150,111.454,261.454
6764,28,13.73,2.7460000000000004,150,55,1,150,75.51500000000001,225.51500000000001
11397,28,8.21,1.6420000000000003,150,72,1,150,59.11200000000001,209.11200000000002
11353,28,31.75,6.3500000000000005,150,36,1,150,114.30000000000001,264.3
5698,28,14.61,2.922,150,54,1,150,78.894,228.894
1030,28,13.56,2.712,150,56,1,150,75.936,225.936
5065,28,11.42,2.2840000000000003,150,61,1,150,69.662,219.662
46299,28,6.49,1.298,150,80,1,150,51.92,201.92000000000002
23126,28,8.1,1.62,150,72,1,150,58.32000000000001,208.32
868,28,24.61,4.922000000000001,150,41,1,150,100.90100000000001,250.901
1061,28,5.3,1.06,150,89,1,150,47.17,197.17000000000002
15463,28,54.19,10.838000000000001,150,28,1,150,151.73200000000003,301.732
751,28,7.51,1.502,150,75,1,150,56.325,206.325
23919,28,13.99,2.798,150,55,1,150,76.94500000000001,226.945
994,28,14.81,2.962,150,53,1,150,78.49300000000001,228.493
17838,27,6.7,1.34,150,78,1,150,52.260000000000005,202.26
22367,27,9.93,1.986,150,64,1,150,63.552,213.552
19806,27,7.84,1.568,150,72,1,150,56.448,206.448
24728,27,15.06,3.0120000000000005,150,52,1,150,78.31200000000001,228.312
35075,27,7.58,1.516,150,73,1,150,55.334,205.334
42934,27,8.21,1.6420000000000003,150,70,1,150,57.47000000000001,207.47000000000003
36198,27,3.22,0.6440000000000001,150,112,1,150,36.06400000000001,186.06400000000002
24575,27,23.17,4.634,150,42,1,150,97.31400000000001,247.31400000000002
4012,27,21.09,4.218,150,44,1,150,92.79599999999999,242.796
3716,27,21.42,4.284000000000001,150,43,1,150,92.10600000000001,242.106
18600,27,72.72,14.544,150,24,2,300,174.52800000000002,474.528
21981,27,25.97,5.194,150,39,1,150,101.283,251.28300000000002
90089,27,77.92,15.584000000000001,150,23,2,300,179.216,479.216
350,27,18.1,3.6200000000000006,150,47,1,150,85.07000000000001,235.07
13651,27,9.03,1.806,150,67,1,150,60.501000000000005,210.501
18380,27,24.48,4.896000000000001,150,41,1,150,100.36800000000002,250.36800000000002
46947,27,7.28,1.4560000000000002,150,75,1,150,54.60000000000001,204.60000000000002
21078,27,6.49,1.298,150,79,1,150,51.271,201.27100000000002
13122,27,9.52,1.904,150,65,1,150,61.879999999999995,211.88
10650,27,10.59,2.118,150,62,1,150,65.658,215.65800000000002
16239,27,3.37,0.674,150,110,1,150,37.07,187.07
18240,27,17.68,3.536,150,48,1,150,84.864,234.864
21832,27,10.45,2.09,150,62,1,150,64.78999999999999,214.79
37542,27,20.68,4.136,150,44,1,150,90.992,240.99200000000002
18774,27,17.23,3.446,150,48,1,150,82.70400000000001,232.704
1414,27,14.28,2.856,150,53,1,150,75.684,225.684
45061,27,10.8,2.16,150,61,1,150,65.88000000000001,215.88
5487,27,10.36,2.072,150,63,1,150,65.268,215.268
25696,27,6.75,1.35,150,77,1,150,51.975,201.975
8100,27,28.77,5.7540000000000004,150,38,1,150,109.32600000000001,259.326
19611,27,61.28,12.256,150,26,2,300,159.328,459.328
19887,27,32.25,6.45,150,35,1,150,112.875,262.875
41820,27,12.98,2.596,150,56,1,150,72.688,222.688
23917,27,18.54,3.708,150,47,1,150,87.138,237.138
29434,27,16.44,3.2880000000000003,150,50,1,150,82.2,232.2
37421,27,107.14,21.428,150,19,2,300,203.566,503.56600000000003
10735,27,9.39,1.8780000000000001,150,66,1,150,61.974000000000004,211.974
16692,27,10.88,2.176,150,61,1,150,66.36800000000001,216.368
1262,27,16.79,3.358,150,49,1,150,82.271,232.27100000000002
441,27,37.31,7.462000000000001,150,33,1,150,123.123,273.123
17292,27,8.6,1.72,150,69,1,150,59.339999999999996,209.34
2624,27,46.76,9.352,150,29,1,150,135.604,285.60400000000004
43673,27,5.47,1.094,150,86,1,150,47.042,197.042
46165,26,4.45,0.8900000000000001,150,94,1,150,41.830000000000005,191.83
694,26,6.23,1.2460000000000002,150,79,1,150,49.217000000000006,199.217
41778,26,6.7,1.34,150,76,1,150,50.92,200.92000000000002
24109,26,34.24,6.848000000000001,150,34,1,150,116.41600000000001,266.416
23365,26,14.28,2.856,150,52,1,150,74.256,224.256
19397,26,11.48,2.2960000000000003,150,58,1,150,66.584,216.584
3888,26,0.76,0.15200000000000002,150,227,1,150,17.252000000000002,167.252
17263,26,7.28,1.4560000000000002,150,73,1,150,53.144000000000005,203.144
1007,26,7.19,1.4380000000000002,150,74,1,150,53.206,203.20600000000002
283,26,39.69,7.938,150,31,1,150,123.039,273.039
24520,26,8.96,1.7920000000000003,150,66,1,150,59.13600000000001,209.13600000000002
21382,26,9.08,1.816,150,66,1,150,59.928000000000004,209.928
22336,26,36.18,7.236000000000001,150,33,1,150,119.394,269.394
18585,26,9.73,1.9460000000000002,150,63,1,150,61.29900000000001,211.299
25415,26,9.08,1.816,150,66,1,150,59.928000000000004,209.928
42124,26,9.03,1.806,150,66,1,150,59.598,209.598
26828,26,3.94,0.788,150,99,1,150,39.006,189.006
41984,26,19.86,3.972,150,44,1,150,87.384,237.38400000000001
18097,26,55.17,11.034,150,27,1,150,148.959,298.959
23246,26,10.66,2.132,150,60,1,150,63.96,213.96
23116,26,21.28,4.256,150,43,1,150,91.504,241.50400000000002
28146,26,7.84,1.568,150,71,1,150,55.664,205.664
24799,26,8.55,1.7100000000000002,150,68,1,150,58.14000000000001,208.14000000000001
2839,26,27.0,5.4,150,38,1,150,102.60000000000001,252.60000000000002
14062,26,35.37,7.074,150,33,1,150,116.721,266.721
36859,26,6.62,1.324,150,77,1,150,50.974000000000004,200.974
23195,26,27.58,5.516,150,38,1,150,104.804,254.804
7205,26,8.91,1.782,150,66,1,150,58.806,208.80599999999998
8038,26,4.33,0.8660000000000001,150,95,1,150,41.135000000000005,191.135
20251,26,15.53,3.106,150,50,1,150,77.64999999999999,227.64999999999998
17186,26,9.33,1.866,150,65,1,150,60.645,210.645
24705,26,7.84,1.568,150,71,1,150,55.664,205.664
24594,26,8.84,1.768,150,66,1,150,58.344,208.344
34014,26,34.41,6.882,150,34,1,150,116.994,266.994
1876,26,106.61,21.322000000000003,150,19,2,300,202.55900000000003,502.559
42256,26,3.48,0.6960000000000001,150,106,1,150,36.888000000000005,186.888
906,26,10.15,2.0300000000000002,150,62,1,150,62.93000000000001,212.93
915,26,10.98,2.196,150,60,1,150,65.88000000000001,215.88
4337,26,34.91,6.981999999999999,150,33,1,150,115.20299999999999,265.203
21979,26,11.64,2.3280000000000003,150,58,1,150,67.51200000000001,217.512
2815,26,40.57,8.114,150,31,1,150,125.76700000000001,275.767
16553,26,6.7,1.34,150,76,1,150,50.92,200.92000000000002
16440,26,21.33,4.266,150,43,1,150,91.719,241.719
10030,26,5.19,1.038,150,87,1,150,45.153,195.153
23474,25,6.89,1.3780000000000001,150,74,1,150,50.986000000000004,200.986
3962,25,11.93,2.386,150,56,1,150,66.808,216.808
23633,25,9.67,1.9340000000000002,150,62,1,150,59.95400000000001,209.954
24588,25,10.2,2.04,150,61,1,150,62.22,212.22
7241,25,20.68,4.136,150,43,1,150,88.924,238.924
36139,25,9.65,1.9300000000000002,150,62,1,150,59.830000000000005,209.83
34507,25,5.22,1.044,150,85,1,150,44.370000000000005,194.37
16757,25,11.76,2.352,150,56,1,150,65.856,215.856
8283,25,18.79,3.758,150,45,1,150,84.555,234.555
46119,25,36.66,7.332,150,32,1,150,117.312,267.312
3508,25,4.34,0.868,150,93,1,150,40.362,190.362
13899,25,10.45,2.09,150,60,1,150,62.699999999999996,212.7
20600,25,7.56,1.512,150,70,1,150,52.92,202.92000000000002
38952,25,10.2,2.04,150,61,1,150,62.22,212.22
22000,25,7.33,1.4660000000000002,150,72,1,150,52.77600000000001,202.776
15209,25,10.52,2.104,150,60,1,150,63.120000000000005,213.12
15085,25,11.99,2.398,150,56,1,150,67.144,217.144
5517,25,11.59,2.318,150,57,1,150,66.063,216.063
23347,25,6.45,1.29,150,76,1,150,49.02,199.02
24454,25,14.28,2.856,150,51,1,150,72.828,222.828
16753,25,6.7,1.34,150,75,1,150,50.25,200.25
19293,25,17.92,3.5840000000000005,150,46,1,150,82.43200000000002,232.43200000000002
24152,25,9.24,1.848,150,64,1,150,59.136,209.136
20512,25,25.15,5.03,150,39,1,150,98.08500000000001,248.085
879,25,7.4,1.4800000000000002,150,71,1,150,52.540000000000006,202.54000000000002
20517,25,22.81,4.562,150,41,1,150,93.521,243.52100000000002
7127,25,30.82,6.164000000000001,150,35,1,150,107.87,257.87
15247,25,10.32,2.064,150,60,1,150,61.92,211.92000000000002
24759,25,11.03,2.206,150,58,1,150,63.974,213.974
18962,25,7.43,1.486,150,71,1,150,52.753,202.753
25283,25,16.66,3.3320000000000003,150,47,1,150,78.302,228.30200000000002
10762,25,4.05,0.81,150,96,1,150,38.88,188.88
23323,25,54.24,10.848,150,26,1,150,141.024,291.024
2482,25,78.73,15.746000000000002,150,22,2,300,173.20600000000002,473.206
13065,25,60.4,12.08,150,25,1,150,151.0,301.0
1364,25,7.46,1.492,150,71,1,150,52.966,202.966
15333,25,7.94,1.588,150,69,1,150,54.786,204.786
4545,25,10.21,2.0420000000000003,150,61,1,150,62.281000000000006,212.281
2162,25,21.58,4.316,150,42,1,150,90.636,240.636
27111,25,40.26,8.052,150,31,1,150,124.806,274.806
26663,25,13.15,2.6300000000000003,150,53,1,150,69.69500000000001,219.695
2684,25,38.12,7.624,150,31,1,150,118.172,268.172
2734,25,54.75,10.950000000000001,150,26,1,150,142.35000000000002,292.35
21959,25,3.76,0.752,150,100,1,150,37.6,187.6
15832,25,10.45,2.09,150,60,1,150,62.699999999999996,212.7
3740,25,5.26,1.052,150,84,1,150,44.184000000000005,194.184
15914,25,2.61,0.522,150,120,1,150,31.32,181.32
22665,25,35.56,7.112000000000001,150,32,1,150,113.79200000000002,263.79200000000003
20706,25,10.66,2.132,150,59,1,150,62.894000000000005,212.894
11856,25,7.53,1.5060000000000002,150,71,1,150,53.46300000000001,203.46300000000002
24012,25,17.12,3.4240000000000004,150,47,1,150,80.46400000000001,230.464
11819,25,10.34,2.068,150,60,1,150,62.04,212.04
702,25,11.95,2.39,150,56,1,150,66.92,216.92000000000002
21581,25,19.59,3.918,150,44,1,150,86.196,236.196
35962,25,27.58,5.516,150,37,1,150,102.046,252.046
20947,24,10.66,2.132,150,58,1,150,61.828,211.828
21313,24,3.92,0.784,150,96,1,150,37.632000000000005,187.632
7215,24,3.97,0.794,150,95,1,150,37.715,187.715
1259,24,21.05,4.21,150,41,1,150,86.30499999999999,236.305
17040,24,3.99,0.798,150,95,1,150,37.905,187.905
14670,24,3.92,0.784,150,96,1,150,37.632000000000005,187.632
14654,24,6.49,1.298,150,74,1,150,48.026,198.026
12097,24,13.42,2.684,150,52,1,150,69.784,219.784
11891,24,39.73,7.946,150,30,1,150,119.19,269.19
38128,24,5.4,1.08,150,82,1,150,44.28,194.28
6254,24,16.41,3.282,150,47,1,150,77.127,227.127
20730,24,6.12,1.2240000000000002,150,77,1,150,47.12400000000001,197.12400000000002
16248,24,5.51,1.102,150,81,1,150,44.631,194.631
16257,24,3.89,0.778,150,96,1,150,37.344,187.344
12757,24,6.7,1.34,150,73,1,150,48.910000000000004,198.91
39843,24,6.16,1.2320000000000002,150,76,1,150,46.81600000000001,196.816
39995,24,2.7,0.54,150,115,1,150,31.05,181.05
39996,24,2.75,0.55,150,114,1,150,31.35,181.35
22831,24,9.08,1.816,150,63,1,150,57.204,207.204
44783,24,10.2,2.04,150,59,1,150,60.18,210.18
10706,24,6.12,1.2240000000000002,150,77,1,150,47.12400000000001,197.12400000000002
27432,24,11.03,2.206,150,57,1,150,62.871,212.871
27138,24,10.8,2.16,150,58,1,150,62.64,212.64
23047,24,149.67,29.933999999999997,150,16,2,300,239.47199999999998,539.472
31502,24,3.35,0.67,150,104,1,150,34.84,184.84
4629,24,26.98,5.396000000000001,150,37,1,150,99.82600000000002,249.82600000000002
1390,24,27.06,5.412,150,36,1,150,97.416,247.416
34703,24,13.24,2.648,150,52,1,150,68.848,218.848
4131,24,21.87,4.3740000000000006,150,41,1,150,89.66700000000002,239.66700000000003
12536,24,7.43,1.486,150,70,1,150,52.01,202.01
5953,24,15.87,3.174,150,48,1,150,76.176,226.176
837,24,7.93,1.586,150,67,1,150,53.131,203.131
43747,24,7.89,1.578,150,68,1,150,53.652,203.652
23123,24,8.78,1.756,150,64,1,150,56.192,206.192
36849,24,12.92,2.584,150,53,1,150,68.476,218.476
14097,24,8.55,1.7100000000000002,150,65,1,150,55.575,205.575
13993,24,5.4,1.08,150,82,1,150,44.28,194.28
13081,24,20.25,4.05,150,42,1,150,85.05,235.05
901,24,3.92,0.784,150,96,1,150,37.632000000000005,187.632
15643,24,13.69,2.738,150,51,1,150,69.819,219.81900000000002
33209,24,3.46,0.6920000000000001,150,102,1,150,35.292,185.292
34082,24,10.73,2.1460000000000004,150,58,1,150,62.23400000000001,212.234
16310,24,17.23,3.446,150,46,1,150,79.25800000000001,229.258
18450,24,8.72,1.7440000000000002,150,64,1,150,55.80800000000001,205.808
18414,24,2.68,0.536,150,116,1,150,31.088,181.088
2920,24,46.15,9.23,150,28,1,150,129.22,279.22
19228,24,14.37,2.874,150,50,1,150,71.85000000000001,221.85000000000002
41172,24,2.7,0.54,150,115,1,150,31.05,181.05
19218,24,80.53,16.106,150,21,2,300,169.11300000000003,469.11300000000006
19160,24,10.13,2.0260000000000002,150,60,1,150,60.78000000000001,210.78
34509,24,5.44,1.088,150,81,1,150,44.064,194.064
16694,24,9.93,1.986,150,60,1,150,59.58,209.57999999999998
2193,24,16.41,3.282,150,47,1,150,77.127,227.127
16808,24,7.94,1.588,150,67,1,150,53.198,203.198
43097,24,23.68,4.736,150,39,1,150,92.35199999999999,242.35199999999998
24752,24,5.95,1.1900000000000002,150,78,1,150,46.410000000000004,196.41
41087,24,4.19,0.8380000000000001,150,93,1,150,38.967000000000006,188.967
19349,24,13.9,2.7800000000000002,150,51,1,150,70.89,220.89
17132,24,14.66,2.9320000000000004,150,50,1,150,73.30000000000001,223.3
28984,24,13.6,2.72,150,51,1,150,69.36,219.36
28753,24,6.03,1.2060000000000002,150,77,1,150,46.431000000000004,196.431
28313,24,2.71,0.542,150,115,1,150,31.165000000000003,181.165
42752,24,2.56,0.512,150,119,1,150,30.464000000000002,180.464
19653,24,5.88,1.176,150,78,1,150,45.864,195.864
2997,24,63.23,12.646,150,24,1,150,151.752,301.752
19746,24,6.77,1.354,150,73,1,150,49.42100000000001,199.421
12924,24,8.66,1.7320000000000002,150,64,1,150,55.42400000000001,205.424
2964,24,166.66,33.332,150,15,2,300,249.99,549.99
3860,24,9.22,1.8440000000000003,150,62,1,150,57.16400000000001,207.16400000000002
23966,24,9.52,1.904,150,61,1,150,58.071999999999996,208.072
23898,24,9.08,1.816,150,63,1,150,57.204,207.204
23891,24,9.33,1.866,150,62,1,150,57.846000000000004,207.846
23861,24,5.95,1.1900000000000002,150,78,1,150,46.410000000000004,196.41
11433,24,6.89,1.3780000000000001,150,72,1,150,49.608000000000004,199.608
15137,24,10.59,2.118,150,58,1,150,61.422,211.422
15043,24,15.75,3.1500000000000004,150,48,1,150,75.60000000000001,225.60000000000002
39111,24,2.02,0.404,150,133,1,150,26.866000000000003,176.866
18599,24,12.16,2.4320000000000004,150,54,1,150,65.66400000000002,215.66400000000002
25427,24,27.62,5.524000000000001,150,36,1,150,99.43200000000002,249.43200000000002
20534,24,5.51,1.102,150,81,1,150,44.631,194.631
8207,24,3.09,0.618,150,108,1,150,33.372,183.372
45059,24,8.78,1.756,150,64,1,150,56.192,206.192
22264,24,33.11,6.622,150,33,1,150,109.263,259.26300000000003
22028,24,34.01,6.802,150,33,1,150,112.23299999999999,262.233
25919,24,5.88,1.176,150,78,1,150,45.864,195.864
25741,24,25.8,5.16,150,37,1,150,95.46000000000001,245.46
13867,24,8.66,1.7320000000000002,150,64,1,150,55.42400000000001,205.424
995,24,15.99,3.1980000000000004,150,47,1,150,75.153,225.15300000000002
45866,24,6.8,1.36,150,73,1,150,49.64,199.64
46059,24,2.64,0.528,150,117,1,150,30.888,180.888
8501,24,4.88,0.976,150,86,1,150,41.967999999999996,191.968
8437,24,26.31,5.2620000000000005,150,37,1,150,97.34700000000001,247.347
21375,24,4.96,0.992,150,85,1,150,42.16,192.16
21416,24,4.05,0.81,150,94,1,150,38.07,188.07
45300,24,12.9,2.58,150,53,1,150,68.37,218.37
114,24,5.11,1.022,150,84,1,150,42.924,192.924
61,24,10.6,2.12,150,58,1,150,61.480000000000004,211.48000000000002
24118,23,9.93,1.986,150,59,1,150,58.586999999999996,208.587
26429,23,51.36,10.272,150,26,1,150,133.536,283.536
929,23,9.28,1.8559999999999999,150,61,1,150,56.608,206.608
15194,23,51.69,10.338000000000001,150,26,1,150,134.394,284.394
6394,23,9.14,1.8280000000000003,150,61,1,150,55.75400000000001,205.75400000000002
27370,23,10.59,2.118,150,57,1,150,60.363,210.363
36101,23,37.58,7.516,150,30,1,150,112.74,262.74
2639,23,52.37,10.474,150,26,1,150,136.162,286.16200000000003
23957,23,9.45,1.89,150,60,1,150,56.699999999999996,206.7
2933,23,38.88,7.776000000000001,150,30,1,150,116.64000000000001,266.64
2392,23,50.72,10.144,150,26,1,150,131.872,281.872
21700,23,4.05,0.81,150,92,1,150,37.260000000000005,187.26
44613,23,6.2,1.2400000000000002,150,75,1,150,46.50000000000001,196.5
25194,23,11.48,2.2960000000000003,150,55,1,150,63.14000000000001,213.14000000000001
3978,23,19.69,3.9380000000000006,150,42,1,150,82.69800000000001,232.698
23793,23,8.16,1.6320000000000001,150,65,1,150,53.040000000000006,203.04000000000002
2985,23,15.1,3.02,150,48,1,150,72.48,222.48000000000002
17372,23,6.57,1.314,150,72,1,150,47.304,197.304
38945,23,9.73,1.9460000000000002,150,60,1,150,58.38,208.38
24408,23,6.8,1.36,150,71,1,150,48.28,198.28
2843,23,31.15,6.23,150,33,1,150,102.795,252.79500000000002
19832,23,6.2,1.2400000000000002,150,75,1,150,46.50000000000001,196.5
13696,23,4.39,0.878,150,89,1,150,39.071,189.071
36852,23,9.58,1.9160000000000001,150,60,1,150,57.480000000000004,207.48000000000002
23071,23,11.76,2.352,150,54,1,150,63.504,213.504
1733,23,14.17,2.834,150,49,1,150,69.433,219.433
41170,23,2.66,0.532,150,114,1,150,30.324,180.324
15739,23,13.69,2.738,150,50,1,150,68.45,218.45
41532,23,6.24,1.2480000000000002,150,74,1,150,46.17600000000001,196.17600000000002
999,23,89.84,17.968,150,20,2,300,179.68,479.68
4524,23,21.99,4.398,150,40,1,150,87.96,237.95999999999998
7909,23,42.96,8.592,150,28,1,150,120.28800000000001,270.288
11333,23,9.2,1.8399999999999999,150,61,1,150,56.12,206.12
22016,23,4.44,0.8880000000000001,150,88,1,150,39.072,189.072
25254,23,8.44,1.688,150,64,1,150,54.016,204.016
25255,23,12.66,2.532,150,52,1,150,65.832,215.832
4230,23,25.92,5.184000000000001,150,36,1,150,93.31200000000001,243.312
18276,23,35.48,7.096,150,31,1,150,109.988,259.988
3193,23,11.15,2.23,150,56,1,150,62.44,212.44
112,23,4.7,0.9400000000000001,150,86,1,150,40.42,190.42000000000002
90013,23,64.93,12.986000000000002,150,23,1,150,149.33900000000003,299.33900000000006
46163,23,4.48,0.8960000000000001,150,88,1,150,39.42400000000001,189.424
24757,23,26.45,5.29,150,36,1,150,95.22,245.22
34388,23,9.93,1.986,150,59,1,150,58.586999999999996,208.587
1031,23,33.57,6.714,150,32,1,150,107.424,257.424
33206,23,10.66,2.132,150,57,1,150,60.762,210.762
24736,23,26.66,5.332000000000001,150,36,1,150,95.97600000000001,245.976
25161,23,7.89,1.578,150,66,1,150,52.074000000000005,202.074
20253,23,16.66,3.3320000000000003,150,46,1,150,76.63600000000001,226.63600000000002
17503,23,10.34,2.068,150,58,1,150,59.972,209.972
18822,22,13.33,2.6660000000000004,150,50,1,150,66.65,216.65
973,22,11.9,2.3800000000000003,150,53,1,150,63.07000000000001,213.07
2596,22,10.14,2.028,150,57,1,150,57.798,207.798
6366,22,13.42,2.684,150,50,1,150,67.10000000000001,217.10000000000002
3359,22,0.77,0.15400000000000003,150,207,1,150,15.939000000000002,165.939
23022,22,8.38,1.6760000000000002,150,63,1,150,52.794000000000004,202.794
1920,22,22.55,4.510000000000001,150,38,1,150,85.69000000000001,235.69
24095,22,2.7,0.54,150,111,1,150,29.970000000000002,179.97
39104,22,8.78,1.756,150,61,1,150,53.558,203.558
43020,22,96.61,19.322000000000003,150,18,2,300,173.89800000000002,473.898
11771,22,19.17,3.8340000000000005,150,41,1,150,78.59700000000001,228.597
41627,22,7.18,1.436,150,68,1,150,48.824,198.824
18125,22,6.16,1.2320000000000002,150,73,1,150,44.96800000000001,194.96800000000002
34694,22,9.67,1.9340000000000002,150,58,1,150,56.086000000000006,206.086
18740,22,19.6,3.9200000000000004,150,41,1,150,80.36000000000001,230.36
635,22,7.87,1.574,150,65,1,150,51.155,201.155
2923,22,53.43,10.686,150,25,1,150,133.575,283.575
24662,22,13.51,2.702,150,49,1,150,66.199,216.199
12803,22,11.25,2.25,150,54,1,150,60.75,210.75
23146,22,12.24,2.4480000000000004,150,52,1,150,63.64800000000001,213.64800000000002
17863,22,6.8,1.36,150,70,1,150,47.6,197.6
18232,22,11.03,2.206,150,55,1,150,60.665,210.665
607,22,5.74,1.1480000000000001,150,76,1,150,43.624,193.624
22022,22,21.91,4.382000000000001,150,39,1,150,85.44900000000001,235.449
39228,22,29.79,5.958,150,33,1,150,98.307,248.30700000000002
19003,22,10.32,2.064,150,57,1,150,58.824,208.824
18900,22,5.91,1.1820000000000002,150,75,1,150,44.325,194.325
4902,22,8.65,1.7300000000000002,150,62,1,150,53.63000000000001,203.63
41372,22,9.73,1.9460000000000002,150,58,1,150,56.434000000000005,206.434
22789,22,10.34,2.068,150,56,1,150,57.904,207.904
25146,22,3.39,0.678,150,99,1,150,33.561,183.561
15812,22,4.54,0.908,150,85,1,150,38.59,188.59
5549,22,25.36,5.072,150,36,1,150,91.296,241.296
19961,22,45.45,9.090000000000002,150,27,1,150,122.71500000000002,272.71500000000003
16232,22,5.26,1.052,150,79,1,150,41.554,191.554
41614,22,24.99,4.998,150,36,1,150,89.964,239.964
15820,22,24.66,4.932,150,37,1,150,91.242,241.24200000000002
21502,22,11.33,2.266,150,54,1,150,61.182,211.18200000000002
21561,22,14.86,2.972,150,47,1,150,69.842,219.84199999999998
15846,22,17.23,3.446,150,44,1,150,75.812,225.812
25159,22,7.89,1.578,150,65,1,150,51.285000000000004,201.285
4398,21,6.51,1.302,150,70,1,150,45.57,195.57
6156,21,16.79,3.358,150,43,1,150,72.197,222.197
1790,21,15.5,3.1,150,45,1,150,69.75,219.75
1045,21,33.55,6.71,150,31,1,150,104.005,254.005
45298,21,32.67,6.534000000000001,150,31,1,150,101.27700000000002,251.27700000000002
21041,21,10.27,2.054,150,55,1,150,56.48499999999999,206.48499999999999
21058,21,30.61,6.122,150,32,1,150,97.952,247.952
39472,21,18.06,3.612,150,42,1,150,75.852,225.852
24331,21,39.6,7.920000000000001,150,28,1,150,110.88000000000001,260.88
13620,21,5.33,1.066,150,77,1,150,41.041000000000004,191.041
2742,21,37.98,7.596,150,29,1,150,110.142,260.142
4148,21,12.3,2.4600000000000004,150,51,1,150,62.73000000000001,212.73000000000002
323,21,10.6,2.12,150,55,1,150,58.300000000000004,208.3
24937,21,11.43,2.286,150,52,1,150,59.436,209.436
40837,21,19.73,3.946,150,40,1,150,78.92,228.92000000000002
24774,21,8.38,1.6760000000000002,150,61,1,150,51.118,201.118
16245,21,5.36,1.072,150,77,1,150,41.272000000000006,191.272
2840,21,7.36,1.4720000000000002,150,65,1,150,47.84,197.84
23385,21,12.74,2.548,150,50,1,150,63.7,213.7
24452,21,7.58,1.516,150,64,1,150,48.512,198.512
25017,21,8.16,1.6320000000000001,150,62,1,150,50.592000000000006,200.592
5911,21,19.08,3.816,150,41,1,150,78.228,228.228
972,21,25.95,5.19,150,35,1,150,90.825,240.825
27212,21,34.48,6.896,150,30,1,150,103.44,253.44
21789,21,13.69,2.738,150,48,1,150,65.712,215.712
23948,21,25.15,5.03,150,35,1,150,88.025,238.025
370,21,10.36,2.072,150,55,1,150,56.980000000000004,206.98000000000002
4007,21,21.42,4.284000000000001,150,38,1,150,81.39600000000002,231.39600000000002
11187,21,37.66,7.532,150,29,1,150,109.214,259.214
35967,21,15.75,3.1500000000000004,150,45,1,150,70.87500000000001,220.875
39581,21,4.63,0.926,150,82,1,150,37.966,187.966
13805,21,14.93,2.986,150,46,1,150,68.67800000000001,218.678
24884,21,13.33,2.6660000000000004,150,49,1,150,65.31700000000001,215.317
20049,21,9.99,1.9980000000000002,150,56,1,150,55.944,205.94400000000002
16796,21,24.13,4.8260000000000005,150,36,1,150,86.86800000000001,236.868
1893,21,43.99,8.798,150,27,1,150,118.773,268.773
4408,21,10.23,2.0460000000000003,150,55,1,150,56.26500000000001,206.26500000000001
19996,21,6.53,1.306,150,69,1,150,45.057,195.05700000000002
33441,21,27.58,5.516,150,34,1,150,93.772,243.772
6743,21,6.53,1.306,150,69,1,150,45.057,195.05700000000002
2029,21,51.1,10.22,150,25,1,150,127.75000000000001,277.75
23231,21,37.16,7.4319999999999995,150,29,1,150,107.764,257.764
6862,21,20.73,4.146,150,39,1,150,80.847,230.84699999999998
548,21,6.56,1.312,150,69,1,150,45.264,195.264
18267,21,21.61,4.322,150,38,1,150,82.118,232.118
18589,20,13.15,2.6300000000000003,150,48,1,150,63.120000000000005,213.12
22860,20,12.25,2.45,150,49,1,150,60.025000000000006,210.025
16264,20,53.68,10.736,150,24,1,150,128.832,278.832
46164,20,4.27,0.854,150,84,1,150,35.868,185.868
23902,20,10.52,2.104,150,53,1,150,55.756,205.756
22968,20,23.33,4.6659999999999995,150,36,1,150,83.98799999999999,233.988
14632,20,36.12,7.224,150,29,1,150,104.748,254.748
20948,20,51.28,10.256,150,24,1,150,123.072,273.072
20944,20,13.51,2.702,150,47,1,150,63.497,213.497
44972,20,10.32,2.064,150,54,1,150,55.728,205.728
21409,20,40.81,8.162,150,27,1,150,110.18700000000001,260.187
3900,20,29.76,5.952000000000001,150,32,1,150,95.23200000000001,245.23200000000003
24051,20,3.89,0.778,150,88,1,150,34.232,184.232
18212,20,17.44,3.4880000000000004,150,41,1,150,71.504,221.50400000000002
21103,20,7.89,1.578,150,62,1,150,48.918,198.918
13605,20,11.91,2.382,150,50,1,150,59.550000000000004,209.55
43380,20,8.27,1.654,150,60,1,150,49.62,199.62
20954,20,10.45,2.09,150,54,1,150,56.42999999999999,206.43
39308,20,8.49,1.6980000000000002,150,59,1,150,50.09100000000001,200.091
21734,20,13.69,2.738,150,47,1,150,64.343,214.34300000000002
34735,20,13.15,2.6300000000000003,150,48,1,150,63.120000000000005,213.12
5196,20,59.25,11.850000000000001,150,23,1,150,136.275,286.275
1156,20,9.28,1.8559999999999999,150,57,1,150,52.895999999999994,202.896
23752,20,23.52,4.704,150,36,1,150,84.672,234.672
24203,20,4.82,0.9640000000000001,150,79,1,150,38.078,188.078
22937,20,8.55,1.7100000000000002,150,59,1,150,50.44500000000001,200.445
5688,20,7.8,1.56,150,62,1,150,48.36,198.36
20254,20,9.45,1.89,150,56,1,150,52.919999999999995,202.92
23469,20,7.43,1.486,150,64,1,150,47.552,197.552
2458,20,11.8,2.3600000000000003,150,50,1,150,59.00000000000001,209.0
4834,20,14.07,2.814,150,46,1,150,64.72200000000001,214.722
24897,20,18.91,3.782,150,40,1,150,75.64,225.64
911,20,15.32,3.064,150,44,1,150,67.408,217.40800000000002
24335,20,7.99,1.598,150,61,1,150,48.739000000000004,198.739
11207,20,10.34,2.068,150,54,1,150,55.836,205.836
18637,20,13.07,2.6140000000000003,150,48,1,150,62.736000000000004,212.736
16430,20,3.91,0.782,150,88,1,150,34.408,184.40800000000002
41918,20,4.82,0.9640000000000001,150,79,1,150,38.078,188.078
24288,20,7.14,1.428,150,65,1,150,46.41,196.41
998,20,18.51,3.7020000000000004,150,40,1,150,74.04,224.04000000000002
21115,20,5.29,1.058,150,75,1,150,39.675000000000004,189.675
25715,20,16.44,3.2880000000000003,150,43,1,150,70.69200000000001,220.692
23991,20,9.86,1.972,150,55,1,150,54.23,204.23
8717,20,10.06,2.012,150,55,1,150,55.33,205.32999999999998
12607,20,18.36,3.672,150,40,1,150,73.44,223.44
202,20,22.3,4.46,150,37,1,150,82.51,232.51
17911,20,4.13,0.8260000000000001,150,85,1,150,35.105000000000004,185.10500000000002
12656,20,23.64,4.728000000000001,150,36,1,150,85.10400000000001,235.104
12662,20,9.08,1.816,150,57,1,150,51.756,201.756
40136,20,32.87,6.574,150,30,1,150,98.61,248.61
19566,19,14.14,2.8280000000000003,150,45,1,150,63.63000000000001,213.63
19488,19,4.13,0.8260000000000001,150,83,1,150,34.279,184.279
72,19,26.11,5.222,150,33,1,150,86.16300000000001,236.163
2910,19,14.7,2.94,150,44,1,150,64.67999999999999,214.68
104,19,6.42,1.284,150,67,1,150,43.014,193.014
2882,19,89.92,17.984,150,18,2,300,161.85600000000002,461.856
23944,19,17.23,3.446,150,41,1,150,70.643,220.643
90080,19,40.26,8.052,150,27,1,150,108.702,258.702
41415,19,8.6,1.72,150,58,1,150,49.88,199.88
25122,19,12.16,2.4320000000000004,150,48,1,150,58.36800000000001,208.368
23660,19,8.55,1.7100000000000002,150,58,1,150,49.59,199.59
18838,19,6.41,1.282,150,67,1,150,42.947,192.947
16996,19,13.79,2.758,150,45,1,150,62.055,212.055
18668,19,8.78,1.756,150,57,1,150,50.046,200.046
29620,19,8.38,1.6760000000000002,150,58,1,150,48.604000000000006,198.604
22075,19,20.4,4.08,150,37,1,150,75.48,225.48000000000002
21086,19,4.82,0.9640000000000001,150,77,1,150,37.114000000000004,187.114
18561,19,10.06,2.012,150,53,1,150,53.318,203.31799999999998
25879,19,6.45,1.29,150,66,1,150,42.57,192.57
8402,19,14.92,2.984,150,44,1,150,65.648,215.648
22830,19,39.73,7.946,150,27,1,150,107.271,257.271
17069,19,7.51,1.502,150,62,1,150,46.562,196.562
22174,19,13.69,2.738,150,46,1,150,62.974,212.974
13978,19,23.8,4.760000000000001,150,35,1,150,83.30000000000001,233.3
28578,19,7.89,1.578,150,60,1,150,47.34,197.34
652,19,16.41,3.282,150,42,1,150,68.922,218.922
41605,19,40.26,8.052,150,27,1,150,108.702,258.702
1236,19,13.56,2.712,150,46,1,150,62.376000000000005,212.376
26219,19,11.33,2.266,150,50,1,150,56.65,206.65
36570,19,42.76,8.552,150,26,1,150,111.17599999999999,261.176
21105,19,19.6,3.9200000000000004,150,38,1,150,74.48,224.48000000000002
42789,19,10.06,2.012,150,53,1,150,53.318,203.31799999999998
4627,19,36.43,7.2860000000000005,150,28,1,150,102.004,252.00400000000002
2086,19,58.82,11.764000000000001,150,22,1,150,129.40400000000002,279.404
20515,19,12.74,2.548,150,47,1,150,59.878,209.878
12218,19,1.98,0.396,150,120,1,150,23.76,173.76
37046,19,9.93,1.986,150,54,1,150,53.622,203.622
8221,19,63.99,12.798000000000002,150,21,1,150,134.37900000000002,284.379
2487,19,21.87,4.3740000000000006,150,36,1,150,78.73200000000001,228.73200000000003
7361,19,8.6,1.72,150,58,1,150,49.88,199.88
18615,19,10.88,2.176,150,51,1,150,55.48800000000001,205.488
18419,19,7.94,1.588,150,60,1,150,47.64,197.64
10731,19,9.99,1.9980000000000002,150,53,1,150,52.947,202.947
14724,19,11.48,2.2960000000000003,150,50,1,150,57.400000000000006,207.4
23513,19,7.48,1.4960000000000002,150,62,1,150,46.376000000000005,196.376
35290,19,4.27,0.854,150,82,1,150,35.013999999999996,185.014
24406,19,15.64,3.128,150,43,1,150,67.25200000000001,217.252
12324,19,19.86,3.972,150,38,1,150,75.468,225.46800000000002
24527,19,13.07,2.6140000000000003,150,47,1,150,61.42900000000001,211.429
22906,19,3.87,0.774,150,86,1,150,33.282000000000004,183.282
39577,19,9.45,1.89,150,55,1,150,51.974999999999994,201.975
25182,19,30.87,6.174,150,30,1,150,92.61,242.61
45647,19,6.49,1.298,150,66,1,150,42.834,192.834
8114,19,6.39,1.278,150,67,1,150,42.813,192.813
23799,19,10.66,2.132,150,52,1,150,55.432,205.43200000000002
41868,18,33.78,6.756,150,28,1,150,94.584,244.584
38889,18,21.7,4.34,150,35,1,150,75.95,225.95
22702,18,68.24,13.648,150,20,1,150,136.48,286.48
20788,18,11.1,2.22,150,49,1,150,54.39000000000001,204.39000000000001
28272,18,2.92,0.584,150,96,1,150,28.031999999999996,178.03199999999998
18851,18,13.07,2.6140000000000003,150,45,1,150,58.815000000000005,208.815
2733,18,58.95,11.790000000000001,150,21,1,150,123.79500000000002,273.795
8908,18,4.57,0.9140000000000001,150,77,1,150,35.18900000000001,185.18900000000002
22821,18,6.89,1.3780000000000001,150,63,1,150,43.407000000000004,193.407
1003,18,16.66,3.3320000000000003,150,40,1,150,66.64,216.64
5685,18,13.56,2.712,150,45,1,150,61.02,211.02
24311,18,60.68,12.136000000000001,150,21,1,150,127.42800000000001,277.428
18237,18,16.89,3.378,150,40,1,150,67.56,217.56
882,18,10.39,2.0780000000000003,150,51,1,150,52.989000000000004,202.989
899,18,14.5,2.9000000000000004,150,43,1,150,62.35000000000001,212.35000000000002
19231,18,23.97,4.794,150,34,1,150,81.49799999999999,231.498
2897,18,47.24,9.448,150,24,1,150,113.376,263.376
21273,18,7.14,1.428,150,61,1,150,43.553999999999995,193.554
4287,18,44.44,8.888,150,25,1,150,111.1,261.1
1788,18,29.19,5.838000000000001,150,30,1,150,87.57000000000002,237.57000000000002
23987,18,8.6,1.72,150,56,1,150,48.16,198.16
1762,18,14.07,2.814,150,44,1,150,61.908,211.90800000000002
3186,18,9.99,1.9980000000000002,150,52,1,150,51.94800000000001,201.948
6140,18,3.44,0.6880000000000001,150,89,1,150,30.616000000000003,180.616
46074,18,7.43,1.486,150,60,1,150,44.58,194.57999999999998
29469,18,9.39,1.8780000000000001,150,54,1,150,50.706,200.70600000000002
24330,18,32.41,6.481999999999999,150,29,1,150,93.98899999999999,243.98899999999998
19700,18,8.27,1.654,150,57,1,150,47.138999999999996,197.139
4104,18,7.08,1.4160000000000001,150,62,1,150,43.89600000000001,193.89600000000002
847,18,35.65,7.13,150,28,1,150,99.82,249.82
40560,18,7.09,1.4180000000000001,150,62,1,150,43.958000000000006,193.958
40566,18,7.23,1.4460000000000002,150,61,1,150,44.10300000000001,194.103
21730,18,38.4,7.68,150,27,1,150,103.67999999999999,253.68
19370,18,3.94,0.788,150,83,1,150,32.702,182.702
13504,18,7.28,1.4560000000000002,150,61,1,150,44.40800000000001,194.40800000000002
23511,18,7.43,1.486,150,60,1,150,44.58,194.57999999999998
20963,18,10.96,2.192,150,50,1,150,54.800000000000004,204.8
12507,18,18.24,3.6479999999999997,150,38,1,150,69.312,219.312
22910,18,74.83,14.966000000000001,150,19,1,150,142.17700000000002,292.177
19189,18,9.93,1.986,150,52,1,150,51.636,201.636
38153,18,28.85,5.7700000000000005,150,31,1,150,89.435,239.435
2863,18,34.34,6.868000000000001,150,28,1,150,96.15200000000002,246.15200000000002
24243,18,12.98,2.596,150,46,1,150,59.708,209.708
37798,18,11.33,2.266,150,49,1,150,55.517,205.517
6919,18,4.69,0.9380000000000002,150,76,1,150,35.644000000000005,185.644
23415,18,2.95,0.5900000000000001,150,96,1,150,28.320000000000004,178.32
12389,18,7.23,1.4460000000000002,150,61,1,150,44.10300000000001,194.103
25817,18,32.67,6.534000000000001,150,29,1,150,94.74300000000001,244.743
42949,18,9.45,1.89,150,53,1,150,50.085,200.085
36197,18,5.8,1.16,150,68,1,150,39.44,189.44
45745,18,8.16,1.6320000000000001,150,58,1,150,47.328,197.328
9361,18,48.5,9.700000000000001,150,24,1,150,116.4,266.4
23823,18,9.08,1.816,150,55,1,150,49.940000000000005,199.94
42410,18,16.97,3.394,150,40,1,150,67.88,217.88
42691,18,7.48,1.4960000000000002,150,60,1,150,44.88000000000001,194.88
22481,18,6.84,1.368,150,63,1,150,43.092000000000006,193.092
17880,18,18.29,3.658,150,38,1,150,69.502,219.502
11749,18,10.8,2.16,150,50,1,150,54.0,204.0
18363,18,4.1,0.82,150,81,1,150,33.21,183.21
216,18,15.62,3.124,150,42,1,150,65.604,215.60399999999998
46923,18,8.1,1.62,150,58,1,150,46.980000000000004,196.98000000000002
21367,17,20.4,4.08,150,35,1,150,71.4,221.4
25563,17,21.56,4.312,150,34,1,150,73.304,223.304
45246,17,7.23,1.4460000000000002,150,59,1,150,42.657000000000004,192.657
16583,17,13.51,2.702,150,43,1,150,58.092999999999996,208.093
24938,17,10.59,2.118,150,49,1,150,51.891,201.891
2727,17,19.37,3.8740000000000006,150,36,1,150,69.73200000000001,219.73200000000003
11699,17,7.84,1.568,150,57,1,150,44.688,194.688
90012,17,34.24,6.848000000000001,150,27,1,150,92.44800000000001,242.448
16426,17,5.44,1.088,150,68,1,150,36.992000000000004,186.99200000000002
32338,17,16.66,3.3320000000000003,150,39,1,150,64.974,214.974
42158,17,7.28,1.4560000000000002,150,59,1,150,42.952000000000005,192.952
6343,17,3.44,0.6880000000000001,150,86,1,150,29.584000000000003,179.584
15350,17,7.38,1.476,150,59,1,150,43.542,193.542
11420,17,3.39,0.678,150,87,1,150,29.493000000000002,179.493
2247,17,162.69,32.538000000000004,150,13,2,300,211.497,511.497
24323,17,88.43,17.686000000000003,150,17,1,150,150.33100000000002,300.331
41762,17,66.66,13.332,150,20,1,150,133.32,283.32
15211,17,6.77,1.354,150,61,1,150,41.297000000000004,191.297
38407,17,9.14,1.8280000000000003,150,53,1,150,48.44200000000001,198.442
19867,17,3.1,0.6200000000000001,150,91,1,150,28.210000000000004,178.21
33586,17,8.82,1.7640000000000002,150,54,1,150,47.62800000000001,197.62800000000001
23145,17,19.2,3.84,150,36,1,150,69.12,219.12
823,17,20.43,4.086,150,35,1,150,71.50500000000001,221.505
12593,17,18.61,3.722,150,37,1,150,68.857,218.857
2632,17,33.33,6.666,150,28,1,150,93.32400000000001,243.324
19247,17,11.61,2.322,150,47,1,150,54.567,204.567
8918,17,24.61,4.922000000000001,150,32,1,150,78.75200000000001,228.752
36894,17,7.89,1.578,150,57,1,150,44.973,194.973
2922,17,51.46,10.292000000000002,150,22,1,150,113.21200000000002,263.212
18126,17,7.53,1.5060000000000002,150,58,1,150,43.67400000000001,193.674
19489,17,7.84,1.568,150,57,1,150,44.688,194.688
17293,17,8.44,1.688,150,55,1,150,46.42,196.42000000000002
19158,17,6.45,1.29,150,63,1,150,40.635,190.635
15504,17,17.56,3.512,150,38,1,150,66.728,216.728
15923,17,3.21,0.642,150,89,1,150,28.569,178.569
41003,17,14.28,2.856,150,42,1,150,59.976,209.976
10870,17,10.45,2.09,150,49,1,150,51.205,201.20499999999998
20377,17,28.1,5.620000000000001,150,30,1,150,84.30000000000001,234.3
2042,17,28.56,5.712,150,30,1,150,85.67999999999999,235.68
19849,17,3.44,0.6880000000000001,150,86,1,150,29.584000000000003,179.584
39285,17,16.89,3.378,150,39,1,150,65.87100000000001,215.871
25162,17,32.89,6.578,150,28,1,150,92.092,242.09199999999998
31120,17,20.26,4.0520000000000005,150,35,1,150,70.91000000000001,220.91000000000003
25383,17,12.74,2.548,150,45,1,150,57.33,207.32999999999998
24700,17,8.44,1.688,150,55,1,150,46.42,196.42000000000002
19969,17,81.81,16.362000000000002,150,18,1,150,147.258,297.25800000000004
15721,17,16.12,3.224,150,40,1,150,64.48,214.48000000000002
3163,17,8.82,1.7640000000000002,150,54,1,150,47.62800000000001,197.62800000000001
2813,17,14.49,2.898,150,42,1,150,60.858000000000004,210.858
4399,17,10.15,2.0300000000000002,150,50,1,150,50.75000000000001,200.75
23188,17,18.36,3.672,150,37,1,150,67.932,217.93200000000002
44714,17,13.51,2.702,150,43,1,150,58.092999999999996,208.093
24868,16,7.48,1.4960000000000002,150,57,1,150,42.636,192.636
21753,16,5.19,1.038,150,68,1,150,35.292,185.292
2801,16,27.68,5.5360000000000005,150,29,1,150,80.272,230.272
37387,16,21.37,4.274,150,34,1,150,72.658,222.65800000000002
44785,16,12.9,2.58,150,43,1,150,55.47,205.47
44716,16,16.66,3.3320000000000003,150,38,1,150,63.30800000000001,213.308
40766,16,5.99,1.1980000000000002,150,63,1,150,37.73700000000001,187.73700000000002
25090,16,14.86,2.972,150,40,1,150,59.44,209.44
41394,16,15.75,3.1500000000000004,150,39,1,150,61.425000000000004,211.425
2036,16,29.13,5.8260000000000005,150,29,1,150,84.477,234.477
25181,16,64.42,12.884,150,19,1,150,122.398,272.398
27433,16,10.88,2.176,150,47,1,150,51.136,201.136
14425,16,30.82,6.164000000000001,150,28,1,150,86.296,236.296
21413,16,10.34,2.068,150,48,1,150,49.632000000000005,199.632
44993,16,5.59,1.118,150,66,1,150,36.894000000000005,186.894
18433,16,62.91,12.582,150,20,1,150,125.82000000000001,275.82
15651,16,9.58,1.9160000000000001,150,50,1,150,47.900000000000006,197.9
2584,16,14.28,2.856,150,41,1,150,58.547999999999995,208.548
21583,16,15.48,3.096,150,39,1,150,60.372,210.372
6592,16,6.03,1.2060000000000002,150,63,1,150,37.989000000000004,187.989
24699,16,31.07,6.214,150,28,1,150,86.99600000000001,236.996
25203,16,8.9,1.7800000000000002,150,52,1,150,46.28000000000001,196.28
25190,16,23.52,4.704,150,32,1,150,75.264,225.264
11306,16,10.52,2.104,150,48,1,150,50.496,200.496
25287,16,19.35,3.8700000000000006,150,35,1,150,67.72500000000001,217.72500000000002
28252,16,9.93,1.986,150,49,1,150,48.657,198.65699999999998
44186,16,31.03,6.206,150,28,1,150,86.884,236.88400000000001
4138,16,22.21,4.442,150,33,1,150,73.293,223.293
12477,16,12.83,2.5660000000000003,150,43,1,150,55.169000000000004,205.169
20177,16,23.83,4.766,150,32,1,150,76.256,226.256
19636,16,7.99,1.598,150,55,1,150,43.945,193.945
24554,16,8.66,1.7320000000000002,150,53,1,150,45.898,195.898
22438,16,34.24,6.848000000000001,150,26,1,150,89.02400000000002,239.024
2837,16,34.07,6.814,150,27,1,150,91.989,241.989
31978,16,9.45,1.89,150,50,1,150,47.25,197.25
24997,16,16.43,3.286,150,38,1,150,62.434,212.434
24308,16,32.43,6.486000000000001,150,27,1,150,87.561,237.561
24392,16,24.82,4.964,150,31,1,150,76.94200000000001,226.942
2868,16,70.86,14.172,150,18,1,150,127.548,277.548
23433,16,60.4,12.08,150,20,1,150,120.8,270.8
634,16,10.21,2.0420000000000003,150,48,1,150,49.00800000000001,199.008
25003,16,32.65,6.53,150,27,1,150,88.155,238.155
22352,16,22.72,4.544,150,33,1,150,74.976,224.976
20682,16,19.86,3.972,150,35,1,150,69.51,219.51
46371,16,11.25,2.25,150,46,1,150,51.75,201.75
8535,16,3.7,0.7400000000000001,150,81,1,150,29.970000000000002,179.97
3560,16,9.52,1.904,150,50,1,150,47.599999999999994,197.6
19329,16,29.52,5.904,150,29,1,150,85.608,235.608
1343,16,122.96,24.592,150,14,2,300,172.144,472.144
1328,16,12.49,2.498,150,44,1,150,54.956,204.95600000000002
1267,16,21.89,4.378,150,33,1,150,72.237,222.237
13985,16,7.53,1.5060000000000002,150,56,1,150,42.168000000000006,192.168
2743,16,62.49,12.498000000000001,150,20,1,150,124.98000000000002,274.98
2747,16,123.07,24.614,150,14,2,300,172.298,472.298
36572,16,14.52,2.904,150,41,1,150,59.532,209.53199999999998
18046,16,17.44,3.4880000000000004,150,37,1,150,64.528,214.52800000000002
113,16,4.84,0.968,150,70,1,150,33.879999999999995,183.88
25198,16,17.76,3.5520000000000005,150,37,1,150,65.712,215.712
18344,15,6.07,1.2140000000000002,150,61,1,150,37.02700000000001,187.02700000000002
23853,15,18.24,3.6479999999999997,150,35,1,150,63.839999999999996,213.84
880,15,7.57,1.5140000000000002,150,55,1,150,41.635000000000005,191.635
14935,15,12.98,2.596,150,42,1,150,54.516000000000005,204.51600000000002
14923,15,2.54,0.508,150,94,1,150,23.876,173.876
23045,15,16.33,3.266,150,37,1,150,60.421,210.421
881,15,6.56,1.312,150,59,1,150,38.704,188.704
13442,15,11.64,2.3280000000000003,150,44,1,150,51.21600000000001,201.216
5126,15,41.35,8.270000000000001,150,23,1,150,95.10500000000002,245.10500000000002
20091,15,5.51,1.102,150,64,1,150,35.264,185.264
44755,15,89.79,17.958000000000002,150,16,1,150,143.66400000000002,293.664
37249,15,9.73,1.9460000000000002,150,48,1,150,46.70400000000001,196.704
890,15,7.46,1.492,150,55,1,150,41.03,191.03
41304,15,11.61,2.322,150,44,1,150,51.084,201.084
22008,15,8.78,1.756,150,51,1,150,44.778,194.778
516,15,8.52,1.704,150,51,1,150,43.452,193.452
17059,15,5.91,1.1820000000000002,150,62,1,150,36.642,186.642
44083,15,14.37,2.874,150,40,1,150,57.480000000000004,207.48000000000002
22819,15,15.86,3.172,150,38,1,150,60.268,210.268
17065,15,4.1,0.82,150,74,1,150,30.34,180.34
41171,15,2.66,0.532,150,92,1,150,24.472,174.472
44302,15,5.47,1.094,150,64,1,150,35.008,185.008
15020,15,4.93,0.986,150,68,1,150,33.524,183.524
15970,15,21.42,4.284000000000001,150,32,1,150,68.54400000000001,218.544
38190,15,6.75,1.35,150,58,1,150,39.150000000000006,189.15
1474,15,19.84,3.968,150,34,1,150,67.456,217.45600000000002
6416,15,14.7,2.94,150,39,1,150,57.33,207.32999999999998
2809,15,14.7,2.94,150,39,1,150,57.33,207.32999999999998
25185,15,12.24,2.4480000000000004,150,43,1,150,52.632000000000005,202.632
13181,15,10.73,2.1460000000000004,150,46,1,150,49.35800000000001,199.358
10124,15,7.33,1.4660000000000002,150,55,1,150,40.315000000000005,190.315
20098,15,5.88,1.176,150,62,1,150,36.455999999999996,186.456
5818,15,0.78,0.15600000000000003,150,170,1,150,13.260000000000002,163.26
308,15,15.62,3.124,150,38,1,150,59.356,209.356
35392,15,8.38,1.6760000000000002,150,52,1,150,43.57600000000001,193.57600000000002
3371,15,0.71,0.142,150,178,1,150,12.637999999999998,162.638
24528,15,16.43,3.286,150,37,1,150,60.791000000000004,210.791
13558,15,32.67,6.534000000000001,150,26,1,150,84.94200000000001,234.942
640,15,7.24,1.4480000000000002,150,56,1,150,40.544000000000004,190.544
19946,15,9.73,1.9460000000000002,150,48,1,150,46.70400000000001,196.704
22448,15,13.99,2.798,150,40,1,150,55.96,205.96
22422,15,9.58,1.9160000000000001,150,48,1,150,45.984,195.984
8412,15,35.71,7.142,150,25,1,150,89.275,239.275
46090,15,5.19,1.038,150,66,1,150,34.254,184.254
46135,15,3.28,0.656,150,83,1,150,27.224,177.224
2119,15,66.4,13.280000000000001,150,18,1,150,119.52000000000001,269.52
16539,15,9.14,1.8280000000000003,150,50,1,150,45.70000000000001,195.70000000000002
21284,15,11.99,2.398,150,43,1,150,51.557,201.55700000000002
13703,15,4.33,0.8660000000000001,150,72,1,150,31.176000000000002,181.176
39234,15,13.42,2.684,150,41,1,150,55.022000000000006,205.022
22227,15,6.49,1.298,150,59,1,150,38.291000000000004,188.291
23334,15,20.64,4.128,150,33,1,150,68.112,218.112
20252,15,29.6,5.920000000000001,150,28,1,150,82.88000000000001,232.88
42423,15,16.55,3.3100000000000005,150,37,1,150,61.23500000000001,211.235
2186,15,19.56,3.912,150,34,1,150,66.504,216.50400000000002
920,15,7.57,1.5140000000000002,150,55,1,150,41.635000000000005,191.635
3152,15,7.91,1.582,150,53,1,150,41.923,191.923
23632,15,9.26,1.852,150,49,1,150,45.374,195.374
20339,15,48.27,9.654000000000002,150,22,1,150,106.19400000000002,256.194
27556,14,8.9,1.7800000000000002,150,49,1,150,43.61000000000001,193.61
24124,14,6.07,1.2140000000000002,150,59,1,150,35.813,185.813
43662,14,19.86,3.972,150,33,1,150,65.538,215.538
18844,14,8.44,1.688,150,50,1,150,42.199999999999996,192.2
24312,14,67.11,13.422,150,18,1,150,120.798,270.798
23542,14,6.86,1.372,150,55,1,150,37.730000000000004,187.73000000000002
38242,14,19.72,3.944,150,33,1,150,65.076,215.076
39471,14,19.86,3.972,150,33,1,150,65.538,215.538
11055,14,37.49,7.498000000000001,150,24,1,150,89.97600000000001,239.976
43652,14,12.49,2.498,150,41,1,150,51.209,201.209
19835,14,2.16,0.43200000000000005,150,99,1,150,21.384000000000004,171.38400000000001
22645,14,22.36,4.472,150,31,1,150,69.316,219.316
24387,14,13.42,2.684,150,40,1,150,53.68000000000001,203.68
22337,14,24.66,4.932,150,29,1,150,71.51400000000001,221.514
15161,14,68.96,13.792,150,17,1,150,117.232,267.23199999999997
3792,14,71.42,14.284,150,17,1,150,121.414,271.414
5492,14,115.38,23.076,150,13,2,300,149.994,449.994
38412,14,5.88,1.176,150,60,1,150,35.28,185.28
13595,14,32.88,6.5760000000000005,150,25,1,150,82.2,232.2
25014,14,16.77,3.354,150,35,1,150,58.695,208.695
12149,14,23.99,4.798,150,30,1,150,71.97,221.97
975,14,26.31,5.2620000000000005,150,28,1,150,73.668,223.668
20513,14,18.82,3.7640000000000002,150,33,1,150,62.106,212.106
700,14,6.33,1.266,150,58,1,150,36.714,186.714
685,14,32.46,6.492000000000001,150,25,1,150,81.15,231.15
18811,14,7.84,1.568,150,52,1,150,40.768,190.768
4065,14,20.89,4.178,150,32,1,150,66.848,216.848
24451,14,15.12,3.024,150,37,1,150,55.944,205.94400000000002
5515,14,7.65,1.5300000000000002,150,52,1,150,39.78000000000001,189.78
8616,14,16.42,3.2840000000000007,150,36,1,150,59.11200000000001,209.11200000000002
90014,14,40.78,8.156,150,23,1,150,93.79400000000001,243.794
2714,14,76.33,15.266,150,17,1,150,129.761,279.76099999999997
8676,14,53.95,10.790000000000001,150,20,1,150,107.9,257.9
2087,14,25.18,5.0360000000000005,150,29,1,150,73.022,223.022
45128,14,32.46,6.492000000000001,150,25,1,150,81.15,231.15
4387,14,6.29,1.258,150,58,1,150,36.482,186.482
4300,14,134.32,26.864,150,13,2,300,174.616,474.616
23963,14,13.99,2.798,150,39,1,150,54.561,204.561
21769,14,5.98,1.1960000000000002,150,59,1,150,35.282000000000004,185.282
869,14,7.57,1.5140000000000002,150,53,1,150,40.12100000000001,190.121
6456,14,4.02,0.8039999999999999,150,72,1,150,28.944,178.944
24185,14,63.26,12.652000000000001,150,18,1,150,113.86800000000001,263.868
1864,14,30.76,6.152000000000001,150,26,1,150,79.97600000000001,229.976
20382,14,8.1,1.62,150,51,1,150,41.31,191.31
20410,14,20.24,4.048,150,32,1,150,64.768,214.768
22838,14,7.43,1.486,150,53,1,150,39.379,189.379
14341,14,5.95,1.1900000000000002,150,59,1,150,35.105000000000004,185.10500000000002
11310,14,38.31,7.662000000000001,150,23,1,150,88.11300000000001,238.113
5653,14,14.05,2.8100000000000005,150,39,1,150,54.79500000000001,204.79500000000002
24285,14,9.03,1.806,150,48,1,150,43.344,193.344
2978,14,15.43,3.0860000000000003,150,37,1,150,57.09100000000001,207.091
2945,14,213.17,42.634,150,10,2,300,213.17000000000002,513.1700000000001
10121,14,23.64,4.728000000000001,150,30,1,150,70.92000000000002,220.92000000000002
17494,14,8.9,1.7800000000000002,150,49,1,150,43.61000000000001,193.61
27797,14,8.38,1.6760000000000002,150,50,1,150,41.900000000000006,191.9
21485,14,23.22,4.644,150,30,1,150,69.66,219.66
3160,14,7.29,1.4580000000000002,150,54,1,150,39.36600000000001,189.366
24684,14,15.53,3.106,150,37,1,150,57.461,207.461
844,14,7.19,1.4380000000000002,150,54,1,150,38.82600000000001,188.82600000000002
17063,14,10.66,2.132,150,44,1,150,46.904,196.904
5912,14,10.89,2.1780000000000004,150,44,1,150,47.91600000000001,197.916
36907,14,25.97,5.194,150,28,1,150,72.716,222.716
19233,14,13.01,2.6020000000000003,150,40,1,150,52.040000000000006,202.04000000000002
12684,14,10.66,2.132,150,44,1,150,46.904,196.904
18130,14,24.83,4.966,150,29,1,150,72.007,222.007
1066,14,15.99,3.1980000000000004,150,36,1,150,57.56400000000001,207.56400000000002
23293,13,55.03,11.006,150,19,1,150,104.557,254.55700000000002
18017,13,7.14,1.428,150,52,1,150,37.128,187.128
23242,13,4.84,0.968,150,63,1,150,30.491999999999997,180.492
1860,13,46.15,9.23,150,21,1,150,96.915,246.91500000000002
313,13,17.45,3.49,150,33,1,150,57.585,207.585
23201,13,6.66,1.332,150,54,1,150,35.964,185.964
15349,13,5.26,1.052,150,61,1,150,32.086,182.086
24998,13,11.1,2.22,150,42,1,150,46.620000000000005,196.62
22649,13,33.55,6.71,150,24,1,150,80.52,230.51999999999998
117,13,27.77,5.554,150,26,1,150,72.202,222.202
108,13,4.77,0.954,150,64,1,150,30.528,180.528
111,13,4.7,0.9400000000000001,150,64,1,150,30.080000000000002,180.08
1361,13,138.68,27.736000000000004,150,12,2,300,166.41600000000003,466.41600000000005
840,13,8.79,1.758,150,47,1,150,41.313,191.313
23340,13,100.66,20.132,150,14,1,150,140.924,290.924
22951,13,35.17,7.034000000000001,150,24,1,150,84.40800000000002,234.40800000000002
20383,13,9.03,1.806,150,46,1,150,41.538000000000004,191.538
9147,13,36.22,7.244,150,23,1,150,83.306,233.30599999999998
22809,13,7.84,1.568,150,50,1,150,39.2,189.2
20192,13,11.03,2.206,150,42,1,150,46.326,196.326
24386,13,18.82,3.7640000000000002,150,32,1,150,60.224000000000004,210.224
41575,13,33.77,6.754000000000001,150,24,1,150,81.04800000000002,231.048
19906,13,4.82,0.9640000000000001,150,64,1,150,30.848000000000003,180.848
7792,13,35.93,7.186,150,23,1,150,82.639,232.639
24926,13,6.84,1.368,150,53,1,150,36.252,186.252
16240,13,3.24,0.6480000000000001,150,78,1,150,25.272000000000006,175.272
23493,13,24.13,4.8260000000000005,150,28,1,150,67.56400000000001,217.56400000000002
34022,13,16.77,3.354,150,34,1,150,57.018,207.018
20426,13,9.86,1.972,150,44,1,150,43.384,193.38400000000001
41141,13,16.88,3.376,150,34,1,150,57.391999999999996,207.392
24567,13,9.08,1.816,150,46,1,150,41.768,191.768
290,13,39.05,7.81,150,22,1,150,85.91,235.91
24576,13,23.8,4.760000000000001,150,29,1,150,69.02000000000001,219.02
19150,13,14.66,2.9320000000000004,150,36,1,150,52.77600000000001,202.776
13251,13,9.24,1.848,150,46,1,150,42.504000000000005,192.50400000000002
23925,13,5.8,1.16,150,58,1,150,33.64,183.64
11703,13,14.48,2.8960000000000004,150,37,1,150,53.57600000000001,203.57600000000002
20507,13,20.64,4.128,150,31,1,150,63.984,213.984
18853,13,4.41,0.8820000000000001,150,66,1,150,29.106000000000005,179.106
20555,13,8.21,1.6420000000000003,150,49,1,150,40.229000000000006,190.229
605,13,9.67,1.9340000000000002,150,45,1,150,43.515,193.515
565,13,15.52,3.104,150,35,1,150,54.32,204.32
19822,13,72.6,14.52,150,16,1,150,116.16,266.15999999999997
23680,13,13.42,2.684,150,38,1,150,50.996,200.996
13941,13,30.4,6.08,150,25,1,150,76.0,226.0
23591,13,47.61,9.522,150,20,1,150,95.22,245.22
17361,13,11.64,2.3280000000000003,150,41,1,150,47.724000000000004,197.724
25381,13,11.64,2.3280000000000003,150,41,1,150,47.724000000000004,197.724
17086,13,26.66,5.332000000000001,150,27,1,150,71.98200000000001,221.98200000000003
18601,13,12.41,2.482,150,40,1,150,49.64,199.64
23765,13,7.89,1.578,150,50,1,150,39.45,189.45
13823,13,5.88,1.176,150,58,1,150,34.104,184.10399999999998
22057,13,17.41,3.482,150,33,1,150,57.453,207.453
23768,13,29.93,5.986000000000001,150,26,1,150,77.81800000000001,227.818
1242,13,8.02,1.604,150,49,1,150,39.298,189.298
10057,13,8.44,1.688,150,48,1,150,40.512,190.512
37708,13,7.43,1.486,150,51,1,150,37.893,187.893
23777,13,87.16,17.432,150,15,1,150,130.73999999999998,280.74
1051,13,74.62,14.924000000000001,150,16,1,150,119.39200000000001,269.392
23990,13,8.66,1.7320000000000002,150,47,1,150,40.702000000000005,190.702
19571,13,45.15,9.03,150,21,1,150,94.815,244.815
21300,13,6.8,1.36,150,54,1,150,36.720000000000006,186.72
21320,13,7.09,1.4180000000000001,150,52,1,150,36.868,186.868
23965,13,9.86,1.972,150,44,1,150,43.384,193.38400000000001
20008,13,14.19,2.838,150,37,1,150,52.503,202.503
19966,13,83.89,16.778000000000002,150,15,1,150,125.83500000000002,275.83500000000004
15838,13,11.03,2.206,150,42,1,150,46.326,196.326
1771,13,0.75,0.15000000000000002,150,161,1,150,12.075000000000001,162.075
2915,13,16.41,3.282,150,34,1,150,55.794,205.79399999999998
6525,13,29.4,5.88,150,26,1,150,76.44,226.44
12900,13,4.13,0.8260000000000001,150,69,1,150,28.497000000000003,178.497
21464,12,24.15,4.83,150,27,1,150,65.205,215.20499999999998
8017,12,7.85,1.57,150,48,1,150,37.68,187.68
377,12,28.35,5.670000000000001,150,25,1,150,70.87500000000001,220.875
399,12,4.73,0.9460000000000002,150,62,1,150,29.326000000000004,179.326
403,12,17.26,3.4520000000000004,150,32,1,150,55.232000000000006,205.232
46147,12,11.68,2.336,150,39,1,150,45.552,195.552
34501,12,6.89,1.3780000000000001,150,51,1,150,35.139,185.139
34646,12,5.66,1.1320000000000001,150,56,1,150,31.696000000000005,181.696
32987,12,4.69,0.9380000000000002,150,62,1,150,29.078000000000007,179.078
24734,12,10.34,2.068,150,42,1,150,43.428000000000004,193.428
15977,12,10.66,2.132,150,41,1,150,43.706,193.70600000000002
22918,12,7.38,1.476,150,49,1,150,36.162,186.162
40666,12,6.89,1.3780000000000001,150,51,1,150,35.139,185.139
41132,12,7.48,1.4960000000000002,150,49,1,150,36.65200000000001,186.65200000000002
23287,12,92.71,18.541999999999998,150,14,1,150,129.79399999999998,279.794
15366,12,5.86,1.1720000000000002,150,55,1,150,32.230000000000004,182.23000000000002
24556,12,11.64,2.3280000000000003,150,39,1,150,45.39600000000001,195.39600000000002
24559,12,13.42,2.684,150,37,1,150,49.654,199.654
20088,12,10.45,2.09,150,42,1,150,43.89,193.89
23278,12,33.33,6.666,150,23,1,150,76.659,226.659
885,12,6.05,1.21,150,55,1,150,33.275,183.275
6431,12,2.06,0.41200000000000003,150,93,1,150,19.158,169.15800000000002
24717,12,7.94,1.588,150,48,1,150,38.112,188.112
835,12,7.57,1.5140000000000002,150,49,1,150,37.093,187.09300000000002
845,12,7.19,1.4380000000000002,150,50,1,150,35.95,185.95
3765,12,9.37,1.8739999999999999,150,44,1,150,41.227999999999994,191.228
22975,12,3.62,0.7240000000000001,150,71,1,150,25.702,175.702
24526,12,33.33,6.666,150,23,1,150,76.659,226.659
18976,12,8.05,1.6100000000000003,150,47,1,150,37.83500000000001,187.835
4820,12,37.31,7.462000000000001,150,22,1,150,82.08200000000001,232.082
32900,12,58.82,11.764000000000001,150,17,1,150,99.99400000000001,249.99400000000003
22620,12,5.95,1.1900000000000002,150,55,1,150,32.725,182.725
22629,12,7.84,1.568,150,48,1,150,37.632000000000005,187.632
3120,12,10.94,2.188,150,41,1,150,44.854000000000006,194.854
39346,12,3.44,0.6880000000000001,150,72,1,150,24.768,174.768
39434,12,9.73,1.9460000000000002,150,43,1,150,41.839000000000006,191.839
39456,12,42.2,8.440000000000001,150,21,1,150,88.62000000000002,238.62
39461,12,69.07,13.814,150,16,1,150,110.512,260.512
15319,12,7.89,1.578,150,48,1,150,37.872,187.872
1408,12,7.19,1.4380000000000002,150,50,1,150,35.95,185.95
22793,12,6.2,1.2400000000000002,150,54,1,150,33.480000000000004,183.48000000000002
41588,12,66.66,13.332,150,16,1,150,106.656,256.656
764,12,10.42,2.084,150,42,1,150,43.764,193.764
2039,12,38.88,7.776000000000001,150,22,1,150,85.536,235.536
24751,12,10.73,2.1460000000000004,150,41,1,150,43.99300000000001,193.993
15572,12,7.43,1.486,150,49,1,150,36.407,186.40699999999998
33211,12,3.53,0.706,150,71,1,150,25.063,175.063
12378,12,8.72,1.7440000000000002,150,45,1,150,39.24,189.24
22703,12,23.33,4.6659999999999995,150,28,1,150,65.324,215.324
22725,12,11.76,2.352,150,39,1,150,45.864,195.864
22768,12,15.99,3.1980000000000004,150,34,1,150,54.36600000000001,204.366
667,12,5.18,1.036,150,59,1,150,30.562,180.562
22556,12,7.94,1.588,150,48,1,150,38.112,188.112
3301,12,12.11,2.422,150,39,1,150,47.229000000000006,197.229
32543,12,5.29,1.058,150,58,1,150,30.682000000000002,180.68200000000002
16163,12,3.97,0.794,150,67,1,150,26.599,176.599
16172,12,11.18,2.236,150,40,1,150,44.720000000000006,194.72
16529,12,11.99,2.398,150,39,1,150,46.761,196.761
4625,12,111.99,22.398,150,13,1,150,145.587,295.587
6373,12,3.44,0.6880000000000001,150,72,1,150,24.768,174.768
13583,12,2.53,0.506,150,84,1,150,21.252,171.252
38622,12,8.72,1.7440000000000002,150,45,1,150,39.24,189.24
24952,12,9.2,1.8399999999999999,150,44,1,150,40.48,190.48
25016,12,17.0,3.4000000000000004,150,33,1,150,56.10000000000001,206.10000000000002
715,12,6.19,1.2380000000000002,150,54,1,150,33.42600000000001,183.42600000000002
24512,12,13.79,2.758,150,36,1,150,49.644,199.644
24513,12,7.99,1.598,150,47,1,150,37.553000000000004,187.553
23349,12,9.99,1.9980000000000002,150,42,1,150,41.958000000000006,191.958
23341,12,22.75,4.55,150,28,1,150,63.699999999999996,213.7
23344,12,2.97,0.5940000000000001,150,78,1,150,23.166000000000004,173.166
6365,12,7.43,1.486,150,49,1,150,36.407,186.40699999999998
12268,12,5.22,1.044,150,59,1,150,30.798000000000002,180.798
22648,12,24.99,4.998,150,27,1,150,67.473,217.473
41727,12,4.63,0.926,150,62,1,150,28.706000000000003,178.70600000000002
41864,12,7.33,1.4660000000000002,150,50,1,150,36.650000000000006,186.65
24476,12,6.7,1.34,150,52,1,150,34.84,184.84
24494,12,6.8,1.36,150,51,1,150,34.68,184.68
7428,12,8.63,1.7260000000000002,150,46,1,150,39.69800000000001,189.698
20488,12,9.86,1.972,150,43,1,150,42.397999999999996,192.398
20504,12,3.94,0.788,150,68,1,150,26.792,176.792
22355,12,10.32,2.064,150,42,1,150,43.344,193.344
7375,12,3.97,0.794,150,67,1,150,26.599,176.599
43433,12,8.9,1.7800000000000002,150,45,1,150,40.050000000000004,190.05
43499,12,4.83,0.9660000000000001,150,61,1,150,29.463,179.463
910,12,17.29,3.458,150,32,1,150,55.328,205.328
912,12,11.15,2.23,150,40,1,150,44.6,194.6
914,12,11.5,2.3000000000000003,150,40,1,150,46.00000000000001,196.0
19936,12,7.53,1.5060000000000002,150,49,1,150,36.897000000000006,186.897
15188,12,5.8,1.16,150,56,1,150,32.48,182.48
19346,12,11.03,2.206,150,40,1,150,44.12,194.12
16863,12,6.84,1.368,150,51,1,150,34.884,184.88400000000001
13669,12,12.33,2.466,150,38,1,150,46.854000000000006,196.854
38314,12,9.86,1.972,150,43,1,150,42.397999999999996,192.398
38318,12,6.2,1.2400000000000002,150,54,1,150,33.480000000000004,183.48000000000002
6258,12,8.1,1.62,150,47,1,150,38.07,188.07
38471,12,9.2,1.8399999999999999,150,44,1,150,40.48,190.48
41983,12,20.4,4.08,150,30,1,150,61.2,211.2
22388,12,6.57,1.314,150,52,1,150,34.164,184.164
18173,12,7.18,1.436,150,50,1,150,35.9,185.9
11743,12,4.9,0.9800000000000001,150,61,1,150,29.890000000000004,179.89000000000001
11744,12,6.53,1.306,150,53,1,150,34.609,184.609
22471,12,11.48,2.2960000000000003,150,40,1,150,45.92,195.92000000000002
11709,12,39.21,7.8420000000000005,150,21,1,150,82.34100000000001,232.341
42436,12,2.62,0.524,150,83,1,150,21.746000000000002,171.746
4948,12,9.62,1.924,150,43,1,150,41.366,191.36599999999999
592,12,127.99,25.598,150,12,1,150,153.588,303.58799999999997
17916,12,110.38,22.076,150,13,1,150,143.494,293.494
18859,12,9.67,1.9340000000000002,150,43,1,150,41.581,191.58100000000002
16775,12,2.48,0.496,150,85,1,150,21.08,171.07999999999998
25154,12,17.0,3.4000000000000004,150,33,1,150,56.10000000000001,206.10000000000002
25120,12,9.73,1.9460000000000002,150,43,1,150,41.839000000000006,191.839
17017,12,6.89,1.3780000000000001,150,51,1,150,35.139,185.139
18732,12,8.44,1.688,150,46,1,150,38.824,188.824
22234,12,4.79,0.9580000000000001,150,61,1,150,29.219,179.219
22262,12,12.07,2.414,150,39,1,150,47.073,197.073
26826,12,7.74,1.548,150,48,1,150,37.152,187.152
20594,12,17.87,3.5740000000000003,150,32,1,150,57.184000000000005,207.184
21250,12,9.73,1.9460000000000002,150,43,1,150,41.839000000000006,191.839
21268,12,7.38,1.476,150,49,1,150,36.162,186.162
11078,12,11.48,2.2960000000000003,150,40,1,150,45.92,195.92000000000002
43543,12,5.47,1.094,150,57,1,150,31.179000000000002,181.179
45840,12,16.33,3.266,150,33,1,150,53.889,203.889
13921,12,7.48,1.4960000000000002,150,49,1,150,36.65200000000001,186.65200000000002
23663,12,8.49,1.6980000000000002,150,46,1,150,39.054,189.054
90025,12,38.7,7.740000000000001,150,22,1,150,85.14000000000001,235.14000000000001
23635,12,8.1,1.62,150,47,1,150,38.07,188.07
46567,12,2.75,0.55,150,81,1,150,22.275000000000002,172.275
13948,12,50.67,10.134,150,19,1,150,96.273,246.273
13920,12,7.23,1.4460000000000002,150,50,1,150,36.150000000000006,186.15
2213,12,13.66,2.732,150,36,1,150,49.176,199.176
16708,12,7.23,1.4460000000000002,150,50,1,150,36.150000000000006,186.15
4043,12,12.14,2.4280000000000004,150,39,1,150,47.34600000000001,197.346
31496,12,3.37,0.674,150,73,1,150,24.601000000000003,174.601
19345,12,11.48,2.2960000000000003,150,40,1,150,45.92,195.92000000000002
24334,12,8.96,1.7920000000000003,150,45,1,150,40.32000000000001,190.32
14834,12,10.32,2.064,150,42,1,150,43.344,193.344
19807,12,7.18,1.436,150,50,1,150,35.9,185.9
24704,12,7.94,1.588,150,48,1,150,38.112,188.112
28943,12,10.95,2.19,150,41,1,150,44.894999999999996,194.89499999999998
21099,12,5.4,1.08,150,58,1,150,31.32,181.32
21439,12,28.1,5.620000000000001,150,25,1,150,70.25000000000001,220.25
17138,12,8.55,1.7100000000000002,150,46,1,150,39.330000000000005,189.33
18573,12,13.15,2.6300000000000003,150,37,1,150,48.65500000000001,198.655
18636,12,10.95,2.19,150,41,1,150,44.894999999999996,194.89499999999998
8274,12,2.97,0.5940000000000001,150,78,1,150,23.166000000000004,173.166
19253,12,8.38,1.6760000000000002,150,46,1,150,38.548,188.548
10935,12,27.92,5.5840000000000005,150,25,1,150,69.80000000000001,219.8
44221,12,10.88,2.176,150,41,1,150,44.608000000000004,194.608
44290,12,10.73,2.1460000000000004,150,41,1,150,43.99300000000001,193.993
44338,12,5.82,1.1640000000000001,150,56,1,150,32.592000000000006,182.592
44394,12,9.65,1.9300000000000002,150,43,1,150,41.495000000000005,191.495
21732,12,25.97,5.194,150,26,1,150,67.522,217.522
21733,12,8.78,1.756,150,45,1,150,39.51,189.51
23749,12,29.41,5.882000000000001,150,25,1,150,73.525,223.525
14190,12,6.16,1.2320000000000002,150,54,1,150,33.264,183.264
19652,12,6.07,1.2140000000000002,150,54,1,150,32.778000000000006,182.77800000000002
8327,12,10.94,2.188,150,41,1,150,44.854000000000006,194.854
13808,12,7.94,1.588,150,48,1,150,38.112,188.112
45214,12,6.8,1.36,150,51,1,150,34.68,184.68
37794,12,5.19,1.038,150,59,1,150,30.621000000000002,180.621
35855,12,5.17,1.034,150,59,1,150,30.503,180.503
4518,12,35.11,7.022,150,23,1,150,80.753,230.753
20814,12,9.67,1.9340000000000002,150,43,1,150,41.581,191.58100000000002
20842,12,5.74,1.1480000000000001,150,56,1,150,32.144000000000005,182.144
22086,12,9.33,1.866,150,44,1,150,41.052,191.052
17470,12,6.8,1.36,150,51,1,150,34.68,184.68
43789,12,7.33,1.4660000000000002,150,50,1,150,36.650000000000006,186.65
38107,12,7.94,1.588,150,48,1,150,38.112,188.112
2626,12,1.42,0.284,150,113,1,150,16.046,166.046
188,12,11.19,2.238,150,40,1,150,44.76,194.76
2938,12,11.42,2.2840000000000003,150,40,1,150,45.68000000000001,195.68
14661,12,12.98,2.596,150,37,1,150,48.026,198.026
24182,12,62.49,12.498000000000001,150,17,1,150,106.233,256.233
14712,12,2.53,0.506,150,84,1,150,21.252,171.252
25748,12,14.47,2.894,150,35,1,150,50.645,200.645
44895,12,10.66,2.132,150,41,1,150,43.706,193.70600000000002
23921,12,19.6,3.9200000000000004,150,30,1,150,58.800000000000004,208.8
14100,12,4.02,0.8039999999999999,150,67,1,150,26.933999999999997,176.934
14101,12,4.05,0.81,150,67,1,150,27.135,177.135
19703,12,2.93,0.5860000000000001,150,78,1,150,22.854000000000003,172.854
19736,12,7.84,1.568,150,48,1,150,37.632000000000005,187.632
14432,12,8.78,1.756,150,45,1,150,39.51,189.51
37722,12,6.7,1.34,150,52,1,150,34.84,184.84
37008,12,14.47,2.894,150,35,1,150,50.645,200.645
23792,12,6.61,1.322,150,52,1,150,34.372,184.372
44709,12,5.29,1.058,150,58,1,150,30.682000000000002,180.68200000000002
10701,12,6.62,1.324,150,52,1,150,34.424,184.424
44764,12,12.49,2.498,150,38,1,150,47.462,197.462
44781,12,6.66,1.332,150,52,1,150,34.632000000000005,184.632
8008,12,7.14,1.428,150,50,1,150,35.699999999999996,185.7
5693,12,7.51,1.502,150,49,1,150,36.799,186.799
19275,12,7.14,1.428,150,50,1,150,35.699999999999996,185.7
24280,12,58.21,11.642000000000001,150,18,1,150,104.778,254.77800000000002
2779,12,14.7,2.94,150,35,1,150,51.449999999999996,201.45
17367,12,6.62,1.324,150,52,1,150,34.424,184.424
17332,12,7.38,1.476,150,49,1,150,36.162,186.162
21731,12,45.94,9.188,150,20,1,150,91.88000000000001,241.88
10708,12,9.08,1.816,150,45,1,150,40.86,190.86
21822,12,11.68,2.336,150,39,1,150,45.552,195.552
44666,12,17.0,3.4000000000000004,150,33,1,150,56.10000000000001,206.10000000000002
44705,12,8.99,1.798,150,45,1,150,40.455,190.45499999999998
36653,12,3.86,0.772,150,68,1,150,26.248,176.248
36769,12,5.15,1.03,150,59,1,150,30.385,180.385
1120,12,12.49,2.498,150,38,1,150,47.462,197.462
14357,12,6.8,1.36,150,51,1,150,34.68,184.68
37166,12,5.36,1.072,150,58,1,150,31.088,181.088
26396,12,3.89,0.778,150,68,1,150,26.452,176.452
46166,12,4.3,0.86,150,65,1,150,27.95,177.95
18275,12,8.21,1.6420000000000003,150,47,1,150,38.58700000000001,188.58700000000002
23982,12,10.45,2.09,150,42,1,150,43.89,193.89
24148,12,9.66,1.9320000000000002,150,43,1,150,41.538000000000004,191.538
19406,12,20.54,4.108,150,30,1,150,61.62,211.62
19543,12,7.18,1.436,150,50,1,150,35.9,185.9
14628,12,2.57,0.514,150,84,1,150,21.588,171.588
24055,12,9.33,1.866,150,44,1,150,41.052,191.052
19444,12,9.58,1.9160000000000001,150,43,1,150,41.194,191.19400000000002
19497,12,7.14,1.428,150,50,1,150,35.699999999999996,185.7
36386,12,8.6,1.72,150,46,1,150,39.56,189.56
21318,12,3.94,0.788,150,68,1,150,26.792,176.792
14922,12,2.6,0.52,150,83,1,150,21.580000000000002,171.58
21333,12,8.84,1.768,150,45,1,150,39.78,189.78
261,12,9.99,1.9980000000000002,150,42,1,150,41.958000000000006,191.958
24040,12,8.78,1.756,150,45,1,150,39.51,189.51
24046,12,4.73,0.9460000000000002,150,62,1,150,29.326000000000004,179.326
23905,12,5.33,1.066,150,58,1,150,30.914,180.914
18299,12,5.51,1.102,150,57,1,150,31.407000000000004,181.407
18309,12,6.57,1.314,150,52,1,150,34.164,184.164
18338,12,9.39,1.8780000000000001,150,44,1,150,41.316,191.316
17671,12,4.44,0.8880000000000001,150,64,1,150,28.416000000000004,178.416
17706,12,6.12,1.2240000000000002,150,54,1,150,33.048,183.048
45239,12,10.32,2.064,150,42,1,150,43.344,193.344
21359,12,11.33,2.266,150,40,1,150,45.32,195.32
187,12,11.53,2.306,150,40,1,150,46.120000000000005,196.12
23875,12,32.44,6.4879999999999995,150,24,1,150,77.856,227.856
20050,12,2.62,0.524,150,83,1,150,21.746000000000002,171.746
23926,12,13.42,2.684,150,37,1,150,49.654,199.654
13183,12,10.8,2.16,150,41,1,150,44.28,194.28
13418,12,4.99,0.9980000000000001,150,60,1,150,29.940000000000005,179.94
24685,12,8.49,1.6980000000000002,150,46,1,150,39.054,189.054
24701,12,10.2,2.04,150,42,1,150,42.84,192.84
18384,12,6.66,1.332,150,52,1,150,34.632000000000005,184.632
23928,12,4.79,0.9580000000000001,150,61,1,150,29.219,179.219
19251,12,7.99,1.598,150,47,1,150,37.553000000000004,187.553
23934,12,11.91,2.382,150,39,1,150,46.449000000000005,196.449
23894,12,6.66,1.332,150,52,1,150,34.632000000000005,184.632
21504,12,6.8,1.36,150,51,1,150,34.68,184.68
13062,12,33.33,6.666,150,23,1,150,76.659,226.659
3187,12,8.72,1.7440000000000002,150,45,1,150,39.24,189.24
3203,12,19.4,3.88,150,30,1,150,58.199999999999996,208.2
23025,12,10.2,2.04,150,42,1,150,42.84,192.84
3271,12,4.47,0.894,150,63,1,150,28.161,178.161
40220,12,5.51,1.102,150,57,1,150,31.407000000000004,181.407
39840,12,5.95,1.1900000000000002,150,55,1,150,32.725,182.725
12625,12,8.44,1.688,150,46,1,150,38.824,188.824
21526,12,6.66,1.332,150,52,1,150,34.632000000000005,184.632
12768,12,6.62,1.324,150,52,1,150,34.424,184.424
33961,12,53.68,10.736,150,18,1,150,96.62400000000001,246.62400000000002
46662,12,2.01,0.40199999999999997,150,95,1,150,19.095,169.095
46664,12,1.94,0.388,150,96,1,150,18.624000000000002,168.624
226,12,8.08,1.616,150,47,1,150,37.976,187.976
46402,12,5.47,1.094,150,57,1,150,31.179000000000002,181.179
8634,12,6.1,1.22,150,54,1,150,32.94,182.94
46508,12,5.95,1.1900000000000002,150,55,1,150,32.725,182.725
46394,12,12.32,2.4640000000000004,150,38,1,150,46.81600000000001,196.816
18131,12,8.21,1.6420000000000003,150,47,1,150,38.58700000000001,188.58700000000002
26644,11,4.36,0.8720000000000001,150,62,1,150,27.032000000000004,177.032
32803,11,17.64,3.5280000000000005,150,31,1,150,54.684000000000005,204.684
12388,11,19.35,3.8700000000000006,150,29,1,150,56.11500000000001,206.115
46802,11,3.26,0.652,150,71,1,150,23.146,173.14600000000002
22624,11,28.1,5.620000000000001,150,24,1,150,67.44000000000001,217.44
19526,11,9.39,1.8780000000000001,150,42,1,150,39.438,189.438
25006,11,10.34,2.068,150,40,1,150,41.36,191.36
25009,11,52.62,10.524000000000001,150,18,1,150,94.71600000000001,244.716
12192,11,39.47,7.894,150,20,1,150,78.94,228.94
2071,11,13.05,2.6100000000000003,150,36,1,150,46.980000000000004,196.98000000000002
675,11,78.73,15.746000000000002,150,14,1,150,110.22200000000001,260.222
41408,11,14.56,2.9120000000000004,150,34,1,150,49.504000000000005,199.50400000000002
2475,11,5.22,1.044,150,56,1,150,29.232,179.232
35759,11,35.71,7.142,150,21,1,150,74.991,224.99099999999999
19264,11,47.94,9.588,150,19,1,150,91.086,241.086
19267,11,32.21,6.442,150,23,1,150,74.083,224.083
22397,11,11.03,2.206,150,39,1,150,43.016999999999996,193.017
22456,11,13.81,2.7620000000000005,150,35,1,150,48.33500000000001,198.335
16140,11,15.86,3.172,150,32,1,150,50.752,200.752
19056,11,5.88,1.176,150,53,1,150,31.163999999999998,181.164
23945,11,13.01,2.6020000000000003,150,36,1,150,46.836000000000006,196.836
4556,11,11.71,2.342,150,38,1,150,44.498000000000005,194.498
5789,11,12.58,2.516,150,36,1,150,45.288,195.288
6129,11,1.45,0.29,150,107,1,150,15.514999999999999,165.515
36493,11,27.15,5.43,150,25,1,150,67.875,217.875
44859,11,7.48,1.4960000000000002,150,47,1,150,35.156000000000006,185.156
21520,11,16.12,3.224,150,32,1,150,51.584,201.584
10374,11,5.19,1.038,150,56,1,150,29.064,179.064
23497,11,54.79,10.958,150,17,1,150,93.143,243.143
2617,11,72.99,14.597999999999999,150,15,1,150,109.48499999999999,259.485
45839,11,15.33,3.0660000000000003,150,33,1,150,50.589000000000006,200.589
45837,11,23.99,4.798,150,26,1,150,62.374,212.374
298,11,6.06,1.212,150,52,1,150,31.512,181.512
17816,11,5.86,1.1720000000000002,150,53,1,150,31.058000000000003,181.058
15367,11,17.87,3.5740000000000003,150,30,1,150,53.61000000000001,203.61
2369,11,50.38,10.076,150,18,1,150,90.684,240.684
21196,11,17.33,3.4659999999999997,150,31,1,150,53.723,203.723
274,11,18.56,3.7119999999999997,150,30,1,150,55.67999999999999,205.68
40246,11,3.56,0.7120000000000001,150,68,1,150,24.208000000000002,174.208
12690,11,19.33,3.8659999999999997,150,29,1,150,56.056999999999995,206.057
23039,11,33.11,6.622,150,22,1,150,72.842,222.84199999999998
20130,11,39.47,7.894,150,20,1,150,78.94,228.94
24791,11,15.53,3.106,150,33,1,150,51.248999999999995,201.249
16000,11,16.21,3.2420000000000004,150,32,1,150,51.87200000000001,201.872
23662,11,17.99,3.598,150,30,1,150,53.97,203.97
24293,11,32.89,6.578,150,22,1,150,72.358,222.358
1026,11,14.61,2.922,150,34,1,150,49.674,199.674
6633,11,6.88,1.3760000000000001,150,49,1,150,33.712,183.712
3008,11,11.31,2.262,150,38,1,150,42.978,192.978
3468,11,10.86,2.172,150,39,1,150,42.354000000000006,192.354
34802,11,12.41,2.482,150,36,1,150,44.676,194.676
24486,11,12.49,2.498,150,36,1,150,44.964000000000006,194.964
13244,11,51.94,10.388,150,18,1,150,93.492,243.49200000000002
20064,11,315.43,63.086000000000006,150,7,2,300,220.80100000000002,520.801
5463,11,9.48,1.8960000000000001,150,42,1,150,39.816,189.816
38245,11,24.02,4.804,150,26,1,150,62.452000000000005,212.452
10414,11,7.89,1.578,150,46,1,150,36.294000000000004,186.294
16923,11,22.14,4.428,150,27,1,150,59.778,209.778
5691,11,7.87,1.574,150,46,1,150,36.202,186.202
20181,11,4.66,0.932,150,60,1,150,27.96,177.96
34841,11,11.72,2.3440000000000003,150,38,1,150,44.53600000000001,194.536
5341,11,0.39,0.07800000000000001,150,206,1,150,8.034,158.034
5273,11,6.34,1.268,150,51,1,150,32.334,182.334
15509,11,17.23,3.446,150,31,1,150,53.413000000000004,203.413
25416,11,27.2,5.44,150,25,1,150,68.0,218.0
21980,11,44.59,8.918000000000001,150,19,1,150,84.721,234.721
2913,11,19.99,3.9979999999999998,150,29,1,150,57.971,207.971
18628,11,19.59,3.918,150,29,1,150,56.811,206.811
21424,11,8.1,1.62,150,45,1,150,36.45,186.45
45992,11,6.75,1.35,150,49,1,150,33.075,183.075
4331,11,7.14,1.428,150,48,1,150,34.272,184.272
17938,11,6.7,1.34,150,50,1,150,33.5,183.5
36483,11,39.99,7.998000000000001,150,20,1,150,79.98000000000002,229.98000000000002
8432,11,0.74,0.148,150,149,1,150,11.026,161.026
1034,10,3.81,0.762,150,63,1,150,24.003,174.003
46942,10,19.47,3.894,150,28,1,150,54.516000000000005,204.51600000000002
20516,10,67.56,13.512,150,15,1,150,101.34,251.34
22808,10,8.38,1.6760000000000002,150,42,1,150,35.196000000000005,185.196
25011,10,25.48,5.096,150,24,1,150,61.152,211.152
42052,10,60.4,12.08,150,16,1,150,96.64,246.64
46950,10,5.36,1.072,150,53,1,150,28.408,178.40800000000002
45871,10,5.66,1.1320000000000001,150,51,1,150,28.866000000000003,178.866
46070,10,8.96,1.7920000000000003,150,41,1,150,36.736000000000004,186.736
46132,10,8.9,1.7800000000000002,150,41,1,150,36.49,186.49
23784,10,11.72,2.3440000000000003,150,36,1,150,42.19200000000001,192.192
23666,10,5.36,1.072,150,53,1,150,28.408,178.40800000000002
35266,10,13.51,2.702,150,33,1,150,44.583,194.583
22898,10,8.05,1.6100000000000003,150,43,1,150,34.61500000000001,184.615
18938,10,6.49,1.298,150,48,1,150,31.152,181.152
1874,10,84.61,16.922,150,13,1,150,109.99300000000001,259.993
16947,10,7.48,1.4960000000000002,150,45,1,150,33.660000000000004,183.66
12476,10,10.66,2.132,150,38,1,150,40.508,190.508
2812,10,30.3,6.0600000000000005,150,22,1,150,66.66000000000001,216.66000000000003
14174,10,32.67,6.534000000000001,150,21,1,150,68.60700000000001,218.60700000000003
14141,10,22.14,4.428,150,26,1,150,57.564,207.564
14306,10,22.22,4.444,150,26,1,150,57.772,207.772
3467,10,13.66,2.732,150,33,1,150,45.078,195.078
25108,10,33.1,6.620000000000001,150,21,1,150,69.51,219.51
38526,10,7.53,1.5060000000000002,150,45,1,150,33.885000000000005,183.885
38632,10,8.09,1.618,150,43,1,150,34.787,184.787
836,10,7.8,1.56,150,44,1,150,34.32,184.32
842,10,8.45,1.69,150,42,1,150,35.49,185.49
43393,10,5.91,1.1820000000000002,150,50,1,150,29.550000000000004,179.55
19070,10,6.53,1.306,150,48,1,150,31.344,181.344
16749,10,7.53,1.5060000000000002,150,45,1,150,33.885000000000005,183.885
549,10,6.42,1.284,150,48,1,150,30.816000000000003,180.816
25160,10,7.79,1.558,150,44,1,150,34.276,184.276
25140,10,16.55,3.3100000000000005,150,30,1,150,49.650000000000006,199.65
19661,10,13.69,2.738,150,33,1,150,45.177,195.177
7838,10,8.45,1.69,150,42,1,150,35.49,185.49
24187,10,21.42,4.284000000000001,150,26,1,150,55.69200000000001,205.692
24216,10,8.78,1.756,150,41,1,150,35.998,185.998
23785,10,11.03,2.206,150,37,1,150,40.811,190.811
4340,10,9.55,1.9100000000000001,150,40,1,150,38.2,188.2
21562,10,19.35,3.8700000000000006,150,28,1,150,54.18000000000001,204.18
16127,10,8.1,1.62,150,43,1,150,34.830000000000005,184.83
22101,10,5.72,1.144,150,51,1,150,29.171999999999997,179.172
11296,10,9.58,1.9160000000000001,150,40,1,150,38.32,188.32
20650,10,56.03,11.206000000000001,150,16,1,150,89.64800000000001,239.64800000000002
827,10,7.4,1.4800000000000002,150,45,1,150,33.300000000000004,183.3
34153,10,12.33,2.466,150,35,1,150,43.155,193.155
39601,10,4.69,0.9380000000000002,150,57,1,150,26.733000000000004,176.733
20639,10,9.73,1.9460000000000002,150,39,1,150,37.947,187.947
3424,10,11.59,2.318,150,36,1,150,41.724000000000004,191.724
20767,10,13.15,2.6300000000000003,150,34,1,150,44.71000000000001,194.71
18584,10,26.48,5.296,150,24,1,150,63.55200000000001,213.55200000000002
24579,10,10.27,2.054,150,38,1,150,39.025999999999996,189.026
43777,10,12.16,2.4320000000000004,150,35,1,150,42.56000000000001,192.56
38900,10,13.51,2.702,150,33,1,150,44.583,194.583
39400,10,26.34,5.268000000000001,150,24,1,150,63.21600000000001,213.216
11029,10,17.8,3.5600000000000005,150,29,1,150,51.620000000000005,201.62
31045,10,39.47,7.894,150,19,1,150,74.993,224.993
586,10,13.59,2.718,150,33,1,150,44.847,194.847
20532,10,8.72,1.7440000000000002,150,41,1,150,35.752,185.752
20550,10,7.14,1.428,150,46,1,150,32.844,182.844
20549,10,7.48,1.4960000000000002,150,45,1,150,33.660000000000004,183.66
17026,10,10.06,2.012,150,39,1,150,39.234,189.234
18739,10,23.33,4.6659999999999995,150,25,1,150,58.324999999999996,208.325
19414,10,8.1,1.62,150,43,1,150,34.830000000000005,184.83
18797,10,8.06,1.612,150,43,1,150,34.658,184.65800000000002
21012,10,57.04,11.408000000000001,150,16,1,150,91.26400000000001,241.264
17988,10,8.1,1.62,150,43,1,150,34.830000000000005,184.83
36851,10,10.73,2.1460000000000004,150,37,1,150,39.70100000000001,189.70100000000002
18761,10,10.61,2.122,150,38,1,150,40.318,190.31799999999998
15193,10,30.96,6.192,150,22,1,150,68.112,218.112
956,10,22.89,4.578,150,26,1,150,59.514,209.514
20744,10,8.55,1.7100000000000002,150,42,1,150,35.910000000000004,185.91
21441,10,17.76,3.5520000000000005,150,29,1,150,51.504000000000005,201.50400000000002
17914,10,6.2,1.2400000000000002,150,49,1,150,30.380000000000006,180.38
45576,10,3.5,0.7000000000000001,150,65,1,150,22.750000000000004,172.75
21408,10,11.99,2.398,150,35,1,150,41.965,191.965
8434,10,20.43,4.086,150,27,1,150,55.161,205.161
23938,10,14.93,2.986,150,32,1,150,47.776,197.776
276,10,26.8,5.36,150,24,1,150,64.32000000000001,214.32
4322,10,8.2,1.64,150,43,1,150,35.26,185.26
21160,10,14.56,2.9120000000000004,150,32,1,150,46.592000000000006,196.592
26939,9,22.57,4.514,150,24,1,150,54.168000000000006,204.168
240,9,14.99,2.998,150,30,1,150,44.970000000000006,194.97
21384,9,17.12,3.4240000000000004,150,28,1,150,47.93600000000001,197.936
24754,9,9.45,1.89,150,38,1,150,35.91,185.91
41589,9,34.24,6.848000000000001,150,20,1,150,68.48,218.48000000000002
14688,9,23.8,4.760000000000001,150,24,1,150,57.120000000000005,207.12
24180,9,24.18,4.836,150,24,1,150,58.032000000000004,208.032
2027,9,16.66,3.3320000000000003,150,28,1,150,46.648,196.648
21622,9,5.8,1.16,150,48,1,150,27.839999999999996,177.84
2491,9,23.91,4.782,150,24,1,150,57.384,207.38400000000001
18781,9,7.53,1.5060000000000002,150,42,1,150,31.626000000000005,181.626
2308,9,12.68,2.536,150,33,1,150,41.844,191.844
3151,9,5.51,1.102,150,49,1,150,26.999000000000002,176.999
25199,9,8.38,1.6760000000000002,150,40,1,150,33.52,183.52
25319,9,8.6,1.72,150,40,1,150,34.4,184.4
3096,9,0.72,0.144,150,137,1,150,9.863999999999999,159.864
23326,9,16.12,3.224,150,29,1,150,46.748000000000005,196.748
19944,9,6.8,1.36,150,45,1,150,30.6,180.6
24138,9,62.06,12.412,150,15,1,150,93.09,243.09
18269,9,49.0,9.8,150,17,1,150,83.30000000000001,233.3
18284,9,11.18,2.236,150,35,1,150,39.13,189.13
21216,9,74.49,14.898,150,13,1,150,96.837,246.837
17601,9,234.48,46.896,150,8,2,300,187.584,487.584
19157,9,16.21,3.2420000000000004,150,29,1,150,47.00900000000001,197.00900000000001
6265,9,3.39,0.678,150,63,1,150,21.357000000000003,171.357
16781,9,44.51,8.902,150,17,1,150,75.66699999999999,225.66699999999997
43019,9,55.55,11.11,150,16,1,150,88.88,238.88
40605,9,45.75,9.15,150,17,1,150,77.775,227.775
24195,9,16.33,3.266,150,29,1,150,47.357,197.357
15058,9,5.95,1.1900000000000002,150,48,1,150,28.560000000000002,178.56
979,9,5.9,1.1800000000000002,150,48,1,150,28.320000000000004,178.32
38241,9,37.25,7.45,150,19,1,150,70.775,220.775
23757,9,22.29,4.458,150,25,1,150,55.725,205.725
38392,9,11.99,2.398,150,34,1,150,40.766000000000005,190.76600000000002
23543,9,8.6,1.72,150,40,1,150,34.4,184.4
23780,9,55.03,11.006,150,16,1,150,88.048,238.048
19694,9,49.01,9.802,150,17,1,150,83.317,233.317
37530,9,4.54,0.908,150,55,1,150,24.970000000000002,174.97
37422,9,75.81,15.162,150,13,1,150,98.55300000000001,248.553
44756,9,11.03,2.206,150,35,1,150,38.605,188.605
10624,9,37.74,7.548000000000001,150,19,1,150,71.706,221.70600000000002
24483,9,35.94,7.188,150,19,1,150,68.286,218.286
536,9,9.92,1.984,150,37,1,150,36.704,186.704
13245,9,37.66,7.532,150,19,1,150,71.554,221.554
23267,9,30.71,6.142,150,21,1,150,64.491,214.49099999999999
13784,9,15.03,3.0060000000000002,150,30,1,150,45.09,195.09
5384,9,24.08,4.816,150,24,1,150,57.792,207.792
23203,9,6.8,1.36,150,45,1,150,30.6,180.6
2814,9,31.0,6.2,150,21,1,150,65.10000000000001,215.10000000000002
44025,9,27.58,5.516,150,22,1,150,60.676,210.676
2784,9,7.25,1.4500000000000002,150,43,1,150,31.175000000000004,181.175
10863,9,43.33,8.666,150,18,1,150,77.994,227.994
40213,9,9.73,1.9460000000000002,150,37,1,150,36.001000000000005,186.001
2921,9,14.92,2.984,150,30,1,150,44.76,194.76
19860,9,2.93,0.5860000000000001,150,68,1,150,19.924000000000003,169.924
731,9,20.6,4.12,150,26,1,150,53.56,203.56
19034,9,29.21,5.8420000000000005,150,21,1,150,61.34100000000001,211.341
25012,9,13.6,2.72,150,32,1,150,43.52,193.52
25020,9,17.56,3.512,150,28,1,150,49.168,199.168
25015,9,20.4,4.08,150,26,1,150,53.04,203.04
25018,9,20.68,4.136,150,26,1,150,53.768,203.768
24991,9,40.4,8.08,150,18,1,150,72.72,222.72
8570,9,7.09,1.4180000000000001,150,44,1,150,31.196000000000005,181.196
45874,9,3.76,0.752,150,60,1,150,22.56,172.56
116,9,11.62,2.324,150,34,1,150,39.507999999999996,189.50799999999998
46065,9,8.44,1.688,150,40,1,150,33.76,183.76
22798,9,31.33,6.266,150,21,1,150,65.793,215.793
780,9,9.84,1.968,150,37,1,150,36.408,186.40800000000002
2874,9,51.46,10.292000000000002,150,16,1,150,82.33600000000001,232.336
25562,9,45.75,9.15,150,17,1,150,77.775,227.775
8976,9,19.99,3.9979999999999998,150,26,1,150,51.974,201.974
23831,9,9.33,1.866,150,38,1,150,35.454,185.454
25537,9,11.4,2.2800000000000002,150,34,1,150,38.760000000000005,188.76
18431,9,29.03,5.806000000000001,150,22,1,150,63.866000000000014,213.866
20118,9,10.2,2.04,150,36,1,150,36.72,186.72
6877,9,13.56,2.712,150,32,1,150,43.392,193.392
20420,9,8.66,1.7320000000000002,150,39,1,150,33.774,183.774
22923,9,12.24,2.4480000000000004,150,33,1,150,40.39200000000001,190.392
15720,9,13.33,2.6660000000000004,150,32,1,150,42.656000000000006,192.656
18906,9,3.92,0.784,150,59,1,150,23.128,173.128
23069,9,16.66,3.3320000000000003,150,28,1,150,46.648,196.648
23151,9,12.49,2.498,150,33,1,150,41.217000000000006,191.217
20187,9,13.44,2.688,150,32,1,150,43.008,193.008
23021,9,9.08,1.816,150,39,1,150,35.412,185.412
3973,9,181.09,36.218,150,9,1,150,162.98100000000002,312.981
16773,9,22.6,4.5200000000000005,150,24,1,150,54.24000000000001,204.24
23205,9,10.66,2.132,150,36,1,150,38.376000000000005,188.376
42403,9,13.24,2.648,150,32,1,150,42.368,192.368
24273,9,10.45,2.09,150,36,1,150,37.62,187.62
14195,9,15.89,3.1780000000000004,150,29,1,150,46.081,196.08100000000002
989,9,14.59,2.918,150,30,1,150,43.77,193.77
918,8,10.89,2.1780000000000004,150,33,1,150,35.937000000000005,185.937
26104,8,105.51,21.102000000000004,150,11,1,150,116.06100000000002,266.06100000000004
21837,8,8.21,1.6420000000000003,150,38,1,150,31.198000000000008,181.198
28155,8,10.32,2.064,150,34,1,150,35.088,185.088
2638,8,95.38,19.076,150,11,1,150,104.918,254.918
21008,8,33.55,6.71,150,19,1,150,63.745,213.745
21015,8,22.72,4.544,150,23,1,150,52.25599999999999,202.256
21286,8,31.97,6.394,150,19,1,150,60.743,210.743
19395,8,26.84,5.368,150,21,1,150,56.364000000000004,206.364
19547,8,6.75,1.35,150,42,1,150,28.35,178.35
8460,8,12.49,2.498,150,31,1,150,38.719,188.719
26889,8,11.68,2.336,150,32,1,150,37.376,187.376
24169,8,34.01,6.802,150,19,1,150,64.619,214.619
21380,8,12.57,2.5140000000000002,150,31,1,150,38.967000000000006,188.967
247,8,156.24,31.248000000000005,150,9,1,150,140.616,290.616
21166,8,19.46,3.8920000000000003,150,25,1,150,48.650000000000006,198.65
21411,8,10.52,2.104,150,34,1,150,35.768,185.768
14652,8,10.59,2.118,150,34,1,150,36.006,186.006
437,8,37.87,7.574,150,18,1,150,68.166,218.166
3671,8,1.54,0.30800000000000005,150,88,1,150,13.552000000000003,163.552
41831,8,3.76,0.752,150,56,1,150,21.056,171.056
23798,8,10.38,2.076,150,34,1,150,35.292,185.292
20885,8,6.7,1.34,150,42,1,150,28.14,178.14
24166,8,50.33,10.066,150,15,1,150,75.495,225.495
2016,8,74.62,14.924000000000001,150,13,1,150,97.00600000000001,247.00600000000003
22813,8,12.98,2.596,150,30,1,150,38.94,188.94
24052,8,9.73,1.9460000000000002,150,35,1,150,34.055,184.055
2050,8,49.61,9.922,150,16,1,150,79.376,229.376
18639,8,8.44,1.688,150,38,1,150,32.071999999999996,182.072
25265,8,29.05,5.8100000000000005,150,20,1,150,58.10000000000001,208.10000000000002
35714,8,19.73,3.946,150,25,1,150,49.325,199.325
14193,8,30.61,6.122,150,20,1,150,61.22,211.22
23775,8,15.48,3.096,150,28,1,150,43.344,193.344
23825,8,6.66,1.332,150,42,1,150,27.972,177.972
19699,8,6.8,1.36,150,42,1,150,28.560000000000002,178.56
25130,8,20.68,4.136,150,24,1,150,49.632000000000005,199.632
3361,8,9.84,1.968,150,35,1,150,34.44,184.44
22279,8,4.45,0.8900000000000001,150,52,1,150,23.140000000000004,173.14000000000001
20424,8,60.64,12.128,150,14,1,150,84.896,234.89600000000002
3711,8,11.36,2.272,150,33,1,150,37.488,187.488
22957,8,42.48,8.496,150,17,1,150,72.21600000000001,222.216
43237,8,18.06,3.612,150,26,1,150,46.956,196.95600000000002
3402,8,10.31,2.0620000000000003,150,34,1,150,35.054,185.054
832,8,7.24,1.4480000000000002,150,41,1,150,29.684000000000005,179.684
17375,8,35.8,7.16,150,18,1,150,64.44,214.44
33719,8,21.56,4.312,150,24,1,150,51.744,201.744
874,8,6.71,1.342,150,42,1,150,28.182000000000002,178.18200000000002
39575,8,30.61,6.122,150,20,1,150,61.22,211.22
20520,8,17.33,3.4659999999999997,150,26,1,150,45.058,195.058
20554,8,11.68,2.336,150,32,1,150,37.376,187.376
2884,8,98.48,19.696,150,11,1,150,108.328,258.328
33717,8,31.97,6.394,150,19,1,150,60.743,210.743
39107,8,61.18,12.236,150,14,1,150,85.652,235.652
543,8,22.72,4.544,150,23,1,150,52.25599999999999,202.256
44653,8,64.86,12.972000000000001,150,14,1,150,90.804,240.804
10400,8,36.05,7.21,150,18,1,150,64.89,214.89
23348,8,30.61,6.122,150,20,1,150,61.22,211.22
905,8,9.62,1.924,150,35,1,150,33.67,183.67000000000002
15192,8,8.27,1.654,150,38,1,150,31.426,181.426
23194,8,21.19,4.238,150,24,1,150,50.85600000000001,200.856
3009,8,43.99,8.798,150,17,1,150,74.783,224.78300000000002
3053,8,0.79,0.15800000000000003,150,123,1,150,9.717000000000002,159.717
2765,8,60.14,12.028,150,14,1,150,84.196,234.196
25512,8,30.87,6.174,150,20,1,150,61.74,211.74
18438,8,36.12,7.224,150,18,1,150,65.016,215.01600000000002
5855,8,14.61,2.922,150,29,1,150,42.369,192.369
8010,8,39.28,7.856000000000001,150,17,1,150,66.77600000000001,216.776
4383,8,7.46,1.492,150,40,1,150,29.84,179.84
16634,8,20.25,4.05,150,24,1,150,48.599999999999994,198.6
25061,8,40.26,8.052,150,17,1,150,68.442,218.442
1096,8,5.55,1.11,150,46,1,150,25.53,175.53
24692,8,8.49,1.6980000000000002,150,38,1,150,32.262,182.262
22922,8,12.32,2.4640000000000004,150,31,1,150,38.19200000000001,188.192
18880,8,8.84,1.768,150,37,1,150,32.708,182.708
23953,8,11.25,2.25,150,33,1,150,37.125,187.125
25925,8,21.42,4.284000000000001,150,24,1,150,51.40800000000001,201.40800000000002
11640,8,6.49,1.298,150,43,1,150,27.907,177.907
24933,8,25.97,5.194,150,21,1,150,54.537,204.537
7278,8,27.68,5.5360000000000005,150,21,1,150,58.12800000000001,208.12800000000001
363,8,17.05,3.41,150,27,1,150,46.035000000000004,196.035
35896,8,31.03,6.206,150,20,1,150,62.06,212.06
36061,8,128.37,25.674000000000003,150,10,1,150,128.37,278.37
22454,8,6.45,1.29,150,43,1,150,27.735,177.735
42785,8,68.49,13.698,150,13,1,150,89.037,239.037
2474,8,29.1,5.82,150,20,1,150,58.2,208.2
23962,8,12.66,2.532,150,31,1,150,39.246,189.246
16190,8,9.8,1.9600000000000002,150,35,1,150,34.300000000000004,184.3
18102,8,34.48,6.896,150,19,1,150,65.512,215.512
46367,8,16.23,3.2460000000000004,150,27,1,150,43.821000000000005,193.821
46374,8,11.64,2.3280000000000003,150,32,1,150,37.248000000000005,187.248
161,8,9.28,1.8559999999999999,150,36,1,150,33.408,183.40800000000002
8618,8,17.31,3.4619999999999997,150,26,1,150,45.006,195.006
45980,7,39.99,7.998000000000001,150,16,1,150,63.98400000000001,213.984
199,7,3.87,0.774,150,52,1,150,20.124000000000002,170.124
165,7,20.14,4.0280000000000005,150,23,1,150,46.322,196.322
4173,7,0.79,0.15800000000000003,150,115,1,150,9.085,159.085
23959,7,26.52,5.304,150,20,1,150,53.040000000000006,203.04000000000002
23935,7,9.73,1.9460000000000002,150,33,1,150,32.109,182.109
10336,7,8.1,1.62,150,36,1,150,29.160000000000004,179.16
35905,7,26.17,5.234000000000001,150,20,1,150,52.34000000000001,202.34
35755,7,37.41,7.481999999999999,150,17,1,150,63.596999999999994,213.59699999999998
24361,7,30.71,6.142,150,18,1,150,55.278000000000006,205.27800000000002
19684,7,75.86,15.172,150,12,1,150,91.03200000000001,241.032
24261,7,21.93,4.386,150,22,1,150,48.246,198.246
42884,7,72.36,14.472000000000001,150,12,1,150,86.83200000000001,236.832
11340,7,9.2,1.8399999999999999,150,34,1,150,31.279999999999998,181.28
42685,7,31.37,6.274000000000001,150,18,1,150,56.46600000000001,206.466
12139,7,149.65,29.930000000000003,150,8,1,150,119.72000000000001,269.72
24930,7,28.28,5.656000000000001,150,19,1,150,53.732000000000006,203.732
24939,7,13.01,2.6020000000000003,150,28,1,150,36.428000000000004,186.428
2858,7,13.38,2.676,150,28,1,150,37.464,187.464
3355,7,18.79,3.758,150,24,1,150,45.096000000000004,195.096
735,7,10.81,2.1620000000000004,150,31,1,150,33.511,183.511
6952,7,12.85,2.5700000000000003,150,29,1,150,37.265,187.265
6957,7,10.76,2.152,150,31,1,150,33.356,183.356
20218,7,7.84,1.568,150,37,1,150,29.008000000000003,179.008
12351,7,13.51,2.702,150,28,1,150,37.828,187.828
1997,7,30.93,6.186,150,18,1,150,55.674,205.674
16241,7,3.3,0.66,150,56,1,150,18.48,168.48
37940,7,22.06,4.412,150,22,1,150,48.532,198.53199999999998
3809,7,7.19,1.4380000000000002,150,38,1,150,27.322000000000003,177.322
25535,7,12.25,2.45,150,29,1,150,35.525000000000006,185.525
14126,7,9.08,1.816,150,34,1,150,30.872,180.872
44102,7,37.66,7.532,150,17,1,150,64.022,214.022
43919,7,7.89,1.578,150,36,1,150,28.404,178.404
10623,7,31.97,6.394,150,18,1,150,57.546,207.546
21814,7,21.19,4.238,150,22,1,150,46.618,196.618
19914,7,4.66,0.932,150,47,1,150,21.902,171.902
15294,7,3.86,0.772,150,52,1,150,20.072,170.072
15971,7,71.89,14.378,150,12,1,150,86.268,236.268
23114,7,26.84,5.368,150,20,1,150,53.68000000000001,203.68
23066,7,10.13,2.0260000000000002,150,32,1,150,32.416000000000004,182.416
24720,7,18.54,3.708,150,24,1,150,44.496,194.496
24722,7,19.17,3.8340000000000005,150,23,1,150,44.09100000000001,194.091
41081,7,12.16,2.4320000000000004,150,29,1,150,35.264,185.264
20174,7,10.95,2.19,150,31,1,150,33.945,183.945
22435,7,37.41,7.481999999999999,150,17,1,150,63.596999999999994,213.59699999999998
3719,7,7.36,1.4720000000000002,150,38,1,150,27.968000000000004,177.96800000000002
16559,7,8.96,1.7920000000000003,150,34,1,150,30.464000000000006,180.464
4101,7,6.97,1.3940000000000001,150,39,1,150,27.183000000000003,177.183
21850,7,1.23,0.246,150,92,1,150,11.315999999999999,161.316
13702,7,4.45,0.8900000000000001,150,49,1,150,21.805000000000003,171.805
23337,7,94.59,18.918000000000003,150,11,1,150,104.04900000000002,254.04900000000004
18756,7,5.36,1.072,150,44,1,150,23.584000000000003,173.584
17406,7,64.18,12.836000000000002,150,13,1,150,83.43400000000001,233.43400000000003
2498,7,26.86,5.372,150,20,1,150,53.72,203.72
25257,7,20.77,4.154,150,22,1,150,45.694,195.69400000000002
2292,7,29.99,5.998,150,19,1,150,56.981,206.981
25428,7,19.3,3.8600000000000003,150,23,1,150,44.39,194.39
25444,7,28.08,5.616,150,19,1,150,53.352,203.352
25411,7,26.17,5.234000000000001,150,20,1,150,52.34000000000001,202.34
5250,7,7.14,1.428,150,38,1,150,27.131999999999998,177.132
24578,7,26.81,5.362,150,20,1,150,53.620000000000005,203.62
886,7,9.41,1.8820000000000001,150,33,1,150,31.053,181.053
21977,7,45.2,9.040000000000001,150,15,1,150,67.80000000000001,217.8
21978,7,5.8,1.16,150,43,1,150,24.939999999999998,174.94
10733,7,8.16,1.6320000000000001,150,36,1,150,29.376,179.376
13150,7,18.24,3.6479999999999997,150,24,1,150,43.775999999999996,193.776
24668,7,41.37,8.274,150,16,1,150,66.192,216.192
1722,7,351.55,70.31,150,5,2,300,175.775,475.775
551,7,8.59,1.718,150,35,1,150,30.064999999999998,180.065
13287,7,21.61,4.322,150,22,1,150,47.542,197.542
20001,7,23.97,4.794,150,21,1,150,50.336999999999996,200.337
20506,7,19.86,3.972,150,23,1,150,45.678,195.678
20659,7,12.98,2.596,150,28,1,150,36.344,186.344
16792,7,16.12,3.224,150,26,1,150,41.912000000000006,191.912
23014,7,17.23,3.446,150,25,1,150,43.075,193.075
20189,7,16.01,3.2020000000000004,150,26,1,150,41.626000000000005,191.626
22950,7,18.61,3.722,150,24,1,150,44.664,194.664
2230,7,37.59,7.518000000000001,150,17,1,150,63.903000000000006,213.90300000000002
43134,7,46.05,9.209999999999999,150,15,1,150,69.07499999999999,219.075
23070,7,17.56,3.512,150,24,1,150,42.144,192.144
12595,7,5.36,1.072,150,44,1,150,23.584000000000003,173.584
40366,7,26.89,5.378,150,20,1,150,53.78,203.78
40436,7,9.67,1.9340000000000002,150,33,1,150,31.911,181.911
12592,7,18.11,3.622,150,24,1,150,43.464,193.464
3250,7,7.41,1.4820000000000002,150,38,1,150,28.158000000000005,178.15800000000002
45565,7,12.07,2.414,150,29,1,150,35.003,185.003
2535,7,140.62,28.124000000000002,150,9,1,150,126.558,276.558
21449,7,36.23,7.2459999999999996,150,17,1,150,61.590999999999994,211.591
258,7,24.28,4.856000000000001,150,21,1,150,50.98800000000001,200.988
21366,7,7.84,1.568,150,37,1,150,29.008000000000003,179.008
1173,7,36.5,7.300000000000001,150,17,1,150,62.050000000000004,212.05
1215,7,50.77,10.154000000000002,150,14,1,150,71.07800000000002,221.07800000000003
23754,7,63.33,12.666,150,13,1,150,82.32900000000001,232.329
8228,7,107.99,21.598,150,10,1,150,107.99,257.99
3628,7,17.59,3.5180000000000002,150,24,1,150,42.216,192.216
2976,7,11.59,2.318,150,30,1,150,34.77,184.77
2949,7,70.36,14.072000000000001,150,12,1,150,84.432,234.43200000000002
21109,7,7.33,1.4660000000000002,150,38,1,150,27.854000000000003,177.854
19108,7,7.09,1.4180000000000001,150,38,1,150,26.942000000000004,176.942
22828,7,59.2,11.840000000000002,150,13,1,150,76.96000000000001,226.96
22765,7,40.81,8.162,150,16,1,150,65.296,215.296
41612,7,24.18,4.836,150,21,1,150,50.778000000000006,200.77800000000002
21045,7,17.56,3.512,150,24,1,150,42.144,192.144
21010,7,42.48,8.496,150,16,1,150,67.968,217.96800000000002
24125,7,10.06,2.012,150,32,1,150,32.192,182.192
17528,7,12.24,2.4480000000000004,150,29,1,150,35.49600000000001,185.496
90081,7,33.11,6.622,150,18,1,150,59.598,209.598
21026,7,4.9,0.9800000000000001,150,46,1,150,22.540000000000003,172.54
100,7,120.29,24.058000000000003,150,9,1,150,108.26100000000001,258.261
19584,7,40.26,8.052,150,16,1,150,64.416,214.416
23988,7,6.66,1.332,150,40,1,150,26.64,176.64
229,6,10.39,2.0780000000000003,150,29,1,150,30.131000000000004,180.131
14370,6,10.06,2.012,150,30,1,150,30.18,180.18
1062,6,4.57,0.9140000000000001,150,44,1,150,20.108000000000004,170.108
36846,6,7.33,1.4660000000000002,150,35,1,150,25.655000000000005,175.655
19568,6,6.07,1.2140000000000002,150,39,1,150,23.673000000000005,173.673
24013,6,17.1,3.4200000000000004,150,23,1,150,39.330000000000005,189.33
19396,6,4.6,0.9199999999999999,150,44,1,150,20.24,170.24
24123,6,6.53,1.306,150,37,1,150,24.161,174.161
21017,6,9.52,1.904,150,31,1,150,29.512,179.512
21027,6,79.3,15.86,150,11,1,150,87.22999999999999,237.23
21039,6,8.49,1.6980000000000002,150,33,1,150,28.017000000000003,178.017
21296,6,11.03,2.206,150,29,1,150,31.987,181.987
8456,6,9.64,1.9280000000000002,150,31,1,150,29.884000000000004,179.88400000000001
8699,6,4.63,0.926,150,44,1,150,20.372,170.372
8705,6,4.76,0.952,150,43,1,150,20.468,170.468
249,6,16.29,3.258,150,24,1,150,39.096000000000004,189.096
15951,6,36.48,7.295999999999999,150,16,1,150,58.367999999999995,208.368
41485,6,25.82,5.164000000000001,150,19,1,150,49.05800000000001,199.058
23899,6,8.1,1.62,150,33,1,150,26.73,176.73
6127,6,1.47,0.294,150,78,1,150,11.466,161.466
24167,6,24.32,4.864000000000001,150,19,1,150,46.208000000000006,196.208
2955,6,93.52,18.704,150,10,1,150,93.52000000000001,243.52
24165,6,55.19,11.038,150,13,1,150,71.747,221.747
2939,6,11.53,2.306,150,28,1,150,32.284,182.284
14638,6,11.48,2.2960000000000003,150,28,1,150,32.144000000000005,182.144
8235,6,6.24,1.2480000000000002,150,38,1,150,23.712000000000003,173.712
3646,6,15.38,3.0760000000000005,150,24,1,150,36.912000000000006,186.912
420,6,5.88,1.176,150,39,1,150,22.932,172.932
372,6,17.3,3.4600000000000004,150,23,1,150,39.790000000000006,189.79000000000002
45710,6,24.82,4.964,150,19,1,150,47.158,197.15800000000002
21386,6,13.54,2.708,150,26,1,150,35.204,185.204
21081,6,26.89,5.378,150,18,1,150,48.402,198.402
17819,6,1.97,0.394,150,68,1,150,13.396,163.39600000000002
3564,6,36.08,7.216,150,16,1,150,57.728,207.728
3599,6,14.05,2.8100000000000005,150,25,1,150,35.12500000000001,185.125
8419,6,5.3,1.06,150,41,1,150,21.73,171.73
8767,6,19.68,3.936,150,21,1,150,41.328,191.328
2680,6,43.79,8.758000000000001,150,14,1,150,61.306000000000004,211.306
22865,6,7.99,1.598,150,34,1,150,27.166,177.166
22866,6,8.78,1.756,150,32,1,150,28.096,178.096
22966,6,14.86,2.972,150,25,1,150,37.15,187.15
43541,6,5.26,1.052,150,41,1,150,21.566000000000003,171.566
7680,6,19.68,3.936,150,21,1,150,41.328,191.328
20465,6,36.18,7.236000000000001,150,16,1,150,57.888000000000005,207.888
25183,6,25.15,5.03,150,19,1,150,47.785000000000004,197.785
25137,6,12.24,2.4480000000000004,150,27,1,150,33.048,183.048
25104,6,30.91,6.182,150,17,1,150,52.547000000000004,202.547
25105,6,30.32,6.064,150,17,1,150,51.544,201.54399999999998
11148,6,12.41,2.482,150,27,1,150,33.507000000000005,183.507
23288,6,35.86,7.172000000000001,150,16,1,150,57.376000000000005,207.376
23284,6,142.85,28.57,150,8,1,150,114.28,264.28
23202,6,6.75,1.35,150,37,1,150,24.975,174.975
6411,6,34.07,6.814,150,16,1,150,54.512,204.512
13064,6,56.77,11.354000000000001,150,13,1,150,73.801,223.801
34135,6,7.48,1.4960000000000002,150,35,1,150,26.180000000000003,176.18
24663,6,10.95,2.19,150,29,1,150,31.755,181.755
24670,6,47.61,9.522,150,14,1,150,66.654,216.654
2903,6,20.58,4.116,150,21,1,150,43.217999999999996,193.218
33734,6,11.61,2.322,150,28,1,150,32.508,182.508
587,6,12.49,2.498,150,27,1,150,33.723000000000006,183.723
22119,6,3.24,0.6480000000000001,150,53,1,150,17.172000000000004,167.172
22195,6,5.33,1.066,150,41,1,150,21.853,171.853
22197,6,8.49,1.6980000000000002,150,33,1,150,28.017000000000003,178.017
530,6,11.27,2.254,150,28,1,150,31.556,181.556
43785,6,24.34,4.868,150,19,1,150,46.246,196.246
43803,6,3.1,0.6200000000000001,150,54,1,150,16.740000000000002,166.74
11174,6,6.66,1.332,150,37,1,150,24.642000000000003,174.642
22097,6,9.33,1.866,150,31,1,150,28.923000000000002,178.923
22012,6,23.8,4.760000000000001,150,19,1,150,45.220000000000006,195.22
20801,6,20.54,4.108,150,21,1,150,43.13399999999999,193.134
4415,6,8.72,1.7440000000000002,150,32,1,150,27.904000000000003,177.904
16991,6,46.66,9.331999999999999,150,14,1,150,65.324,215.324
34474,6,4.57,0.9140000000000001,150,44,1,150,20.108000000000004,170.108
13255,6,10.52,2.104,150,29,1,150,30.508000000000003,180.508
39433,6,8.9,1.7800000000000002,150,32,1,150,28.480000000000004,178.48000000000002
23331,6,98.68,19.736000000000004,150,10,1,150,98.68000000000002,248.68
3084,6,11.27,2.254,150,28,1,150,31.556,181.556
23295,6,42.1,8.42,150,15,1,150,63.15,213.15
38641,6,9.26,1.852,150,31,1,150,28.706000000000003,178.70600000000002
15582,6,8.1,1.62,150,33,1,150,26.73,176.73
19201,6,11.48,2.2960000000000003,150,28,1,150,32.144000000000005,182.144
24560,6,8.6,1.72,150,32,1,150,27.52,177.52
24530,6,44.96,8.992,150,14,1,150,62.944,212.94400000000002
24531,6,17.1,3.4200000000000004,150,23,1,150,39.330000000000005,189.33
6520,6,39.99,7.998000000000001,150,15,1,150,59.98500000000001,209.985
866,6,15.93,3.186,150,24,1,150,38.232,188.232
18645,6,23.99,4.798,150,19,1,150,45.581,195.58100000000002
25421,6,59.45,11.89,150,12,1,150,71.34,221.34
17405,6,86.36,17.272000000000002,150,10,1,150,86.36000000000001,236.36
20778,6,5.36,1.072,150,41,1,150,21.976000000000003,171.976
20793,6,7.43,1.486,150,35,1,150,26.005,176.005
20743,6,16.88,3.376,150,23,1,150,38.824,188.824
6395,6,3.28,0.656,150,52,1,150,17.056,167.056
13530,6,17.23,3.446,150,23,1,150,39.629000000000005,189.62900000000002
13550,6,34.45,6.890000000000001,150,16,1,150,55.120000000000005,205.12
23434,6,44.51,8.902,150,14,1,150,62.31399999999999,212.314
23354,6,10.88,2.176,150,29,1,150,31.552000000000003,181.552
22398,6,34.01,6.802,150,16,1,150,54.416,204.416
16478,6,7.94,1.588,150,34,1,150,26.996000000000002,176.996
4605,6,99.23,19.846000000000004,150,10,1,150,99.23000000000002,249.23000000000002
25082,6,14.86,2.972,150,25,1,150,37.15,187.15
25077,6,19.6,3.9200000000000004,150,21,1,150,41.160000000000004,191.16
25057,6,21.56,4.312,150,20,1,150,43.120000000000005,193.12
16678,6,63.51,12.702,150,12,1,150,76.212,226.212
2137,6,29.99,5.998,150,17,1,150,50.983000000000004,200.983
16649,6,9.67,1.9340000000000002,150,31,1,150,29.977000000000004,179.977
2215,6,13.86,2.7720000000000002,150,25,1,150,34.650000000000006,184.65
2218,6,42.33,8.466,150,15,1,150,63.495,213.495
19061,6,33.99,6.798000000000001,150,16,1,150,54.38400000000001,204.38400000000001
12539,6,9.08,1.816,150,31,1,150,28.148,178.148
12575,6,9.14,1.8280000000000003,150,31,1,150,28.334000000000003,178.334
6798,6,4.63,0.926,150,44,1,150,20.372,170.372
22927,6,9.65,1.9300000000000002,150,31,1,150,29.915000000000003,179.915
22928,6,12.83,2.5660000000000003,150,26,1,150,33.358000000000004,183.358
15968,6,8.38,1.6760000000000002,150,33,1,150,27.654000000000003,177.654
24731,6,40.81,8.162,150,15,1,150,61.215,211.215
830,6,7.35,1.47,150,35,1,150,25.724999999999998,175.725
23122,6,17.0,3.4000000000000004,150,23,1,150,39.1,189.1
15329,6,4.1,0.82,150,47,1,150,19.27,169.27
24430,6,5.74,1.1480000000000001,150,40,1,150,22.96,172.96
15261,6,4.27,0.854,150,46,1,150,19.642,169.642
15262,6,4.41,0.8820000000000001,150,45,1,150,19.845000000000002,169.845
34803,6,11.76,2.352,150,28,1,150,32.928,182.928
10544,6,8.9,1.7800000000000002,150,32,1,150,28.480000000000004,178.48000000000002
44637,6,8.84,1.768,150,32,1,150,28.288,178.288
10625,6,45.26,9.052,150,14,1,150,63.364,213.364
3432,6,13.04,2.608,150,26,1,150,33.904,183.904
21754,6,6.45,1.29,150,37,1,150,23.865000000000002,173.865
21772,6,3.6,0.7200000000000001,150,50,1,150,18.000000000000004,168.0
21691,6,5.17,1.034,150,42,1,150,21.714000000000002,171.714
17289,6,10.2,2.04,150,30,1,150,30.6,180.6
17323,6,27.62,5.524000000000001,150,18,1,150,49.71600000000001,199.716
17339,6,5.4,1.08,150,41,1,150,22.14,172.14
23773,6,34.66,6.9319999999999995,150,16,1,150,55.455999999999996,205.456
23748,6,39.07,7.814,150,15,1,150,58.605000000000004,208.60500000000002
37921,6,14.47,2.894,150,25,1,150,36.175000000000004,186.175
13831,6,8.16,1.6320000000000001,150,33,1,150,26.928,176.928
23661,6,32.66,6.532,150,17,1,150,55.522,205.522
23538,6,6.9,1.3800000000000001,150,36,1,150,24.840000000000003,174.84
35644,6,8.05,1.6100000000000003,150,33,1,150,26.565000000000005,176.565
22672,6,4.56,0.9119999999999999,150,44,1,150,20.064,170.064
6916,6,11.1,2.22,150,28,1,150,31.080000000000002,181.08
16247,6,5.26,1.052,150,41,1,150,21.566000000000003,171.566
2833,6,7.24,1.4480000000000002,150,35,1,150,25.340000000000003,175.34
18945,6,58.1,11.620000000000001,150,12,1,150,69.72,219.72
2104,6,50.35,10.07,150,13,1,150,65.455,215.45499999999998
22596,6,25.51,5.102,150,19,1,150,48.469,198.469
749,6,15.14,3.0280000000000005,150,24,1,150,36.336000000000006,186.336
42115,6,9.66,1.9320000000000002,150,31,1,150,29.946,179.946
12133,6,4.24,0.8480000000000001,150,46,1,150,19.504,169.504
12134,6,7.33,1.4660000000000002,150,35,1,150,25.655000000000005,175.655
2075,6,143.88,28.776,150,8,1,150,115.104,265.104
31788,6,5.4,1.08,150,41,1,150,22.14,172.14
16586,6,10.38,2.076,150,29,1,150,30.102,180.102
42439,6,6.16,1.2320000000000002,150,38,1,150,23.408000000000005,173.40800000000002
7271,6,5.18,1.036,150,42,1,150,21.756,171.756
42348,6,4.82,0.9640000000000001,150,43,1,150,20.726000000000003,170.726
19673,6,8.27,1.654,150,33,1,150,27.290999999999997,177.291
19685,6,20.13,4.026,150,21,1,150,42.272999999999996,192.273
37733,6,8.84,1.768,150,32,1,150,28.288,178.288
37194,6,5.51,1.102,150,40,1,150,22.040000000000003,172.04
5645,6,18.79,3.758,150,22,1,150,41.338,191.338
36065,6,174.48,34.896,150,7,1,150,122.136,272.13599999999997
35756,6,37.66,7.532,150,15,1,150,56.49,206.49
35910,6,12.32,2.4640000000000004,150,27,1,150,33.264,183.264
27907,6,26.31,5.2620000000000005,150,18,1,150,47.358000000000004,197.358
401,6,5.9,1.1800000000000002,150,39,1,150,23.01,173.01
8028,6,8.39,1.6780000000000002,150,33,1,150,27.687,177.687
21592,6,6.7,1.34,150,37,1,150,24.790000000000003,174.79
20980,6,12.9,2.58,150,26,1,150,33.54,183.54
10122,6,15.86,3.172,150,24,1,150,38.064,188.064
27579,6,43.33,8.666,150,14,1,150,60.662000000000006,210.662
4348,6,11.65,2.33,150,28,1,150,32.620000000000005,182.62
4357,6,7.46,1.492,150,35,1,150,26.11,176.11
2555,6,66.66,13.332,150,12,1,150,79.992,229.99200000000002
2577,6,37.87,7.574,150,15,1,150,56.805,206.805
4215,6,19.4,3.88,150,22,1,150,42.68,192.68
5742,6,3.93,0.786,150,48,1,150,18.864,168.864
14444,6,17.1,3.4200000000000004,150,23,1,150,39.330000000000005,189.33
14410,6,5.26,1.052,150,41,1,150,21.566000000000003,171.566
46580,6,5.19,1.038,150,42,1,150,21.798000000000002,171.798
18385,6,11.18,2.236,150,28,1,150,31.304000000000002,181.304
26247,6,32.46,6.492000000000001,150,17,1,150,55.18200000000001,205.18200000000002
6040,5,8.39,1.6780000000000002,150,30,1,150,25.17,175.17000000000002
21355,5,7.04,1.4080000000000001,150,33,1,150,23.232000000000003,173.232
46765,5,35.94,7.188,150,14,1,150,50.315999999999995,200.316
10127,5,8.1,1.62,150,30,1,150,24.3,174.3
18044,5,29.65,5.93,150,16,1,150,47.44,197.44
21407,5,9.14,1.8280000000000003,150,29,1,150,26.506000000000004,176.506
45875,5,6.45,1.29,150,34,1,150,21.93,171.93
21342,5,10.52,2.104,150,27,1,150,28.404,178.404
1090,5,13.59,2.718,150,23,1,150,31.256999999999998,181.257
2637,5,39.12,7.824,150,14,1,150,54.768,204.768
27033,5,19.73,3.946,150,19,1,150,37.487,187.487
20129,5,15.89,3.1780000000000004,150,22,1,150,34.958000000000006,184.958
19834,5,49.65,9.93,150,12,1,150,59.58,209.57999999999998
39574,5,16.55,3.3100000000000005,150,21,1,150,34.755,184.755
21478,5,47.68,9.536,150,13,1,150,61.983999999999995,211.98399999999998
10618,5,6.84,1.368,150,33,1,150,22.572000000000003,172.572
21686,5,9.08,1.816,150,29,1,150,26.332,176.332
25707,5,23.22,4.644,150,18,1,150,41.796,191.796
1341,5,6.34,1.268,150,34,1,150,21.556,171.556
21529,5,8.44,1.688,150,30,1,150,25.32,175.32
2427,5,15.93,3.186,150,22,1,150,35.046,185.046
37342,5,49.66,9.932,150,12,1,150,59.592,209.59199999999998
23896,5,7.58,1.516,150,31,1,150,23.498,173.498
15037,5,40.66,8.132,150,14,1,150,56.924,206.924
6532,5,51.09,10.218000000000002,150,12,1,150,61.30800000000001,211.308
23186,5,13.42,2.684,150,24,1,150,32.208,182.208
39797,5,16.21,3.2420000000000004,150,22,1,150,35.662000000000006,185.662
2058,5,33.08,6.616,150,15,1,150,49.62,199.62
24881,5,8.21,1.6420000000000003,150,30,1,150,24.630000000000006,174.63
23156,5,58.82,11.764000000000001,150,11,1,150,64.70200000000001,214.702
2832,5,74.81,14.962000000000002,150,10,1,150,74.81,224.81
2916,5,47.05,9.41,150,13,1,150,61.165,211.165
1676,5,109.48,21.896,150,8,1,150,87.584,237.584
3292,5,135.99,27.198000000000004,150,7,1,150,95.19300000000001,245.193
3748,5,7.02,1.404,150,33,1,150,23.165999999999997,173.166
23042,5,8.9,1.7800000000000002,150,29,1,150,25.810000000000002,175.81
19045,5,18.61,3.722,150,20,1,150,37.22,187.22
787,5,17.85,3.5700000000000003,150,20,1,150,35.7,185.7
20418,5,10.34,2.068,150,27,1,150,27.918,177.918
16200,5,28.66,5.732,150,16,1,150,45.856,195.856
23107,5,109.67,21.934,150,8,1,150,87.736,237.736
23121,5,15.23,3.0460000000000003,150,22,1,150,33.506,183.506
24922,5,10.47,2.0940000000000003,150,27,1,150,28.269000000000005,178.269
23750,5,45.45,9.090000000000002,150,13,1,150,59.08500000000001,209.085
18424,5,37.01,7.402,150,14,1,150,51.814,201.814
17315,5,54.05,10.81,150,12,1,150,64.86,214.86
457,5,6.66,1.332,150,34,1,150,22.644000000000002,172.644
18767,5,10.27,2.054,150,27,1,150,27.729,177.72899999999998
17346,5,30.96,6.192,150,16,1,150,49.536,199.536
24349,5,35.48,7.096,150,15,1,150,53.22,203.22
3440,5,22.39,4.478000000000001,150,18,1,150,40.30200000000001,190.30200000000002
43923,5,8.21,1.6420000000000003,150,30,1,150,24.630000000000006,174.63
14265,5,14.28,2.856,150,23,1,150,32.844,182.844
23763,5,35.8,7.16,150,14,1,150,50.120000000000005,200.12
21674,5,17.99,3.598,150,20,1,150,35.98,185.98
24496,5,70.74,14.148,150,10,1,150,70.74,220.74
17758,5,16.77,3.354,150,21,1,150,35.217,185.21699999999998
21634,5,30.4,6.08,150,16,1,150,48.64,198.64
21645,5,18.82,3.7640000000000002,150,20,1,150,37.64,187.64
23332,5,17.99,3.598,150,20,1,150,35.98,185.98
22820,5,27.74,5.548,150,16,1,150,44.384,194.38400000000001
22625,5,6.19,1.2380000000000002,150,35,1,150,21.665000000000003,171.665
25084,5,17.76,3.5520000000000005,150,21,1,150,37.29600000000001,187.296
20259,5,23.17,4.634,150,18,1,150,41.706,191.70600000000002
25004,5,14.56,2.9120000000000004,150,23,1,150,33.48800000000001,183.488
713,5,19.11,3.822,150,20,1,150,38.22,188.22
3131,5,9.28,1.8559999999999999,150,28,1,150,25.983999999999998,175.984
23335,5,133.33,26.666000000000004,150,8,1,150,106.66400000000002,256.664
3341,5,25.17,5.034000000000001,150,17,1,150,42.78900000000001,192.78900000000002
20508,5,12.92,2.584,150,24,1,150,31.008000000000003,181.008
41978,5,32.65,6.53,150,15,1,150,48.975,198.975
20316,5,62.06,12.412,150,11,1,150,68.266,218.26600000000002
20376,5,11.99,2.398,150,25,1,150,29.975,179.975
2384,5,31.24,6.248,150,15,1,150,46.86,196.86
22228,5,27.15,5.43,150,17,1,150,46.155,196.155
43152,5,24.67,4.934000000000001,150,17,1,150,41.93900000000001,191.93900000000002
43387,5,19.35,3.8700000000000006,150,20,1,150,38.7,188.7
7458,5,9.52,1.904,150,28,1,150,26.656,176.656
7750,5,22.21,4.442,150,18,1,150,39.978,189.978
22619,5,5.51,1.102,150,37,1,150,20.387,170.387
2301,5,186.04,37.208,150,6,1,150,111.624,261.624
18583,5,31.29,6.258,150,15,1,150,46.935,196.935
22107,5,39.99,7.998000000000001,150,14,1,150,55.986000000000004,205.986
2776,5,32.3,6.46,150,15,1,150,48.45,198.45
25184,5,17.23,3.446,150,21,1,150,36.183,186.183
11775,5,149.99,29.998000000000005,150,7,1,150,104.99300000000002,254.99300000000002
11776,5,154.1,30.82,150,7,1,150,107.87,257.87
10766,5,9.58,1.9160000000000001,150,28,1,150,26.824,176.824
11279,5,29.21,5.8420000000000005,150,16,1,150,46.736000000000004,196.736
11321,5,77.88,15.576,150,10,1,150,77.88,227.88
19786,5,50.33,10.066,150,12,1,150,60.396,210.39600000000002
19787,5,3.24,0.6480000000000001,150,48,1,150,15.552000000000003,165.552
12354,5,3.65,0.73,150,45,1,150,16.425,166.425
25062,5,34.92,6.984000000000001,150,15,1,150,52.38000000000001,202.38
23294,5,32.46,6.492000000000001,150,15,1,150,48.690000000000005,198.69
25070,5,23.64,4.728000000000001,150,18,1,150,42.55200000000001,192.55200000000002
4574,5,25.19,5.038,150,17,1,150,42.823,192.823
19959,5,12.58,2.516,150,24,1,150,30.192,180.192
23338,5,35.48,7.096,150,15,1,150,53.22,203.22
19789,5,12.9,2.58,150,24,1,150,30.96,180.96
23339,5,34.24,6.848000000000001,150,15,1,150,51.36000000000001,201.36
23380,5,6.57,1.314,150,34,1,150,22.338,172.338
1492,5,58.59,11.718000000000002,150,11,1,150,64.44900000000001,214.449
7311,5,11.76,2.352,150,25,1,150,29.4,179.4
11341,5,4.69,0.9380000000000002,150,40,1,150,18.760000000000005,168.76
22450,5,6.7,1.34,150,33,1,150,22.110000000000003,172.11
29676,5,13.07,2.6140000000000003,150,24,1,150,31.368000000000002,181.368
17015,5,5.82,1.1640000000000001,150,36,1,150,20.952,170.952
25252,5,19.35,3.8700000000000006,150,20,1,150,38.7,188.7
19216,5,13.79,2.758,150,23,1,150,31.717,181.71699999999998
25139,5,13.6,2.72,150,23,1,150,31.28,181.28
13887,5,30.96,6.192,150,16,1,150,49.536,199.536
23495,5,12.24,2.4480000000000004,150,25,1,150,30.600000000000005,180.6
34532,5,9.2,1.8399999999999999,150,29,1,150,26.68,176.68
34950,5,34.92,6.984000000000001,150,15,1,150,52.38000000000001,202.38
23436,5,12.41,2.482,150,25,1,150,31.025000000000002,181.025
24410,5,12.32,2.4640000000000004,150,25,1,150,30.800000000000004,180.8
589,5,7.91,1.582,150,31,1,150,24.521,174.52100000000002
636,5,6.98,1.3960000000000001,150,33,1,150,23.034000000000002,173.034
24322,5,32.89,6.578,150,15,1,150,49.335,199.335
5537,5,7.19,1.4380000000000002,150,32,1,150,23.008000000000003,173.008
23534,5,10.38,2.076,150,27,1,150,28.026,178.026
21435,5,24.83,4.966,150,17,1,150,42.211,192.211
364,5,5.83,1.1660000000000001,150,36,1,150,20.988000000000003,170.988
1210,5,27.34,5.468,150,17,1,150,46.478,196.478
10359,5,29.03,5.806000000000001,150,16,1,150,46.44800000000001,196.448
18317,5,47.94,9.588,150,13,1,150,62.321999999999996,212.322
21426,5,12.66,2.532,150,24,1,150,30.384,180.38400000000001
21159,5,13.1,2.62,150,24,1,150,31.44,181.44
27160,5,44.15,8.83,150,13,1,150,57.395,207.395
17677,5,23.28,4.656000000000001,150,18,1,150,41.904,191.904
12913,5,66.89,13.378,150,11,1,150,73.57900000000001,223.579
828,5,7.74,1.548,150,31,1,150,23.994,173.994
849,5,7.35,1.47,150,32,1,150,23.52,173.52
23189,5,21.56,4.312,150,19,1,150,40.964000000000006,190.964
13086,5,186.66,37.332,150,6,1,150,111.99600000000001,261.996
18891,5,44.51,8.902,150,13,1,150,57.86299999999999,207.863
24725,5,40.9,8.18,150,14,1,150,57.26,207.26
24671,5,9.58,1.9160000000000001,150,28,1,150,26.824,176.824
24706,5,12.74,2.548,150,24,1,150,30.576,180.576
19988,5,34.01,6.802,150,15,1,150,51.015,201.015
21288,5,23.8,4.760000000000001,150,18,1,150,42.84,192.84
24136,5,15.03,3.0060000000000002,150,22,1,150,33.066,183.066
21003,4,9.2,1.8399999999999999,150,26,1,150,23.919999999999998,173.92
24027,4,39.59,7.918000000000001,150,12,1,150,47.50800000000001,197.508
19398,4,5.47,1.094,150,33,1,150,18.051000000000002,168.051
36571,4,16.33,3.266,150,19,1,150,31.027,181.027
19594,4,18.95,3.79,150,18,1,150,34.11,184.11
19603,4,29.24,5.848,150,14,1,150,40.936,190.936
14627,4,9.93,1.986,150,25,1,150,24.825,174.825
23873,4,26.66,5.332000000000001,150,15,1,150,39.99000000000001,189.99
16072,4,4.6,0.9199999999999999,150,36,1,150,16.56,166.56
20002,4,35.33,7.066,150,13,1,150,45.929,195.929
13229,4,67.56,13.512,150,9,1,150,60.804,210.804
24724,4,25.34,5.0680000000000005,150,15,1,150,38.010000000000005,188.01
23190,4,26.52,5.304,150,15,1,150,39.78,189.78
18937,4,17.8,3.5600000000000005,150,18,1,150,32.040000000000006,182.04000000000002
5083,4,8.26,1.6520000000000001,150,27,1,150,22.302000000000003,172.302
23193,4,36.98,7.396,150,13,1,150,48.074,198.074
3170,4,7.03,1.4060000000000001,150,29,1,150,20.387,170.387
12774,4,8.38,1.6760000000000002,150,27,1,150,22.626,172.626
12910,4,41.89,8.378,150,12,1,150,50.268,200.268
826,4,9.59,1.9180000000000001,150,25,1,150,23.975,173.975
8914,4,7.55,1.51,150,28,1,150,21.14,171.14
8986,4,12.02,2.404,150,22,1,150,26.444,176.444
8563,4,8.72,1.7440000000000002,150,26,1,150,22.672000000000004,172.672
47075,4,6.23,1.2460000000000002,150,31,1,150,19.313000000000002,169.313
3613,4,67.66,13.532,150,9,1,150,60.894,210.894
2670,4,55.14,11.028,150,10,1,150,55.14,205.14
21168,4,5.86,1.1720000000000002,150,32,1,150,18.752000000000002,168.752
21195,4,120.68,24.136000000000003,150,7,1,150,84.47600000000001,234.476
21108,4,5.88,1.176,150,32,1,150,18.816,168.816
17595,4,11.03,2.206,150,23,1,150,25.369,175.369
17615,4,12.16,2.4320000000000004,150,22,1,150,26.752000000000002,176.752
2739,4,35.96,7.192,150,13,1,150,46.748000000000005,196.748
2741,4,54.26,10.852,150,11,1,150,59.686,209.686
20889,4,26.2,5.24,150,15,1,150,39.300000000000004,189.3
18432,4,113.33,22.666,150,7,1,150,79.331,229.33100000000002
18263,4,12.58,2.516,150,22,1,150,27.676000000000002,177.676
21429,4,50.99,10.198,150,11,1,150,56.089,206.089
21434,4,42.48,8.496,150,12,1,150,50.976,200.976
36077,4,33.55,6.71,150,13,1,150,43.615,193.615
36079,4,54.3,10.86,150,11,1,150,59.73,209.73
1225,4,43.47,8.694,150,12,1,150,52.164,202.164
1240,4,24.99,4.998,150,15,1,150,37.485,187.485
14635,4,11.56,2.3120000000000003,150,23,1,150,26.588000000000005,176.588
24314,4,28.38,5.676,150,15,1,150,42.57,192.57
15178,4,7.38,1.476,150,29,1,150,21.402,171.402
34982,4,12.66,2.532,150,22,1,150,27.852,177.852
23587,4,8.21,1.6420000000000003,150,27,1,150,22.167000000000005,172.167
22207,4,10.73,2.1460000000000004,150,24,1,150,25.752000000000002,175.752
945,4,20.43,4.086,150,17,1,150,34.731,184.731
24415,4,19.86,3.972,150,17,1,150,33.762,183.762
24449,4,10.34,2.068,150,24,1,150,24.816000000000003,174.816
23460,4,33.79,6.758,150,13,1,150,43.927,193.927
23494,4,20.13,4.026,150,17,1,150,34.221,184.221
14036,4,4.54,0.908,150,36,1,150,16.344,166.344
23603,4,15.68,3.136,150,20,1,150,31.36,181.36
24394,4,50.33,10.066,150,11,1,150,55.36300000000001,205.363
34473,4,10.27,2.054,150,24,1,150,24.647999999999996,174.648
19229,4,48.32,9.664000000000001,150,11,1,150,53.15200000000001,203.15200000000002
22323,4,16.89,3.378,150,19,1,150,32.091,182.091
31194,4,14.96,2.9920000000000004,150,20,1,150,29.920000000000005,179.92000000000002
18852,4,5.29,1.058,150,34,1,150,17.986,167.986
38244,4,24.13,4.8260000000000005,150,16,1,150,38.608000000000004,188.608
13918,4,8.72,1.7440000000000002,150,26,1,150,22.672000000000004,172.672
14013,4,16.77,3.354,150,19,1,150,31.863,181.863
25279,4,80.64,16.128,150,9,1,150,72.576,222.576
20492,4,7.38,1.476,150,29,1,150,21.402,171.402
33967,4,27.99,5.598,150,15,1,150,41.985,191.985
34021,4,12.66,2.532,150,22,1,150,27.852,177.852
15470,4,15.33,3.0660000000000003,150,20,1,150,30.660000000000004,180.66
25069,4,20.26,4.0520000000000005,150,17,1,150,34.44200000000001,184.442
23411,4,18.24,3.6479999999999997,150,18,1,150,32.831999999999994,182.832
12052,4,8.55,1.7100000000000002,150,26,1,150,22.230000000000004,172.23000000000002
2129,4,13.56,2.712,150,21,1,150,28.476000000000003,178.476
22567,4,3.21,0.642,150,43,1,150,13.803,163.803
22599,4,18.91,3.782,150,18,1,150,34.038,184.038
20792,4,7.18,1.436,150,29,1,150,20.822,170.822
21854,4,41.09,8.218000000000002,150,12,1,150,49.30800000000001,199.308
24191,4,13.79,2.758,150,21,1,150,28.959,178.959
22099,4,7.79,1.558,150,28,1,150,21.812,171.812
17381,4,4.1,0.82,150,38,1,150,15.579999999999998,165.57999999999998
28316,4,5.26,1.052,150,34,1,150,17.884,167.88400000000001
2294,4,82.67,16.534000000000002,150,9,1,150,74.403,224.40300000000002
2295,4,64.28,12.856000000000002,150,10,1,150,64.28,214.28
22418,4,9.58,1.9160000000000001,150,25,1,150,23.950000000000003,173.95
22439,4,12.25,2.45,150,22,1,150,26.950000000000003,176.95
20605,4,9.65,1.9300000000000002,150,25,1,150,24.125000000000004,174.125
18595,4,32.25,6.45,150,14,1,150,45.15,195.15
17131,4,11.84,2.368,150,23,1,150,27.232,177.232
22108,4,9.08,1.816,150,26,1,150,23.608,173.608
17154,4,4.36,0.8720000000000001,150,37,1,150,16.132,166.132
6935,4,7.23,1.4460000000000002,150,29,1,150,20.967000000000002,170.967
22533,4,23.02,4.604,150,16,1,150,36.832,186.832
22535,4,25.32,5.064,150,15,1,150,37.980000000000004,187.98000000000002
42097,4,7.68,1.536,150,28,1,150,21.504,171.504
3095,4,14.28,2.856,150,20,1,150,28.56,178.56
19826,4,68.62,13.724000000000002,150,9,1,150,61.75800000000001,211.758
24534,4,44.44,8.888,150,12,1,150,53.328,203.328
13260,4,5.8,1.16,150,32,1,150,18.56,168.56
13424,4,6.7,1.34,150,30,1,150,20.1,170.1
20075,4,36.91,7.382,150,13,1,150,47.983,197.983
16466,4,11.33,2.266,150,23,1,150,26.059,176.059
24964,4,26.14,5.228000000000001,150,15,1,150,39.21000000000001,189.21
24970,4,6.16,1.2320000000000002,150,31,1,150,19.096000000000004,169.096
16585,4,18.11,3.622,150,18,1,150,32.598,182.598
22799,4,9.65,1.9300000000000002,150,25,1,150,24.125000000000004,174.125
12353,4,13.07,2.6140000000000003,150,21,1,150,27.447000000000003,177.447
22644,4,18.91,3.782,150,18,1,150,34.038,184.038
814,4,14.39,2.878,150,20,1,150,28.78,178.78
17433,4,7.79,1.558,150,28,1,150,21.812,171.812
17486,4,4.41,0.8820000000000001,150,37,1,150,16.317000000000004,166.317
4214,4,7.57,1.5140000000000002,150,28,1,150,21.196000000000005,171.196
21632,4,7.38,1.476,150,29,1,150,21.402,171.402
21673,4,6.45,1.29,150,30,1,150,19.35,169.35
20724,4,10.13,2.0260000000000002,150,24,1,150,24.312000000000005,174.312
3022,4,22.55,4.510000000000001,150,16,1,150,36.080000000000005,186.08
1248,4,47.44,9.488,150,11,1,150,52.184,202.184
24495,4,23.33,4.6659999999999995,150,16,1,150,37.327999999999996,187.328
5456,4,0.79,0.15800000000000003,150,87,1,150,6.873000000000001,156.873
14332,4,105.26,21.052000000000003,150,8,1,150,84.20800000000001,234.20800000000003
24353,4,11.48,2.2960000000000003,150,23,1,150,26.404000000000003,176.404
44172,4,6.03,1.2060000000000002,150,32,1,150,19.296000000000003,169.296
19637,4,13.79,2.758,150,21,1,150,28.959,178.959
23769,4,73.68,14.736000000000002,150,9,1,150,66.31200000000001,216.312
25426,4,13.33,2.6660000000000004,150,21,1,150,27.993000000000002,177.993
41529,4,12.25,2.45,150,22,1,150,26.950000000000003,176.95
15505,4,54.05,10.81,150,11,1,150,59.455000000000005,209.455
1565,4,14.39,2.878,150,20,1,150,28.78,178.78
5363,4,12.3,2.4600000000000004,150,22,1,150,27.060000000000006,177.06
33966,4,33.33,6.666,150,13,1,150,43.329,193.329
41411,4,8.9,1.7800000000000002,150,26,1,150,23.140000000000004,173.14000000000001
784,4,4.37,0.8740000000000001,150,37,1,150,16.169,166.169
2118,4,151.51,30.302,150,6,1,150,90.906,240.906
2106,4,93.52,18.704,150,8,1,150,74.816,224.816
23130,4,46.66,9.331999999999999,150,11,1,150,51.32599999999999,201.326
23105,4,28.18,5.636,150,15,1,150,42.27,192.27
22841,4,64.93,12.986000000000002,150,10,1,150,64.93,214.93
22863,4,8.05,1.6100000000000003,150,27,1,150,21.735000000000003,171.735
25008,4,19.47,3.894,150,18,1,150,35.046,185.046
40608,4,9.67,1.9340000000000002,150,25,1,150,24.175,174.175
12519,4,2.73,0.546,150,47,1,150,12.831000000000001,162.831
2842,4,300.74,60.148,150,4,1,150,120.296,270.296
40607,4,11.25,2.25,150,23,1,150,25.875,175.875
22935,4,46.66,9.331999999999999,150,11,1,150,51.32599999999999,201.326
40513,4,11.68,2.336,150,23,1,150,26.863999999999997,176.864
2065,4,9.44,1.888,150,25,1,150,23.599999999999998,173.6
12665,4,11.72,2.3440000000000003,150,23,1,150,26.956000000000003,176.95600000000002
24732,4,41.17,8.234,150,12,1,150,49.403999999999996,199.404
35957,4,13.69,2.738,150,21,1,150,28.749,178.749
23807,4,12.66,2.532,150,22,1,150,27.852,177.852
19672,4,33.11,6.622,150,13,1,150,43.043,193.043
19678,4,6.12,1.2240000000000002,150,31,1,150,18.972,168.972
24275,4,11.64,2.3280000000000003,150,23,1,150,26.772000000000002,176.772
15056,4,6.53,1.306,150,30,1,150,19.59,169.59
18619,4,22.22,4.444,150,16,1,150,35.552,185.552
37314,4,11.03,2.206,150,23,1,150,25.369,175.369
23954,4,6.49,1.298,150,30,1,150,19.47,169.47
19430,4,13.99,2.798,150,21,1,150,29.379,179.379
20728,4,6.2,1.2400000000000002,150,31,1,150,19.220000000000002,169.22
44650,4,66.2,13.240000000000002,150,10,1,150,66.20000000000002,216.20000000000002
22942,4,161.37,32.274,150,6,1,150,96.822,246.822
19245,4,6.7,1.34,150,30,1,150,20.1,170.1
24585,4,14.93,2.986,150,20,1,150,29.860000000000003,179.86
15774,4,7.61,1.5220000000000002,150,28,1,150,21.308000000000003,171.308
20108,4,116.43,23.286,150,7,1,150,81.501,231.501
23285,4,28.66,5.732,150,14,1,150,40.124,190.124
2909,4,37.03,7.406000000000001,150,13,1,150,48.139,198.139
2618,4,78.56,15.712000000000002,150,9,1,150,70.70400000000001,220.704
21259,4,12.66,2.532,150,22,1,150,27.852,177.852
278,4,21.96,4.392,150,17,1,150,37.332,187.332
304,4,24.45,4.890000000000001,150,16,1,150,39.120000000000005,189.12
21454,4,34.48,6.896,150,13,1,150,44.824,194.824
21461,4,39.99,7.998000000000001,150,12,1,150,47.98800000000001,197.988
2611,4,39.99,7.998000000000001,150,12,1,150,47.98800000000001,197.988
18209,4,26.84,5.368,150,15,1,150,40.260000000000005,190.26
17932,4,56.57,11.314,150,10,1,150,56.57,206.57
2703,4,18.25,3.6500000000000004,150,18,1,150,32.85,182.85
24181,4,54.1,10.82,150,11,1,150,59.510000000000005,209.51
14840,4,6.7,1.34,150,30,1,150,20.1,170.1
45912,4,11.72,2.3440000000000003,150,23,1,150,26.956000000000003,176.95600000000002
45993,4,6.49,1.298,150,30,1,150,19.47,169.47
8828,4,12.4,2.4800000000000004,150,22,1,150,27.280000000000005,177.28
90010,4,61.74,12.348,150,10,1,150,61.74,211.74
10274,4,6.49,1.298,150,30,1,150,19.47,169.47
122,4,7.96,1.592,150,27,1,150,21.492,171.492
6062,4,5.1,1.02,150,34,1,150,17.34,167.34
24015,4,12.33,2.466,150,22,1,150,27.126,177.126
36749,4,10.38,2.076,150,24,1,150,24.912,174.912
19308,4,22.44,4.488,150,16,1,150,35.904,185.904
15063,4,12.07,2.414,150,22,1,150,26.554000000000002,176.554
15064,4,12.92,2.584,150,22,1,150,28.424,178.424
14711,4,6.57,1.314,150,30,1,150,19.71,169.71
21272,3,6.2,1.2400000000000002,150,27,1,150,16.740000000000002,166.74
244,3,22.65,4.53,150,14,1,150,31.71,181.71
21340,3,66.66,13.332,150,8,1,150,53.328,203.328
21383,3,9.26,1.852,150,22,1,150,20.372,170.372
21385,3,11.99,2.398,150,19,1,150,22.781000000000002,172.781
2719,3,15.5,3.1,150,17,1,150,26.35,176.35
4289,3,10.78,2.156,150,20,1,150,21.560000000000002,171.56
18193,3,104.57,20.914,150,7,1,150,73.19900000000001,223.199
17918,3,229.67,45.934,150,4,1,150,91.868,241.868
18002,3,4.57,0.9140000000000001,150,31,1,150,14.167000000000002,164.167
45495,3,10.38,2.076,150,21,1,150,21.798000000000002,171.798
20941,3,6.75,1.35,150,26,1,150,17.55,167.55
8261,3,28.56,5.712,150,13,1,150,37.128,187.128
24170,3,25.97,5.194,150,13,1,150,33.761,183.761
46185,3,15.75,3.1500000000000004,150,17,1,150,26.775000000000002,176.775
46190,3,14.18,2.8360000000000003,150,18,1,150,25.524,175.524
82,3,248.34,49.668000000000006,150,4,1,150,99.33600000000001,249.336
21179,3,40.26,8.052,150,11,1,150,44.286,194.286
21123,3,7.99,1.598,150,24,1,150,19.176000000000002,169.176
3573,3,74.21,14.841999999999999,150,8,1,150,59.367999999999995,209.368
21034,3,36.73,7.346,150,11,1,150,40.403,190.403
90082,3,41.93,8.386000000000001,150,10,1,150,41.93000000000001,191.93
174,3,9.41,1.8820000000000001,150,22,1,150,20.702,170.702
194,3,22.55,4.510000000000001,150,14,1,150,31.570000000000004,181.57
18378,3,6.57,1.314,150,26,1,150,17.082,167.082
8527,3,1.32,0.264,150,58,1,150,7.656000000000001,157.656
8580,3,12.59,2.5180000000000002,150,19,1,150,23.921000000000003,173.921
46327,3,4.54,0.908,150,31,1,150,14.074,164.074
46819,3,9.65,1.9300000000000002,150,22,1,150,21.23,171.23
46453,3,7.33,1.4660000000000002,150,25,1,150,18.325000000000003,168.325
46583,3,47.05,9.41,150,10,1,150,47.05,197.05
47011,3,12.25,2.45,150,19,1,150,23.275000000000002,173.275
20024,3,115.53,23.106,150,6,1,150,69.31800000000001,219.318
13242,3,7.48,1.4960000000000002,150,25,1,150,18.700000000000003,168.7
39765,3,33.78,6.756,150,12,1,150,40.536,190.536
24715,3,39.47,7.894,150,11,1,150,43.417,193.417
16061,3,10.06,2.012,150,21,1,150,21.126,171.126
33204,3,13.07,2.6140000000000003,150,19,1,150,24.833000000000002,174.833
1888,3,5.34,1.068,150,29,1,150,15.486,165.486
1891,3,79.99,15.998,150,8,1,150,63.992,213.992
5080,3,12.02,2.404,150,19,1,150,22.838,172.838
5098,3,16.79,3.358,150,16,1,150,26.864,176.864
13144,3,8.55,1.7100000000000002,150,23,1,150,19.665000000000003,169.665
23185,3,8.78,1.756,150,23,1,150,20.194,170.194
898,3,63.75,12.75,150,8,1,150,51.0,201.0
39665,3,5.06,1.012,150,30,1,150,15.18,165.18
3752,3,11.06,2.212,150,20,1,150,22.12,172.12
852,3,7.41,1.4820000000000002,150,25,1,150,18.525000000000002,168.525
23144,3,20.64,4.128,150,15,1,150,30.96,180.96
23157,3,17.21,3.442,150,16,1,150,27.536,177.536
24792,3,15.43,3.0860000000000003,150,17,1,150,26.231,176.231
24819,3,48.38,9.676000000000002,150,10,1,150,48.38000000000001,198.38
24825,3,54.05,10.81,150,9,1,150,48.645,198.645
24857,3,8.49,1.6980000000000002,150,23,1,150,19.527,169.527
4824,3,14.72,2.9440000000000004,150,17,1,150,25.024000000000004,175.024
1982,3,15.82,3.164,150,17,1,150,26.894000000000002,176.894
2849,3,129.49,25.898000000000003,150,6,1,150,77.69400000000002,227.69400000000002
24921,3,10.4,2.08,150,21,1,150,21.84,171.84
12646,3,34.19,6.838,150,11,1,150,37.609,187.609
32669,3,10.8,2.16,150,20,1,150,21.6,171.6
4697,3,187.96,37.592000000000006,150,5,1,150,93.98000000000002,243.98000000000002
16309,3,16.54,3.308,150,16,1,150,26.464,176.464
16369,3,8.78,1.756,150,23,1,150,20.194,170.194
40667,3,8.6,1.72,150,23,1,150,19.78,169.78
40825,3,6.07,1.2140000000000002,150,27,1,150,16.389000000000003,166.389
12475,3,12.58,2.516,150,19,1,150,23.902,173.902
6774,3,19.99,3.9979999999999998,150,15,1,150,29.985,179.985
22934,3,22.6,4.5200000000000005,150,14,1,150,31.640000000000004,181.64000000000001
22943,3,188.43,37.686,150,5,1,150,94.215,244.215
22864,3,8.72,1.7440000000000002,150,23,1,150,20.056,170.056
22867,3,9.52,1.904,150,22,1,150,20.944,170.944
22924,3,12.16,2.4320000000000004,150,19,1,150,23.104000000000003,173.104
3729,3,8.59,1.718,150,23,1,150,19.756999999999998,169.757
3742,3,21.7,4.34,150,14,1,150,30.38,180.38
24602,3,15.17,3.0340000000000003,150,17,1,150,25.789,175.789
24647,3,193.54,38.708,150,5,1,150,96.77,246.76999999999998
1711,3,15.32,3.064,150,17,1,150,26.044,176.044
19243,3,4.45,0.8900000000000001,150,32,1,150,14.240000000000002,164.24
15871,3,10.95,2.19,150,20,1,150,21.9,171.9
15790,3,7.74,1.548,150,24,1,150,18.576,168.576
23206,3,3.54,0.7080000000000001,150,36,1,150,12.744000000000002,162.744
23236,3,26.89,5.378,150,13,1,150,34.957,184.957
23282,3,40.4,8.08,150,11,1,150,44.44,194.44
20090,3,11.99,2.398,150,19,1,150,22.781000000000002,172.781
19836,3,15.06,3.0120000000000005,150,17,1,150,25.602000000000004,175.602
862,3,6.05,1.21,150,27,1,150,16.335,166.335
24533,3,19.47,3.894,150,15,1,150,29.205000000000002,179.205
20200,3,42.56,8.512,150,10,1,150,42.56,192.56
25002,3,26.31,5.2620000000000005,150,13,1,150,34.203,184.203
16587,3,11.4,2.2800000000000002,150,20,1,150,22.800000000000004,172.8
16281,3,19.86,3.972,150,15,1,150,29.79,179.79
16445,3,11.91,2.382,150,19,1,150,22.629,172.629
18831,3,5.26,1.052,150,29,1,150,15.254000000000001,165.254
4052,3,46.42,9.284,150,10,1,150,46.42,196.42000000000002
4077,3,10.29,2.058,150,21,1,150,21.608999999999998,171.609
22621,3,22.81,4.562,150,14,1,150,31.934,181.934
41531,3,5.29,1.058,150,29,1,150,15.341000000000001,165.341
22829,3,8.64,1.7280000000000002,150,23,1,150,19.872000000000003,169.872
41231,3,6.53,1.306,150,26,1,150,16.978,166.978
776,3,18.1,3.6200000000000006,150,16,1,150,28.960000000000004,178.96
24572,3,33.33,6.666,150,12,1,150,39.996,189.996
24574,3,32.89,6.578,150,12,1,150,39.468,189.46800000000002
24529,3,38.35,7.670000000000001,150,11,1,150,42.185,192.185
33971,3,19.07,3.814,150,15,1,150,28.605,178.605
1516,3,14.59,2.918,150,18,1,150,26.262,176.262
39098,3,14.76,2.952,150,17,1,150,25.092,175.09199999999998
23308,3,87.58,17.516000000000002,150,7,1,150,61.306000000000004,211.306
23321,3,21.61,4.322,150,14,1,150,30.254,180.254
13606,3,26.2,5.24,150,13,1,150,34.06,184.06
977,3,8.98,1.7960000000000003,150,22,1,150,19.756000000000004,169.756
38649,3,17.53,3.5060000000000002,150,16,1,150,28.048000000000002,178.048
23391,3,48.27,9.654000000000002,150,10,1,150,48.27000000000001,198.27
23404,3,6.8,1.36,150,26,1,150,17.68,167.68
23410,3,45.15,9.03,150,10,1,150,45.15,195.15
19768,3,7.28,1.4560000000000002,150,25,1,150,18.200000000000003,168.2
22399,3,13.15,2.6300000000000003,150,18,1,150,23.67,173.67000000000002
25065,3,44.07,8.814,150,10,1,150,44.07,194.07
25083,3,17.1,3.4200000000000004,150,16,1,150,27.360000000000003,177.36
25058,3,19.33,3.8659999999999997,150,15,1,150,28.994999999999997,178.995
25063,3,27.58,5.516,150,13,1,150,35.854,185.85399999999998
25064,3,29.52,5.904,150,12,1,150,35.424,185.424
16696,3,12.24,2.4480000000000004,150,19,1,150,23.256000000000004,173.256
22518,3,11.72,2.3440000000000003,150,20,1,150,23.440000000000005,173.44
6986,3,6.45,1.29,150,26,1,150,16.77,166.77
12390,3,3.86,0.772,150,34,1,150,13.124,163.124
41634,3,21.47,4.294,150,14,1,150,30.057999999999996,180.058
6941,3,6.2,1.2400000000000002,150,27,1,150,16.740000000000002,166.74
22646,3,16.77,3.354,150,16,1,150,26.832,176.832
19796,3,19.99,3.9979999999999998,150,15,1,150,29.985,179.985
23508,3,8.9,1.7800000000000002,150,22,1,150,19.580000000000002,169.58
23520,3,10.2,2.04,150,21,1,150,21.42,171.42000000000002
23528,3,9.08,1.816,150,22,1,150,19.976,169.976
23530,3,15.12,3.024,150,17,1,150,25.704,175.704
23496,3,31.5,6.300000000000001,150,12,1,150,37.800000000000004,187.8
950,3,58.82,11.764000000000001,150,9,1,150,52.938,202.938
24411,3,27.02,5.404,150,13,1,150,35.126,185.126
5610,3,25.57,5.114000000000001,150,13,1,150,33.24100000000001,183.241
19163,3,2.9,0.58,150,39,1,150,11.309999999999999,161.31
13791,3,19.73,3.946,150,15,1,150,29.595000000000002,179.595
38529,3,25.99,5.198,150,13,1,150,33.787000000000006,183.787
22324,3,19.73,3.946,150,15,1,150,29.595000000000002,179.595
25106,3,24.34,4.868,150,14,1,150,34.076,184.076
29472,3,5.88,1.176,150,28,1,150,16.464,166.464
29714,3,7.23,1.4460000000000002,150,25,1,150,18.075000000000003,168.075
31176,3,47.94,9.588,150,10,1,150,47.94,197.94
18676,3,18.11,3.622,150,16,1,150,28.976,178.976
4427,3,10.58,2.116,150,21,1,150,22.218,172.218
25335,3,43.41,8.682,150,10,1,150,43.410000000000004,193.41
18652,3,15.53,3.106,150,17,1,150,26.401,176.401
42759,3,7.89,1.578,150,24,1,150,18.936,168.936
42933,3,8.6,1.72,150,23,1,150,19.78,169.78
11372,3,10.27,2.054,150,21,1,150,21.566999999999997,171.567
11774,3,148.02,29.604000000000003,150,6,1,150,88.81200000000001,238.812
22440,3,14.86,2.972,150,17,1,150,25.262,175.262
22449,3,6.66,1.332,150,26,1,150,17.316000000000003,167.316
22048,3,35.94,7.188,150,11,1,150,39.534,189.534
22050,3,37.92,7.5840000000000005,150,11,1,150,41.712,191.712
2329,3,38.45,7.690000000000001,150,11,1,150,42.29500000000001,192.29500000000002
17159,3,9.39,1.8780000000000001,150,22,1,150,20.658,170.65800000000002
17266,3,9.03,1.806,150,22,1,150,19.866,169.86599999999999
17093,3,9.2,1.8399999999999999,150,22,1,150,20.24,170.24
11038,3,4.51,0.902,150,32,1,150,14.432,164.432
11077,3,19.99,3.9979999999999998,150,15,1,150,29.985,179.985
613,3,20.46,4.0920000000000005,150,15,1,150,30.690000000000005,180.69
614,3,17.16,3.4320000000000004,150,16,1,150,27.456000000000003,177.45600000000002
576,3,6.92,1.3840000000000001,150,26,1,150,17.992,167.992
20567,3,7.79,1.558,150,24,1,150,18.696,168.696
23659,3,17.53,3.5060000000000002,150,16,1,150,28.048000000000002,178.048
23665,3,5.19,1.038,150,29,1,150,15.051,165.051
23746,3,59.6,11.920000000000002,150,9,1,150,53.64000000000001,203.64000000000001
13860,3,34.01,6.802,150,12,1,150,40.812,190.812
23533,3,8.49,1.6980000000000002,150,23,1,150,19.527,169.527
24347,3,10.13,2.0260000000000002,150,21,1,150,21.273000000000003,171.273
19369,3,14.28,2.856,150,18,1,150,25.704,175.704
5376,3,9.77,1.954,150,21,1,150,20.517,170.517
5430,3,275.58,55.116,150,4,1,150,110.232,260.23199999999997
19818,3,18.61,3.722,150,16,1,150,29.776,179.776
14120,3,31.5,6.300000000000001,150,12,1,150,37.800000000000004,187.8
23747,3,27.88,5.5760000000000005,150,13,1,150,36.244,186.244
3441,3,18.04,3.608,150,16,1,150,28.864,178.864
10792,3,107.48,21.496000000000002,150,6,1,150,64.488,214.488
43924,3,10.61,2.122,150,21,1,150,22.281,172.281
25461,3,96.77,19.354,150,7,1,150,67.739,217.739
28538,3,9.8,1.9600000000000002,150,21,1,150,20.580000000000002,170.58
18784,3,32.66,6.532,150,12,1,150,39.192,189.192
25353,3,9.58,1.9160000000000001,150,22,1,150,21.076,171.076
25376,3,25.32,5.064,150,13,1,150,32.916,182.916
17384,3,24.34,4.868,150,14,1,150,34.076,184.076
43890,3,10.88,2.176,150,20,1,150,21.76,171.76
11263,3,13.69,2.738,150,18,1,150,24.642,174.642
11274,3,32.18,6.436,150,12,1,150,38.616,188.61599999999999
43667,3,34.48,6.896,150,11,1,150,37.928,187.928
22105,3,26.66,5.332000000000001,150,13,1,150,34.658,184.65800000000002
24281,3,73.82,14.764,150,8,1,150,59.056,209.05599999999998
24287,3,10.45,2.09,150,21,1,150,21.945,171.945
19255,3,2.28,0.45599999999999996,150,44,1,150,10.032,160.032
19265,3,50.32,10.064,150,9,1,150,45.288,195.288
19304,3,6.45,1.29,150,26,1,150,16.77,166.77
5654,3,9.52,1.904,150,22,1,150,20.944,170.944
24262,3,42.56,8.512,150,10,1,150,42.56,192.56
24365,3,17.12,3.4240000000000004,150,16,1,150,27.392000000000003,177.392
24366,3,13.07,2.6140000000000003,150,19,1,150,24.833000000000002,174.833
1352,3,41.0,8.200000000000001,150,10,1,150,41.00000000000001,191.0
35480,3,13.42,2.684,150,18,1,150,24.156000000000002,174.156
19695,3,23.8,4.760000000000001,150,14,1,150,33.32000000000001,183.32
14105,3,75.16,15.032,150,8,1,150,60.128,210.128
14110,3,15.89,3.1780000000000004,150,17,1,150,27.013,177.013
6136,3,17.16,3.4320000000000004,150,16,1,150,27.456000000000003,177.45600000000002
6159,3,31.81,6.362,150,12,1,150,38.172,188.172
23897,3,10.66,2.132,150,21,1,150,22.386000000000003,172.386
2953,3,746.26,149.252,150,2,2,300,149.252,449.252
354,3,14.23,2.846,150,18,1,150,25.614,175.614
21538,3,9.52,1.904,150,22,1,150,20.944,170.944
17512,3,10.2,2.04,150,21,1,150,21.42,171.42000000000002
2484,3,36.95,7.390000000000001,150,11,1,150,40.645,190.645
18610,3,15.33,3.0660000000000003,150,17,1,150,26.061000000000003,176.061
18611,3,9.03,1.806,150,22,1,150,19.866,169.86599999999999
17490,3,8.78,1.756,150,23,1,150,20.194,170.194
18550,3,52.62,10.524000000000001,150,9,1,150,47.358000000000004,197.358
25544,3,7.94,1.588,150,24,1,150,19.056,169.056
25588,3,20.26,4.0520000000000005,150,15,1,150,30.390000000000004,180.39000000000001
25652,3,7.38,1.476,150,25,1,150,18.45,168.45
21711,3,16.66,3.3320000000000003,150,16,1,150,26.656000000000002,176.656
21776,3,7.58,1.516,150,24,1,150,18.192,168.192
21616,3,1.31,0.262,150,59,1,150,7.729,157.729
20772,3,25.99,5.198,150,13,1,150,33.787000000000006,183.787
21463,3,95.23,19.046000000000003,150,7,1,150,66.66100000000002,216.661
2530,3,170.36,34.072,150,5,1,150,85.18,235.18
18452,3,9.93,1.986,150,21,1,150,20.853,170.853
4212,3,14.5,2.9000000000000004,150,18,1,150,26.1,176.1
17529,3,28.75,5.75,150,13,1,150,37.375,187.375
2750,3,33.33,6.666,150,12,1,150,39.996,189.996
18265,3,46.61,9.322000000000001,150,10,1,150,46.61000000000001,196.61
369,3,10.23,2.0460000000000003,150,21,1,150,21.483000000000004,171.483
405,3,28.45,5.69,150,13,1,150,36.985,186.985
44925,3,9.86,1.972,150,21,1,150,20.706,170.706
10370,3,16.99,3.3979999999999997,150,16,1,150,27.183999999999997,177.184
10380,3,7.09,1.4180000000000001,150,25,1,150,17.725,167.725
36081,3,134.58,26.916000000000004,150,6,1,150,80.74800000000002,230.74800000000002
19315,3,45.26,9.052,150,10,1,150,45.26,195.26
5658,3,13.38,2.676,150,18,1,150,24.084000000000003,174.084
6120,3,1.45,0.29,150,56,1,150,8.12,158.12
23830,3,8.21,1.6420000000000003,150,23,1,150,18.883000000000003,168.883
23855,3,9.14,1.8280000000000003,150,22,1,150,20.108000000000004,170.108
19502,3,28.56,5.712,150,13,1,150,37.128,187.128
19586,3,28.76,5.752000000000001,150,13,1,150,37.388000000000005,187.388
36360,3,8.96,1.7920000000000003,150,22,1,150,19.712000000000003,169.712
21230,3,11.84,2.368,150,19,1,150,22.496,172.496
207,3,11.5,2.3000000000000003,150,20,1,150,23.000000000000004,173.0
75,3,10.94,2.188,150,20,1,150,21.880000000000003,171.88
21016,2,23.97,4.794,150,11,1,150,26.366999999999997,176.367
123,2,38.75,7.75,150,9,1,150,34.875,184.875
21006,2,62.08,12.416,150,7,1,150,43.456,193.45600000000002
20991,2,8.96,1.7920000000000003,150,18,1,150,16.128000000000004,166.12800000000001
3514,2,4.5,0.9,150,26,1,150,11.700000000000001,161.7
21280,2,47.09,9.418000000000001,150,8,1,150,37.672000000000004,187.672
46766,2,21.56,4.312,150,12,1,150,25.872,175.872
222,2,15.99,3.1980000000000004,150,14,1,150,22.386000000000003,172.386
46418,2,9.67,1.9340000000000002,150,18,1,150,17.406000000000002,167.406
8508,2,16.05,3.2100000000000004,150,14,1,150,22.470000000000002,172.47
21276,2,86.66,17.332,150,6,1,150,51.996,201.996
319,2,25.17,5.034000000000001,150,11,1,150,27.687000000000005,177.687
3623,2,0.73,0.146,150,64,1,150,4.672,154.672
8119,2,10.39,2.0780000000000003,150,17,1,150,17.663000000000004,167.663
45129,2,35.71,7.142,150,9,1,150,32.139,182.139
21460,2,20.64,4.128,150,12,1,150,24.768,174.768
21431,2,60.12,12.024000000000001,150,7,1,150,42.084,192.084
21447,2,59.99,11.998000000000001,150,7,1,150,41.993,191.993
4248,2,10.86,2.172,150,17,1,150,18.462,168.462
6046,2,32.85,6.57,150,10,1,150,32.85,182.85
6066,2,5.38,1.076,150,24,1,150,12.912,162.912
6090,2,22.72,4.544,150,11,1,150,24.991999999999997,174.992
36069,2,51.0,10.200000000000001,150,8,1,150,40.800000000000004,190.8
24000,2,3.92,0.784,150,28,1,150,10.976,160.976
19588,2,53.99,10.798000000000002,150,7,1,150,37.793000000000006,187.793
1107,2,36.5,7.300000000000001,150,9,1,150,32.85,182.85
24147,2,5.91,1.1820000000000002,150,23,1,150,13.593000000000002,163.593
19417,2,33.11,6.622,150,10,1,150,33.11,183.11
23964,2,13.99,2.798,150,15,1,150,20.985,170.985
23984,2,9.86,1.972,150,17,1,150,16.762,166.762
23997,2,13.24,2.648,150,15,1,150,19.86,169.86
19595,2,50.33,10.066,150,8,1,150,40.264,190.264
19604,2,28.66,5.732,150,10,1,150,28.66,178.66
24053,2,6.75,1.35,150,21,1,150,14.175,164.175
24144,2,49.31,9.862000000000002,150,8,1,150,39.44800000000001,189.448
21614,2,8.16,1.6320000000000001,150,19,1,150,15.504000000000001,165.504
44992,2,67.56,13.512,150,7,1,150,47.292,197.292
25513,2,13.79,2.758,150,15,1,150,20.685,170.685
21481,2,34.01,6.802,150,9,1,150,30.608999999999998,180.609
21503,2,13.42,2.684,150,15,1,150,20.130000000000003,170.13
21564,2,10.4,2.08,150,17,1,150,17.68,167.68
2539,2,12.3,2.4600000000000004,150,16,1,150,19.680000000000003,169.68
4354,2,44.44,8.888,150,8,1,150,35.552,185.552
18624,2,50.34,10.068000000000001,150,8,1,150,40.272000000000006,190.272
21475,2,55.17,11.034,150,7,1,150,38.619,188.619
18540,2,13.57,2.7140000000000004,150,15,1,150,20.355000000000004,170.35500000000002
18557,2,5.91,1.1820000000000002,150,23,1,150,13.593000000000002,163.593
25564,2,67.11,13.422,150,7,1,150,46.977000000000004,196.977
37419,2,24.65,4.93,150,11,1,150,27.115,177.115
19693,2,8.44,1.688,150,19,1,150,16.035999999999998,166.036
23783,2,114.28,22.856,150,5,1,150,57.14,207.14
23900,2,7.89,1.578,150,19,1,150,14.991000000000001,164.991
23920,2,5.86,1.1720000000000002,150,23,1,150,13.478000000000002,163.478
23955,2,7.43,1.486,150,20,1,150,14.86,164.86
14389,2,25.8,5.16,150,11,1,150,28.380000000000003,178.38
1129,2,30.15,6.03,150,10,1,150,30.150000000000002,180.15
37100,2,36.54,7.308,150,9,1,150,32.885999999999996,182.886
19427,2,32.67,6.534000000000001,150,10,1,150,32.67,182.67000000000002
2959,2,29.54,5.908,150,10,1,150,29.540000000000003,179.54
23878,2,8.49,1.6980000000000002,150,19,1,150,16.131,166.131
3933,2,0.73,0.146,150,64,1,150,4.672,154.672
3934,2,18.11,3.622,150,13,1,150,23.543,173.543
3873,2,19.52,3.904,150,12,1,150,23.424,173.424
44907,2,9.2,1.8399999999999999,150,18,1,150,16.56,166.56
3673,2,11.36,2.272,150,16,1,150,18.176,168.176
20952,2,16.44,3.2880000000000003,150,14,1,150,23.016000000000002,173.016
21468,2,54.48,10.896,150,7,1,150,38.136,188.136
21473,2,38.81,7.7620000000000005,150,9,1,150,34.929,184.929
21761,2,11.03,2.206,150,16,1,150,17.648,167.648
21830,2,32.25,6.45,150,10,1,150,32.25,182.25
21831,2,23.22,4.644,150,11,1,150,25.542,175.542
21833,2,8.78,1.756,150,18,1,150,15.804,165.804
44742,2,24.83,4.966,150,11,1,150,27.313000000000002,177.313
3461,2,39.99,7.998000000000001,150,9,1,150,35.99100000000001,185.991
3475,2,22.38,4.476,150,12,1,150,26.856,176.856
20702,2,24.67,4.934000000000001,150,11,1,150,27.137000000000008,177.137
18564,2,18.61,3.722,150,13,1,150,24.193,174.193
10910,2,41.37,8.274,150,9,1,150,37.233,187.233
25423,2,151.36,30.272000000000006,150,4,1,150,60.54400000000001,210.544
25458,2,15.03,3.0060000000000002,150,14,1,150,21.042,171.042
28317,2,4.69,0.9380000000000002,150,25,1,150,11.725000000000001,161.725
43900,2,31.03,6.206,150,10,1,150,31.03,181.03
465,2,35.99,7.198,150,9,1,150,32.391000000000005,182.39100000000002
19630,2,23.48,4.696000000000001,150,11,1,150,25.828000000000003,175.828
19632,2,27.92,5.5840000000000005,150,10,1,150,27.92,177.92000000000002
19633,2,24.51,4.902000000000001,150,11,1,150,26.961000000000006,176.961
19660,2,13.24,2.648,150,15,1,150,19.86,169.86
14217,2,11.18,2.236,150,16,1,150,17.888,167.888
2995,2,17.51,3.5020000000000007,150,13,1,150,22.763000000000005,172.763
3015,2,10.23,2.0460000000000003,150,17,1,150,17.391000000000002,167.391
19612,2,21.19,4.238,150,12,1,150,25.428000000000004,175.428
24256,2,12.07,2.414,150,16,1,150,19.312,169.312
24260,2,36.54,7.308,150,9,1,150,32.885999999999996,182.886
24276,2,8.05,1.6100000000000003,150,19,1,150,15.295000000000003,165.29500000000002
35663,2,4.31,0.862,150,26,1,150,11.206,161.206
35977,2,7.79,1.558,150,20,1,150,15.58,165.58
36067,2,29.45,5.890000000000001,150,10,1,150,29.450000000000003,179.45
14973,2,28.76,5.752000000000001,150,10,1,150,28.760000000000005,178.76
22049,2,37.66,7.532,150,9,1,150,33.894,183.894
22055,2,11.61,2.322,150,16,1,150,18.576,168.576
22058,2,64.86,12.972000000000001,150,7,1,150,45.402,195.402
22092,2,8.1,1.62,150,19,1,150,15.39,165.39
11149,2,11.76,2.352,150,16,1,150,18.816,168.816
11164,2,52.97,10.594000000000001,150,8,1,150,42.376000000000005,192.376
2401,2,6.86,1.372,150,21,1,150,14.406,164.406
22010,2,5.99,1.1980000000000002,150,22,1,150,13.178000000000003,163.178
22032,2,6.53,1.306,150,21,1,150,13.713000000000001,163.713
17282,2,19.59,3.918,150,12,1,150,23.508000000000003,173.508
2303,2,114.5,22.900000000000002,150,5,1,150,57.25000000000001,207.25
20854,2,39.45,7.890000000000001,150,9,1,150,35.505,185.505
18569,2,22.87,4.574000000000001,150,11,1,150,25.157000000000004,175.157
18587,2,23.83,4.766,150,11,1,150,26.213,176.213
17171,2,3.35,0.67,150,30,1,150,10.05,160.05
19824,2,27.27,5.454000000000001,150,10,1,150,27.270000000000003,177.27
23552,2,7.53,1.5060000000000002,150,20,1,150,15.060000000000002,165.06
23645,2,3.24,0.6480000000000001,150,30,1,150,9.720000000000002,159.72
19368,2,14.96,2.9920000000000004,150,14,1,150,20.944000000000003,170.94400000000002
19391,2,23.97,4.794,150,11,1,150,26.366999999999997,176.367
24336,2,7.58,1.516,150,20,1,150,15.16,165.16
24341,2,46.35,9.270000000000001,150,8,1,150,37.080000000000005,187.08
24364,2,14.93,2.986,150,14,1,150,20.902,170.902
5408,2,8.84,1.768,150,18,1,150,15.912,165.912
1253,2,51.17,10.234000000000002,150,8,1,150,40.93600000000001,190.936
1274,2,34.88,6.976000000000001,150,9,1,150,31.392000000000003,181.392
19318,2,108.55,21.71,150,5,1,150,54.275000000000006,204.275
14277,2,32.67,6.534000000000001,150,10,1,150,32.67,182.67000000000002
14333,2,109.58,21.916,150,5,1,150,54.79,204.79
993,2,8.33,1.6660000000000001,150,19,1,150,15.827000000000002,165.827
37902,2,9.93,1.986,150,17,1,150,16.881,166.881
19809,2,31.33,6.266,150,10,1,150,31.33,181.32999999999998
24477,2,41.99,8.398000000000001,150,8,1,150,33.592000000000006,183.592
603,2,5.03,1.006,150,24,1,150,12.072,162.072
608,2,23.43,4.686,150,11,1,150,25.773,175.773
11022,2,6.16,1.2320000000000002,150,22,1,150,13.552000000000003,163.552
20825,2,8.21,1.6420000000000003,150,19,1,150,15.599000000000004,165.599
20653,2,7.04,1.4080000000000001,150,21,1,150,14.784,164.784
43317,2,3.44,0.6880000000000001,150,30,1,150,10.32,160.32
43490,2,9.08,1.816,150,18,1,150,16.344,166.344
22173,2,29.65,5.93,150,10,1,150,29.65,179.65
22225,2,8.05,1.6100000000000003,150,19,1,150,15.295000000000003,165.29500000000002
11389,2,48.99,9.798000000000002,150,8,1,150,39.19200000000001,189.192
11423,2,6.66,1.332,150,21,1,150,13.986,163.986
7439,2,9.37,1.8739999999999999,150,18,1,150,16.866,166.86599999999999
43013,2,7.94,1.588,150,19,1,150,15.086,165.086
24424,2,21.05,4.21,150,12,1,150,25.259999999999998,175.26
24473,2,33.11,6.622,150,10,1,150,33.11,183.11
926,2,20.58,4.116,150,12,1,150,24.695999999999998,174.696
932,2,55.91,11.182,150,7,1,150,39.137,189.137
15328,2,7.53,1.5060000000000002,150,20,1,150,15.060000000000002,165.06
24384,2,52.28,10.456000000000001,150,8,1,150,41.824000000000005,191.824
24388,2,13.6,2.72,150,15,1,150,20.400000000000002,170.4
19219,2,8.66,1.7320000000000002,150,19,1,150,16.454,166.454
15542,2,11.1,2.22,150,16,1,150,17.76,167.76
5287,2,0.38,0.07600000000000001,150,89,1,150,3.3820000000000006,153.382
13888,2,1.93,0.386,150,39,1,150,7.527,157.527
13950,2,19.86,3.972,150,12,1,150,23.832,173.832
13734,2,9.39,1.8780000000000001,150,18,1,150,16.902,166.902
20685,2,40.68,8.136000000000001,150,9,1,150,36.612,186.612
3407,2,0.73,0.146,150,64,1,150,4.672,154.672
20428,2,35.52,7.104000000000001,150,9,1,150,31.968000000000004,181.96800000000002
3697,2,1.58,0.31600000000000006,150,44,1,150,6.952000000000002,156.952
16756,2,13.33,2.6660000000000004,150,15,1,150,19.995000000000005,169.995
18866,2,8.44,1.688,150,19,1,150,16.035999999999998,166.036
25107,2,28.76,5.752000000000001,150,10,1,150,28.760000000000005,178.76
20662,2,6.89,1.3780000000000001,150,21,1,150,14.469000000000001,164.469
20680,2,26.97,5.394,150,11,1,150,29.667,179.667
2421,2,265.14,53.028,150,3,1,150,79.542,229.542
16959,2,93.41,18.682,150,6,1,150,56.04599999999999,206.046
29558,2,5.22,1.044,150,24,1,150,12.528,162.528
42864,2,7.23,1.4460000000000002,150,20,1,150,14.46,164.46
42871,2,11.48,2.2960000000000003,150,16,1,150,18.368000000000002,168.368
20661,2,35.94,7.188,150,9,1,150,32.346,182.346
25210,2,14.28,2.856,150,14,1,150,19.991999999999997,169.992
18651,2,12.9,2.58,150,15,1,150,19.35,169.35
34352,2,16.44,3.2880000000000003,150,14,1,150,23.016000000000002,173.016
19951,2,42.85,8.57,150,8,1,150,34.28,184.28
23425,2,43.91,8.782,150,8,1,150,35.128,185.128
19760,2,7.38,1.476,150,20,1,150,14.76,164.76
3777,2,21.7,4.34,150,12,1,150,26.04,176.04
957,2,21.37,4.274,150,12,1,150,25.644,175.644
23472,2,11.48,2.2960000000000003,150,16,1,150,18.368000000000002,168.368
23473,2,10.66,2.132,150,17,1,150,18.122,168.122
23477,2,11.03,2.206,150,16,1,150,17.648,167.648
22429,2,46.66,9.331999999999999,150,8,1,150,37.327999999999996,187.328
11770,2,9.33,1.866,150,18,1,150,16.794,166.794
7222,2,4.9,0.9800000000000001,150,25,1,150,12.250000000000002,162.25
7294,2,5.5,1.1,150,23,1,150,12.65,162.65
25067,2,39.73,7.946,150,9,1,150,35.757,185.757
25076,2,23.48,4.696000000000001,150,11,1,150,25.828000000000003,175.828
22358,2,11.03,2.206,150,16,1,150,17.648,167.648
22396,2,58.06,11.612000000000002,150,7,1,150,40.64200000000001,190.642
16653,2,96.02,19.204,150,6,1,150,57.612,207.612
4535,2,14.49,2.898,150,14,1,150,20.286,170.286
25055,2,116.88,23.376,150,5,1,150,58.440000000000005,208.44
25180,2,65.78,13.156,150,7,1,150,46.046,196.046
16787,2,5.47,1.094,150,23,1,150,12.581000000000001,162.581
16850,2,4.07,0.8140000000000001,150,27,1,150,10.989,160.989
16896,2,71.42,14.284,150,6,1,150,42.852000000000004,192.852
2252,2,22.05,4.41,150,12,1,150,26.46,176.46
2263,2,20.28,4.056,150,12,1,150,24.336,174.336
2271,2,23.8,4.760000000000001,150,11,1,150,26.180000000000003,176.18
22555,2,20.68,4.136,150,12,1,150,24.816000000000003,174.816
22597,2,24.99,4.998,150,11,1,150,27.489,177.489
22600,2,236.84,47.368,150,4,1,150,94.736,244.736
25156,2,32.89,6.578,150,10,1,150,32.89,182.89
3304,2,14.38,2.8760000000000003,150,14,1,150,20.132,170.132
22548,2,19.86,3.972,150,12,1,150,23.832,173.832
22552,2,23.64,4.728000000000001,150,11,1,150,26.004000000000005,176.00400000000002
718,2,8.07,1.614,150,19,1,150,15.333,165.333
742,2,10.39,2.0780000000000003,150,17,1,150,17.663000000000004,167.663
22477,2,8.49,1.6980000000000002,150,19,1,150,16.131,166.131
12199,2,36.42,7.284000000000001,150,9,1,150,32.778000000000006,182.77800000000002
20092,2,7.53,1.5060000000000002,150,20,1,150,15.060000000000002,165.06
20114,2,9.26,1.852,150,18,1,150,16.668,166.668
23233,2,21.85,4.37,150,12,1,150,26.22,176.22
3092,2,13.38,2.676,150,15,1,150,20.07,170.07
19845,2,13.24,2.648,150,15,1,150,19.86,169.86
19866,2,11.48,2.2960000000000003,150,16,1,150,18.368000000000002,168.368
39512,2,4.69,0.9380000000000002,150,25,1,150,11.725000000000001,161.725
863,2,5.83,1.1660000000000001,150,23,1,150,13.409000000000002,163.409
15508,2,48.36,9.672,150,8,1,150,38.688,188.688
15510,2,14.19,2.838,150,15,1,150,21.285,171.285
24555,2,18.24,3.6479999999999997,150,13,1,150,23.711999999999996,173.712
15423,2,8.78,1.756,150,18,1,150,15.804,165.804
15507,2,30.4,6.08,150,10,1,150,30.4,180.4
20275,2,24.99,4.998,150,11,1,150,27.489,177.489
20360,2,16.66,3.3320000000000003,150,13,1,150,21.658,171.65800000000002
12355,2,9.8,1.9600000000000002,150,17,1,150,16.66,166.66
42080,2,9.39,1.8780000000000001,150,18,1,150,16.902,166.902
24994,2,17.44,3.4880000000000004,150,13,1,150,22.672000000000004,172.672
25000,2,46.05,9.209999999999999,150,8,1,150,36.839999999999996,186.84
25007,2,36.18,7.236000000000001,150,9,1,150,32.562000000000005,182.562
22653,2,8.96,1.7920000000000003,150,18,1,150,16.128000000000004,166.12800000000001
22657,2,19.59,3.918,150,12,1,150,23.508000000000003,173.508
16584,2,26.02,5.204000000000001,150,11,1,150,28.622000000000003,178.622
16263,2,5.15,1.03,150,24,1,150,12.36,162.36
22643,2,42.85,8.57,150,8,1,150,34.28,184.28
25085,2,19.99,3.9979999999999998,150,12,1,150,23.988,173.988
25086,2,24.82,4.964,150,11,1,150,27.302000000000003,177.302
18810,2,4.33,0.8660000000000001,150,26,1,150,11.258000000000001,161.258
4676,2,10.07,2.0140000000000002,150,17,1,150,17.119000000000003,167.119
16503,2,5.99,1.1980000000000002,150,22,1,150,13.178000000000003,163.178
871,2,7.51,1.502,150,20,1,150,15.02,165.02
39736,2,31.99,6.398,150,10,1,150,31.99,181.99
13094,2,8.1,1.62,150,19,1,150,15.39,165.39
13132,2,5.84,1.168,150,23,1,150,13.431999999999999,163.432
24591,2,9.67,1.9340000000000002,150,18,1,150,17.406000000000002,167.406
23291,2,40.81,8.162,150,9,1,150,36.729000000000006,186.729
33707,2,5.22,1.044,150,24,1,150,12.528,162.528
5181,2,23.99,4.798,150,11,1,150,26.389,176.389
15859,2,18.79,3.758,150,13,1,150,24.427,174.427
803,2,9.92,1.984,150,17,1,150,16.864,166.864
22630,2,20.54,4.108,150,12,1,150,24.647999999999996,174.648
20413,2,15.99,3.1980000000000004,150,14,1,150,22.386000000000003,172.386
22778,2,19.04,3.808,150,13,1,150,24.752,174.752
22787,2,33.33,6.666,150,9,1,150,29.997,179.997
41309,2,9.45,1.89,150,18,1,150,17.009999999999998,167.01
16155,2,105.95,21.19,150,5,1,150,52.975,202.975
18955,2,10.88,2.176,150,17,1,150,18.496000000000002,168.496
19019,2,7.53,1.5060000000000002,150,20,1,150,15.060000000000002,165.06
19049,2,33.33,6.666,150,9,1,150,29.997,179.997
4815,2,13.5,2.7,150,15,1,150,20.25,170.25
32296,2,10.38,2.076,150,17,1,150,17.646,167.64600000000002
2074,2,68.69,13.738,150,7,1,150,48.083,198.083
2088,2,223.87,44.774,150,4,1,150,89.548,239.548
40771,2,15.78,3.156,150,14,1,150,22.092000000000002,172.092
16377,2,11.4,2.2800000000000002,150,16,1,150,18.240000000000002,168.24
22941,2,225.15,45.03,150,4,1,150,90.06,240.06
12496,2,4.83,0.9660000000000001,150,25,1,150,12.075000000000001,162.075
6784,2,7.53,1.5060000000000002,150,20,1,150,15.060000000000002,165.06
6872,2,6.62,1.324,150,21,1,150,13.902000000000001,163.902
12538,2,7.48,1.4960000000000002,150,20,1,150,14.960000000000003,164.96
22958,2,4.57,0.9140000000000001,150,26,1,150,11.882000000000001,161.882
22970,2,11.68,2.336,150,16,1,150,18.688,168.688
853,2,7.4,1.4800000000000002,150,20,1,150,14.800000000000002,164.8
20186,2,12.33,2.466,150,16,1,150,19.728,169.728
20188,2,14.47,2.894,150,14,1,150,20.258000000000003,170.258
40137,2,13.07,2.6140000000000003,150,15,1,150,19.605000000000004,169.60500000000002
12637,2,6.03,1.2060000000000002,150,22,1,150,13.266000000000002,163.266
12655,2,23.17,4.634,150,11,1,150,25.487000000000002,175.487
23041,2,22.57,4.514,150,12,1,150,27.084000000000003,177.084
24694,2,8.96,1.7920000000000003,150,18,1,150,16.128000000000004,166.12800000000001
24723,2,41.37,8.274,150,9,1,150,37.233,187.233
19062,2,33.99,6.798000000000001,150,9,1,150,30.591000000000005,180.591
20041,2,41.99,8.398000000000001,150,8,1,150,33.592000000000006,183.592
33147,2,10.27,2.054,150,17,1,150,17.459,167.459
1927,2,51.84,10.368000000000002,150,8,1,150,41.47200000000001,191.472
15747,2,6.16,1.2320000000000002,150,22,1,150,13.552000000000003,163.552
23192,2,41.72,8.344,150,8,1,150,33.376,183.376
3182,2,22.85,4.57,150,11,1,150,25.135,175.135
24860,2,35.48,7.096,150,9,1,150,31.932000000000002,181.93200000000002
19077,2,131.57,26.314,150,5,1,150,65.785,215.785
4010,2,45.11,9.022,150,8,1,150,36.088,186.088
4028,2,7.99,1.598,150,19,1,150,15.181000000000001,165.181
23135,2,5.45,1.09,150,23,1,150,12.535,162.535
24888,2,278.14,55.628,150,3,1,150,83.44200000000001,233.442
1985,2,35.5,7.1000000000000005,150,9,1,150,31.950000000000003,181.95
23044,2,5.88,1.176,150,23,1,150,13.524,163.524
23048,2,16.89,3.378,150,13,1,150,21.957,171.957
23099,2,32.23,6.446,150,10,1,150,32.23,182.23
23106,2,10.73,2.1460000000000004,150,17,1,150,18.241000000000003,168.241
2710,2,15.93,3.186,150,14,1,150,22.302,172.302
2715,2,39.99,7.998000000000001,150,9,1,150,35.99100000000001,185.991
21352,2,52.62,10.524000000000001,150,8,1,150,42.096000000000004,192.096
45602,2,13.07,2.6140000000000003,150,15,1,150,19.605000000000004,169.60500000000002
45645,2,17.8,3.5600000000000005,150,13,1,150,23.140000000000004,173.14000000000001
18199,2,41.37,8.274,150,9,1,150,37.233,187.233
4319,2,7.29,1.4580000000000002,150,20,1,150,14.580000000000002,164.58
17989,2,8.05,1.6100000000000003,150,19,1,150,15.295000000000003,165.29500000000002
2610,2,138.68,27.736000000000004,150,5,1,150,69.34,219.34
2614,2,41.21,8.242,150,9,1,150,37.089000000000006,187.089
2671,2,16.78,3.3560000000000003,150,13,1,150,21.814000000000004,171.814
18012,2,4.83,0.9660000000000001,150,25,1,150,12.075000000000001,162.075
18093,2,44.66,8.932,150,8,1,150,35.728,185.728
18098,2,157.89,31.578,150,4,1,150,63.156,213.156
18110,2,25.97,5.194,150,11,1,150,28.567,178.567
21046,2,9.73,1.9460000000000002,150,18,1,150,17.514000000000003,167.514
21087,2,38.25,7.65,150,9,1,150,34.425000000000004,184.425
21298,2,4.6,0.9199999999999999,150,26,1,150,11.959999999999999,161.96
5866,2,15.74,3.148,150,14,1,150,22.036,172.036
36307,2,15.64,3.128,150,14,1,150,21.896,171.89600000000002
36367,2,9.93,1.986,150,17,1,150,16.881,166.881
46018,2,6.7,1.34,150,21,1,150,14.07,164.07
46140,2,34.24,6.848000000000001,150,9,1,150,30.816000000000003,180.816
24178,2,74.82,14.963999999999999,150,6,1,150,44.891999999999996,194.892
21107,2,7.53,1.5060000000000002,150,20,1,150,15.060000000000002,165.06
21110,2,10.2,2.04,150,17,1,150,17.34,167.34
21155,2,15.12,3.024,150,14,1,150,21.168,171.168
3587,2,14.95,2.99,150,14,1,150,20.93,170.93
8729,2,0.74,0.148,150,64,1,150,4.736,154.736
189,2,5.76,1.152,150,23,1,150,13.248,163.248
201,2,15.47,3.0940000000000003,150,14,1,150,21.658,171.65800000000002
2660,2,229.0,45.800000000000004,150,4,1,150,91.60000000000001,241.60000000000002
90084,2,21.05,4.21,150,12,1,150,25.259999999999998,175.26
90085,2,23.86,4.772,150,11,1,150,26.246000000000002,176.246
86,1,236.21,47.242000000000004,150,3,1,150,70.863,220.863
18394,1,10.96,2.192,150,12,1,150,13.152000000000001,163.152
46684,1,10.88,2.176,150,12,1,150,13.056000000000001,163.056
90086,1,34.2,6.840000000000001,150,7,1,150,23.94,173.94
90087,1,311.25,62.25,150,2,1,150,62.25,212.25
21172,1,137.92,27.584,150,3,1,150,41.376,191.376
21178,1,9.03,1.806,150,13,1,150,11.739,161.739
8411,1,7.96,1.592,150,14,1,150,11.144,161.144
45859,1,14.83,2.966,150,10,1,150,14.830000000000002,164.83
24183,1,55.84,11.168000000000001,150,5,1,150,27.92,177.92000000000002
14718,1,12.41,2.482,150,11,1,150,13.651000000000002,163.651
14826,1,7.74,1.548,150,14,1,150,10.836,160.836
14836,1,6.81,1.362,150,15,1,150,10.215,160.215
14573,1,13.79,2.758,150,10,1,150,13.79,163.79
18268,1,13.15,2.6300000000000003,150,11,1,150,14.465000000000002,164.465
18271,1,82.46,16.492,150,4,1,150,32.984,182.984
4260,1,16.66,3.3320000000000003,150,9,1,150,14.994000000000002,164.994
17576,1,3.79,0.758,150,20,1,150,7.58,157.58
17598,1,171.23,34.246,150,3,1,150,51.369,201.369
17741,1,12.74,2.548,150,11,1,150,14.014,164.014
17747,1,17.99,3.598,150,9,1,150,16.191,166.191
17753,1,17.92,3.5840000000000005,150,9,1,150,16.128000000000004,166.12800000000001
1056,1,9.18,1.836,150,13,1,150,11.934000000000001,161.934
1106,1,155.55,31.110000000000003,150,3,1,150,46.665000000000006,196.66500000000002
14369,1,8.78,1.756,150,13,1,150,11.414,161.414
6063,1,20.3,4.0600000000000005,150,9,1,150,18.270000000000003,168.27
23863,1,14.38,2.8760000000000003,150,10,1,150,14.380000000000003,164.38
15065,1,18.24,3.6479999999999997,150,9,1,150,16.415999999999997,166.416
21430,1,28.56,5.712,150,7,1,150,19.991999999999997,169.992
21446,1,17.0,3.4000000000000004,150,9,1,150,15.3,165.3
24107,1,40.53,8.106,150,6,1,150,24.317999999999998,174.31799999999998
24135,1,15.43,3.0860000000000003,150,10,1,150,15.430000000000001,165.43
23970,1,5.74,1.1480000000000001,150,16,1,150,9.184000000000001,159.184
23983,1,44.59,8.918000000000001,150,6,1,150,26.754000000000005,176.75400000000002
23989,1,8.96,1.7920000000000003,150,13,1,150,11.648000000000001,161.648
19544,1,16.66,3.3320000000000003,150,9,1,150,14.994000000000002,164.994
1032,1,70.86,14.172,150,5,1,150,35.43,185.43
1043,1,12.59,2.5180000000000002,150,11,1,150,13.849000000000002,163.849
21593,1,5.51,1.102,150,16,1,150,8.816,158.816
8060,1,14.28,2.856,150,10,1,150,14.28,164.28
338,1,18.21,3.6420000000000003,150,9,1,150,16.389000000000003,166.389
407,1,39.36,7.872,150,6,1,150,23.616,173.61599999999999
427,1,6.97,1.3940000000000001,150,15,1,150,10.455000000000002,160.455
9105,1,14.81,2.962,150,10,1,150,14.81,164.81
19598,1,19.73,3.946,150,9,1,150,17.757,167.757
19610,1,86.2,17.240000000000002,150,4,1,150,34.480000000000004,184.48000000000002
23170,1,52.41,10.482,150,5,1,150,26.205,176.20499999999998
6652,1,5.15,1.03,150,17,1,150,8.755,158.755
40590,1,8.66,1.7320000000000002,150,13,1,150,11.258000000000001,161.258
3750,1,11.59,2.318,150,11,1,150,12.749,162.749
3753,1,11.15,2.23,150,12,1,150,13.379999999999999,163.38
23024,1,35.33,7.066,150,7,1,150,24.730999999999998,174.731
3277,1,8.82,1.7640000000000002,150,13,1,150,11.466000000000001,161.466
23040,1,59.2,11.840000000000002,150,5,1,150,29.600000000000005,179.6
24696,1,78.42,15.684000000000001,150,4,1,150,31.368000000000002,181.368
19052,1,14.76,2.952,150,10,1,150,14.76,164.76
19058,1,32.43,6.486000000000001,150,7,1,150,22.701,172.701
19059,1,17.76,3.5520000000000005,150,9,1,150,15.984000000000002,165.984
6545,1,94.88,18.976,150,4,1,150,37.952,187.952
39834,1,6.03,1.2060000000000002,150,16,1,150,9.648000000000001,159.648
39988,1,10.95,2.19,150,12,1,150,13.14,163.14
40365,1,49.34,9.868000000000002,150,6,1,150,29.604000000000006,179.604
19968,1,85.71,17.142,150,4,1,150,34.284,184.284
19971,1,83.89,16.778000000000002,150,4,1,150,33.556000000000004,183.556
24872,1,38.4,7.68,150,6,1,150,23.04,173.04
18941,1,19.86,3.972,150,9,1,150,17.874,167.874
5114,1,7.83,1.566,150,14,1,150,10.962,160.962
15605,1,161.64,32.327999999999996,150,3,1,150,48.49199999999999,198.492
15688,1,299.99,59.998000000000005,150,2,1,150,59.998000000000005,209.998
24691,1,39.47,7.894,150,6,1,150,23.682000000000002,173.68200000000002
19087,1,9.2,1.8399999999999999,150,13,1,150,11.959999999999999,161.96
19125,1,33.11,6.622,150,7,1,150,23.177,173.177
24790,1,115.75,23.150000000000002,150,4,1,150,46.300000000000004,196.3
23137,1,23.97,4.794,150,8,1,150,19.176,169.176
23160,1,6.03,1.2060000000000002,150,16,1,150,9.648000000000001,159.648
23167,1,15.89,3.1780000000000004,150,10,1,150,15.890000000000002,165.89000000000001
3196,1,14.81,2.962,150,10,1,150,14.81,164.81
19967,1,85.13,17.026,150,4,1,150,34.052,184.052
797,1,18.31,3.662,150,9,1,150,16.479,166.47899999999998
808,1,6.66,1.332,150,15,1,150,9.99,159.99
12259,1,7.18,1.436,150,14,1,150,10.052,160.052
12340,1,9.2,1.8399999999999999,150,13,1,150,11.959999999999999,161.96
22622,1,32.23,6.446,150,7,1,150,22.561,172.561
22634,1,14.09,2.818,150,10,1,150,14.09,164.09
3955,1,13.59,2.718,150,11,1,150,14.949,164.949
15785,1,11.33,2.266,150,12,1,150,13.596,163.596
16208,1,30.51,6.102,150,7,1,150,21.357,171.357
18948,1,24.83,4.966,150,8,1,150,19.864,169.864
19042,1,6.66,1.332,150,15,1,150,9.99,159.99
19047,1,12.83,2.5660000000000003,150,11,1,150,14.113000000000001,164.113
2820,1,13.56,2.712,150,11,1,150,14.916,164.916
22700,1,58.21,11.642000000000001,150,5,1,150,29.105000000000004,179.10500000000002
22781,1,37.74,7.548000000000001,150,6,1,150,22.644000000000002,172.644
22836,1,7.89,1.578,150,14,1,150,11.046000000000001,161.046
20403,1,7.46,1.492,150,14,1,150,10.443999999999999,160.444
25054,1,91.5,18.3,150,4,1,150,36.6,186.6
16330,1,7.14,1.428,150,14,1,150,9.995999999999999,159.996
16365,1,10.2,2.04,150,12,1,150,12.24,162.24
16389,1,12.58,2.516,150,11,1,150,13.838000000000001,163.838
16398,1,25.8,5.16,150,8,1,150,20.64,170.64
16399,1,29.24,5.848,150,7,1,150,20.468,170.468
2108,1,12.59,2.5180000000000002,150,11,1,150,13.849000000000002,163.849
22858,1,18.7,3.74,150,9,1,150,16.830000000000002,166.83
22915,1,33.79,6.758,150,7,1,150,23.653,173.653
22939,1,442.56,88.512,150,2,1,150,88.512,238.512
22944,1,165.58,33.11600000000001,150,3,1,150,49.67400000000001,199.674
20178,1,16.33,3.266,150,10,1,150,16.33,166.32999999999998
12443,1,6.7,1.34,150,15,1,150,10.05,160.05
12585,1,9.99,1.9980000000000002,150,12,1,150,11.988000000000001,161.988
41224,1,20.68,4.136,150,9,1,150,18.612000000000002,168.612
16580,1,34.01,6.802,150,7,1,150,23.807,173.807
2188,1,37.59,7.518000000000001,150,6,1,150,22.554000000000002,172.554
31522,1,21.28,4.256,150,8,1,150,17.024,167.024
31972,1,5.88,1.176,150,16,1,150,9.408,159.408
24924,1,53.68,10.736,150,5,1,150,26.840000000000003,176.84
22661,1,30.82,6.164000000000001,150,7,1,150,21.574,171.574
20250,1,34.48,6.896,150,7,1,150,24.136,174.136
20257,1,10.45,2.09,150,12,1,150,12.54,162.54
13478,1,7.99,1.598,150,14,1,150,11.186,161.186
883,1,390.62,78.12400000000001,150,2,1,150,78.12400000000001,228.12400000000002
888,1,7.19,1.4380000000000002,150,14,1,150,10.066,160.066
39718,1,40.53,8.106,150,6,1,150,24.317999999999998,174.31799999999998
13061,1,126.17,25.234,150,3,1,150,37.851,187.851
4576,1,10.23,2.0460000000000003,150,12,1,150,12.276000000000002,162.276
16527,1,22.29,4.458,150,8,1,150,17.832,167.832
16531,1,14.09,2.818,150,10,1,150,14.09,164.09
2877,1,49.25,9.850000000000001,150,6,1,150,29.550000000000004,179.55
2918,1,13.86,2.7720000000000002,150,10,1,150,13.860000000000001,163.86
24589,1,8.96,1.7920000000000003,150,13,1,150,11.648000000000001,161.648
24658,1,38.09,7.618000000000001,150,6,1,150,22.854000000000003,172.854
23286,1,132.44,26.488,150,3,1,150,39.732,189.732
23289,1,479.45,95.89,150,2,1,150,95.89,245.89
23292,1,299.31,59.862,150,2,1,150,59.862,209.862
6457,1,7.09,1.4180000000000001,150,15,1,150,10.635000000000002,160.635
5116,1,8.26,1.6520000000000001,150,13,1,150,10.738000000000001,160.738
5167,1,23.01,4.602,150,8,1,150,18.408,168.40800000000002
5178,1,14.49,2.898,150,10,1,150,14.49,164.49
15835,1,6.16,1.2320000000000002,150,16,1,150,9.856000000000002,159.856
33765,1,38.95,7.790000000000001,150,6,1,150,23.370000000000005,173.37
33930,1,17.23,3.446,150,9,1,150,15.507000000000001,165.507
19236,1,11.64,2.3280000000000003,150,11,1,150,12.804000000000002,162.804
19240,1,6.45,1.29,150,15,1,150,9.675,159.675
11918,1,85.61,17.122,150,4,1,150,34.244,184.244
12073,1,7.53,1.5060000000000002,150,14,1,150,10.542000000000002,160.542
12084,1,23.52,4.704,150,8,1,150,18.816,168.816
42162,1,4.62,0.924,150,18,1,150,8.316,158.316
650,1,5.07,1.014,150,17,1,150,8.619,158.619
704,1,47.61,9.522,150,6,1,150,28.566000000000003,178.566
714,1,4.31,0.862,150,19,1,150,8.189,158.189
22478,1,9.58,1.9160000000000001,150,13,1,150,12.454,162.454
19833,1,40.81,8.162,150,6,1,150,24.486000000000004,174.486
13379,1,10.13,2.0260000000000002,150,12,1,150,12.156000000000002,162.156
13394,1,3.99,0.798,150,19,1,150,7.581,157.581
20056,1,139.07,27.814,150,3,1,150,41.721000000000004,191.721
23237,1,9.52,1.904,150,13,1,150,12.376,162.376
19063,1,35.99,7.198,150,6,1,150,21.594,171.594
19071,1,5.99,1.1980000000000002,150,16,1,150,9.584000000000001,159.584
11868,1,4.63,0.926,150,18,1,150,8.334,158.334
15414,1,6.2,1.2400000000000002,150,16,1,150,9.920000000000002,159.92000000000002
15476,1,33.11,6.622,150,7,1,150,23.177,173.177
24532,1,19.2,3.84,150,9,1,150,17.28,167.28
24539,1,19.99,3.9979999999999998,150,9,1,150,17.991,167.99099999999999
24564,1,10.27,2.054,150,12,1,150,12.323999999999998,162.324
19139,1,6.53,1.306,150,15,1,150,9.795,159.795
3055,1,7.47,1.494,150,14,1,150,10.458,160.458
19825,1,51.36,10.272,150,5,1,150,25.68,175.68
20374,1,12.83,2.5660000000000003,150,11,1,150,14.113000000000001,164.113
6968,1,9.73,1.9460000000000002,150,12,1,150,11.676000000000002,161.676
41985,1,33.1,6.620000000000001,150,7,1,150,23.17,173.17000000000002
42104,1,30.87,6.174,150,7,1,150,21.609,171.609
1598,1,736.43,147.286,150,1,1,150,73.643,223.643
1667,1,153.84,30.768,150,3,1,150,46.152,196.152
15386,1,7.38,1.476,150,14,1,150,10.332,160.332
15404,1,16.21,3.2420000000000004,150,10,1,150,16.21,166.21
22431,1,17.76,3.5520000000000005,150,9,1,150,15.984000000000002,165.984
22451,1,6.66,1.332,150,15,1,150,9.99,159.99
967,1,24.8,4.960000000000001,150,8,1,150,19.840000000000003,169.84
23468,1,116.99,23.398,150,4,1,150,46.796,196.796
23517,1,8.27,1.654,150,13,1,150,10.751,160.751
23525,1,17.0,3.4000000000000004,150,9,1,150,15.3,165.3
19754,1,5.8,1.16,150,16,1,150,9.28,159.28
19785,1,25.97,5.194,150,8,1,150,20.776,170.776
25056,1,64.51,12.902000000000001,150,5,1,150,32.255,182.255
25066,1,30.61,6.122,150,7,1,150,21.427,171.427
25078,1,26.14,5.228000000000001,150,8,1,150,20.912000000000003,170.912
22363,1,3.56,0.7120000000000001,150,21,1,150,7.476000000000001,157.476
22385,1,11.1,2.22,150,12,1,150,13.32,163.32
22407,1,2.25,0.45,150,26,1,150,5.8500000000000005,155.85
22421,1,8.72,1.7440000000000002,150,13,1,150,11.336000000000002,161.336
22426,1,59.99,11.998000000000001,150,5,1,150,29.995000000000005,179.995
22553,1,24.13,4.8260000000000005,150,8,1,150,19.304000000000002,169.304
22559,1,19.6,3.9200000000000004,150,9,1,150,17.64,167.64
22618,1,13.6,2.72,150,11,1,150,14.96,164.96
25145,1,22.57,4.514,150,8,1,150,18.056,168.056
16935,1,3.1,0.6200000000000001,150,22,1,150,6.820000000000001,156.82
2134,1,1.93,0.386,150,28,1,150,5.404,155.404
16612,1,7.33,1.4660000000000002,150,14,1,150,10.262,160.262
16689,1,37.66,7.532,150,6,1,150,22.596,172.596
22534,1,22.72,4.544,150,8,1,150,18.176,168.176
22538,1,59.99,11.998000000000001,150,5,1,150,29.995000000000005,179.995
22540,1,28.1,5.620000000000001,150,7,1,150,19.67,169.67000000000002
22543,1,23.48,4.696000000000001,150,8,1,150,18.784000000000002,168.784
22544,1,23.33,4.6659999999999995,150,8,1,150,18.663999999999998,168.664
22547,1,22.57,4.514,150,8,1,150,18.056,168.056
3303,1,0.74,0.148,150,45,1,150,3.3299999999999996,153.33
22549,1,23.33,4.6659999999999995,150,8,1,150,18.663999999999998,168.664
31157,1,15.23,3.0460000000000003,150,10,1,150,15.23,165.23
16752,1,7.99,1.598,150,14,1,150,11.186,161.186
20668,1,31.07,6.214,150,7,1,150,21.749000000000002,171.749
20669,1,51.94,10.388,150,5,1,150,25.97,175.97
22345,1,14.83,2.966,150,10,1,150,14.830000000000002,164.83
20423,1,20.13,4.026,150,9,1,150,18.116999999999997,168.117
20441,1,8.84,1.768,150,13,1,150,11.492,161.492
20477,1,6.53,1.306,150,15,1,150,9.795,159.795
34333,1,6.45,1.29,150,15,1,150,9.675,159.675
25236,1,12.24,2.4480000000000004,150,11,1,150,13.464000000000002,163.464
18662,1,14.76,2.952,150,10,1,150,14.76,164.76
18697,1,59.86,11.972000000000001,150,5,1,150,29.930000000000003,179.93
16961,1,38.7,7.740000000000001,150,6,1,150,23.220000000000002,173.22
16998,1,106.66,21.332,150,4,1,150,42.664,192.664
4460,1,8.45,1.69,150,13,1,150,10.985,160.985
29470,1,96.54,19.308000000000003,150,4,1,150,38.61600000000001,188.616
13561,1,7.74,1.548,150,14,1,150,10.836,160.836
6290,1,5.4,1.08,150,17,1,150,9.18,159.18
6389,1,4.72,0.944,150,18,1,150,8.495999999999999,158.496
38558,1,7.79,1.558,150,14,1,150,10.906,160.906
39013,1,17.64,3.5280000000000005,150,9,1,150,15.876000000000001,165.876
23309,1,64.66,12.932,150,5,1,150,32.33,182.32999999999998
23322,1,64.28,12.856000000000002,150,5,1,150,32.14,182.14
23328,1,52.41,10.482,150,5,1,150,26.205,176.20499999999998
19795,1,9.52,1.904,150,13,1,150,12.376,162.376
19797,1,11.64,2.3280000000000003,150,11,1,150,12.804000000000002,162.804
19890,1,11.03,2.206,150,12,1,150,13.236,163.236
19938,1,7.33,1.4660000000000002,150,14,1,150,10.262,160.262
19949,1,20.54,4.108,150,9,1,150,18.485999999999997,168.486
19955,1,64.18,12.836000000000002,150,5,1,150,32.09,182.09
23350,1,9.58,1.9160000000000001,150,13,1,150,12.454,162.454
13557,1,46.05,9.209999999999999,150,6,1,150,27.629999999999995,177.63
22120,1,3.24,0.6480000000000001,150,22,1,150,7.128000000000002,157.12800000000001
22171,1,31.03,6.206,150,7,1,150,21.721,171.721
22201,1,8.21,1.6420000000000003,150,14,1,150,11.494000000000003,161.494
22263,1,32.46,6.492000000000001,150,7,1,150,22.722,172.722
20602,1,37.41,7.481999999999999,150,6,1,150,22.445999999999998,172.446
20607,1,12.74,2.548,150,11,1,150,14.014,164.014
20609,1,2.68,0.536,150,24,1,150,6.432,156.432
20654,1,26.14,5.228000000000001,150,8,1,150,20.912000000000003,170.912
24426,1,30.91,6.182,150,7,1,150,21.637,171.637
24470,1,12.33,2.466,150,11,1,150,13.563,163.563
935,1,30.07,6.014,150,7,1,150,21.049,171.049
7433,1,8.63,1.7260000000000002,150,13,1,150,11.219000000000001,161.219
11427,1,3.54,0.7080000000000001,150,21,1,150,7.434000000000001,157.434
42939,1,6.8,1.36,150,15,1,150,10.200000000000001,160.2
43021,1,13.24,2.648,150,11,1,150,14.564,164.564
43247,1,8.72,1.7440000000000002,150,13,1,150,11.336000000000002,161.336
19217,1,16.43,3.286,150,10,1,150,16.43,166.43
15545,1,51.94,10.388,150,5,1,150,25.97,175.97
34508,1,5.15,1.03,150,17,1,150,8.755,158.755
1404,1,64.28,12.856000000000002,150,5,1,150,32.14,182.14
15239,1,36.23,7.2459999999999996,150,6,1,150,21.738,171.738
15297,1,3.97,0.794,150,19,1,150,7.543,157.543
15322,1,19.17,3.8340000000000005,150,9,1,150,17.253000000000004,167.25300000000001
24404,1,7.89,1.578,150,14,1,150,11.046000000000001,161.046
13890,1,5.64,1.128,150,16,1,150,9.024,159.024
13960,1,7.28,1.4560000000000002,150,14,1,150,10.192000000000002,160.192
38255,1,10.85,2.17,150,12,1,150,13.02,163.02
38301,1,7.09,1.4180000000000001,150,15,1,150,10.635000000000002,160.635
13716,1,2.61,0.522,150,24,1,150,6.264,156.264
6204,1,9.92,1.984,150,12,1,150,11.904,161.904
19143,1,18.24,3.6479999999999997,150,9,1,150,16.415999999999997,166.416
19179,1,7.18,1.436,150,14,1,150,10.052,160.052
17274,1,4.9,0.9800000000000001,150,17,1,150,8.33,158.33
29131,1,4.07,0.8140000000000001,150,19,1,150,7.7330000000000005,157.733
29205,1,6.41,1.282,150,15,1,150,9.615,159.615
2277,1,17.03,3.4060000000000006,150,9,1,150,15.327000000000002,165.327
2320,1,38.68,7.736000000000001,150,6,1,150,23.208000000000002,173.208
2349,1,70.3,14.06,150,5,1,150,35.15,185.15
2358,1,20.45,4.09,150,9,1,150,18.405,168.405
2396,1,20.15,4.03,150,9,1,150,18.135,168.135
23592,1,75.16,15.032,150,4,1,150,30.064,180.064
23593,1,66.2,13.240000000000002,150,5,1,150,33.10000000000001,183.10000000000002
23596,1,8.78,1.756,150,13,1,150,11.414,161.414
23694,1,157.53,31.506,150,3,1,150,47.259,197.25900000000001
20853,1,38.95,7.790000000000001,150,6,1,150,23.370000000000005,173.37
18586,1,27.58,5.516,150,7,1,150,19.306,169.306
17170,1,35.48,7.096,150,7,1,150,24.836,174.836
17172,1,4.1,0.82,150,19,1,150,7.789999999999999,157.79
5370,1,255.47,51.094,150,2,1,150,51.094,201.094
15126,1,24.83,4.966,150,8,1,150,19.864,169.864
5521,1,10.84,2.168,150,12,1,150,13.008000000000001,163.008
19347,1,6.57,1.314,150,15,1,150,9.855,159.855
24346,1,24.99,4.998,150,8,1,150,19.992,169.992
24359,1,32.44,6.4879999999999995,150,7,1,150,22.708,172.708
24363,1,16.21,3.2420000000000004,150,10,1,150,16.21,166.21
23566,1,7.23,1.4460000000000002,150,14,1,150,10.122000000000002,160.122
20655,1,27.58,5.516,150,7,1,150,19.306,169.306
557,1,4.84,0.968,150,18,1,150,8.712,158.712
590,1,4.61,0.9220000000000002,150,18,1,150,8.298000000000002,158.298
610,1,14.48,2.8960000000000004,150,10,1,150,14.480000000000002,164.48
43547,1,5.51,1.102,150,16,1,150,8.816,158.816
11088,1,6.84,1.368,150,15,1,150,10.260000000000002,160.26
37909,1,33.33,6.666,150,7,1,150,23.331000000000003,173.33100000000002
37910,1,51.33,10.266,150,5,1,150,25.665,175.665
455,1,21.25,4.25,150,8,1,150,17.0,167.0
500,1,2290.07,458.01400000000007,150,1,1,150,229.00700000000003,379.00700000000006
505,1,19.6,3.9200000000000004,150,9,1,150,17.64,167.64
25528,1,79.46,15.892,150,4,1,150,31.784,181.784
18418,1,15.64,3.128,150,10,1,150,15.64,165.64
18425,1,31.5,6.300000000000001,150,7,1,150,22.050000000000004,172.05
18426,1,24.18,4.836,150,8,1,150,19.344,169.344
17329,1,8.55,1.7100000000000002,150,13,1,150,11.115000000000002,161.115
3002,1,7.8,1.56,150,14,1,150,10.92,160.92
3030,1,13.07,2.6140000000000003,150,11,1,150,14.377000000000002,164.377
23772,1,86.45,17.290000000000003,150,4,1,150,34.580000000000005,184.58
19621,1,42.66,8.532,150,6,1,150,25.596,175.596
14133,1,5.51,1.102,150,16,1,150,8.816,158.816
14137,1,7.94,1.588,150,14,1,150,11.116,161.11599999999999
11319,1,7.18,1.436,150,14,1,150,10.052,160.052
43871,1,13.24,2.648,150,11,1,150,14.564,164.564
14996,1,10.06,2.012,150,12,1,150,12.072,162.072
15014,1,4.19,0.8380000000000001,150,19,1,150,7.961,157.961
5635,1,16.53,3.3060000000000005,150,10,1,150,16.53,166.53
24253,1,12.16,2.4320000000000004,150,11,1,150,13.376000000000001,163.376
24274,1,12.9,2.58,150,11,1,150,14.190000000000001,164.19
24279,1,46.35,9.270000000000001,150,6,1,150,27.810000000000002,177.81
19262,1,17.41,3.482,150,9,1,150,15.669,165.669
23755,1,359.86,71.97200000000001,150,2,1,150,71.97200000000001,221.972
25191,1,7.33,1.4660000000000002,150,14,1,150,10.262,160.262
25206,1,60.8,12.16,150,5,1,150,30.4,180.4
22001,1,6.7,1.34,150,15,1,150,10.05,160.05
22073,1,156.46,31.292,150,3,1,150,46.938,196.938
11259,1,31.16,6.232,150,7,1,150,21.812,171.812
23805,1,13.42,2.684,150,11,1,150,14.762,164.762
23810,1,19.99,3.9979999999999998,150,9,1,150,17.991,167.99099999999999
36045,1,5.15,1.03,150,17,1,150,8.755,158.755
20771,1,27.81,5.562,150,7,1,150,19.467000000000002,169.467
20776,1,23.33,4.6659999999999995,150,8,1,150,18.663999999999998,168.664
20794,1,7.89,1.578,150,14,1,150,11.046000000000001,161.046
21625,1,10.66,2.132,150,12,1,150,12.792000000000002,162.792
21737,1,120.8,24.16,150,4,1,150,48.32,198.32
10642,1,19.86,3.972,150,9,1,150,17.874,167.874
44651,1,64.93,12.986000000000002,150,5,1,150,32.465,182.465
44857,1,9.45,1.89,150,13,1,150,12.285,162.285
3453,1,7.3,1.46,150,14,1,150,10.219999999999999,160.22
3473,1,8.2,1.64,150,14,1,150,11.479999999999999,161.48
21860,1,10.96,2.192,150,12,1,150,13.152000000000001,163.152
20689,1,10.32,2.064,150,12,1,150,12.384,162.38400000000001
20707,1,10.59,2.118,150,12,1,150,12.707999999999998,162.708
20722,1,20.4,4.08,150,9,1,150,18.36,168.36
20739,1,12.33,2.466,150,11,1,150,13.563,163.563
20768,1,9.72,1.9440000000000002,150,12,1,150,11.664000000000001,161.664
25459,1,21.42,4.284000000000001,150,8,1,150,17.136000000000003,167.136
10864,1,59.3,11.86,150,5,1,150,29.65,179.65
7974,1,19.37,3.8740000000000006,150,9,1,150,17.433000000000003,167.433
44220,1,21.47,4.294,150,8,1,150,17.176,167.176
44278,1,6.07,1.2140000000000002,150,16,1,150,9.712000000000002,159.712
10398,1,22.87,4.574000000000001,150,8,1,150,18.296000000000003,168.296
10399,1,21.33,4.266,150,8,1,150,17.064,167.064
3449,1,22.21,4.442,150,8,1,150,17.768,167.768
17369,1,13.54,2.708,150,11,1,150,14.894000000000002,164.894
17399,1,53.37,10.674,150,5,1,150,26.685,176.685
2505,1,16.78,3.3560000000000003,150,9,1,150,15.102000000000002,165.102
28323,1,4.83,0.9660000000000001,150,18,1,150,8.694,158.694
28980,1,91.38,18.276,150,4,1,150,36.552,186.552
25341,1,185.42,37.083999999999996,150,3,1,150,55.62599999999999,205.62599999999998
25422,1,5.26,1.052,150,17,1,150,8.942,158.942
25445,1,13.51,2.702,150,11,1,150,14.861,164.861
27934,1,3.37,0.674,150,21,1,150,7.077000000000001,157.077
18597,1,24.67,4.934000000000001,150,8,1,150,19.736000000000004,169.736
18623,1,23.52,4.704,150,8,1,150,18.816,168.816
18626,1,6.49,1.298,150,15,1,150,9.735,159.735
18627,1,3.01,0.602,150,22,1,150,6.622,156.622
2762,1,40.73,8.145999999999999,150,6,1,150,24.437999999999995,174.438
2773,1,0.72,0.144,150,46,1,150,3.312,153.312
21519,1,32.89,6.578,150,7,1,150,23.023,173.023
19706,1,8.44,1.688,150,13,1,150,10.972,160.972
23774,1,30.06,6.0120000000000005,150,7,1,150,21.042,171.042
23781,1,89.93,17.986,150,4,1,150,35.972,185.972
21480,1,53.42,10.684000000000001,150,5,1,150,26.71,176.71
25594,1,16.12,3.224,150,10,1,150,16.12,166.12
25653,1,19.73,3.946,150,9,1,150,17.757,167.757
25727,1,115.12,23.024,150,4,1,150,46.048,196.048
2572,1,36.42,7.284000000000001,150,6,1,150,21.852000000000004,171.852
24159,1,67.56,13.512,150,5,1,150,33.78,183.78
2943,1,91.6,18.32,150,4,1,150,36.64,186.64
2969,1,875.91,175.18200000000002,150,1,1,150,87.59100000000001,237.591
2974,1,21.73,4.346,150,8,1,150,17.384,167.38400000000001
23961,1,36.66,7.332,150,6,1,150,21.996,171.996
14407,1,13.33,2.6660000000000004,150,11,1,150,14.663000000000002,164.663
37682,1,7.14,1.428,150,14,1,150,9.995999999999999,159.996
19663,1,7.89,1.578,150,14,1,150,11.046000000000001,161.046
20953,1,3.89,0.778,150,20,1,150,7.78,157.78
21471,1,30.32,6.064,150,7,1,150,21.224,171.224
36076,1,114.86,22.972,150,4,1,150,45.944,195.94400000000002
36088,1,11.56,2.3120000000000003,150,11,1,150,12.716000000000001,162.716
14675,1,6.99,1.3980000000000001,150,15,1,150,10.485000000000001,160.485
14681,1,259.99,51.998000000000005,150,2,1,150,51.998000000000005,201.998
3853,1,8.82,1.7640000000000002,150,13,1,150,11.466000000000001,161.466
19436,1,46.35,9.270000000000001,150,6,1,150,27.810000000000002,177.81
21282,1,7.99,1.598,150,14,1,150,11.186,161.186
148,1,10.5,2.1,150,12,1,150,12.600000000000001,162.6
143,1,29.59,5.918,150,7,1,150,20.713,170.713
129,1,24.99,4.998,150,8,1,150,19.992,169.992
21031,1,10.38,2.076,150,12,1,150,12.456,162.456
204,1,10.6,2.12,150,12,1,150,12.72,162.72
105,1,3.35,0.67,150,21,1,150,7.035,157.035
36269,1,27.81,5.562,150,7,1,150,19.467000000000002,169.467
317,1,24.23,4.846,150,8,1,150,19.384,169.38400000000001
172,1,17.59,3.5180000000000002,150,9,1,150,15.831000000000001,165.831
330,1,13.59,2.718,150,11,1,150,14.949,164.949
336,1,26.39,5.2780000000000005,150,8,1,150,21.112000000000002,171.112
21217,1,39.21,7.8420000000000005,150,6,1,150,23.526000000000003,173.526
151,1,11.5,2.3000000000000003,150,11,1,150,12.650000000000002,162.65
46333,1,19.3,3.8600000000000003,150,9,1,150,17.37,167.37
150,1,10.81,2.1620000000000004,150,12,1,150,12.972000000000001,162.972
20883,1,61.22,12.244,150,5,1,150,30.61,180.61
20913,1,32.89,6.578,150,7,1,150,23.023,173.023
20935,1,16.33,3.266,150,10,1,150,16.33,166.32999999999998
3622,1,14.45,2.89,150,10,1,150,14.450000000000001,164.45
9144,1,13.33,2.6660000000000004,150,11,1,150,14.663000000000002,164.663
8872,1,0.78,0.15600000000000003,150,44,1,150,3.4320000000000004,153.432
8268,1,3.03,0.606,150,22,1,150,6.6659999999999995,156.666
248,1,39.36,7.872,150,6,1,150,23.616,173.61599999999999
17842,1,5.84,1.168,150,16,1,150,9.344,159.344
17856,1,9.08,1.816,150,13,1,150,11.804,161.804
17908,1,3.99,0.798,150,19,1,150,7.581,157.581
18428,1,11.4,2.2800000000000002,150,11,1,150,12.540000000000001,162.54
18466,1,24.34,4.868,150,8,1,150,19.472,169.472
4164,1,454.54,90.90800000000002,150,2,1,150,90.90800000000002,240.90800000000002
21457,1,30.61,6.122,150,7,1,150,21.427,171.427
21458,1,45.63,9.126000000000001,150,6,1,150,27.378000000000004,177.37800000000001
4892,1,7.46,1.492,150,14,1,150,10.443999999999999,160.444
1991,1,3787.87,757.5740000000001,150,1,1,150,378.78700000000003,528.787
2000,1,11.67,2.334,150,11,1,150,12.837,162.837
2028,1,34.58,6.916,150,7,1,150,24.206000000000003,174.20600000000002
15899,1,61.58,12.316,150,5,1,150,30.790000000000003,180.79
15949,1,8.55,1.7100000000000002,150,13,1,150,11.115000000000002,161.115
4015,1,12.87,2.574,150,11,1,150,14.157,164.157
4041,1,285.71,57.141999999999996,150,2,1,150,57.141999999999996,207.142
23078,1,14.19,2.838,150,10,1,150,14.190000000000001,164.19
23109,1,24.83,4.966,150,8,1,150,19.864,169.864
23110,1,109.67,21.934,150,4,1,150,43.868,193.868
23131,1,14.93,2.986,150,10,1,150,14.930000000000001,164.93
2873,1,222.21,44.44200000000001,150,3,1,150,66.66300000000001,216.663
24878,1,28.08,5.616,150,7,1,150,19.656,169.656
24883,1,12.41,2.482,150,11,1,150,13.651000000000002,163.651
24885,1,9.45,1.89,150,13,1,150,12.285,162.285
18089,1,8.61,1.722,150,13,1,150,11.193,161.193
18192,1,213.33,42.666000000000004,150,3,1,150,63.99900000000001,213.99900000000002
18210,1,26.34,5.268000000000001,150,8,1,150,21.072000000000003,171.072
4308,1,19.11,3.822,150,9,1,150,17.199,167.199
26886,1,14.86,2.972,150,10,1,150,14.86,164.86
2616,1,14.95,2.99,150,10,1,150,14.950000000000001,164.95
2729,1,19.99,3.9979999999999998,150,9,1,150,17.991,167.99099999999999
21339,1,64.51,12.902000000000001,150,5,1,150,32.255,182.255
36463,1,6.45,1.29,150,15,1,150,9.675,159.675
19589,1,26.02,5.204000000000001,150,8,1,150,20.816000000000003,170.816
45293,1,4.69,0.9380000000000002,150,18,1,150,8.442000000000002,158.442
45494,1,10.66,2.132,150,12,1,150,12.792000000000002,162.792
21060,1,39.45,7.890000000000001,150,6,1,150,23.67,173.67000000000002
21080,1,14.86,2.972,150,10,1,150,14.86,164.86
21082,1,35.48,7.096,150,7,1,150,24.836,174.836
21325,1,18.61,3.722,150,9,1,150,16.749,166.749
