Brand,AvgSellPrice,AvgBuyPrice,Margin,MarginPct,Revenue
4261,21.99304723209751,16.17,5.823047232097508,26.476764091149345,444810.74
3545,30.174105202973124,21.89,8.284105202973123,27.45435248948781,357759.17
1233,35.99,26.27,9.720000000000002,27.007502083912204,344712.22000000003
8068,25.776631016042778,18.24,7.536631016042779,29.238231370702227,288135.11
3405,29.879714285714286,23.19,6.689714285714285,22.388816110308948,275162.97
3858,24.001350737797956,17.77,6.231350737797957,25.962500218725864,225014.22
2589,41.58488272921109,30.76,10.824882729211087,26.030812205723024,191669.51
4227,17.99,14.17,3.8199999999999985,21.234018899388545,183659.91
1376,23.177941336230308,16.29,6.887941336230309,29.71765799347982,169922.38
2585,23.787694524495674,16.42,7.367694524495672,30.97271371510466,164426.6
8680,40.09793237971392,28.88,11.217932379713918,27.97633621974289,162059.53
2757,29.99,22.38,7.609999999999999,25.37512504168056,155678.09
5364,31.79299251870324,23.07,8.72299251870324,27.436840094783975,149137.09
3876,18.97815931108719,13.95,5.02815931108719,26.494452010157275,144969.26
3802,18.070573951434877,13.43,4.640573951434877,25.680279795796952,142887.85
3650,49.772608695652174,33.81,15.962608695652172,32.071071044838696,140806.71
2120,15.873808499193114,12.21,3.663808499193113,23.080840992754506,138316.68
3489,33.61156731413262,20.73,12.88156731413262,38.32480405850138,137024.81
8512,19.88791183294663,14.72,5.167911832946631,25.98519078501437,128932.11
3512,16.901186059584035,11.76,5.141186059584035,30.419084444482873,126296.28
3102,17.99,12.94,5.049999999999999,28.07115063924402,119759.43
5138,13.9933426183844,11.1,2.8933426183844,20.676565258847717,117783.82
8082,37.24476735316552,21.73,15.51476735316552,41.656233763121854,112831.01
2663,38.82739837398374,21.42,17.40739837398374,44.83277042236121,112120.16
1232,23.218855721393034,15.93,7.288855721393034,31.391967842228073,111201.94
8159,25.996849315068488,19.69,6.306849315068487,24.260052588037517,110831.36
6570,13.511947565543071,6.77,6.741947565543072,49.896193963450294,109159.42
11219,14.989302163293791,8.44,6.549302163293792,43.693175919369345,108554.52
8112,26.701465451784355,19.52,7.181465451784355,26.895398174876,96957.70999999999
3180,15.284563843236409,10.94,4.3445638432364095,28.424519585875707,95934.6
6650,11.177963726298435,7.38,3.797963726298435,33.97724146628739,93369.42
2114,13.340561797752809,9.41,3.9305617977528087,29.463240434258953,91191.42
1476,22.145712050078245,16.05,6.0957120500782445,27.525473266761395,88839.84999999999
6579,11.020642750373693,5.8,5.220642750373693,47.37149065281759,86846.81
1385,27.10904761904762,20.45,6.6590476190476195,24.563930509933428,84609.78
4262,15.281115311909263,11.19,4.091115311909263,26.77236071061431,83571.97
3893,9.99,7.93,2.0600000000000005,20.620620620620624,82317.6
3423,26.99,21.25,5.739999999999998,21.26713597628751,82265.51999999999
3857,56.9368085106383,38.27,18.666808510638297,32.78513320104782,82120.35
3348,36.21875816993464,22.38,13.83875816993464,38.208814628609375,79231.88
3826,23.76136752136752,15.74,8.021367521367521,33.758021351903544,78986.29
3913,18.29551816958277,14.28,4.015518169582771,21.948097519636118,78859.65
2127,10.490000000000002,7.19,3.3000000000000016,31.45853193517637,78664.51
1737,47.60538461538462,34.3,13.305384615384625,27.949326999208253,78147.52
5365,19.889382716049383,14.84,5.049382716049383,25.38732744065945,77932.81
14006,9.99,5.44,4.55,45.545545545545544,75034.89
2432,25.16357142857143,17.59,7.57357142857143,30.097362968009318,74896.06
3505,21.222824427480916,13.76,7.462824427480916,35.164143457821226,72263.84999999999
5103,28.01359346642468,17.14,10.87359346642468,38.81541823421219,71659.23999999999
19748,15.271840591618735,9.2,6.071840591618736,39.75840734581131,71085.08
3522,12.999196811771919,9.62,3.3791968117719193,25.995427722978693,70092.06
2753,68.24047080979284,44.77,23.470470809792836,34.393770340788315,69525.81
42188,53.693703703703704,34.01,19.683703703703706,36.65923999641313,69002.22
8178,26.237373447946513,18.51,7.727373447946512,29.451779780004237,65113.119999999995
4243,23.364880153403643,14.49,8.874880153403643,37.98384624759485,65015.61
38546,10.018429282160625,5.06,4.958429282160625,49.49308062681923,64836.89
5734,21.99,15.82,6.169999999999998,28.058208276489303,64166.82
2443,20.97793242156074,13.48,7.497932421560741,35.74199912024933,63992.5
5445,16.151498708010337,11.76,4.391498708010337,27.189419306533907,63904.38
126,32.63681440443214,20.14,12.496814404432136,38.29054591411056,63796.32
8000,67.99,53.96,14.029999999999994,20.635387556993667,62074.869999999995
5342,28.834875346260386,19.85,8.984875346260385,31.15975095562755,61546.64
3625,17.99,12.59,5.399999999999999,30.01667593107281,60626.299999999996
1346,30.107535545023694,22.55,7.557535545023693,25.101807265898373,60007.06
36378,10.99,6.83,4.16,37.85259326660601,59027.29
6983,16.024846884899684,8.27,7.754846884899685,48.39264262928544,58963.11
5299,23.415434583714546,15.26,8.155434583714547,34.829311215887735,58281.07
3746,12.989999999999998,8.52,4.469999999999999,34.41108545034642,57324.87
811,30.976089644513134,19.84,11.136089644513135,35.95059858204438,55210.11
6967,20.787829036635006,11.89,8.897829036635006,42.80307010873574,55113.56
6682,13.130625,6.03,7.100625,54.0768242181922,55041.69
2752,35.30830238726791,26.31,8.998302387267909,25.484947672003273,54342.58
2015,23.364879227053137,18.1,5.264879227053136,22.533303835601128,53722.92
3630,26.693631010794896,19.83,6.863631010794897,25.712616646342518,52581.31
6654,44.02361344537815,27.2,16.823613445378154,38.21497630187009,51277.23
3243,12.03144385026738,8.26,3.7714438502673797,31.346560705459847,51236.43
39335,14.99,8.75,6.24,41.62775183455637,51190.85
3878,11.249445843828715,7.96,3.289445843828715,29.24095897251026,49008.24
1180,18.463162675474813,13.07,5.393162675474812,29.210394612612696,48852.399999999994
1883,17.99,13.23,4.759999999999998,26.459143968871583,47907.369999999995
508,13.287001153402537,9.77,3.5170011534025374,26.469487830983617,47883.75
482,21.769448621553884,14.28,7.489448621553885,34.40348330245994,47778.09
3684,10.051114842175958,7.68,2.371114842175958,23.590565617919427,47546.2
3246,8.79,6.71,2.079999999999999,23.663253697383382,47492.37
2760,38.77296703296703,28.02,10.752967032967032,27.73315496805863,46811.92
5440,38.72381294964029,25.92,12.803812949640289,33.06444271459385,46787.880000000005
497,19.99,14.7,5.289999999999999,26.463231615807903,46756.61
3728,25.777144362486826,18.93,6.8471443624868265,26.56285066413871,46736.88
22143,16.23644549763033,10.52,5.716445497630332,35.207493527229424,46523.13
5391,15.993770739064859,12.02,3.973770739064859,24.84574028161418,46412.98
3040,23.906160388821387,16.54,7.366160388821388,30.812812551303026,46380.6
3276,14.99,9.62,5.370000000000001,35.82388258839227,46319.1
5242,33.35662606577345,22.05,11.306626065773447,33.89619214928618,46250.12
1384,26.24832376578645,18.93,7.318323765786449,27.88110902276193,45659.56
3798,28.07130081300813,19.83,8.24130081300813,29.358457122831815,45622.25
2418,22.883385982230998,16.53,6.353385982230996,27.764186590063268,44219.68
3776,26.79304806565064,18.56,8.233048065650642,30.728299540527516,44045.57
6937,13.871668283220176,6.75,7.121668283220176,51.33966685056103,43769.04
5311,36.68558823529412,23.7,12.98558823529412,35.39697428866922,43341.17
4198,25.352561576354677,17.51,7.842561576354676,30.934000703381077,43256.939999999995
3769,9.145264922870556,7.02,2.1252649228705565,23.238965090619473,43103.68
32906,11.878787602552416,6.42,5.458787602552416,45.95408037584136,42906.98
6479,10.015711662075299,5.95,4.065711662075299,40.593337740244664,42221.77
1789,23.40639344262295,17.16,6.246393442622949,26.686697623600104,41878.13
3668,42.99,34.12,8.870000000000005,20.632705280297753,41313.39
8202,19.807629179331304,13.33,6.477629179331304,32.70269814062616,41241.17
32831,10.158831168831169,6.75,3.4088311688311688,33.55534817125398,40570.69
8678,14.20867881548975,9.32,4.888678815489749,34.40628702339518,40095.58
8339,43.011472392638034,30.21,12.801472392638033,29.76292528602013,40081.68
3238,30.368378378378377,22.83,7.538378378378379,24.823117930279544,39782.88
11214,73.99504504504503,50.33,23.665045045045034,31.981932074828475,39733.42
7865,37.32258426966292,23.97,13.35258426966292,35.77615144007153,39353.39
41034,10.577549019607844,5.26,5.317549019607844,50.27203381190276,39157.16
3253,12.453341858482524,9.08,3.373341858482524,27.087844345851558,38974.67
31465,16.25544240400668,10.38,5.875442404006678,36.14446323871496,38858.01
36380,9.990000000000002,6.49,3.5000000000000018,35.035035035035044,38331.63
13665,12.99,8.96,4.029999999999999,31.023864511162426,38294.52
2143,15.533795620437957,10.07,5.463795620437956,35.173603116350975,37761.590000000004
32907,9.874191176470589,5.37,4.504191176470589,45.615798762370716,37598.02
5735,12.99,9.29,3.700000000000001,28.483448806774447,37372.23
3485,22.278343558282206,15.03,7.2483435582822064,32.53537920949944,37300.2
3344,21.845150214592277,14.49,7.3551502145922765,33.66948792908337,37165.0
18013,7.0751711026615975,4.69,2.385171102661597,33.711850470504146,37033.31
3840,22.034538706256626,14.39,7.6445387062566255,34.69343655506611,36770.299999999996
5191,9.99,7.93,2.0600000000000005,20.620620620620624,36743.22
4225,25.072981715893107,18.37,6.702981715893106,26.73388347602974,36643.369999999995
7878,15.67609865470852,9.99,5.68609865470852,36.272409226007426,36018.85
8504,13.104200595829196,5.84,7.264200595829196,55.43413764698661,35344.99
38370,12.71309552599758,6.59,6.123095525997581,48.16368691225664,35305.31
857,23.90239892183288,16.17,7.732398921832878,32.349886499341984,35256.24
3982,21.30491712707182,14.38,6.92491712707182,32.50384446824455,35192.43
1345,38.90263940520447,28.45,10.452639405204469,26.86871524662179,35017.0
3488,22.005167930660885,15.62,6.385167930660886,29.016674404761606,34688.22
1375,14.610362737015663,11.5,3.110362737015663,21.288744112666645,34526.32
3997,20.10396303901437,14.05,6.05396303901437,30.11328178064127,34227.979999999996
11213,21.379830508474573,12.66,8.719830508474573,40.785311675030314,34144.11
33149,9.815352112676056,4.79,5.025352112676056,51.19889796094075,34131.41
1220,33.71291021671827,21.89,11.82291021671827,35.06938481642939,34109.840000000004
6349,6.989999999999999,4.63,2.3599999999999994,33.76251788268955,33929.46
3804,9.994084411164057,7.63,2.3640844111640567,23.6548373408095,33052.92
8691,16.50537744641193,11.9,4.60537744641193,27.90228494540174,33049.92
2932,31.99,24.61,7.379999999999999,23.069709284151298,33013.68
1868,73.50592356687898,49.62,23.88592356687898,32.49523631268506,32977.509999999995
4330,27.952716378162446,20.79,7.162716378162447,25.62440186943044,32962.18
29248,10.984318181818182,6.53,4.454318181818182,40.55161283648176,32911.87
2646,59.19,43.3,15.89,26.845750971447877,32895.44
33874,9.991669449081803,6.62,3.3716694490818027,33.744805773089766,32893.090000000004
3879,12.469638009049776,7.91,4.559638009049776,36.56592120589741,32835.32
44712,20.266923076923074,13.79,6.476923076923075,31.95809769613238,32807.71
3980,39.99,31.99,8.000000000000004,20.00500125031259,32631.84
5312,23.368078817733988,14.7,8.668078817733988,37.093673319673165,32551.96
4066,19.022051282051283,12.85,6.172051282051283,32.44682285067264,31792.28
18152,8.160600858369099,5.26,2.900600858369099,35.54396188112043,31728.09
3726,4.99390625,3.78,1.2139062500000004,24.307750070398303,31692.52
43872,19.7095,12.66,7.049499999999998,35.767015906035155,31553.96
4221,17.99,12.94,5.049999999999999,28.07115063924402,31392.55
8781,16.97719772403983,10.32,6.657197724039829,39.21258285525644,31245.6
4689,52.07771929824562,33.33,18.74771929824562,35.99950141994254,30978.05
3696,10.548710667689948,7.6,2.948710667689948,27.953280363653043,30885.22
4245,13.264014155712841,7.93,5.3340141557128415,40.21417719473309,30826.14
24325,18.271007751937987,10.88,7.391007751937986,40.452107799877815,30411.379999999997
22899,10.152732919254658,6.53,3.6227329192546582,35.68234236108137,30011.32
800,32.883750000000006,24.02,8.863750000000007,26.954802904170005,29952.89
8506,32.99,21.42,11.57,35.071233707184,29822.960000000003
4722,40.16616580310881,27.77,12.396165803108811,30.86220841659067,29782.56
16794,18.937194719471947,10.94,7.997194719471947,42.230091826900455,29720.309999999998
25197,149.99,99.33,50.66000000000001,33.77558503900261,29698.02
2520,62.2296694214876,42.21,20.0196694214876,32.17061830409612,29521.24
1869,61.56827476038338,40.14,21.42827476038338,34.8040851295245,29445.21
1545,29.239999999999995,19.42,9.819999999999993,33.58413132694937,29413.94
5105,24.656666666666666,14.81,9.846666666666666,39.9351088279032,29410.01
1231,12.99,9.48,3.51,27.020785219399535,29331.420000000002
2164,17.048333333333332,12.14,4.908333333333331,28.790693127382923,29284.82
35914,8.104203454894433,5.51,2.5942034548944335,32.01059140892738,28969.02
6451,10.039927007299271,6.03,4.009927007299271,39.939802394817775,28854.96
1767,24.99,19.37,5.619999999999997,22.488995598239285,28788.48
3436,25.23657534246575,18.79,6.446575342465749,25.544572728210298,28646.62
27854,15.951659259259257,10.2,5.751659259259258,36.05680867286997,28482.39
4264,16.364458874458872,11.53,4.834458874458873,29.542430406937214,28386.46
8111,0.99,0.77,0.21999999999999997,22.22222222222222,28258.56
4269,12.988269896193772,9.22,3.7682698961937717,29.012870276880122,28081.38
2788,44.815581395348836,31.24,13.575581395348838,30.292101480485922,27948.74
8612,60.97795180722892,45.79,15.18795180722892,24.90728428406871,27835.420000000002
5101,13.927100213219617,10.39,3.5371002132196168,25.39724823594073,27656.16
6565,9.950645812310798,5.99,3.9606458123107977,39.80290211325523,27615.12
8622,144.34,87.09,57.25,39.663294997921575,27551.100000000002
4678,22.99,16.78,6.209999999999997,27.011744236624608,27519.03
26383,12.115,7.89,4.2250000000000005,34.87412298803137,27397.25
8778,49.31160804020101,37.29,12.02160804020101,24.378860308916437,27389.440000000002
11826,8.353221884498481,4.72,3.6332218844984814,43.49485665214814,27359.8
1921,68.27571428571427,52.71,15.565714285714272,22.79831774527649,27353.989999999998
40425,13.3436,6.42,6.9236,51.88704697383015,27288.31
16819,12.008987341772153,8.21,3.7989873417721522,31.634535316376976,26614.81
2665,22.90276864728192,15.38,7.52276864728192,32.846546909404836,26608.329999999998
812,22.721958762886594,17.03,5.691958762886593,25.050475719477483,26600.239999999998
3549,26.434444444444445,17.82,8.614444444444445,32.587953427766806,26542.93
1770,38.806192560175056,26.42,12.386192560175054,31.91808250955909,26508.170000000002
5337,27.251306532663314,20.6,6.6513065326633125,24.407294104196733,26354.309999999998
2426,54.665000000000006,41.59,13.075000000000003,23.91841214671179,26285.190000000002
15094,14.283577981651378,9.08,5.203577981651378,36.43049373438414,26259.47
4368,33.99,23.91,10.080000000000002,29.655781112091795,26240.280000000002
5891,15.99,11.84,4.15,25.9537210756723,26095.68
34134,9.088165137614679,5.84,3.248165137614679,35.74060427413412,25980.3
2889,32.99,23.07,9.920000000000002,30.06971809639285,25963.13
8526,29.52719008264463,20.43,9.09719008264463,30.809535405103578,25813.23
11828,8.354025695931478,3.97,4.384025695931477,52.47800109193531,25813.15
2834,16.536441495778046,12.3,4.236441495778045,25.61882190227964,25718.94
171,50.47429319371728,36.76,13.714293193717282,27.170847427387752,25694.9
3351,16.99,13.27,3.719999999999999,21.89523248969982,25552.96
2656,25.423333333333332,19.52,5.903333333333332,23.220138979939687,25543.91
5921,23.282786421499292,14.81,8.472786421499292,36.39077500481442,25307.079999999998
14706,9.966590636254502,4.6,5.366590636254502,53.84580176026268,25282.5
1269,26.911221864951766,19.11,7.801221864951767,28.988731556302188,25221.629999999997
24829,11.10957671957672,7.53,3.5795767195767203,32.220639993141916,25188.22
38899,13.06133058984911,7.28,5.78133058984911,44.2629527679377,24927.86
8746,7.02960396039604,4.02,3.0096039603960403,42.813279060268464,24812.62
24379,12.99,8.78,4.210000000000001,32.409545804464976,24797.91
13430,11.055632458233891,5.91,5.145632458233891,46.543085415267974,24613.73
14672,22.765111111111107,11.61,11.155111111111108,49.000907821910715,24582.07
782,53.47039215686275,35.15,18.320392156862752,34.26268523170236,24530.31
28147,12.751973875181424,7.14,5.611973875181424,44.00866822746358,24528.79
4174,27.348280254777066,21.59,5.758280254777066,21.05536509474389,24471.039999999997
12771,13.812916666666668,8.44,5.372916666666669,38.897770806310525,24469.29
32826,34.72204819277109,22.41,12.31204819277109,35.458876516778695,24300.5
1634,35.62594470046083,20.73,14.895944700460827,41.81206933796241,24225.01
40545,14.990000000000002,9.93,5.060000000000002,33.75583722481655,24178.87
32924,43.105226337448556,27.51,15.595226337448555,36.179432664061615,24068.41
4437,38.70232876712329,23.48,15.22232876712329,39.33181607421592,23693.850000000002
1956,60.03067796610169,39.99,20.04067796610169,33.38406069213198,23693.05
42764,11.18209726443769,6.09,5.09209726443769,45.53794466295724,23631.14
5315,25.354238410596025,19.22,6.134238410596026,24.19413397971524,23594.68
6725,14.567167019027485,8.44,6.127167019027485,42.06148670516541,23546.77
2645,31.791556420233462,21.89,9.901556420233462,31.145239601832458,23476.62
4673,69.99,46.66,23.33,33.33333333333333,23446.649999999998
2492,54.99,41.66,13.330000000000005,24.240771049281694,23425.739999999998
44547,70.15556291390729,45.15,25.00556291390729,35.64302227122507,23331.67
35472,12.937873799725653,5.88,7.057873799725653,54.55203775349327,23285.64
1278,35.05172839506173,26.71,8.341728395061729,23.798336849594428,23232.370000000003
6574,15.325990888382687,9.99,5.335990888382687,34.81661268915044,23217.83
597,27.99,21.53,6.459999999999997,23.079671311182555,23119.739999999998
8626,19.193125,11.67,7.5231249999999985,39.1969780846006,22975.949999999997
43223,11.008677918424754,5.93,5.078677918424754,46.13340453829417,22902.71
1892,0.99,0.72,0.27,27.272727272727277,22889.79
27351,17.388252184769037,10.38,7.008252184769036,40.30452348113403,22772.829999999998
8107,38.70359223300971,26.71,11.993592233009707,30.988317985586246,22759.120000000003
8670,11.915614489003882,7.85,4.065614489003883,34.12005728077024,22757.86
44038,11.092310231023102,5.86,5.232310231023102,47.170608485050444,22578.64
14622,13.946454121306376,8.66,5.286454121306376,37.90536343736374,22538.8
2756,29.99,22.89,7.099999999999998,23.674558186062015,22462.51
10058,14.570145985401458,9.26,5.3101459854014585,36.44538627630741,22375.56
35913,8.078148873653282,5.47,2.608148873653282,32.28646704147415,22281.35
3612,9.147407407407409,6.81,2.337407407407409,25.552676330067225,22253.52
34133,9.092490421455938,6.12,2.9724904214559382,32.691708032395894,22105.61
3694,18.086681096681097,13.48,4.606681096681097,25.47001891644135,22075.809999999998
2767,214.5967415730337,139.7,74.89674157303372,34.90115508000112,22058.97
5491,1.9900000000000002,1.46,0.5300000000000002,26.63316582914574,21943.73
29169,16.192325581395348,10.88,5.312325581395347,32.80767518347766,21856.49
4429,22.795111821086262,17.31,5.485111821086264,24.062666874098625,21785.449999999997
4265,10.99,8.26,2.7300000000000004,24.840764331210195,21782.18
3529,14.205568862275449,10.14,4.065568862275448,28.619542812340605,21780.6
567,28.99,20.71,8.279999999999998,28.56157295619178,21742.5
8358,19.99,14.49,5.499999999999998,27.51375687843921,21729.129999999997
3960,13.847962697274033,9.52,4.3279626972740335,31.253425445217236,21724.3
19948,16.04298013245033,10.06,5.982980132450331,37.293445999777084,21639.49
28947,12.940468540829988,5.91,7.030468540829988,54.329319828314816,21604.63
6256,8.064674556213017,5.2,2.864674556213017,35.52126668280835,21541.59
25269,9.01179176755448,4.62,4.391791767554479,48.733835410694084,21518.12
32908,11.88203778677463,6.55,5.33203778677463,44.874775543210994,21496.96
4153,12.088729792147806,9.59,2.498729792147806,20.669911852698103,21391.78
6918,16.214076281287248,10.95,5.264076281287249,32.46608804574669,21232.88
4218,17.181812865497076,12.31,4.871812865497075,28.35447518626046,21209.64
8498,13.006949152542372,5.84,7.166949152542372,55.10092388684015,21029.56
43434,25.845721393034825,15.58,10.265721393034825,39.71922948841095,21023.86
3456,21.74,13.27,8.469999999999999,38.9604415823367,20990.36
1465,15.313821339950373,11.02,4.293821339950373,28.038862702079086,20923.25
305,27.99,22.21,5.779999999999998,20.65023222579492,20880.54
6857,8.140290872617854,5.37,2.7702908726178537,34.031841318305986,20786.46
2973,27.90035856573705,19.85,8.05035856573705,28.853960950965224,20742.57
2517,68.52617021276596,46.42,22.10617021276596,32.25945670701984,20730.969999999998
8451,17.083915343915343,12.59,4.493915343915344,26.304949734581246,20698.87
8462,24.715862068965514,15.82,8.895862068965513,35.992521904124104,20679.629999999997
6281,14.551707035755479,8.96,5.591707035755478,38.426467918959,20619.74
32648,11.842713178294574,5.3,6.542713178294574,55.24674185545686,20599.8
3938,18.07157894736842,12.49,5.581578947368419,30.885950605778184,20540.629999999997
3706,16.99,13.07,3.919999999999998,23.07239552678045,20421.98
3234,66.52586497890294,45.92,20.605864978902943,30.97421579627351,20350.93
40096,24.863417721518985,10.52,14.343417721518986,57.6888418244485,20345.539999999997
27461,9.805201192250372,6.12,3.6852011922503722,37.58414661764415,20345.26
12220,10.311970705725699,5.48,4.831970705725698,46.857878514363485,20301.41
18347,14.200862619808307,8.58,5.620862619808307,39.58113510631357,20266.67
2723,34.43303797468355,21.42,13.013037974683549,37.79230280015147,20234.12
5153,15.99,10.44,5.550000000000001,34.709193245778614,20163.39
38133,7.088720292504571,3.92,3.168720292504571,44.700879167923915,20155.49
6249,13.028402457757297,7.84,5.188402457757297,39.823780963014755,20080.57
5356,9.99,7.14,2.8500000000000005,28.528528528528536,20059.920000000002
1396,15.684334650856389,10.44,5.2443346508563895,33.43676839087363,20047.2
38888,28.215903614457833,16.88,11.335903614457834,40.1755824280932,20007.91
3680,26.73020618556701,18.93,7.80020618556701,29.18124211768608,19925.55
8066,9.176528497409327,7.13,2.0465284974093274,22.301772374892025,19754.41
6595,11.10373092926491,4.48,6.623730929264909,59.6532009957793,19710.81
3050,8.99,6.51,2.4800000000000004,27.58620689655173,19643.15
2531,69.63532019704434,46.37,23.26532019704434,33.41022936522928,19625.18
21985,11.675037783375315,6.59,5.085037783375315,43.55478652596877,19594.87
1358,62.00872659176031,42.85,19.158726591760306,30.896823148608426,19593.84
3637,5.29,3.89,1.4,26.46502835538752,19578.29
5447,9.99,7.63,2.3600000000000003,23.623623623623626,19390.59
8472,26.248555133079847,14.99,11.258555133079847,42.89209473054464,19355.61
19848,10.78621271076524,5.33,5.456212710765239,50.585064999873744,19311.83
44334,12.100754414125202,7.84,4.260754414125202,35.21065107437952,19280.0
8441,12.49,8.92,3.5700000000000003,28.58286629303443,19197.13
5661,13.9169588313413,10.31,3.6069588313413004,25.91772293827836,19180.22
1378,9.49,7.08,2.41,25.395152792413068,19122.35
7345,10.09655737704918,6.75,3.34655737704918,33.14552923411648,19120.02
807,18.14891472868217,13.23,4.918914728682168,27.10307917700675,19035.489999999998
10266,16.928689217758983,9.58,7.348689217758983,43.40967645652013,19016.77
3606,0.99,0.74,0.25,25.252525252525253,19008.0
15393,8.340928074245939,4.51,3.8309280742459393,45.9292783746043,19007.73
3295,11.542361396303901,7.93,3.6123613963039016,31.29655425154729,18967.58
2062,63.856396761133595,44.11,19.746396761133596,30.92313027776773,18912.039999999997
4296,12.914910607866508,9.29,3.624910607866509,28.067639939052818,18910.38
3859,8.99,6.81,2.1800000000000006,24.249165739710797,18789.1
35442,13.188095238095238,8.21,4.9780952380952375,37.74688571944394,18761.68
5292,19.80523500810373,13.13,6.675235008103728,33.70439686967822,18710.559999999998
1379,14.611012101210122,11.41,3.2010121012101216,21.908216070432285,18673.2
8815,11.049931506849315,6.07,4.979931506849315,45.067532805633206,18621.87
2436,14.99,11.99,3.0,20.0133422281521,18527.64
35464,53.02717647058824,28.44,24.587176470588236,46.36712362806197,18509.87
23143,10.87167259786477,4.65,6.221672597864769,57.228292536023616,18490.19
39087,12.587139451728248,6.66,5.927139451728248,47.08885187503373,18460.25
3894,13.746410256410257,9.08,4.666410256410257,33.94639159873907,18424.07
19121,11.99,8.21,3.7799999999999994,31.526271893244363,18356.69
1962,14.446953642384107,11.02,3.426953642384108,23.72094302518005,18348.3
4226,13.26005649717514,7.68,5.580056497175141,42.08169473760455,18336.04
1380,49.35956521739131,34.05,15.30956521739131,31.016410193169914,18258.29
14551,7.99,5.29,2.7,33.79224030037547,18241.17
5111,0.99,0.72,0.27,27.272727272727277,18226.89
32915,17.686296296296295,9.99,7.696296296296294,43.51559064351977,18202.73
415,20.99,13.04,7.949999999999999,37.875178656503095,18177.34
822,26.99,19.99,7.0,25.93553167839941,18164.27
35412,13.820281690140845,5.97,7.850281690140846,56.80261709673474,18069.56
1955,12.99,9.62,3.370000000000001,25.943033102386458,18030.12
4798,1.99,1.54,0.44999999999999996,22.613065326633162,18027.41
8480,17.969206049149335,11.19,6.7792060491493356,37.726797893055846,17955.899999999998
10727,9.750169971671388,5.41,4.340169971671388,44.51378780351036,17953.14
5392,19.78512195121951,13.63,6.155121951219508,31.109850959701163,17944.93
3724,17.99,12.31,5.679999999999998,31.573096164535848,17936.03
3444,39.96337278106509,29.13,10.83337278106509,27.10825445193158,17903.52
31915,12.067462686567163,8.27,3.7974626865671635,31.468609310839557,17879.14
6692,10.099037900874634,6.68,3.4190379008746348,33.85508535004633,17782.45
3782,23.99,18.89,5.099999999999998,21.258857857440596,17608.66
15527,10.114301675977654,6.57,3.5443016759776533,35.04247539299404,17590.56
31489,11.096353591160222,5.71,5.386353591160222,48.541654219195,17539.21
8513,8.994459308807135,6.56,2.434459308807136,27.066210710669154,17507.53
4380,14.115874125874125,10.84,3.2758741258741253,23.207022793363617,17485.59
24455,21.224323607427056,11.71,9.514323607427055,44.827452612424814,17452.86
115,27.99,21.37,6.619999999999997,23.65130403715612,17437.77
10421,11.098045977011495,5.9,5.198045977011494,46.837488218905676,17432.3
3834,15.428848920863308,10.23,5.198848920863307,33.69563696895938,17390.670000000002
18988,14.530136054421769,8.9,5.630136054421769,38.74799267766266,17386.95
4881,19.99,14.81,5.179999999999998,25.912956478239114,17331.329999999998
3835,11.32009708737864,8.2,3.1200970873786407,27.56245872535314,17313.63
3272,18.206383307573414,13.23,4.976383307573414,27.33317882801775,17296.48
821,38.99,27.99,11.000000000000004,28.21236214413953,17272.57
23355,14.99,9.6,5.390000000000001,35.95730486991328,17253.49
3397,27.939152542372877,18.24,9.699152542372879,34.715271079403784,17224.809999999998
3636,6.662943889315911,5.03,1.6329438893159107,24.507843926681577,17187.06
824,26.99,20.76,6.229999999999997,23.08262319377546,17165.64
4267,23.672170542635655,15.62,8.052170542635656,34.01534526854219,17036.8
1348,16.28204693611473,11.84,4.442046936114732,27.281870354162642,17006.54
3389,16.99,12.49,4.499999999999998,26.486168334314293,16973.01
3787,16.643495440729485,11.8,4.843495440729484,29.101431595172134,16970.77
35916,8.104450867052023,5.29,2.814450867052023,34.727224746268014,16958.02
40097,24.173098591549294,10.59,13.583098591549295,56.19097005750776,16943.829999999998
3851,15.990000000000002,12.02,3.9700000000000024,24.828017510944353,16917.420000000002
4563,17.306639741518577,12.14,5.166639741518576,29.85351182369517,16909.23
5109,13.901609498680738,9.84,4.061609498680738,29.216829166911822,16861.87
2522,48.11915129151292,36.92,11.19915129151292,23.273792223945946,16841.5
3038,10.834025157232704,7.13,3.704025157232704,34.18881813062736,16785.55
2894,17.99,12.94,5.049999999999999,28.07115063924402,16748.69
23739,13.428428290766208,7.25,6.178428290766208,46.01006280842771,16689.42
1373,14.451272475795298,10.36,4.091272475795298,28.310811263491477,16684.95
3827,12.990000000000002,9.28,3.7100000000000026,28.560431100846824,16666.170000000002
3511,10.120801687763713,7.24,2.8808016877637126,28.464164960831805,16658.54
8838,15.993883495145631,7.71,8.28388349514563,51.79407176287051,16657.61
8517,21.31956685499058,13.86,7.45956685499058,34.98929835548893,16655.16
3761,47.99,34.28,13.71,28.568451760783496,16652.53
538,12.699330143540669,7.96,4.739330143540669,37.31952858908279,16649.86
4181,11.99,9.37,2.620000000000001,21.85154295246039,16594.16
3896,3.29,2.63,0.6600000000000001,20.060790273556233,16532.25
39348,11.880743550834598,6.5,5.380743550834598,45.289619524331975,16496.14
3614,24.191995012468826,15.99,8.201995012468826,33.903756214571914,16488.17
4478,17.99,13.53,4.459999999999999,24.79155086158977,16478.84
2373,14.44290858725762,10.29,4.15290858725762,28.753962971984464,16465.6
31909,20.781666666666663,12.9,7.881666666666662,37.92605662041863,16459.09
5297,15.531899441340782,10.76,4.771899441340782,30.723218749662795,16449.36
6498,15.217554179566564,9.73,5.487554179566564,36.06068435711568,16420.21
13215,25.651290322580643,17.22,8.431290322580644,32.86887410555968,16411.19
5849,17.12305613305613,12.4,4.723056133056131,27.583020789952627,16366.48
41159,25.881373801916933,16.1,9.781373801916931,37.79310123480564,16307.71
2100,9.99,7.24,2.75,27.52752752752753,16273.710000000001
5616,19.99,15.38,4.609999999999998,23.06153076538268,16271.859999999999
3310,5.85846038863976,4.34,1.5184603886397605,25.919103107434722,16197.19
43362,109.48799999999999,68.93,40.55799999999998,37.04332894929123,16188.16
14701,8.328930348258707,4.57,3.7589303482587066,45.131009518461994,16174.03
2374,41.8878102189781,31.24,10.647810218978105,25.41983016852455,16099.150000000001
5197,7.993597122302159,5.75,2.243597122302159,28.067428067428075,16004.98
8258,29.99,21.05,8.939999999999998,29.80993664554851,15984.67
46447,11.814884792626728,6.12,5.694884792626728,48.20093375925861,15920.55
8473,39.71115384615385,24.44,15.271153846153847,38.4555782622592,15919.960000000001
20533,12.99890868596882,8.55,4.448908685968819,34.22524762229482,15916.75
3364,25.795045871559633,17.85,7.945045871559632,30.800665798851917,15907.84
5847,23.50351351351351,17.31,6.193513513513512,26.351436817957058,15849.249999999998
5382,12.787468354430379,9.44,3.3474683544303794,26.17772542342681,15639.75
8023,4.883864013266999,3.28,1.6038640132669992,32.840062886888504,15633.390000000001
5444,19.99,14.49,5.499999999999998,27.51375687843921,15612.189999999999
1237,49.199401709401705,33.83,15.369401709401707,31.239001238636423,15601.83
1212,21.77306878306878,14.38,7.393068783068779,33.95510691087236,15596.83
6174,10.020788253477589,5.8,4.220788253477589,42.12032174228227,15593.130000000001
40098,24.27506787330317,10.38,13.895067873303168,57.240078362806365,15565.48
1637,11.167142857142856,8.13,3.0371428571428556,27.197134450556465,15497.11
443,36.97360655737705,24.45,12.523606557377054,33.87174723661984,15483.810000000001
16610,10.99,6.8,4.19,38.125568698817105,15462.93
8450,19.09958904109589,13.86,5.23958904109589,27.432993609559126,15446.91
7715,5.846382978723405,3.01,2.836382978723405,48.51517577698523,15432.76
46476,9.99,6.89,3.1000000000000005,31.031031031031038,15424.56
2287,41.750299625468166,29.22,12.530299625468167,30.01247832440594,15400.310000000001
14539,14.990000000000002,10.06,4.9300000000000015,32.88859239492996,15394.73
6855,19.99,15.19,4.799999999999999,24.0120060030015,15332.33
3682,25.69,16.66,9.030000000000001,35.14986376021799,15332.019999999999
46379,17.894347826086957,9.39,8.504347826086956,47.525329834536045,15291.46
5765,14.132208774583964,10.36,3.772208774583964,26.69228027092328,15291.17
8288,14.994618937644342,7.94,7.054618937644341,47.04767068093712,15283.75
18950,17.99,12.32,5.669999999999998,31.517509727626454,15273.509999999998
28889,15.49,10.61,4.880000000000001,31.504196255648807,15273.14
4488,11.019972752043596,8.02,2.999972752043597,27.223050542364252,15252.15
3452,8.039238578680202,5.55,2.489238578680202,30.96361122160973,15214.33
3534,25.259807280513918,18.17,7.0898072805139165,28.067543040928822,15209.97
2748,337.6370588235294,240.59,97.0470588235294,28.743011552606955,15209.550000000001
3830,23.989999999999995,18.45,5.539999999999996,23.09295539808252,15185.67
24631,24.99,16.77,8.219999999999999,32.89315726290516,15143.939999999999
8102,25.836153846153845,18.65,7.186153846153847,27.81433292642987,15140.14
40337,10.39,6.57,3.8200000000000003,36.76612127045236,15133.95
1758,40.12377926421405,29.76,10.363779264214049,25.829519188531147,15122.230000000001
6974,14.035070422535211,9.08,4.955070422535211,35.30492027014822,15114.22
28138,10.048590604026845,6.16,3.888590604026845,38.69787074884454,15110.85
4916,9.99,7.87,2.12,21.221221221221224,15094.89
2989,259.99,192.59,67.4,25.924074002846265,15079.42
2721,59.99,47.61,12.380000000000003,20.636772795465916,15057.49
31277,15.99,10.95,5.040000000000001,31.519699812382747,15030.6
4829,12.306590563165907,9.59,2.716590563165907,22.07427434286118,15023.76
1398,56.89909090909091,40.59,16.309090909090905,28.66318362651584,15021.36
41213,18.46704918032787,12.07,6.397049180327869,34.64034301236584,15006.96
8296,27.990000000000002,21.7,6.290000000000003,22.472311539835662,14974.65
3627,13.75530612244898,9.37,4.385306122448981,31.880832628596025,14941.13
45822,9.79640243902439,5.37,4.426402439024391,45.18395877033007,14897.81
32108,15.930042826552462,10.31,5.620042826552462,35.27952113967252,14884.66
3025,12.301881188118813,9.29,3.0118811881188137,24.483094431343524,14821.27
16262,14.205767634854773,7.18,7.025767634854773,49.457148782418464,14794.59
903,26.989999999999995,18.79,8.199999999999996,30.38162282326787,14790.519999999999
43809,12.93032258064516,5.84,7.090322580645161,54.83484682167449,14785.27
1024,29.27440366972477,19.99,9.284403669724771,31.71509067946135,14783.88
3158,16.99,12.77,4.219999999999999,24.83814008240141,14764.31
10451,9.991506024096386,5.29,4.701506024096386,47.05502866892964,14716.27
18893,9.99,6.89,3.1000000000000005,31.031031031031038,14715.27
8264,11.203028169014084,5.37,5.833028169014084,52.06653130755643,14683.82
15229,41.7331693989071,26.11,15.623169398907102,37.43585647563168,14682.48
6264,7.771786941580756,4.79,2.981786941580756,38.366812729097674,14676.14
3808,13.061332436069986,9.55,3.511332436069985,26.883416781990334,14658.76
11141,10.076455331412104,5.55,4.526455331412104,44.92110749800517,14650.41
4089,23.727819025522038,14.59,9.137819025522038,38.51099427087355,14620.81
3818,33.00769911504425,21.73,11.277699115044246,34.166874448707325,14564.59
23095,6.99,4.76,2.2300000000000004,31.902718168812594,14532.210000000001
4734,16.456918714555766,11.9,4.556918714555765,27.68998737610143,14513.14
3316,12.33910485933504,8.88,3.4591048593350386,28.033677473111705,14508.04
3899,3.99,2.2,1.79,44.86215538847117,14507.640000000001
408,17.99,12.97,5.019999999999998,27.904391328515832,14499.939999999999
36523,14.99,10.34,4.65,31.02068045363576,14450.36
6599,13.13139344262295,5.78,7.351393442622951,55.98334612959807,14356.05
11825,8.349375,4.66,3.689375,44.18743917957931,14332.33
4359,12.625687732342007,7.71,4.915687732342007,38.93401956829617,14304.49
39413,8.99,5.06,3.9300000000000006,43.71523915461625,14276.12
28856,19.996006006006002,11.45,8.546006006006003,42.73856490860787,14274.859999999999
22447,6.990000000000001,4.72,2.2700000000000014,32.4749642346209,14252.61
44511,16.43984536082474,9.49,6.949845360824741,42.27439618979535,14244.17
6269,8.04663157894737,5.37,2.6766315789473696,33.26400062791885,14209.02
5296,28.989999999999995,21.01,7.979999999999993,27.526733356329753,14205.099999999999
6869,10.076474501108647,6.8,3.2764745011086474,32.51607991215736,14121.93
1281,14.99,11.19,3.8000000000000007,25.350233488992668,14120.58
3427,26.742551020408165,17.85,8.892551020408163,33.252441076477524,14115.72
26399,8.06723035952064,3.94,4.12723035952064,51.160437666811376,14094.54
273,23.036511627906975,17.31,5.7265116279069765,24.858414852054878,14088.88
8021,47.35328125,31.49,15.863281250000004,33.49985646454015,14088.02
4246,7.753365468886941,4.22,3.5333654688869416,45.57202266636071,14076.800000000001
10723,12.919032258064517,6.2,6.719032258064517,52.00878923318935,14048.73
24875,6.99,4.57,2.42,34.620886981402,14028.93
5124,71.60249999999999,51.53,20.07249999999999,28.033239062881872,13993.05
28457,17.99,11.76,6.229999999999999,34.63035019455252,13978.23
3837,0.9900000000000001,0.72,0.27000000000000013,27.27272727272728,13916.43
24327,23.13376996805112,13.1,10.03376996805112,43.372826745957326,13888.0
24378,9.99,6.84,3.1500000000000004,31.531531531531538,13846.14
44208,23.88709762532981,10.95,12.937097625329812,54.15935342270862,13789.109999999999
8474,40.124545454545455,24.62,15.504545454545454,38.64104945963704,13781.54
44228,11.581188524590164,5.59,5.991188524590164,51.732069742834796,13752.11
39146,12.056964285714287,6.53,5.526964285714286,45.84043010115671,13750.57
6867,19.074848484848484,12.74,6.334848484848484,33.21047865664765,13748.779999999999
26948,21.915925925925922,11.53,10.385925925925923,47.389856860392406,13709.789999999999
5353,18.989999999999995,12.77,6.219999999999995,32.75408109531331,13615.83
1468,45.70951219512195,31.49,14.219512195121954,31.10843129198705,13538.07
2398,25.549902200488997,16.4,9.149902200488999,35.81188737510658,13471.74
6976,20.0427950310559,12.74,7.302795031055899,36.436011143856774,13449.259999999998
5233,20.539180327868852,14.5,6.039180327868852,29.403219755924304,13446.449999999999
14129,10.294341637010676,6.01,4.284341637010677,41.61841318348539,13372.710000000001
32832,29.99,20.68,9.309999999999999,31.043681227075687,13345.55
5096,10.181211401425179,7.99,2.1912114014251785,21.522108863376022,13326.880000000001
2117,8.179315838800374,5.88,2.299315838800374,28.111346769286822,13300.76
3366,35.82529411764706,24.45,11.375294117647062,31.752130436924297,13274.29
42099,20.8904329004329,11.4,9.490432900432898,45.429565512911104,13245.619999999999
966,22.42283582089552,16.15,6.272835820895523,27.975211837612246,13237.089999999998
8761,9.259106566200217,7.08,2.1791065662002165,23.534739022822215,13203.68
4223,23.33328358208955,14.92,8.41328358208955,36.057006518137555,13202.31
3656,26.763224043715848,19.99,6.7732240437158495,25.30795255703223,13196.07
10236,15.09228941684665,7.81,7.282289416846651,48.25172123135839,13171.7
2494,46.99000000000001,31.0,15.990000000000009,34.02851670568207,13157.2
5219,19.99,13.23,6.759999999999998,33.816908454227104,13153.419999999998
2944,45.2956768558952,32.14,13.155676855895202,29.04400103733741,13132.1
19494,14.989999999999998,10.13,4.859999999999998,32.42161440960639,13131.24
39384,15.754210526315788,8.96,6.794210526315787,43.1263154378111,13113.359999999999
4233,12.647360406091371,7.87,4.777360406091371,37.77357687846424,13097.67
3527,29.82132530120482,21.87,7.951325301204818,26.663219092021954,13083.609999999999
5399,1.99,1.45,0.54,27.1356783919598,13022.56
42881,7.105143929912391,3.92,3.1851439299123907,44.82870384233954,13012.59
6234,8.247016248153619,4.54,3.707016248153619,44.94978713038868,13003.18
5587,18.359609856262832,13.17,5.189609856262832,28.26644954273117,13000.91
3326,9.96067448680352,7.36,2.600674486803519,26.109421508041887,12993.95
1239,50.99,39.99,11.0,21.57285742302412,12951.460000000001
3356,6.05204673650282,4.47,1.5820467365028206,26.140689346642542,12943.57
27350,17.3821568627451,10.8,6.582156862745098,37.86731942830714,12932.529999999999
23256,13.99,9.39,4.6,32.88062902072909,12912.77
4199,23.124715025906735,16.92,6.204715025906733,26.831530762457223,12912.41
3967,18.99,11.76,7.229999999999999,38.07266982622433,12894.21
1382,41.52413654618474,28.56,12.964136546184744,31.220725160089803,12876.900000000001
36770,13.47662192393736,6.13,7.34662192393736,54.513823756442925,12819.83
6542,6.597438016528925,3.71,2.8874380165289253,43.766049931729064,12781.55
3042,12.48030172413793,8.63,3.85030172413793,30.85103076227019,12778.12
4682,35.24190839694657,26.92,8.321908396946569,23.613671266643426,12770.37
5401,5.99,4.64,1.3500000000000005,22.537562604340575,12752.710000000001
2587,18.99,12.67,6.3199999999999985,33.280674038967874,12742.289999999999
31487,9.79599647266314,5.29,4.505996472663139,45.998347235400125,12726.93
3779,13.11087912087912,9.35,3.760879120879121,28.685178821379782,12721.29
8166,22.346626506024094,15.14,7.206626506024094,32.24928158208294,12719.32
14240,9.085435684647303,5.36,3.7254356846473025,41.0044802908307,12700.99
34903,9.59954003407155,4.59,5.00954003407155,52.185209044300464,12682.82
4679,12.118971962616824,8.63,3.488971962616823,28.789339338181424,12661.51
13708,21.04439330543933,11.33,9.714393305439328,46.16143199969778,12649.96
3497,99.51380952380951,73.07,26.44380952380952,26.573004943080402,12648.73
8338,21.690680272108843,14.49,7.200680272108842,33.197115912348316,12624.17
4652,199.99,118.51,81.48,40.7420371018551,12599.37
6647,9.983265993265993,4.99,4.993265993265993,50.01635733871158,12550.42
40193,9.97890942698706,4.83,5.1489094269870606,51.597917233944415,12534.44
2952,21.11058212058212,14.61,6.50058212058212,30.793002691499765,12515.07
4502,21.99,16.17,5.819999999999997,26.46657571623464,12512.31
3679,21.99,14.49,7.499999999999998,34.106412005457024,12468.33
10239,14.050941828254848,9.08,4.970941828254848,35.377997354304384,12445.130000000001
8143,40.07613333333333,23.02,17.05613333333333,42.559328744290035,12440.83
2017,64.43785276073619,44.77,19.66785276073619,30.52220382601012,12438.07
2854,57.62309352517986,38.45,19.17309352517986,33.27328047183321,12410.85
3699,39.99,31.0,8.990000000000002,22.480620155038764,12396.9
1023,52.1729268292683,35.93,16.2429268292683,31.132864909844848,12390.630000000001
1479,12.740421585160203,9.22,3.520421585160202,27.631908109388792,12381.75
27735,12.812894168466523,6.53,6.282894168466522,49.035714225511896,12379.210000000001
12213,9.430068493150685,5.29,4.140068493150685,43.90284647622368,12355.49
4135,0.99,0.78,0.20999999999999996,21.21212121212121,12352.23
14078,20.943846153846152,11.25,9.693846153846152,46.284937745620155,12342.08
24369,11.99,8.21,3.7799999999999994,31.526271893244363,12337.710000000001
4939,17.837358121330723,11.59,6.247358121330723,35.024010163589466,12335.08
4187,19.778187372708754,12.85,6.928187372708754,35.0294354186811,12329.759999999998
2958,61.411686746987954,40.73,20.681686746987957,33.67711887184458,12327.99
5367,9.840903614457833,5.83,4.010903614457833,40.75747280529387,12321.84
8236,1.49,1.07,0.41999999999999993,28.187919463087248,12302.93
3072,27.722075471698112,18.24,9.482075471698113,34.204060519849996,12282.49
45604,19.99,13.07,6.919999999999998,34.617308654327154,12273.859999999999
3227,8.99,6.86,2.13,23.692992213570633,12253.37
35414,13.638131416837783,6.13,7.5081314168377835,55.05249353711436,12248.23
39356,20.996772009029346,11.56,9.436772009029346,44.943918069745216,12228.15
42766,11.161906614785993,5.85,5.311906614785993,47.58959914383622,12205.42
2755,24.99,19.68,5.309999999999999,21.2484993997599,12195.119999999999
3766,13.103421550094518,9.35,3.7534215500945187,28.644591305752844,12158.710000000001
4291,12.99,10.39,2.5999999999999996,20.015396458814468,12158.64
28069,8.047690140845072,5.45,2.5976901408450717,32.27870476350489,12138.720000000001
24188,16.799583333333334,8.55,8.249583333333334,49.10588060219748,12130.539999999999
10957,9.808032786885247,6.12,3.6880327868852474,37.60216617359475,12126.67
20357,10.02956043956044,5.19,4.839560439560439,48.25296650560431,12118.89
4268,22.989999999999995,18.25,4.739999999999995,20.617659852109597,12092.74
5254,10.180651906519067,7.35,2.8306519065190674,27.804230343112813,12073.130000000001
6688,10.851671826625386,5.81,5.041671826625387,46.459862656879,12042.35
27644,9.99,6.84,3.1500000000000004,31.531531531531538,12027.960000000001
6526,8.02125,5.29,2.73125,34.05017921146953,12019.97
39593,9.99,6.33,3.66,36.63663663663664,12017.97
11970,17.837457627118646,7.71,10.127457627118645,56.776351421974326,12017.24
8628,11.506883116883117,5.95,5.5568831168831165,48.29181856144826,12016.4
41546,8.991904761904761,5.51,3.4819047619047616,38.72266059418524,12014.65
3924,26.73719101123595,17.38,9.357191011235951,34.99691125856757,12010.509999999998
4222,13.175314685314685,7.99,5.185314685314685,39.356287186781806,12002.41
18142,59.99,40.4,19.590000000000003,32.6554425737623,11998.0
5170,13.897534246575342,9.99,3.9075342465753415,28.11674486456649,11987.37
8562,16.491915708812257,11.44,5.051915708812258,30.632679659603323,11985.73
4157,0.99,0.72,0.27,27.272727272727277,11980.98
1896,103.99,68.83,35.16,33.810943359938456,11963.849999999999
8387,23.83275184275184,17.45,6.382751842751841,26.781430381456357,11962.98
1388,25.13092140921409,19.22,5.91092140921409,23.52051209330864,11931.25
7221,10.49,6.86,3.63,34.60438512869399,11927.130000000001
5060,13.909439579684763,9.35,4.5594395796847635,32.77946285013517,11926.42
3089,10.411607378129117,7.63,2.7816073781291175,26.71640676704955,11910.45
77,13.115435540069686,10.39,2.725435540069686,20.780366246649287,11892.92
32263,12.662018348623853,6.8,5.862018348623853,46.296081613725946,11872.84
20862,13.054367816091956,8.55,4.504367816091955,34.504679809461756,11871.89
8469,26.380243902439023,16.29,10.090243902439024,38.24924416830777,11869.5
3821,11.319113924050633,8.2,3.119113924050634,27.55616689591931,11862.49
34428,16.85031746031746,9.55,7.3003174603174585,43.324509923980514,11857.97
14416,15.916380368098158,8.9,7.016380368098158,44.08276383091078,11842.56
3654,54.744838709677424,39.39,15.354838709677423,28.048011596320766,11834.84
3502,11.300204081632653,8.14,3.160204081632653,27.965902728865288,11826.51
46764,12.034989775051123,8.21,3.8249897750511224,31.78224366239542,11774.21
3871,11.375650224215248,8.2,3.1756502242152482,27.916208406753483,11760.630000000001
13661,22.918130081300813,11.61,11.308130081300813,49.341416778706815,11749.38
8329,8.985073891625616,4.68,4.305073891625616,47.913617000279615,11735.95
24419,11.919951690821255,6.74,5.179951690821255,43.45614667893314,11704.18
1060,30.81758620689655,21.7,9.11758620689655,29.585659777780265,11676.17
8413,17.99,14.28,3.709999999999999,20.622568093385212,11675.509999999998
11957,14.344721030042919,9.93,4.414721030042919,30.775928097848205,11639.27
6162,21.99,14.19,7.799999999999999,35.470668485675304,11610.72
5368,21.55265664160401,15.23,6.322656641604009,29.335857508160345,11603.119999999999
36771,13.664146341463415,5.97,7.694146341463415,56.30901593988183,11593.56
3513,27.87673139158576,17.98,9.89673139158576,35.50176400728589,11574.849999999999
1415,13.122958801498127,10.39,2.7329588014981265,20.825782072760372,11566.17
3788,27.87316151202749,19.99,7.883161512027492,28.282265392197598,11539.859999999999
8627,9.666344827586206,5.47,4.1963448275862065,43.41190907663989,11533.08
46021,13.526299765807964,6.61,6.916299765807964,51.13223782967694,11531.51
2586,2.99,2.21,0.7800000000000002,26.086956521739136,11496.550000000001
8214,9.99,7.4,2.59,25.925925925925924,11438.55
4903,3.99,2.87,1.12,28.07017543859649,11411.4
26949,22.99,15.53,7.459999999999999,32.44889082209656,11403.039999999999
4194,12.99,9.48,3.51,27.020785219399535,11392.23
984,26.77896103896104,20.63,6.1489610389610405,22.961910396803077,11389.75
2152,10.091604278074866,7.19,2.901604278074866,28.752656149814797,11371.72
4179,23.552130177514794,15.14,8.412130177514793,35.717067263605095,11371.17
8033,2.99,2.3,0.6900000000000004,23.07692307692309,11367.98
2956,14.99,10.71,4.279999999999999,28.552368245496996,11362.42
31186,17.273516483516484,10.8,6.473516483516484,37.476540979330615,11333.4
8840,13.797860262008733,7.96,5.837860262008733,42.309895528387095,11311.73
2783,16.0418018018018,10.06,5.981801801801799,37.28883996765207,11260.98
8898,25.99,18.83,7.16,27.54905732974221,11253.67
3583,21.974,13.23,8.744,39.79248202421043,11250.859999999999
2122,10.830620592383639,7.8,3.030620592383639,27.98196619051402,11248.59
2468,29.661641791044776,22.39,7.271641791044775,24.515304453714275,11244.199999999999
2951,39.87412017167382,28.78,11.094120171673822,27.822858846563275,11240.18
4224,16.663960612691465,11.44,5.2239606126914655,31.34885357753928,11229.26
2623,28.99,18.24,10.75,37.0817523283891,11219.13
31494,11.103636363636364,6.02,5.083636363636364,45.78352710004913,11161.960000000001
15035,10.99,7.33,3.66,33.30300272975432,11121.880000000001
12216,10.38945155393053,6.66,3.729451553930529,35.89651999021648,11099.83
3396,21.94685279187817,13.73,8.216852791878171,37.439777219077925,11082.929999999998
3733,118.83615384615383,83.96,34.87615384615384,29.348100487419654,11059.07
21019,23.839462365591395,10.66,13.179462365591395,55.28422647909177,11047.279999999999
3704,27.64648854961832,18.37,9.276488549618318,33.553948570971,11040.0
2208,75.15129032258064,53.95,21.201290322580633,28.211478780438586,11038.529999999999
3658,59.81236842105263,41.9,17.912368421052633,29.947599290764543,11008.16
5890,23.49148367952522,16.66,6.8314836795252205,29.08068205789584,11007.31
24493,22.09050251256281,14.76,7.330502512562811,33.183955450510794,11003.01
12666,10.138979591836735,6.7,3.438979591836735,33.918399388096056,10948.12
7302,12.610192307692309,6.42,6.190192307692309,49.08880179342108,10941.34
23253,19.99,13.07,6.919999999999998,34.617308654327154,10934.529999999999
25883,36.27448275862069,24.82,11.454482758620692,31.57724628312864,10908.98
3768,5.8832038834951454,3.62,2.2632038834951453,38.468901100714554,10908.46
12147,9.829708561020038,5.26,4.569708561020038,46.48874921013767,10900.92
2890,29.37851351351351,21.25,8.12851351351351,27.668225997120523,10887.3
3800,55.78874213836478,42.85,12.93874213836478,23.192389077844204,10880.050000000001
4201,12.99,9.55,3.4399999999999995,26.48190916089299,10872.630000000001
3347,40.23553571428572,28.56,11.675535714285719,29.01797007797834,10852.300000000001
35664,9.99,6.5,3.49,34.93493493493494,10849.14
24805,10.121868131868132,6.84,3.2818681318681318,32.42354167345211,10843.23
33582,12.466635514018693,6.46,6.006635514018693,48.1816886943093,10837.12
1359,27.99,21.87,6.119999999999997,21.864951768488737,10832.13
1734,23.075843373493974,17.45,5.625843373493975,24.37979527957834,10822.81
8203,2.99,1.51,1.4800000000000002,49.49832775919733,10793.9
6575,11.769448621553884,5.84,5.929448621553885,50.38000344973712,10742.92
16260,14.168861788617887,7.58,6.588861788617887,46.5024070875675,10726.45
388,14.49,11.41,3.08,21.256038647342994,10708.11
8590,6.99,5.07,1.92,27.467811158798284,10701.69
3790,47.75719576719577,35.65,12.107195767195769,25.351563408821743,10697.76
3085,5.99,4.72,1.2700000000000005,21.20200333889817,10680.17
1397,14.447597173144876,10.76,3.6875971731448765,25.52394788525364,10676.11
32968,10.036065259117082,6.8,3.2360652591170824,32.24436246244351,10669.38
8726,1.99,1.43,0.56,28.140703517587944,10658.44
1623,14.408181818181818,10.07,4.338181818181818,30.109155151744588,10653.59
6938,9.215933202357563,4.69,4.525933202357563,49.109874203512746,10635.29
8822,1.99,1.46,0.53,26.633165829145728,10614.66
14818,16.18543973941368,10.73,5.455439739413681,33.705848140344095,10608.41
37731,12.550714285714287,6.7,5.850714285714287,46.616584144328726,10588.51
21469,30.06843137254902,19.6,10.46843137254902,34.81535582233989,10580.48
2965,45.23022346368715,34.64,10.590223463687153,23.41404187885443,10574.66
1271,49.99,37.59,12.399999999999999,24.804960992198435,10547.890000000001
41072,15.442531645569622,8.16,7.282531645569621,47.15892324338503,10540.15
5505,18.99,14.5,4.489999999999998,23.644023170089515,10539.449999999999
8085,35.20518987341772,25.59,9.615189873417723,27.31185347384772,10533.01
8421,6.883650793650793,3.37,3.5136507936507932,51.04342011206677,10526.73
38652,19.89909090909091,13.65,6.249090909090908,31.40390150303805,10510.91
8961,1.49,1.12,0.3699999999999999,24.832214765100662,10498.539999999999
6824,16.69403587443946,10.27,6.424035874439461,38.48102353892397,10497.72
3329,17.314444444444444,10.84,6.474444444444444,37.39331322595136,10487.939999999999
24665,27.99,19.3,8.689999999999998,31.04680242943908,10468.26
41940,21.08941520467836,14.28,6.809415204678361,32.28830737406032,10458.039999999999
1595,15.99,10.93,5.0600000000000005,31.6447779862414,10457.460000000001
23357,37.99,24.51,13.48,35.483021847854694,10447.25
23353,15.99,10.95,5.040000000000001,31.519699812382747,10441.47
3216,11.491030927835054,7.68,3.811030927835054,33.16526560383268,10440.78
5165,18.399756097560974,13.33,5.069756097560974,27.553387505136595,10438.339999999998
36648,59.86096774193549,39.18,20.68096774193549,34.54833512062899,10416.26
24840,14.252390670553934,8.44,5.812390670553935,40.781864635261435,10405.7
4528,156.130350877193,106.86,49.270350877192996,31.557189617762045,10399.33
3194,23.99,18.31,5.68,23.676531888286785,10387.67
24768,15.99,10.95,5.040000000000001,31.519699812382747,10377.51
4896,19.645384615384614,14.05,5.595384615384614,28.481929597869915,10376.699999999999
29212,8.98151103565365,4.59,4.39151103565365,48.8950135252386,10359.48
2692,40.80132075471698,26.31,14.491320754716984,35.51679329655441,10350.45
29431,34.38393939393939,19.86,14.523939393939393,42.240475204244404,10327.01
2476,25.005197568389054,16.79,8.215197568389055,32.8539598454303,10267.9
34904,9.430851063829786,4.68,4.750851063829787,50.3756345177665,10266.44
4494,16.695882352941176,9.55,7.145882352941175,42.80026776591621,10257.8
3609,0.99,0.74,0.25,25.252525252525253,10251.45
14342,8.365675675675675,4.6,3.7656756756756753,45.013407424159205,10246.78
4783,12.433458980044346,8.88,3.5534589800443452,28.579810218118972,10229.73
38772,16.99,10.96,6.029999999999998,35.49146556798116,10227.98
17345,12.826065573770492,6.01,6.8160655737704925,53.14229476348113,10227.9
3961,23.99,18.17,5.819999999999997,24.260108378491026,10219.74
4628,99.99,79.99,20.0,20.002000200020003,10198.98
32749,11.283750000000001,5.26,6.0237500000000015,53.38429156973524,10191.95
26463,9.050526315789474,4.65,4.400526315789474,48.62177250523377,10189.9
3133,10.99355871886121,8.79,2.2035587188612116,20.044089227273183,10156.76
23382,15.99,10.88,5.109999999999999,31.95747342088805,10153.65
2960,103.34164835164836,69.34,34.001648351648356,32.90217341603494,10129.02
8440,19.89,14.72,5.17,25.99296128707893,10128.9
676,12.489148211243611,8.65,3.839148211243611,30.739872297994985,10098.89
4385,24.99,16.54,8.45,33.81352541016406,10095.96
2496,52.99,36.22,16.770000000000003,31.647480656727687,10068.1
4806,14.99,11.71,3.2799999999999994,21.881254169446294,10058.29
8537,16.978023952095807,9.39,7.588023952095806,44.693210314143315,10057.949999999999
3667,19.594010025062655,13.13,6.464010025062654,32.989725006747236,10048.869999999999
42422,15.422692307692309,7.84,7.582692307692309,49.165814608843114,10012.49
8620,11.99,8.75,3.24,27.022518765638033,9999.66
3579,12.366221498371337,8.88,3.4862214983713358,28.19148515842515,9992.28
11488,11.054150943396227,7.53,3.5241509433962266,31.880792667315276,9965.97
44943,15.989999999999998,10.45,5.539999999999999,34.64665415884928,9945.78
2696,37.32928571428572,25.19,12.139285714285716,32.51946958535045,9945.33
34460,12.134044321329641,7.23,4.904044321329641,40.41557943470787,9930.79
8312,9.715190839694657,5.71,4.005190839694657,41.226064477602556,9929.41
14805,9.136596858638745,5.8,3.336596858638745,36.51903340228872,9923.12
4639,79.99,58.82,21.169999999999995,26.465808226028248,9918.76
8342,14.865,8.21,6.654999999999999,44.76959300369996,9914.32
2131,12.99,10.15,2.84,21.86297151655119,9911.37
1394,16.570128205128203,12.68,3.890128205128203,23.476753812467592,9908.019999999999
26732,13.99,6.79,7.2,51.46533238027162,9876.94
3352,27.92048128342246,18.79,9.130481283422462,32.70173314972047,9867.41
24002,7.107039586919106,4.63,2.4770395869191058,34.853324744078144,9863.05
24088,17.834236760124607,8.75,9.084236760124607,50.937064940373354,9862.48
6960,7.759736842105263,4.6,3.1597368421052634,40.719639163021,9858.29
5221,12.578129496402878,8.59,3.9881294964028786,31.706856711432437,9835.18
6523,15.200526315789473,10.06,5.140526315789472,33.81808109137495,9821.52
3877,11.328983050847459,8.65,2.6789830508474584,23.64716266961895,9800.35
1005,34.99,27.34,7.650000000000002,21.86338953986854,9797.2
19357,6.048375634517766,3.92,2.1283756345177665,35.18921051085579,9795.71
46202,13.686631578947368,6.05,7.636631578947369,55.79628219622682,9782.14
7535,5.99,4.44,1.5499999999999998,25.876460767946575,9775.68
6231,18.75964980544747,10.27,8.48964980544747,45.25484160680988,9744.58
11827,8.371802721088436,4.76,3.611802721088436,43.14247291076704,9736.38
3150,11.000135135135135,8.65,2.350135135135135,21.36460240046191,9734.15
41321,20.93278481012658,10.94,9.992784810126581,47.73748405081968,9730.289999999999
4932,6.342238805970149,4.5,1.8422388059701493,29.047137175534793,9716.55
6351,19.476381322957195,11.18,8.296381322957195,42.597139506495935,9712.02
2986,65.99,51.96,14.029999999999994,21.260797090468245,9700.529999999999
16289,9.756848816029144,5.19,4.566848816029144,46.80659608588428,9686.06
5713,15.304225053078556,11.19,4.114225053078556,26.882936174876427,9647.7
13497,11.857595818815332,6.8,5.057595818815332,42.65279316394026,9641.89
24936,14.99,9.67,5.32,35.49032688458973,9638.57
3687,5.701758584807493,3.84,1.8617585848074931,32.6523572879463,9634.800000000001
2924,24.084637223974763,17.18,6.904637223974763,28.66822182026319,9631.0
8155,4.988571428571428,3.28,1.7085714285714286,34.24971363115693,9602.75
18010,6.054718162839248,3.92,2.134718162839248,35.25710207191893,9599.05
27835,16.973221476510066,9.14,7.833221476510065,46.15046994673804,9597.34
24786,245.99,159.73,86.26000000000002,35.066466116508806,9593.61
20863,12.990000000000002,8.84,4.150000000000002,31.947652040030803,9573.63
7254,7.99,5.36,2.63,32.91614518147684,9572.02
6854,14.99,9.86,5.130000000000001,34.2228152101401,9563.62
31542,27.42195266272189,16.1,11.321952662721888,41.28791556887648,9560.5
8892,27.01469135802469,17.0,10.014691358024692,37.07127808828301,9558.46
31866,14.99,9.03,5.960000000000001,39.759839893262175,9548.63
1961,34.75354679802956,23.91,10.84354679802956,31.20126662480493,9528.25
4634,12.797909604519774,8.52,4.277909604519774,33.42662775965355,9527.51
2640,41.957741935483874,30.07,11.887741935483874,28.332654206613416,9520.73
8424,26.584202898550725,16.29,10.294202898550726,38.72300756142637,9518.42
3923,133.99,106.34,27.650000000000006,20.63586834838421,9513.29
3689,18.114675324675325,12.77,5.344675324675325,29.504670820099943,9511.75
26092,10.566826196473551,4.79,5.776826196473551,54.66945409210423,9506.94
28658,9.029647577092511,4.53,4.499647577092511,49.831929083342686,9493.44
35918,10.048189655172413,6.49,3.558189655172413,35.41125095445224,9470.55
12586,8.176119873817035,4.82,3.3561198738170344,41.04783106916734,9463.36
4145,16.99,12.68,4.309999999999999,25.36786344908769,9446.439999999999
6213,7.99,5.51,2.4800000000000004,31.03879849812266,9444.18
8189,31.99,25.59,6.399999999999999,20.00625195373554,9437.05
3041,10.579371980676328,5.83,4.749371980676328,44.892759129287235,9412.05
8187,18.49,13.17,5.3199999999999985,28.772309356408865,9387.929999999998
4349,16.138337595907927,12.11,4.028337595907928,24.96129215272682,9372.23
32546,19.189999999999998,12.58,6.609999999999998,34.44502344971339,9368.14
1323,19.790632911392404,13.59,6.200632911392404,31.33115014135315,9364.269999999999
6455,12.192765432098765,6.09,6.102765432098765,50.052348387122905,9357.61
1886,10.99,7.96,3.0300000000000002,27.5705186533212,9352.49
5031,16.526159600997506,11.71,4.816159600997505,29.142642436460587,9351.33
6385,12.97473282442748,6.88,6.0947328244274805,46.97385993916537,9308.82
7716,5.9501873536299765,3.79,2.1601873536299765,36.304526651789054,9298.38
3936,24.138148148148144,15.21,8.928148148148143,36.98770963435777,9291.15
2967,59.11592592592593,40.73,18.385925925925932,31.1014766967603,9287.43
5232,16.497972665148062,10.71,5.787972665148061,35.08293281013335,9284.359999999999
3745,4.99,3.07,1.9200000000000004,38.476953907815634,9276.41
2366,39.108279569892474,25.36,13.748279569892475,35.15439625852678,9266.630000000001
8790,13.179781021897812,8.55,4.629781021897811,35.1279054955888,9252.960000000001
31558,15.888039215686275,8.44,7.448039215686276,46.87827814732997,9246.24
14838,15.20345132743363,7.71,7.49345132743363,49.28783054616151,9227.17
661,14.45523517382413,9.99,4.46523517382413,30.89009013087438,9224.12
1174,21.45341463414634,15.87,5.583414634146342,26.025762002751286,9223.71
1178,11.182622950819672,7.83,3.352622950819672,29.98064913360894,9194.25
32368,13.513560209424085,6.45,7.063560209424085,52.27016493032014,9172.08
6660,14.99,10.27,4.720000000000001,31.487658438959308,9158.89
2132,12.99,10.23,2.76,21.247113163972283,9157.95
14393,12.02763440860215,6.5,5.52763440860215,45.95778538669909,9157.38
16695,15.08642857142857,10.27,4.81642857142857,31.925571705885137,9151.92
4390,45.69967741935484,33.33,12.369677419354844,27.06731889121827,9147.0
19270,24.99,16.44,8.549999999999997,34.21368547418967,9121.35
6420,7.99,3.18,4.8100000000000005,60.20025031289112,9116.59
5725,10.771818181818182,7.4,3.371818181818181,31.302219596590426,9115.53
3054,12.504563106796118,8.14,4.364563106796117,34.90376328641195,9111.710000000001
3368,16.99,12.22,4.769999999999998,28.075338434373148,9106.64
5438,9.99,7.51,2.4800000000000004,24.82482482482483,9100.89
3524,19.99,14.7,5.289999999999999,26.463231615807903,9095.449999999999
24429,11.990000000000002,8.1,3.8900000000000023,32.443703085904936,9088.42
17876,7.99,5.33,2.66,33.29161451814768,9084.63
6876,5.99,3.97,2.02,33.7228714524207,9068.86
4152,5.908857142857143,3.75,2.1588571428571433,36.53595087278178,9065.69
36543,19.990000000000002,13.15,6.840000000000002,34.21710855427714,9055.47
37904,12.076720867208673,6.45,5.626720867208673,46.591462443142426,9046.5
10596,16.519113924050632,9.86,6.659113924050633,40.31156849372802,9045.51
2554,114.38655172413793,83.33,31.056551724137933,27.150527099580675,9044.21
38850,9.035901639344262,4.65,4.385901639344262,48.538616448048764,9042.72
32989,11.099561752988048,5.78,5.319561752988048,47.925871952160634,9030.87
8910,0.9900000000000001,0.77,0.22000000000000008,22.22222222222223,9012.960000000001
44494,9.51806324110672,4.5,5.01806324110672,52.72147404352864,9002.14
41714,5.1088524590163935,3.22,1.8888524590163933,36.97214734950583,8999.28
41253,12.255964912280701,6.09,6.165964912280701,50.30990996149387,8999.04
4229,23.56597173144876,14.7,8.86597173144876,37.621922967925535,8996.17
2740,95.85363636363635,65.41,30.443636363636358,31.760544011229243,8984.0
653,35.530284360189576,21.73,13.800284360189575,38.84090602903337,8981.470000000001
523,10.427662337662339,7.09,3.337662337662339,32.007771536746674,8977.380000000001
4370,12.98078341013825,7.96,5.020783410138249,38.67858550214248,8963.1
8515,21.224527687296415,14.61,6.614527687296416,31.164545966577293,8957.76
41537,27.98686956521739,18.06,9.926869565217391,35.46973891483273,8955.92
2136,28.989999999999995,21.53,7.459999999999994,25.73301138323558,8928.92
3608,0.99,0.72,0.27,27.272727272727277,8928.81
5750,12.99,8.69,4.300000000000001,33.10238645111625,8898.15
44037,6.13043321299639,3.42,2.7104332129963904,44.21275167390012,8871.23
5952,1.99,1.42,0.5700000000000001,28.643216080402013,8847.539999999999
3820,21.93155844155844,13.33,8.60155844155844,39.22000556631314,8837.96
8040,9.687297297297297,6.01,3.6772972972972973,37.9599921881539,8816.9
23229,14.989999999999998,10.34,4.649999999999999,31.02068045363575,8799.13
2679,19.99,14.28,5.709999999999999,28.564282141070535,8795.599999999999
35666,9.99,6.12,3.87,38.73873873873874,8791.2
5142,23.339514563106796,17.45,5.889514563106797,25.234091939583276,8787.23
438,18.717272727272725,12.77,5.9472727272727255,31.774248385059977,8786.289999999999
1639,20.096557377049177,15.74,4.356557377049176,21.67812772761013,8774.63
2619,68.89350877192982,51.58,17.31350877192982,25.130827389334666,8758.73
3278,7.990000000000001,5.79,2.200000000000001,27.53441802252817,8749.05
3209,19.99,14.07,5.919999999999998,29.614807403701843,8735.63
3385,16.99,12.97,4.019999999999998,23.660977045320767,8732.859999999999
2690,9.99,7.35,2.6400000000000006,26.42642642642643,8701.29
6649,14.406382252559727,7.87,6.536382252559727,45.371434257190714,8693.85
8921,21.08277777777778,11.45,9.632777777777779,45.69026851827453,8677.6
4103,14.985444191343962,11.19,3.7954441913439627,25.327538796189465,8677.210000000001
8218,31.99,23.87,8.119999999999997,25.382932166301963,8669.289999999999
38457,9.442028639618139,4.59,4.852028639618139,51.38756537190897,8657.27
34427,21.901894273127752,13.81,8.091894273127751,36.946093211015075,8654.05
3882,11.348792184724688,8.79,2.5587921847246893,22.54682386526371,8641.39
858,11.99,8.95,3.040000000000001,25.354462051709763,8632.8
1094,44.28787234042553,29.92,14.367872340425528,32.442001796755264,8622.06
3154,10.121578947368421,7.8,2.3215789473684216,22.936924756902922,8602.52
2125,50.258456375838925,36.76,13.498456375838927,26.858079911758146,8588.29
31231,11.878297872340426,6.49,5.388297872340425,45.36254209357312,8576.78
4662,19.99,15.38,4.609999999999998,23.06153076538268,8575.71
6873,14.99,9.2,5.790000000000001,38.62575050033356,8574.28
16806,9.99,5.3,4.69,46.94694694694695,8571.42
38502,7.989999999999999,4.57,3.419999999999999,42.80350438047559,8566.25
8078,20.151676646706587,14.59,5.561676646706587,27.599076465012345,8563.75
4241,1.99,1.47,0.52,26.13065326633166,8562.97
8184,1.99,1.55,0.43999999999999995,22.110552763819094,8547.05
3422,21.439367088607593,15.99,5.449367088607593,25.41757443718227,8538.01
8693,10.058285280728375,7.14,2.9182852807283757,29.013745377850793,8522.52
38131,10.081787439613526,6.84,3.2417874396135264,32.15488780169915,8519.54
6569,21.14625,12.98,8.166249999999998,38.617958266832176,8498.99
2751,19.99,15.99,3.9999999999999982,20.010005002501245,8495.75
1870,79.99,59.69,20.299999999999997,25.378172271533938,8478.939999999999
46201,17.17292682926829,11.25,5.922926829268292,34.489908960502206,8468.06
5058,17.99,11.93,6.059999999999999,33.68538076709282,8455.3
3016,21.875304659498205,14.59,7.285304659498205,33.30378604046067,8450.14
21033,39.86333333333334,26.89,12.973333333333336,32.54452713437579,8449.880000000001
3123,14.989999999999998,10.94,4.049999999999999,27.018012008005332,8439.37
2105,9.99,7.87,2.12,21.221221221221224,8431.56
8053,0.99,0.75,0.24,24.242424242424242,8417.97
5076,39.341351351351356,28.12,11.221351351351355,28.523045004568477,8409.87
45503,9.99,6.8,3.1900000000000004,31.931931931931935,8391.6
8064,0.9900000000000001,0.76,0.2300000000000001,23.23232323232324,8368.47
3762,5.99,4.61,1.38,23.038397328881466,8368.03
4196,13.418571428571429,7.46,5.958571428571429,44.405408282763766,8333.74
27817,15.99,10.95,5.040000000000001,31.519699812382747,8330.79
8897,55.69833333333333,33.55,22.148333333333333,39.76480445255693,8320.5
19662,5.99,4.07,1.92,32.053422370617696,8320.11
3220,19.315301204819274,14.72,4.595301204819274,23.790989102839983,8301.699999999999
6459,10.99,7.53,3.46,31.48316651501365,8286.460000000001
7982,7.490000000000001,3.95,3.540000000000001,47.26301735647531,8261.47
15105,13.148062283737024,6.86,6.288062283737024,47.82501138220796,8251.78
12994,12.140887573964497,8.16,3.9808875739644964,32.78909840579781,8248.22
4247,13.320357142857144,7.99,5.330357142857144,40.01662332091053,8241.78
21609,15.797228915662652,9.58,6.217228915662652,39.356452633907125,8232.78
1330,56.77125,38.27,18.50125,32.58911861197349,8232.54
8408,35.29635838150289,22.21,13.08635838150289,37.07566157408696,8221.67
17176,11.13095744680851,5.23,5.90095744680851,53.013925127352316,8221.34
39691,21.85021505376344,13.79,8.06021505376344,36.88849301451229,8210.25
8144,29.99,22.38,7.609999999999999,25.37512504168056,8187.2699999999995
24766,14.99,10.27,4.720000000000001,31.487658438959308,8184.54
3593,26.99,21.42,5.569999999999997,20.6372730640978,8177.969999999999
3464,14.360179948586117,10.06,4.300179948586116,29.945167567412735,8174.3
3584,17.99,12.49,5.499999999999998,30.57254030016675,8131.48
16370,7.99,5.44,2.55,31.914893617021274,8125.83
18027,15.135695364238408,9.08,6.055695364238408,40.00936341878546,8112.61
3197,20.794713804713805,15.32,5.474713804713804,26.327430404321223,8108.099999999999
2518,54.39944881889764,36.49,17.909448818897637,32.922114484138184,8093.51
2794,14.99,10.5,4.49,29.953302201467647,8079.61
2155,37.70264367816092,24.05,13.652643678160917,36.21136967132399,8075.860000000001
20132,127.99,84.76,43.22999999999999,33.77607625595749,8063.370000000001
8727,32.33146341463414,23.07,9.261463414634143,28.64535791609773,8061.51
6499,17.1313612565445,12.68,4.4513612565445015,25.983698492400876,8061.289999999999
41252,11.38454094292804,5.13,6.254540942928041,54.93889454377426,8059.68
5630,17.99,14.17,3.8199999999999985,21.234018899388545,8059.5199999999995
45460,10.116050420168069,6.53,3.5860504201680685,35.449115724242205,8058.99
3495,37.93578313253012,23.52,14.41578313253012,38.000489095395835,8041.88
4346,12.742450980392157,8.39,4.352450980392156,34.157094165711335,8026.2
32545,15.04726872246696,10.27,4.77726872246696,31.74841102780372,8011.67
8233,22.03109589041096,17.31,4.721095890410961,21.42923762801023,8010.36
3811,17.99,12.68,5.309999999999999,29.516397998888266,8005.549999999999
4762,6.994219409282701,5.03,1.964219409282701,28.083468566567937,7974.6
46934,17.621255813953486,10.31,7.311255813953485,41.49111670102438,7970.009999999999
24779,12.740759878419453,6.84,5.9007598784194535,46.314034129269444,7943.84
4945,9.49,7.47,2.0200000000000005,21.28556375131718,7943.13
35375,30.089999999999996,19.73,10.359999999999996,34.43004320372216,7935.36
5480,10.99,7.85,3.1400000000000006,28.571428571428577,7934.78
12181,36.08708737864078,24.48,11.60708737864078,32.1641014051768,7929.8
5396,17.081803278688525,12.14,4.941803278688525,28.93022005969347,7929.36
3836,11.358627450980393,7.91,3.4486274509803927,30.36130435533153,7902.03
39971,49.99,25.33,24.660000000000004,49.32986597319464,7898.42
3887,12.510689655172415,8.65,3.860689655172415,30.85912736694138,7886.18
1692,19.848231707317073,13.4,6.448231707317072,32.487688588096866,7882.03
3842,5.79,4.39,1.4000000000000004,24.17962003454232,7874.400000000001
3487,18.09850439882698,12.77,5.328504398826979,29.441683585591395,7868.65
8893,16.99,12.68,4.309999999999999,25.36786344908769,7866.369999999999
42874,22.656190476190474,11.38,11.276190476190473,49.770902517970484,7865.679999999999
3161,10.077824351297405,6.66,3.417824351297405,33.91430761399805,7863.2
2534,54.385161290322586,35.99,18.395161290322584,33.82386087286618,7858.55
6524,9.578377723970943,4.57,5.008377723970943,52.288371458111605,7845.78
3244,5.920852340936374,4.32,1.600852340936374,27.037531908508996,7841.91
32969,10.014340770791074,6.89,3.1243407707910746,31.19866641550555,7834.17
13638,13.682913385826772,8.27,5.412913385826773,39.55965541252094,7830.31
3610,11.346164383561643,8.26,3.086164383561643,27.200067610803234,7827.12
3643,10.594166666666666,7.71,2.8841666666666663,27.224101313615982,7821.62
8700,31.17059701492537,16.52,14.65059701492537,47.0013359317765,7818.150000000001
7341,0.99,0.75,0.24,24.242424242424242,7816.05
5706,28.791886792452832,20.6,8.19188679245283,28.452066554388356,7801.28
18507,64.99,44.51,20.479999999999997,31.512540390829358,7798.799999999999
2570,84.50612903225807,57.14,27.366129032258073,32.383602640007034,7789.08
8619,6.089886492622021,4.4,1.689886492622021,27.749063872854464,7786.18
3754,11.246302521008403,8.79,2.4563025210084035,21.840978547571194,7779.08
19276,13.99,9.08,4.91,35.09649749821301,7778.4400000000005
2226,36.99,27.6,9.39,25.385239253852394,7767.900000000001
4130,10.442339688041596,6.81,3.632339688041596,34.784730209469195,7763.51
1728,56.999433962264156,41.35,15.649433962264155,27.455419947897536,7745.64
8497,10.091639344262296,7.51,2.581639344262296,25.581962020175773,7733.34
34996,16.99,11.4,5.589999999999998,32.90170688640376,7730.45
2749,16.99,13.38,3.6099999999999977,21.24779281930546,7730.45
46023,13.628483965014576,6.57,7.058483965014576,51.792143448488304,7728.33
4686,55.57333333333333,42.96,12.61333333333333,22.696737044145866,7723.610000000001
2713,16.66123287671233,10.93,5.73123287671233,34.39861215026269,7716.37
2290,24.25568265682657,18.04,6.215682656826569,25.625676031332866,7712.82
5404,5.49,4.32,1.17,21.311475409836063,7707.96
31488,6.131338582677166,3.44,2.6913385826771656,43.89479632198079,7704.360000000001
26248,236.24,132.44,103.80000000000001,43.93836776159838,7699.68
35413,7.088330241187384,4.72,2.368330241187384,33.41168033376869,7696.12
8345,7.989999999999999,3.37,4.619999999999999,57.82227784730913,7670.4
5403,9.815396825396824,5.92,3.8953968253968245,39.686595404046116,7665.6900000000005
28092,15.04338078291815,9.67,5.373380782918151,35.71923665602919,7657.91
5415,15.488721227621484,8.45,7.038721227621485,45.44417272530627,7641.06
10420,6.1458020477815705,3.35,2.7958020477815704,45.49124794526634,7636.51
23395,9.99,6.45,3.54,35.43543543543544,7632.360000000001
33032,28.06142857142857,19.3,8.76142857142857,31.22231838313903,7627.28
7978,7.490000000000001,3.95,3.540000000000001,47.26301735647531,7609.84
20693,19.99,13.24,6.749999999999998,33.76688344172085,7596.2
3580,11.236575342465754,8.08,3.1565753424657537,28.09196971728821,7595.24
19896,9.99,6.62,3.37,33.733733733733736,7572.42
2661,62.89277777777777,47.99,14.902777777777771,23.695531195067435,7565.79
28163,14.623879781420765,6.82,7.803879781420765,53.36394922594603,7560.96
8323,16.44519713261649,11.9,4.545197132616488,27.63844723759375,7550.389999999999
21208,18.24,10.32,7.919999999999998,43.421052631578945,7537.889999999999
37821,7.20455938697318,4.6,2.6045593869731807,36.151543030966984,7535.32
36874,7.076345381526105,4.63,2.446345381526105,34.570745909501085,7528.36
37678,10.99,6.53,4.46,40.58234758871701,7528.15
6864,11.668612716763006,5.51,6.158612716763006,52.779305186087875,7528.06
14061,79.99,51.61,28.379999999999995,35.479434929366164,7519.0599999999995
1395,8.098726752503577,5.88,2.218726752503577,27.39599470765818,7518.71
2893,54.49413223140496,39.67,14.82413223140496,27.20317146891242,7518.62
19507,9.758194070080862,4.99,4.768194070080861,48.86348883652966,7504.14
3354,14.99,10.71,4.279999999999999,28.552368245496996,7495.0
29996,17.043811659192823,10.12,6.923811659192824,40.623610478929265,7490.599999999999
8819,7.0584931506849315,5.1,1.958493150684932,27.746618277796113,7485.400000000001
19645,9.992906976744186,5.26,4.732906976744186,47.36266421531551,7483.51
35411,7.068947368421052,4.69,2.378947368421052,33.65348819894274,7473.39
37822,17.73223602484472,11.72,6.01223602484472,33.90568463233259,7473.25
1064,23.409491525423725,18.39,5.0194915254237245,21.442121115583987,7472.799999999999
1244,15.902350597609562,12.79,3.112350597609563,19.571638661251818,7465.31
26426,32.99,19.6,13.39,40.588056986965746,7455.740000000001
2499,29.431860465116277,21.53,7.901860465116275,26.847981541913914,7449.469999999999
5298,18.51631578947368,12.77,5.74631578947368,31.0337966516017,7447.98
4327,19.99,14.81,5.179999999999998,25.912956478239114,7436.28
46424,9.99,6.62,3.37,33.733733733733736,7432.56
3683,18.126212624584717,13.17,4.956212624584717,27.34279205057194,7417.91
3500,1.8946184738955822,1.07,0.8246184738955822,43.52424961845006,7411.25
5394,10.99,8.72,2.2699999999999996,20.655141037306638,7396.27
24634,16.99,10.27,6.719999999999999,39.55267804590935,7390.65
24907,12.72667711598746,6.89,5.83667711598746,45.86175215096273,7373.2
6288,16.36846153846154,10.06,6.308461538461538,38.54034494102166,7355.5
3503,11.253736263736263,8.2,3.0537362637362637,27.135310373111736,7352.45
44719,11.365939849624061,6.89,4.475939849624061,39.38028802582575,7343.52
3595,15.99,12.02,3.9700000000000006,24.828017510944346,7339.41
37604,14.076956521739131,9.26,4.816956521739131,34.21873552212991,7338.78
5539,12.466683937823834,8.39,4.076683937823834,32.70062799502924,7298.1
3863,23.350323886639675,15.5,7.850323886639675,33.61976443989021,7291.82
1135,21.130845070422534,15.62,5.510845070422535,26.079624605909522,7285.549999999999
13303,13.989999999999998,8.96,5.029999999999998,35.954253037884186,7274.8
6727,21.067319587628862,10.36,10.707319587628863,50.824308916433814,7264.54
4195,10.99,8.65,2.34,21.292083712465875,7264.39
2435,40.99,29.76,11.23,27.396926079531593,7255.2300000000005
39523,24.973193277310923,15.53,9.443193277310924,37.81331915566607,7245.099999999999
36524,14.99,10.13,4.859999999999999,32.4216144096064,7240.17
2800,80.42243243243243,59.69,20.732432432432432,25.779414779391256,7237.099999999999
21055,37.09489510489511,24.02,13.07489510489511,35.24715481179437,7235.05
2957,36.157832167832176,25.89,10.267832167832175,28.397256008525183,7230.0
3781,12.763067331670822,9.29,3.4730673316708227,27.211854653877793,7227.34
5358,25.99,18.83,7.16,27.54905732974221,7225.219999999999
10874,10.99,7.53,3.46,31.48316651501365,7220.43
1258,22.99,17.03,5.959999999999997,25.92431491953022,7218.86
2628,34.20468926553673,23.43,10.774689265536729,31.50062022751036,7215.89
24151,10.99,7.33,3.66,33.30300272975432,7209.4400000000005
41712,5.086121416526138,3.28,1.8061214165261386,35.51078058533125,7193.8
43092,22.711311475409833,14.48,8.231311475409832,36.24322392972375,7191.839999999999
8398,53.99,33.33,20.660000000000004,38.26634561955918,7180.67
4313,29.154948453608245,19.42,9.734948453608244,33.390381290156036,7176.53
5828,10.368277153558052,6.61,3.758277153558052,36.247846174408394,7164.03
3987,10.996734006734007,8.65,2.346734006734007,21.340281626316965,7156.49
35862,19.99,13.6,6.389999999999999,31.965982991495746,7156.42
23191,14.99,9.93,5.0600000000000005,33.755837224816545,7150.2300000000005
743,49.99,36.5,13.490000000000002,26.985397079415886,7148.570000000001
4737,12.800026385224275,7.91,4.8900263852242745,38.20325238445666,7148.4
2445,11.989999999999998,9.08,2.9099999999999984,24.27022518765637,7146.04
14930,13.727090909090908,5.93,7.797090909090908,56.8007523278454,7141.38
37656,19.99,13.51,6.479999999999999,32.416208104052025,7136.429999999999
2678,41.919411764705885,31.99,9.929411764705886,23.68690624868446,7131.3
2886,61.99,49.2,12.79,20.632360058073882,7128.85
5348,13.706346153846154,7.85,5.856346153846154,42.72725997221949,7128.79
4422,11.495882352941177,8.57,2.9258823529411764,25.451568336488766,7126.3
3805,15.083645484949834,11.19,3.8936454849498343,25.813689991818205,7119.28
5758,19.99,13.33,6.659999999999998,33.316658329164575,7116.44
8346,17.12235294117647,9.93,7.19235294117647,42.00563418991342,7102.86
3757,28.99,21.63,7.359999999999999,25.388064849948254,7102.55
24146,19.99,13.24,6.749999999999998,33.76688344172085,7096.45
809,19.746302521008403,13.13,6.616302521008402,33.50653882654341,7096.379999999999
3201,32.965609756097564,21.96,11.005609756097563,33.38512418706856,7081.84
8576,4.99,3.67,1.3200000000000003,26.45290581162325,7075.82
3591,17.99,13.48,4.509999999999998,25.06948304613673,7070.07
16828,12.99,8.66,4.33,33.33333333333333,7053.57
12775,9.99,6.8,3.1900000000000004,31.931931931931935,7052.9400000000005
22758,15.990000000000002,10.45,5.540000000000003,34.646654158849294,7051.59
2149,7.14748031496063,5.34,1.80748031496063,25.288356669934892,7047.13
8737,12.74886524822695,7.14,5.608865248226951,43.995015548595624,7042.48
39256,12.595015673981191,5.16,7.435015673981191,59.03141263524159,7040.4
4979,79.99,57.14,22.849999999999994,28.56607075884485,7039.12
3999,23.776324786324786,15.93,7.846324786324786,33.00057875571117,7023.049999999999
8072,41.940000000000005,24.99,16.950000000000006,40.41487839771102,7021.29
31541,21.07510638297872,13.15,7.92510638297872,37.604110930511936,7016.67
3373,19.296513409961683,13.86,5.436513409961684,28.173552882123897,7004.36
23218,9.99,6.7,3.29,32.932932932932935,6993.0
38898,29.989999999999995,20.13,9.859999999999996,32.877625875291756,6987.67
3747,6.99,5.18,1.8100000000000005,25.89413447782547,6983.01
34905,9.47421052631579,4.41,5.06421052631579,53.452585967446254,6980.21
3780,13.07219178082192,10.31,2.7621917808219187,21.130288073606007,6979.65
3045,10.162549019607845,7.8,2.3625490196078447,23.24760269347278,6965.150000000001
45496,9.039881235154395,5.29,3.749881235154395,41.48153208663642,6959.29
11915,29.99,19.6,10.389999999999997,34.64488162720906,6957.679999999999
3725,14.722851985559567,9.35,5.372851985559567,36.49328262506039,6952.25
21951,12.180031152647976,8.27,3.910031152647976,32.101979901733856,6949.27
24453,23.05382978723404,15.43,7.62382978723404,33.069688887248155,6934.99
8485,17.99,13.23,4.759999999999998,26.459143968871583,6926.15
2465,2.9900000000000007,2.15,0.8400000000000007,28.093645484949853,6924.84
2675,46.762727272727275,34.88,11.882727272727273,25.41068061198701,6920.52
4294,15.158091168091168,11.71,3.4480911680911674,22.747528893015488,6917.43
6651,12.901764705882353,7.79,5.111764705882353,39.620662928008024,6905.65
1727,21.989999999999995,17.05,4.939999999999994,22.46475670759434,6904.86
5346,49.99,36.22,13.770000000000003,27.54550910182037,6898.62
7198,10.095540897097626,7.4,2.695540897097626,26.70031179679108,6896.16
10626,10.99,7.53,3.46,31.48316651501365,6890.7300000000005
14363,20.960760233918126,13.51,7.4507602339181265,35.54623091323525,6888.71
42462,11.986676923076923,6.89,5.096676923076923,42.519515256682425,6882.93
599,24.511472392638037,17.03,7.481472392638036,30.52232959650795,6877.2
3760,17.99,12.49,5.499999999999998,30.57254030016675,6872.179999999999
2975,14.99,11.32,3.67,24.48298865910607,6865.42
3736,11.334186046511627,8.2,3.134186046511628,27.652502205716402,6841.96
23074,19.99,13.69,6.299999999999999,31.515757878939464,6836.58
31349,7.101753371868979,4.72,2.381753371868979,33.537539916599066,6836.35
18106,11.112507122507123,7.14,3.972507122507124,35.748072678048146,6823.86
3286,56.2321052631579,36.08,20.1521052631579,35.83736580526203,6814.79
1228,96.1764406779661,69.76,26.416440677966094,27.466644109255405,6814.29
1738,19.127583892617448,14.72,4.407583892617447,23.04307704183493,6806.44
14184,14.057226890756302,8.72,5.337226890756302,37.96785050304577,6801.16
12465,9.046872037914692,6.16,2.886872037914692,31.910167689075852,6799.53
17504,14.961428571428572,7.99,6.9714285714285715,46.596008784493456,6799.46
37401,8.884080996884736,5.26,3.624080996884736,40.79297563986128,6797.31
4878,6.635187601957586,4.92,1.7151876019575862,25.849873505483895,6794.2
42579,10.089125364431487,6.53,3.5591253644314866,35.27684745576595,6791.25
4664,37.70641791044776,27.77,9.936417910447762,26.352060102995257,6783.2
3343,12.99,9.46,3.5299999999999994,27.174749807544256,6780.78
2917,19.99,15.62,4.369999999999999,21.860930465232613,6776.61
2580,36.99,29.36,7.630000000000003,20.627196539605304,6769.17
3690,29.58340659340659,22.39,7.193406593406589,24.315680382156604,6759.71
6552,22.990000000000002,13.99,9.000000000000002,39.147455415398,6736.07
3107,65.99,47.47,18.519999999999996,28.064858311865432,6730.98
24456,15.025990338164252,8.21,6.8159903381642515,45.36133848597277,6729.88
2668,13.99,10.68,3.3100000000000005,23.65975696926376,6729.1900000000005
4626,21.64,11.19,10.450000000000001,48.29020332717191,6715.8
8018,8.444545454545455,4.6,3.8445454545454556,45.526967380772966,6711.94
8123,11.20183800623053,6.53,4.671838006230529,41.70599506645271,6696.0
1366,1.29,0.93,0.36,27.906976744186046,6692.52
3890,17.99,12.59,5.399999999999999,30.01667593107281,6692.28
4438,9.99,7.35,2.6400000000000006,26.42642642642643,6673.32
31454,8.321536388140162,4.79,3.531536388140162,42.43851403658225,6668.93
2926,27.99,21.87,6.119999999999997,21.864951768488737,6661.62
7977,10.49,7.49,3.0,28.59866539561487,6661.150000000001
3458,19.99,15.14,4.849999999999998,24.262131065532756,6656.669999999999
41711,5.094669887278583,3.22,1.8746698872785825,36.796690045799494,6652.89
3515,23.47888888888889,15.5,7.978888888888889,33.98324736169609,6642.16
2780,40.45341463414635,28.46,11.993414634146347,29.647471647604302,6640.360000000001
2121,10.843813559322033,7.8,3.0438135593220332,28.069585876505382,6634.88
3883,22.10462450592885,15.43,6.6746245059288505,30.19560230095109,6630.0
27830,17.06142857142857,10.95,6.111428571428572,35.82014569203718,6625.11
8370,9.27747433264887,5.71,3.56747433264887,38.453076826032,6624.84
25021,11.037619047619048,7.28,3.7576190476190474,34.0437464946719,6612.0
8393,56.99,34.81,22.18,38.919108615546584,6610.84
24086,12.99,7.14,5.8500000000000005,45.03464203233257,6598.92
8267,24.99,18.45,6.539999999999999,26.17046818727491,6597.36
27831,11.971250000000001,6.84,5.131250000000001,42.86310953325677,6595.49
41212,14.541650485436893,10.52,4.0216504854368935,27.6560799578045,6594.46
8032,7.99,5.26,2.7300000000000004,34.167709637046315,6583.76
39254,11.052295081967214,6.9,4.152295081967214,37.569527877897926,6583.03
46762,12.052068965517241,7.99,4.062068965517241,33.704328917627535,6582.54
13458,11.391840490797547,5.99,5.401840490797547,47.41850533424527,6573.25
9145,0.9900000000000001,0.75,0.2400000000000001,24.242424242424253,6570.63
5817,29.990000000000002,22.89,7.100000000000001,23.674558186062026,6567.8099999999995
7159,8.016894865525673,4.72,3.2968948655256733,41.124337051032214,6561.81
62,40.474848484848486,28.67,11.804848484848485,29.16588678341207,6552.38
1760,25.99,19.69,6.299999999999997,24.240092343208914,6523.49
4796,16.929024390243903,12.31,4.6190243902439025,27.284646083360947,6518.15
6590,16.372456140350877,9.8,6.5724561403508766,40.14337301629823,6516.0199999999995
33682,18.049760956175298,10.88,7.169760956175297,39.72219340512836,6515.4
16318,12.014999999999999,7.79,4.224999999999999,35.16437786100707,6507.58
6319,13.20774193548387,6.72,6.487741935483871,49.12075029308324,6506.03
46458,15.299527272727273,7.71,7.589527272727273,49.606286112226876,6503.85
32649,12.284670846394985,5.13,7.154670846394985,58.2406393777703,6498.6900000000005
3763,29.782746113989635,20.28,9.502746113989634,31.906883527862384,6489.82
1112,46.99,34.91,12.080000000000005,25.707597361140678,6484.62
16931,165.99,109.93,56.06,33.77311886258209,6473.610000000001
8673,10.995249343832022,7.87,3.1252493438320217,28.423633208329065,6468.12
5815,23.496726457399102,15.71,7.7867264573991015,33.13962254068403,6459.25
6681,23.99,15.89,8.099999999999998,33.764068361817415,6453.3099999999995
3486,12.989999999999998,9.84,3.1499999999999986,24.24942263279445,6443.04
3847,3.99,2.81,1.1800000000000002,29.573934837092736,6431.88
4382,17.60607142857143,10.44,7.1660714285714295,40.70227397204699,6428.37
39479,9.819545454545455,5.29,4.529545454545455,46.127852613063006,6425.43
33143,9.906230366492148,6.2,3.7062303664921474,37.413125168464504,6404.53
3794,39.74912408759124,27.77,11.979124087591241,30.13682530763199,6399.39
1282,29.363737373737372,18.7,10.663737373737373,36.31600854486224,6393.82
25832,11.048219178082192,6.53,4.518219178082192,40.895452065664834,6376.22
38181,6.0530252100840345,3.97,2.0830252100840343,34.412961086199005,6375.46
45848,13.237611336032389,6.63,6.607611336032389,49.915435408249714,6371.2
3607,0.9899999999999999,0.72,0.2699999999999999,27.272727272727266,6362.7300000000005
10296,15.9290756302521,9.73,6.1990756302521,38.916731730992424,6360.51
10264,29.990000000000002,19.6,10.39,34.64488162720907,6357.88
4410,9.99,7.93,2.0600000000000005,20.620620620620624,6353.64
904,17.99,12.22,5.769999999999998,32.07337409672039,6350.469999999999
2438,72.99,54.26,18.729999999999997,25.661049458829975,6350.129999999999
27596,7.9038297872340415,5.16,2.7438297872340414,34.71519328093032,6344.2699999999995
1875,30.700982658959536,20.71,9.990982658959535,32.54287580936385,6337.94
4701,17.797860262008733,12.68,5.117860262008733,28.755480640182935,6326.45
23595,16.24531914893617,9.93,6.315319148936169,38.87470040469922,6324.099999999999
8395,61.99000000000001,37.31,24.680000000000007,39.812873044039364,6322.9800000000005
34439,13.89,8.38,5.51,39.66882649388049,6317.46
41713,5.07453237410072,3.22,1.8545323741007196,36.5458772825224,6313.51
44145,9.027593984962406,5.8,3.2275939849624065,35.75253816619055,6312.01
2954,52.93565217391304,35.87,17.065652173913044,32.2384847887509,6299.81
18107,6.157395264116575,3.22,2.937395264116575,47.70516002496738,6291.88
21254,21.99,14.28,7.709999999999999,35.06139154160982,6289.139999999999
15549,39.99,27.58,12.410000000000004,31.032758189547394,6278.43
6984,19.529682539682536,10.96,8.569682539682535,43.880296171070476,6276.7699999999995
34175,11.969166666666666,6.49,5.479166666666666,45.77734456589849,6269.37
3989,18.99,11.93,7.059999999999999,37.17746182201158,6266.7
25808,11.99,7.84,4.15,34.61217681401168,6258.78
18868,15.790000000000001,9.33,6.460000000000001,40.911969601013304,6258.03
2686,38.15107382550336,26.8,11.35107382550336,29.75296023755786,6254.360000000001
24612,14.099243697478991,5.82,8.279243697478991,58.72119012283869,6251.57
27042,10.109760479041915,6.53,3.579760479041915,35.40895441057138,6245.82
1295,3.99,2.89,1.1,27.56892230576441,6240.360000000001
3221,11.084922737306844,7.93,3.154922737306844,28.46138680505908,6238.36
3420,10.098359133126936,7.93,2.168359133126936,21.472390757165595,6236.8
79,14.99,9.62,5.370000000000001,35.82388258839227,6235.84
3410,16.99,12.31,4.679999999999998,27.545615067686864,6235.33
6402,46.40525423728814,29.62,16.78525423728814,36.17102096124417,6223.66
8361,14.99,10.06,4.93,32.88859239492995,6220.85
8837,5.99,4.13,1.8600000000000003,31.051752921535897,6217.62
20216,9.99,6.57,3.42,34.234234234234236,6213.78
27813,14.112866894197952,9.45,4.662866894197952,33.03982762081416,6212.59
8173,22.56407407407407,14.28,8.284074074074072,36.71355645651067,6200.25
11196,9.99,5.88,4.11,41.14114114114114,6193.8
3703,5.99,4.64,1.3500000000000005,22.537562604340575,6193.66
3462,17.99,13.07,4.919999999999998,27.348526959421893,6188.5599999999995
3257,6.865187969924812,4.5,2.365187969924812,34.45190401612144,6177.97
5148,22.5173631840796,14.17,8.3473631840796,37.07078451344346,6172.25
17707,9.980184049079755,4.62,5.360184049079755,53.70826853212194,6160.63
16129,38.04263157894737,25.33,12.712631578947374,33.41680386270252,6158.38
4149,1.49,1.16,0.33000000000000007,22.147651006711413,6158.17
17175,10.950992907801417,5.2,5.750992907801417,52.5157212338659,6146.31
7374,10.008817204301076,6.86,3.148817204301076,31.460432736726762,6145.87
6096,17.159064748201438,12.77,4.389064748201438,25.578694483692573,6137.419999999999
2879,30.076705202312137,22.21,7.866705202312136,26.155475306874326,6135.96
1355,3.4900000000000007,2.59,0.9000000000000008,25.787965616045867,6121.46
2826,37.115,29.59,7.525000000000002,20.274821500740945,6121.35
24686,7.989999999999999,5.51,2.4799999999999995,31.03879849812265,6120.34
22019,18.831052631578945,9.73,9.101052631578945,48.33002599290086,6118.5199999999995
3498,21.33358974358974,14.72,6.61358974358974,31.000829316955315,6114.09
4889,14.72913043478261,9.59,5.13913043478261,34.890928948844355,6106.85
37842,11.99,7.74,4.25,35.446205170975816,6102.91
8131,17.99,10.38,7.609999999999998,42.30127848804891,6098.61
825,41.99,29.99,12.000000000000004,28.578232912598246,6088.55
22963,25.140375939849623,16.55,8.590375939849622,34.16963994652581,6083.58
15232,45.57823529411765,29.99,15.588235294117649,34.20105055302454,6078.66
3783,1.99,1.5,0.49,24.623115577889447,6069.5
8823,7.881213389121339,5.42,2.4612133891213395,31.22886372444402,6060.31
1890,59.99,41.66,18.330000000000005,30.555092515419247,6058.99
1862,25.989999999999995,19.22,6.769999999999996,26.048480184686408,6055.67
32054,14.574615384615386,7.09,7.4846153846153864,51.35377632342851,6049.84
3139,23.99,17.64,6.349999999999998,26.46936223426427,6045.48
4550,12.989999999999998,9.92,3.0699999999999985,23.63356428021554,6040.35
2368,140.2930303030303,108.52,31.773030303030296,22.647618512766567,6029.570000000001
3915,14.413312883435582,9.48,4.9333128834355815,34.22747374828145,6027.8
5668,13.89,9.69,4.200000000000001,30.237580993520524,6017.67
8730,8.07174386920981,5.5,2.5717438692098096,31.861068820826855,6014.54
37826,7.072949308755761,4.66,2.4129493087557607,34.11517887974564,6010.52
28474,13.081286307053942,7.14,5.941286307053942,45.4182116926083,6005.4
2992,49.99,35.96,14.030000000000001,28.065613122624526,5998.8
2838,45.099243697479,35.43,9.669243697478997,21.439924275314397,5997.67
3314,29.650377358490566,19.28,10.370377358490565,34.975532463235055,5994.98
38946,9.15860465116279,5.59,3.56860465116279,38.96450154893098,5991.4400000000005
21308,11.077591240875913,7.38,3.697591240875913,33.37901860137188,5990.58
5676,1.99,1.42,0.5700000000000001,28.643216080402013,5987.91
1099,45.99,33.33,12.660000000000004,27.527723418134386,5978.7
43873,71.99,46.66,25.33,35.18544242255869,5975.17
5134,13.90726618705036,10.39,3.5172661870503603,25.290852564003085,5973.71
43590,17.441612903225806,10.2,7.241612903225807,41.519169949508964,5967.55
16441,21.017027027027027,10.96,10.057027027027026,47.85180612887876,5963.15
1725,18.982094861660077,14.17,4.812094861660077,25.3507049497446,5960.86
10443,13.767511961722487,6.5,7.267511961722487,52.78740255994106,5958.19
5146,19.793418803418803,14.17,5.623418803418803,28.410548269950723,5954.99
2183,19.168438661710034,14.61,4.558438661710035,23.780959639742367,5953.889999999999
859,24.522608695652174,17.29,7.232608695652175,29.493634977483076,5952.57
5694,11.424666666666667,7.74,3.6846666666666668,32.25185271634475,5944.78
5626,9.997109004739336,7.35,2.6471090047393364,26.478745040035275,5927.07
1867,2.9899999999999998,2.15,0.8399999999999999,28.093645484949832,5926.18
8016,8.372978723404255,4.79,3.5829787234042554,42.79216324041369,5916.96
43292,9.99,6.49,3.5,35.03503503503504,5914.08
8386,13.49,9.85,3.6400000000000006,26.982950333580437,5908.62
15355,18.14094890510949,9.12,9.02094890510949,49.72699582748229,5897.48
26181,10.331013824884792,4.57,5.761013824884792,55.76426401645084,5895.79
26744,11.99,6.42,5.57,46.45537948290242,5887.09
4176,13.202389380530972,8.02,5.182389380530973,39.25342020417328,5886.49
8609,10.088159509202455,7.63,2.4581595092024555,24.366778766336054,5884.15
3945,17.99,13.84,4.149999999999999,23.068371317398547,5882.73
8653,5.29,3.53,1.7600000000000002,33.270321361058606,5877.19
46830,9.684,5.91,3.773999999999999,38.97149938042131,5869.5
6396,7.79,5.12,2.67,34.27471116816431,5865.87
28890,14.99,9.99,5.0,33.3555703802535,5861.09
6285,9.99,6.62,3.37,33.733733733733736,5854.14
2026,18.99,14.61,4.379999999999999,23.064770932069507,5848.919999999999
19940,12.92040293040293,6.57,6.350402930402931,49.150192641901526,5838.47
8452,17.09041841004184,12.68,4.410418410041839,25.80638053571821,5836.58
31160,20.11658227848101,13.24,6.876582278481012,34.18365099640702,5835.099999999999
6553,13.730181268882177,7.74,5.990181268882177,43.62783820238565,5827.71
6586,10.99,6.7,4.29,39.03548680618744,5824.7
37433,9.99,4.32,5.67,56.75675675675676,5824.17
5042,14.140877192982456,10.68,3.4608771929824567,24.47427515104897,5818.89
3910,11.772178217821782,8.84,2.9321782178217823,24.907694766146058,5815.05
2694,52.78245283018868,37.31,15.47245283018868,29.31362981551187,5806.900000000001
21329,15.99,10.52,5.470000000000001,34.20888055034397,5804.37
19036,14.99,9.67,5.32,35.49032688458973,5801.13
37828,14.220769230769232,6.66,7.560769230769232,53.16709038784011,5800.89
24606,8.034943820224719,5.15,2.884943820224718,35.90496566961725,5800.76
2769,53.2,38.4,14.800000000000004,27.819548872180455,5796.91
2676,17.087345132743362,10.93,6.157345132743362,36.034533655813185,5789.61
18951,19.889328859060402,12.07,7.819328859060402,39.31419161737264,5787.09
3970,9.29,6.78,2.509999999999999,27.018299246501602,5778.379999999999
4804,17.235689655172415,12.14,5.095689655172414,29.56475636960197,5774.639999999999
2631,73.17840579710145,55.99,17.188405797101446,23.488357815226234,5773.21
40332,13.03296875,8.21,4.822968749999999,37.005910491421986,5772.57
11456,35.2321875,22.72,12.512187500000003,35.51351303406864,5772.360000000001
21032,23.912330097087377,15.12,8.792330097087378,36.76902276519811,5760.589999999999
2041,89.99,61.14,28.849999999999994,32.05911767974219,5759.36
26945,16.479247311827955,6.77,9.709247311827955,58.918026582798824,5750.469999999999
5525,27.463333333333335,18.24,9.223333333333336,33.584172836509296,5745.9
5805,14.10038961038961,11.1,3.000389610389611,21.278770965157086,5741.93
39750,10.28558232931727,5.13,5.15558232931727,50.124360140720235,5739.74
8232,8.16162471395881,6.24,1.9216247139588098,23.544634571009606,5734.97
23523,9.99,6.57,3.42,34.234234234234236,5724.27
10472,12.171818181818182,6.07,6.101818181818182,50.1307043095078,5718.33
21596,21.99,14.56,7.429999999999998,33.788085493406086,5717.4
28114,16.087222222222223,10.88,5.207222222222223,32.36868460130539,5716.44
5489,10.191923076923077,7.57,2.6219230769230766,25.725499075436808,5712.39
25649,9.99,6.84,3.1500000000000004,31.531531531531538,5704.29
22509,17.99,12.07,5.919999999999998,32.90717065036131,5702.83
3969,19.99,14.67,5.3199999999999985,26.613306653326656,5697.15
7340,18.99,14.72,4.269999999999998,22.48551869404949,5697.0
3663,13.99,10.76,3.2300000000000004,23.087919942816303,5693.93
1273,31.25,23.19,8.059999999999999,25.791999999999998,5690.179999999999
3305,12.207687074829932,8.65,3.557687074829932,29.143006804009964,5685.35
4416,9.99,7.68,2.3100000000000005,23.123123123123126,5684.31
3104,12.40111111111111,8.72,3.6811111111111092,29.68372009676551,5683.42
22801,12.99,6.57,6.42,49.42263279445727,5676.63
892,34.773783783783784,24.99,9.783783783783786,28.135516815246035,5663.37
3693,11.234791666666666,8.72,2.5147916666666656,22.383963506221367,5656.96
3335,10.99,8.14,2.8499999999999996,25.932666060054594,5648.86
32084,31.041282051282053,18.91,12.131282051282053,39.08112439183552,5637.21
17875,7.99,5.44,2.55,31.914893617021274,5632.95
8725,17.755151515151514,11.84,5.915151515151514,33.31512834516657,5630.83
2630,37.99,29.91,8.080000000000002,21.26875493550935,5622.52
8092,2.29,1.7,0.5900000000000001,25.764192139737997,5621.95
4732,93.61745098039215,69.76,23.857450980392144,25.483978393503797,5619.4
5285,8.359941060903733,6.24,2.1199410609037326,25.35832544104756,5613.389999999999
6828,10.049649122807018,6.62,3.4296491228070183,34.12705340153275,5611.41
463,33.99,24.63,9.360000000000003,27.53751103265667,5608.35
25994,17.94031055900621,11.72,6.22031055900621,34.672256862819765,5606.879999999999
8223,16.783296089385477,10.36,6.423296089385477,38.27195835177968,5598.639999999999
2083,39.99,31.49,8.500000000000004,21.255313828457123,5598.6
6529,34.99,23.17,11.82,33.78108030865962,5598.400000000001
6581,15.94067264573991,7.86,8.08067264573991,50.69216855098922,5597.48
5218,13.99,10.68,3.3100000000000005,23.65975696926376,5596.0
26966,9.99,6.53,3.46,34.63463463463463,5594.4
15548,8.99,6.07,2.92,32.48053392658509,5591.78
4787,22.60951219512195,15.03,7.579512195121952,33.52355473090325,5585.53
2280,36.99,27.4,9.590000000000003,25.925925925925934,5585.490000000001
3617,21.99,15.82,6.169999999999998,28.058208276489303,5585.46
2759,13.99,10.14,3.8499999999999996,27.519656897784127,5582.01
38441,11.885470383275262,6.7,5.185470383275262,43.628650916265286,5575.3
8120,8.99,7.08,1.9100000000000001,21.24582869855395,5573.8
3437,18.036332046332046,13.84,4.196332046332046,23.265994635452678,5572.91
23279,24.99,16.44,8.549999999999997,34.21368547418967,5572.7699999999995
810,13.291694915254238,7.19,6.101694915254238,45.90607107790005,5557.83
63,42.3077570093458,30.46,11.847757009345798,28.00374646835715,5552.6900000000005
28260,9.547522123893806,5.19,4.357522123893806,45.64034591748774,5550.16
13154,12.09931174089069,7.79,4.309311740890689,35.61617249952319,5545.42
43225,33.67103448275862,18.29,15.381034482758622,45.68031460582103,5545.35
6567,12.283103448275861,6.12,6.163103448275861,50.17545829707195,5542.41
5410,9.585873786407767,6.15,3.4358737864077664,35.84309435911459,5541.22
8050,17.99,12.77,5.219999999999999,29.01612006670372,5540.919999999999
6572,17.99,11.76,6.229999999999999,34.63035019455252,5540.919999999999
12495,8.356754617414248,4.66,3.696754617414248,44.23672569864328,5539.37
2532,134.99,96.89,38.10000000000001,28.224312912067568,5534.59
23047,230.49,149.67,80.82000000000002,35.06442795782898,5531.76
8970,11.580551181102363,7.99,3.590551181102363,31.005011116928333,5527.2
6293,9.99,5.91,4.08,40.84084084084084,5514.4800000000005
5316,2.29,1.83,0.45999999999999996,20.087336244541483,5514.32
2142,14.907241379310346,10.38,4.527241379310345,30.369410839443916,5501.31
41990,54.99,35.48,19.510000000000005,35.47917803236953,5499.0
26943,49.99,33.11,16.880000000000003,33.766753350670136,5498.9
3174,33.89756302521008,21.73,12.167563025210082,35.89509669518395,5498.38
4064,12.99,9.41,3.58,27.559661277906084,5494.77
2606,112.47780487804879,79.36,33.11780487804879,29.443857758387026,5491.51
13278,29.99,19.86,10.129999999999999,33.777925975325104,5488.17
14054,8.99,6.07,2.92,32.48053392658509,5483.9
38681,16.99,11.03,5.959999999999999,35.07945850500294,5470.78
6933,10.846187290969901,5.26,5.586187290969901,51.50369564077817,5469.91
44717,16.92121693121693,9.08,7.841216931216929,46.33955680073542,5468.759999999999
3981,11.99,9.37,2.620000000000001,21.85154295246039,5467.4400000000005
26821,10.03923076923077,4.93,5.10923076923077,50.89265190406865,5446.58
3959,29.276585365853656,18.24,11.036585365853657,37.69765233183931,5446.139999999999
1781,53.71093023255814,37.59,16.120930232558138,30.014245075923217,5444.0
25373,12.983630573248409,7.74,5.243630573248408,40.38647390393588,5428.82
28548,16.18718309859155,11.03,5.157183098591551,31.85966988314525,5426.64
25711,16.165824175824174,9.73,6.435824175824173,39.811296385673195,5420.63
21277,19.99,13.79,6.199999999999999,31.015507753876935,5417.29
25934,8.067151335311573,5.15,2.917151335311573,36.16086043338005,5413.27
3921,26.66977528089887,17.9,8.769775280898873,32.882824052814065,5412.969999999999
10579,11.163431734317344,6.62,4.543431734317344,40.69923875066523,5410.16
2254,14.410074349442379,10.31,4.100074349442378,28.45283271977731,5403.25
159,41.13953271028038,27.99,13.14953271028038,31.96325248243385,5402.6900000000005
2964,224.99,166.66,58.33000000000001,25.92559669318637,5399.76
23712,10.116888217522659,6.8,3.316888217522659,32.78565648059391,5388.68
46985,23.034776119402984,15.75,7.284776119402984,31.62512230048013,5385.66
4270,19.263684210526314,12.97,6.2936842105263135,32.671238490751605,5380.219999999999
16394,17.99,9.03,8.959999999999999,49.80544747081712,5379.009999999999
2521,94.40176470588234,69.22,25.181764705882344,26.675099543253793,5374.429999999999
4320,52.169487179487184,36.02,16.14948717948718,30.955809712917954,5373.97
39708,8.957105263157894,4.72,4.237105263157894,47.30440403090754,5362.02
3425,23.45341463414634,15.55,7.9034146341463405,33.69835376823802,5329.73
3457,38.826206896551724,22.38,16.446206896551725,42.35852072897794,5323.63
8606,0.99,0.73,0.26,26.262626262626267,5315.31
8448,10.782270531400965,7.51,3.272270531400965,30.348622044598166,5304.08
23076,13.99,9.08,4.91,35.09649749821301,5302.21
38178,6.077591240875912,4.13,1.9475912408759122,32.04544635672507,5293.26
419,21.805789473684207,15.99,5.815789473684207,26.670850329463434,5287.58
2054,43.99,34.64,9.350000000000001,21.25483064332803,5278.8
4258,13.27,7.35,5.92,44.611906556141676,5270.03
22583,20.061428571428568,13.6,6.461428571428568,32.208217617318226,5269.37
8103,0.99,0.77,0.21999999999999997,22.22222222222222,5263.83
8420,42.643846153846155,31.0,11.643846153846155,27.304868589570148,5257.77
4178,9.99,7.46,2.5300000000000002,25.325325325325327,5244.75
6896,18.998648648648647,10.1,8.898648648648647,46.83832420513549,5236.139999999999
13258,12.62265306122449,6.49,6.13265306122449,48.5845014631938,5223.84
1515,14.102299465240643,10.14,3.9622994652406422,28.096832541437095,5221.36
5747,14.495535055350553,8.88,5.615535055350552,38.739756993500976,5220.4
1389,2.9900000000000007,2.18,0.8100000000000005,27.090301003344493,5217.55
8442,14.49,9.32,5.17,35.67977915804003,5216.4
19934,10.99,6.7,4.29,39.03548680618744,5209.26
3919,11.735231607629428,8.45,3.285231607629429,27.99460391982039,5208.06
33037,21.00785714285714,10.88,10.12785714285714,48.20985345618985,5206.509999999999
22079,9.99,4.59,5.4,54.054054054054056,5204.79
4278,11.99,9.52,2.4700000000000006,20.600500417014185,5203.66
2246,18.99,13.96,5.029999999999998,26.487625065824105,5203.259999999999
31356,79.99,54.41,25.58,31.978997374671835,5199.349999999999
24846,19.06741935483871,12.25,6.817419354838709,35.75428445752761,5198.28
43788,54.0525,34.01,20.042500000000004,37.07969104111744,5189.04
8658,36.05201550387597,24.28,11.77201550387597,32.65286375628668,5188.56
11499,28.096666666666668,18.24,9.85666666666667,35.08126705421759,5184.15
19302,11.99,7.43,4.5600000000000005,38.03169307756464,5179.68
44854,57.03255319148936,35.37,21.662553191489366,37.98278698615573,5174.1
31200,19.229999999999997,11.99,7.239999999999997,37.6495059802392,5173.3
13723,17.830579710144928,11.56,6.270579710144927,35.16755939559948,5173.099999999999
20064,469.99,315.43,154.56,32.885806080980444,5169.89
25846,22.01112676056338,12.05,9.961126760563378,45.25496067929791,5165.65
22194,11.096280193236714,7.48,3.6162801932367135,32.590022334159066,5158.35
29835,7.99,4.82,3.17,39.67459324155194,5153.55
14991,17.99,11.99,5.999999999999998,33.35186214563646,5145.139999999999
22584,18.19125786163522,11.91,6.281257861635218,34.52899139471928,5141.16
2902,47.31530120481928,37.0,10.315301204819278,21.801195262746457,5137.92
7986,29.86596899224806,22.38,7.485968992248061,25.06521383649431,5137.28
5333,14.576776859504132,8.65,5.926776859504132,40.65903537269176,5129.49
2045,37.99,30.39,7.600000000000001,20.00526454330087,5128.650000000001
23258,29.99,19.35,10.639999999999997,35.478492830943644,5128.29
20419,19.49,12.82,6.669999999999998,34.22267829656233,5125.87
1464,25.237058823529413,19.22,6.017058823529414,23.842155560217243,5123.969999999999
37840,7.989999999999999,5.4,2.589999999999999,32.41551939924905,5121.59
41970,15.93078947368421,8.81,7.12078947368421,44.69828369426962,5119.79
2658,16.157883211678833,12.49,3.6678832116788325,22.70027059626044,5118.83
1001,5.99,4.28,1.71,28.547579298831383,5109.47
5897,15.233636363636364,7.46,7.773636363636364,51.02942054066957,5106.65
16317,11.02061224489796,7.58,3.4406122448979595,31.219792226069888,5105.36
6950,34.64,23.52,11.120000000000001,32.10161662817552,5095.530000000001
8118,6.877884267631104,4.54,2.337884267631104,33.99132897065049,5087.59
513,31.36162162162162,23.01,8.351621621621618,26.630069460004474,5084.38
36750,7.074033613445379,4.79,2.284033613445379,32.28757082952211,5080.82
11238,20.278288288288287,13.24,7.038288288288287,34.7084930849575,5079.48
3476,22.22076923076923,15.5,6.720769230769228,30.245439124865847,5075.71
13141,11.087674418604651,7.18,3.9076744186046515,35.24340877152506,5075.42
8978,15.30404958677686,10.78,4.52404958677686,29.561127341653215,5074.68
11888,11.078709677419354,7.53,3.548709677419354,32.03179594689028,5072.41
37235,11.989999999999998,8.1,3.889999999999999,32.443703085904914,5071.77
4197,17.018169014084506,13.07,3.948169014084506,23.19972854198909,5069.0199999999995
7224,15.99,11.59,4.4,27.517198248905565,5068.83
5212,22.746906077348065,15.38,7.366906077348064,32.38640917713294,5064.78
31971,8.99,5.99,3.0,33.37041156840934,5052.38
42421,13.712488038277511,7.74,5.972488038277511,43.555101172053554,5050.32
7994,9.99,7.93,2.0600000000000005,20.620620620620624,5044.95
28579,7.99,3.24,4.75,59.44931163954944,5041.69
26285,76.6937037037037,45.45,31.2437037037037,40.73829036137015,5041.34
1657,69.99,51.46,18.529999999999994,26.475210744392047,5039.28
4280,23.99,18.74,5.25,21.88411838265944,5037.9
24286,25.422,14.83,10.592,41.66469986625757,5035.03
759,52.38759036144578,37.0,15.387590361445781,29.37258662839769,5027.04
5334,24.54172413793103,17.82,6.72172413793103,27.388964606370557,5026.95
757,18.100599078341013,13.95,4.150599078341013,22.930727653691733,5026.219999999999
32796,20.011857923497267,12.9,7.111857923497267,35.53821914329482,5023.49
37435,31.99,20.91,11.079999999999998,34.63582369490466,5022.429999999999
2433,131.99,91.9,40.09,30.37351314493522,5015.620000000001
1991,4999.99,3787.87,1212.12,24.24244848489697,4999.99
12203,9.99,6.84,3.1500000000000004,31.531531531531538,4995.0
41254,12.448823529411765,5.85,6.598823529411765,53.007607617067535,4990.63
42948,11.929163498098859,6.84,5.089163498098859,42.661528605169295,4989.82
2841,34.81142857142857,25.73,9.081428571428571,26.087491792514772,4983.570000000001
43450,16.99,11.33,5.659999999999998,33.313713949381984,4978.07
29407,16.085238095238097,10.33,5.755238095238097,35.77962639509755,4977.9
24664,9.99,6.62,3.37,33.733733733733736,4975.02
8599,5.99,4.44,1.5499999999999998,25.876460767946575,4971.7
5462,21.99,14.7,7.289999999999999,33.151432469304225,4969.74
31493,6.181988130563798,3.33,2.8519881305637975,46.13383381413409,4965.530000000001
8262,21.56894736842105,15.82,5.7489473684210495,26.65381518264561,4961.7
28580,24.05779661016949,14.83,9.22779661016949,38.356782043243314,4955.94
2644,78.45153846153845,58.13,20.321538461538445,25.903301401158956,4949.37
17814,35.147894736842105,23.64,11.507894736842104,32.741348587173,4948.59
16816,11.99568181818182,8.27,3.7256818181818208,31.058524847956665,4940.88
4767,29.709424460431652,19.28,10.429424460431651,35.10476776257321,4936.34
4250,43.13432989690721,27.77,15.364329896907211,35.61972547997982,4928.860000000001
8295,39.99,31.0,8.990000000000002,22.480620155038764,4918.77
3390,29.99,22.55,7.439999999999998,24.80826942314104,4918.36
27512,22.744285714285713,14.09,8.654285714285713,38.050373720243705,4917.83
4050,13.21292993630573,8.72,4.49292993630573,34.00403966390766,4910.28
26427,22.139532710280374,14.19,7.949532710280375,35.90650631297675,4909.78
5731,14.498333333333333,9.02,5.4783333333333335,37.7859524083228,4907.63
5270,1.99,1.55,0.43999999999999995,22.110552763819094,4907.34
12943,9.99,4.6,5.390000000000001,53.953953953953956,4905.09
2935,99.99,74.62,25.36999999999999,25.372537253725362,4899.51
13979,34.99,22.87,12.120000000000001,34.638468133752504,4898.6
8265,9.99,6.89,3.1000000000000005,31.031031031031038,4895.1
9388,25.68924812030075,17.14,8.54924812030075,33.27947972733684,4892.099999999999
5597,10.73927113702624,7.63,3.10927113702624,28.952347858191924,4891.4400000000005
13163,9.693947368421053,5.47,4.223947368421054,43.573037978119835,4882.92
5629,8.99,7.02,1.9700000000000006,21.913236929922142,4881.57
23271,7.989999999999999,5.36,2.629999999999999,32.916145181476836,4873.9
361,24.00840490797546,14.28,9.728404907975461,40.520829872973934,4867.98
1365,7.990000000000001,6.05,1.9400000000000013,24.28035043804757,4865.91
6861,5.99,4.13,1.8600000000000003,31.051752921535897,4863.88
2549,44.55,29.49,15.059999999999999,33.804713804713806,4859.91
6859,9.138698884758364,4.69,4.448698884758364,48.67978407930651,4857.69
17756,14.99,9.8,5.1899999999999995,34.62308205470313,4856.76
1817,22.067319587628862,16.79,5.277319587628863,23.914637963495014,4855.799999999999
6958,9.560469798657717,5.33,4.230469798657717,44.249601617398255,4846.9
17865,12.080666666666668,6.09,5.990666666666668,49.58887478615971,4839.65
758,39.99,28.77,11.220000000000002,28.057014253563395,4838.79
21129,18.01142857142857,11.56,6.45142857142857,35.818527918781726,4837.3099999999995
23307,11.99,6.62,5.37,44.78732276897415,4831.97
24205,10.49,6.81,3.6800000000000006,35.081029551954245,4825.4
4234,13.293135888501743,7.99,5.303135888501743,39.89379129937905,4822.36
8808,18.00923076923077,13.95,4.059230769230769,22.53972321886212,4807.33
28775,11.03982206405694,7.58,3.45982206405694,31.33947308191955,4800.65
2598,14.99,11.44,3.5500000000000007,23.68245496997999,4796.8
4075,23.77698224852071,15.87,7.906982248520711,33.25477626166224,4785.99
2145,17.99,12.68,5.309999999999999,29.516397998888266,4785.339999999999
17177,11.20969696969697,5.45,5.759696969696971,51.381379757785474,4784.64
16761,13.99,8.84,5.15,36.8120085775554,4784.58
6216,7.99,5.4,2.59,32.41551939924906,4778.02
17954,7.99,5.36,2.63,32.91614518147684,4778.02
4670,5.767365491651206,2.87,2.8973654916512057,50.237244298898865,4773.72
2722,21.99,17.59,4.399999999999999,20.009095043201448,4771.83
12747,6.149659090909091,3.28,2.869659090909091,46.6637101095774,4771.0
3731,17.99,13.38,4.609999999999998,25.62534741523067,4767.349999999999
6429,9.127931034482758,5.8,3.3279310344827584,36.45876619697027,4758.78
8500,8.906614420062695,6.28,2.626614420062695,29.49060435518669,4753.86
3367,10.902772585669782,7.57,3.3327725856697814,30.5681198014738,4753.64
2787,43.99,33.08,10.910000000000004,24.801091157081164,4750.92
37607,14.113456790123458,9.39,4.723456790123457,33.467752517079404,4747.63
25036,11.132259414225942,7.53,3.6022594142259416,32.35874479912501,4739.74
42413,13.046910569105691,5.84,7.206910569105691,55.238445384696874,4736.3
43245,9.99,6.59,3.4000000000000004,34.034034034034036,4735.26
942,64.715,45.45,19.265,29.76898709727266,4733.2699999999995
10895,20.087560975609755,13.51,6.577560975609755,32.7444480870336,4727.65
15922,11.310796460176991,7.82,3.490796460176991,30.8625168215817,4723.8
16814,12.028216560509554,8.1,3.9282165605095543,32.658345821661385,4718.07
4345,19.99,15.62,4.369999999999999,21.860930465232613,4717.639999999999
19545,7.99,5.29,2.7,33.79224030037547,4706.11
8379,11.99,7.63,4.36,36.36363636363637,4700.08
4303,8.06725321888412,5.83,2.2372532188841205,27.732527518128187,4696.18
6126,29.450869565217392,18.11,11.340869565217393,38.50775794617417,4686.41
44234,15.008987341772153,9.45,5.558987341772154,37.0377242327382,4677.89
8057,24.99,18.37,6.619999999999997,26.49059623849539,4673.13
39411,9.99,5.84,4.15,41.54154154154154,4665.33
2161,21.012727272727272,15.26,5.752727272727272,27.37734706238643,4663.78
8671,20.114293785310732,14.49,5.624293785310732,27.961676633251216,4659.679999999999
4522,14.711774193548386,10.06,4.651774193548386,31.619396357975283,4658.83
26817,9.082436974789916,5.47,3.612436974789916,39.773873298729654,4657.93
5767,14.127681159420291,10.36,3.7676811594202917,26.66878673792843,4656.7
4938,8.993667481662593,7.02,1.9736674816625932,21.94507953164548,4650.83
2602,59.58701492537313,43.84,15.74701492537313,26.42692362605295,4646.22
47014,13.99,8.16,5.83,41.67262330235883,4644.68
4283,19.746613756613755,13.84,5.906613756613755,29.912033675320387,4642.65
802,13.356037735849057,7.99,5.366037735849057,40.176868634071226,4642.53
3012,0.99,0.74,0.25,25.252525252525253,4638.15
3592,9.99,7.14,2.8500000000000005,28.528528528528536,4635.36
3039,18.021578947368422,13.38,4.641578947368421,25.75567302356824,4630.429999999999
2082,100.8008108108108,74.07,26.73081081081081,26.51844821068042,4629.54
22275,22.99,14.93,8.059999999999999,35.05872118312309,4620.99
12479,14.262058823529413,7.94,6.322058823529413,44.32781340867378,4619.69
4363,32.99,23.73,9.260000000000002,28.06911185207639,4618.6
25046,9.120909090909091,5.55,3.5709090909090913,39.15080235223762,4616.92
3237,25.943846153846152,18.17,7.773846153846151,29.96412369911346,4616.219999999999
37786,11.60965811965812,6.45,5.159658119658119,44.44280844860969,4615.7
2899,54.84507246376811,37.85,16.99507246376811,30.98741910678564,4609.16
2906,99.99,72.99,27.0,27.002700270027002,4599.54
2604,99.99,73.52,26.47,26.472647264726472,4599.54
42420,7.068549848942598,4.6,2.4685498489425983,34.923002620005214,4595.4800000000005
3738,11.99,9.29,2.700000000000001,22.518765638031702,4592.17
4412,17.99,13.63,4.359999999999998,24.23568649249582,4587.45
37984,11.041643192488262,7.58,3.4616431924882622,31.350797450539353,4585.84
14004,12.99,8.9,4.09,31.48575827559661,4585.47
8101,1.99,1.47,0.52,26.13065326633166,4573.0199999999995
14008,13.518089887640452,8.1,5.418089887640452,40.08029191013292,4562.62
8922,7.989999999999999,5.4,2.589999999999999,32.41551939924905,4562.29
3388,9.74,6.97,2.7700000000000005,28.439425051334705,4562.27
8135,10.99,8.45,2.540000000000001,23.111919927206557,4560.85
3376,39.99,31.99,8.000000000000004,20.00500125031259,4558.860000000001
5027,15.385918367346939,7.51,7.875918367346939,51.18913398150973,4547.04
27145,10.472625482625482,6.03,4.442625482625481,42.421315361615676,4542.67
5826,9.72469387755102,6.86,2.8646938775510202,29.457933726469538,4540.34
3409,49.404634146341465,32.14,17.264634146341464,34.94537394043217,4539.08
2590,45.220769230769235,28.98,16.240769230769235,35.91440284416623,4531.0
3532,29.56664233576642,20.58,8.986642335766422,30.394531221069315,4526.469999999999
4736,2.99,2.14,0.8500000000000001,28.428093645484953,4523.87
2795,25.368378378378377,18.74,6.628378378378379,26.12850644023737,4522.219999999999
5149,33.39,23.19,10.2,30.54806828391734,4517.63
6312,9.99,6.75,3.24,32.432432432432435,4515.4800000000005
3020,12.286296296296298,7.99,4.296296296296298,34.968197027703255,4505.35
10051,59.99,38.7,21.29,35.48924820803467,4499.25
90011,144.99,94.76,50.230000000000004,34.64376853576109,4494.6900000000005
4404,7.682307692307693,4.32,3.3623076923076924,43.766896966055874,4494.64
376,28.99,18.97,10.02,34.56364263539152,4493.45
2672,2.29,1.8,0.49,21.397379912663755,4488.4
7969,14.994081632653062,9.03,5.964081632653063,39.77623824366077,4483.01
12123,6.164866310160427,3.37,2.794866310160427,45.33539203525237,4482.75
1880,72.32999999999998,46.71,25.619999999999983,35.42098714226461,4480.38
38635,17.017027027027027,11.48,5.537027027027026,32.53815733049568,4473.37
5457,1.99,1.54,0.44999999999999996,22.613065326633162,4471.53
22903,8.098695652173914,5.4,2.698695652173914,33.32259623127719,4464.46
37071,20.02623188405797,11.56,8.46623188405797,42.275710843024726,4457.7699999999995
8701,9.99,6.7,3.29,32.932932932932935,4455.54
37421,164.99,107.14,57.85000000000001,35.06273107461059,4454.7300000000005
4282,14.500548523206751,9.69,4.8105485232067515,33.17494173070712,4450.9400000000005
6273,9.433946188340807,4.66,4.7739461883408065,50.603915827300504,4449.2300000000005
2030,31.085238095238093,23.48,7.605238095238093,24.465754683742087,4447.57
12343,20.962677595628413,11.18,9.782677595628414,46.66711850621844,4443.87
37313,11.7478125,6.75,4.9978125,42.54249461335887,4432.2300000000005
4989,22.940819672131145,16.66,6.280819672131145,27.378357713003513,4424.07
24673,13.068534031413613,8.96,4.108534031413612,31.438369610070144,4414.62
40054,13.780055248618785,7.48,6.300055248618785,45.71865014293217,4413.81
854,15.990000000000002,11.67,4.320000000000002,27.016885553470928,4413.24
3547,2.79,2.2,0.5899999999999999,21.146953405017914,4410.99
43638,89.99,62.06,27.929999999999993,31.03678186465162,4409.51
1848,62.99,47.01,15.980000000000004,25.369106207334504,4409.3
3791,10.99,6.56,4.430000000000001,40.309372156505916,4406.99
12772,13.99,9.2,4.790000000000001,34.23874195854182,4406.85
1835,34.95116504854369,19.7,15.251165048543694,43.63564140812286,4402.7300000000005
24755,13.022258064516128,7.79,5.232258064516128,40.17934553741732,4402.64
1550,3.9900000000000007,2.91,1.0800000000000005,27.06766917293234,4400.97
870,26.99,17.64,9.349999999999998,34.64246017043349,4399.37
20255,13.94,9.65,4.289999999999999,30.774748923959823,4394.85
24788,13.99,9.45,4.540000000000001,32.4517512508935,4392.86
8154,24.228461538461538,16.05,8.178461538461537,33.75559577102581,4391.19
3743,11.241851851851852,8.02,3.221851851851852,28.659440582479494,4389.09
3918,44.755957446808516,33.07,11.685957446808516,26.110395382999062,4385.02
2772,62.49819672131148,46.15,16.34819672131148,26.15786947295529,4376.3
8744,17.99,12.32,5.669999999999998,31.517509727626454,4371.57
6448,10.484140625,6.03,4.454140625,42.4845562866532,4371.33
4249,14.36117903930131,10.39,3.97117903930131,27.65217973004613,4364.96
3315,0.99,0.74,0.25,25.252525252525253,4364.91
19947,13.829779005524863,8.72,5.109779005524862,36.94765479248479,4360.84
8273,26.51991452991453,17.05,9.46991452991453,35.70869174269941,4356.36
5977,23.45296296296296,16.42,7.032962962962959,29.987524280277295,4356.139999999999
2636,68.06692307692308,48.83,19.236923076923077,28.261778566343075,4355.36
2862,35.99,27.68,8.310000000000002,23.089747151986668,4354.79
934,35.99,26.08,9.910000000000004,27.535426507363166,4354.79
23356,21.99,14.47,7.519999999999998,34.19736243747157,4354.0199999999995
17041,8.138307692307693,5.26,2.8783076923076933,35.36739824949433,4352.79
13489,18.99,12.83,6.159999999999998,32.43812532912058,4348.71
7993,6.49,4.88,1.6100000000000003,24.807395993836675,4348.3
4362,7.99,6.05,1.9400000000000004,24.280350438047563,4346.5599999999995
178,29.110300751879695,20.76,8.350300751879693,28.685037722739782,4346.509999999999
40559,10.989999999999998,7.23,3.759999999999998,34.21292083712464,4341.05
680,19.99,13.86,6.129999999999999,30.66533266633316,4337.83
2148,8.764752475247525,5.96,2.8047524752475246,32.00036148389137,4336.05
5872,2.99,2.32,0.6700000000000004,22.408026755852852,4329.52
42122,9.965849056603775,4.53,5.435849056603774,54.544766087960774,4329.26
17967,14.1525,8.96,5.192499999999999,36.689630807277865,4328.93
8275,36.60290322580645,20.71,15.89290322580645,43.41978866474543,4328.820000000001
33683,18.116760563380282,10.38,7.736760563380281,42.70498876614138,4326.61
2034,28.99,21.32,7.669999999999998,26.457399103139007,4319.509999999999
1336,28.784871794871794,19.42,9.364871794871792,32.53400557629096,4317.49
38549,8.89990990990991,4.82,4.07990990990991,45.84214841733391,4317.16
46380,16.99,9.03,7.959999999999999,46.851088875809296,4315.46
14439,6.106161616161616,3.42,2.686161616161616,43.99100097599709,4309.4400000000005
31201,11.597954545454545,6.03,5.567954545454545,48.00807352393643,4304.32
5810,14.153934426229508,10.6,3.5539344262295085,25.109162719049333,4298.96
1556,19.81269503546099,14.84,4.9726950354609905,25.09852913276464,4296.83
2085,13.99,10.6,3.3900000000000006,24.231593995711226,4294.93
21864,23.188347107438016,15.23,7.958347107438016,34.32045876562394,4291.15
10453,9.99,5.29,4.7,47.047047047047045,4285.71
6081,1.99,1.46,0.53,26.633165829145728,4284.47
7991,9.99,7.24,2.75,27.52752752752753,4275.72
5255,12.99,9.35,3.6400000000000006,28.021555042340268,4273.71
28081,8.99,5.51,3.4800000000000004,38.70967741935484,4270.25
5833,69.99,50.77,19.21999999999999,27.461065866552353,4269.389999999999
5185,19.039723756906074,14.61,4.429723756906075,23.26569341794851,4265.759999999999
5375,19.898045977011492,14.72,5.178045977011491,26.022886784932375,4253.86
44072,13.137368421052631,7.23,5.907368421052631,44.966147189615796,4249.78
3925,51.81089552238806,37.87,13.940895522388061,26.907266091094773,4249.18
16179,49.99,34.24,15.75,31.50630126025205,4249.15
8905,11.99,7.84,4.15,34.61217681401168,4244.46
2035,20.137727272727272,14.28,5.8577272727272724,29.088323589824615,4243.889999999999
11440,14.99,9.14,5.85,39.026017344896594,4242.17
2123,79.99,57.96,22.029999999999994,27.540942617827223,4239.47
13940,22.55,10.45,12.100000000000001,53.65853658536586,4238.04
25186,12.99,8.66,4.33,33.33333333333333,4234.74
3086,56.175185185185185,35.03,21.145185185185184,37.64150508000765,4233.24
8036,11.99,8.27,3.7200000000000006,31.025854879065896,4232.47
34431,16.018571428571427,10.32,5.698571428571427,35.57477927405689,4227.36
33963,7.040251256281407,4.6,2.4402512562814076,34.661422830672166,4224.97
8097,13.748490566037736,9.44,4.308490566037737,31.33791702691205,4222.93
3183,19.99,13.7,6.289999999999999,31.465732866433214,4217.889999999999
37601,14.158224299065422,9.2,4.958224299065423,35.02009993861104,4217.02
23255,11.99,7.94,4.05,33.778148457047536,4208.49
3062,23.934444444444445,15.62,8.314444444444446,34.73840583074138,4208.26
14475,10.793191489361703,6.57,4.223191489361703,39.12829206749724,4208.1
14975,7.1117948717948725,4.07,3.041794871794872,42.77112777617537,4207.05
19926,10.04327868852459,6.53,3.513278688524589,34.98139200835727,4202.81
35103,10.102,6.7,3.402,33.67649970302911,4199.83
45322,8.99,4.66,4.33,48.16462736373748,4198.33
6278,14.289867549668873,7.55,6.739867549668873,47.16536053425527,4197.01
15356,9.99,6.45,3.54,35.43543543543544,4195.8
16328,4.733243243243243,2.75,1.9832432432432432,41.900302632330266,4192.05
19224,20.208181818181814,12.74,7.468181818181813,36.95622835035313,4189.92
40621,16.09738255033557,10.52,5.577382550335571,34.64776048463422,4189.4
26557,17.043030303030303,11.4,5.643030303030303,33.11048682479286,4187.54
23129,19.99,12.24,7.749999999999998,38.769384692346165,4177.91
45769,11.99,6.65,5.34,44.5371142618849,4172.52
8476,13.693463203463203,8.98,4.713463203463203,34.4212646094607,4154.47
2514,14.99,11.41,3.58,23.882588392261507,4152.2300000000005
2945,295.8233333333333,213.17,82.65333333333334,27.940099383641137,4149.860000000001
4513,45.056666666666665,35.15,9.906666666666666,21.987127321151142,4144.08
8694,10.99,7.99,3.0,27.2975432211101,4143.2300000000005
5566,14.990000000000002,11.44,3.5500000000000025,23.68245496998,4137.24
2245,36.91079207920792,26.66,10.250792079207923,27.771801962988103,4134.88
15824,18.486402877697838,10.73,7.7564028776978375,41.9573398297796,4128.7699999999995
4297,6.897725321888412,5.42,1.4777253218884123,21.42337151639217,4127.0
6478,9.09,4.72,4.37,48.07480748074808,4125.46
12111,15.989999999999998,10.73,5.259999999999998,32.89555972482801,4125.42
26250,24.20212121212121,13.63,10.572121212121209,43.68262235967295,4119.3099999999995
26755,15.47989898989899,9.67,5.80989898989899,37.53189212468434,4115.33
2607,21.99,17.18,4.809999999999999,21.87357889949977,4112.13
34429,16.99,11.72,5.269999999999998,31.018246027074742,4111.58
8520,16.99,12.3,4.689999999999998,27.6044732195409,4111.58
9037,16.413963133640554,11.93,4.483963133640554,27.31797980251725,4109.5
24552,9.99,6.7,3.29,32.932932932932935,4105.89
41530,9.985348837209301,5.84,4.145348837209301,41.51431166592915,4104.89
17432,15.900447761194028,10.34,5.560447761194029,34.970384763406635,4101.42
23257,13.99,9.33,4.66,33.30950679056469,4099.07
44337,13.030816326530612,8.44,4.590816326530613,35.230458410988085,4097.85
6356,7.79,5.16,2.63,33.761232349165596,4097.54
4343,10.09580204778157,6.47,3.62580204778157,35.913957411420284,4095.94
7872,44.99,25.5,19.490000000000002,43.32073794176484,4094.09
18742,21.27723404255319,11.25,10.02723404255319,47.126586202413925,4094.04
44340,13.002738853503185,8.84,4.1627388535031855,32.0143232929858,4093.85
38179,6.0464263322884015,4.13,1.9164263322884016,31.695190298681574,4089.23
5776,22.828028169014082,16.29,6.538028169014083,28.640354395078944,4088.2099999999996
46381,17.99,9.14,8.849999999999998,49.193996664813774,4083.7299999999996
6694,7.99,5.19,2.8,35.04380475594493,4082.89
6608,84.99,62.96,22.029999999999994,25.92069655253559,4079.52
6105,19.99,14.84,5.149999999999999,25.762881440720353,4077.9599999999996
2912,16.99,12.87,4.119999999999999,24.249558563861093,4077.5999999999995
5714,9.99,7.14,2.8500000000000005,28.528528528528536,4075.92
6742,19.04785123966942,12.49,6.55785123966942,34.42829932445038,4070.8599999999997
25603,17.99,11.4,6.589999999999998,36.63146192329071,4065.74
8113,17.99,11.1,6.889999999999999,38.29905503057254,4065.74
4882,7.79120481927711,4.7,3.0912048192771096,39.675568682635664,4065.37
24648,14.99,9.67,5.32,35.49032688458973,4062.29
36473,13.10904761904762,8.38,4.72904761904762,36.074684877765264,4061.9
24771,13.725099337748347,8.66,5.065099337748347,36.903917509855305,4061.04
15009,19.99,12.58,7.409999999999998,37.068534267133565,4057.97
20398,8.99,6.03,2.96,32.92547274749722,4054.49
1339,47.75666666666667,35.38,12.376666666666665,25.916102463879387,4053.15
5251,0.9899999999999999,0.72,0.2699999999999999,27.272727272727266,4047.12
16351,19.00785714285714,12.83,6.177857142857141,32.50159708391266,4046.87
5318,25.340364963503646,18.65,6.690364963503647,26.402007126335462,4046.3999999999996
26143,8.982592592592594,4.65,4.332592592592594,48.23320826289532,4044.52
8130,1.29,0.93,0.36,27.906976744186046,4035.12
3870,36.99,28.02,8.970000000000002,24.249797242497976,4031.9100000000003
2212,12.900377358490566,8.72,4.180377358490565,32.40507810214707,4030.81
26456,7.943488372093023,4.5,3.4434883720930234,43.34982580437392,4026.41
3947,50.254705882352944,34.84,15.41470588235294,30.673159083726425,4024.2000000000003
1876,154.365,106.61,47.75500000000001,30.93641693389046,4014.7400000000002
15428,13.534303797468356,7.94,5.594303797468355,41.3342561330328,4014.03
5253,17.721958762886597,11.84,5.8819587628865975,33.19022937354205,4009.74
3639,9.99,7.14,2.8500000000000005,28.528528528528536,4005.9900000000002
13968,13.838739495798318,8.38,5.4587394957983175,39.44535192280833,4005.11
15875,12.196896551724137,7.18,5.0168965517241375,41.132566226569786,4002.71
16758,13.99,8.55,5.4399999999999995,38.884917798427445,4001.14
2898,7.99,6.01,1.9800000000000004,24.78097622027535,3995.0
24592,8.903875598086124,4.69,4.2138755980861236,47.3263080965764,3993.4900000000002
4565,10.349315589353612,6.71,3.639315589353612,35.164794791815915,3986.65
44452,10.99,6.49,4.5,40.94631483166515,3978.38
31787,16.99,10.8,6.189999999999998,36.43319599764566,3975.66
3172,14.933661971830986,10.31,4.623661971830986,30.961340765262328,3969.33
8660,12.99,9.69,3.3000000000000007,25.40415704387991,3961.9500000000003
16320,10.654670658682635,5.84,4.814670658682635,45.18835741543165,3960.32
5739,1.9900000000000002,1.53,0.4600000000000002,23.11557788944724,3960.1
23230,13.99,9.39,4.6,32.88062902072909,3959.17
36100,29.99,20.54,9.45,31.510503501167054,3958.68
23383,16.99,11.48,5.509999999999998,32.4308416715715,3958.6699999999996
10062,8.99,6.03,2.96,32.92547274749722,3955.6
21233,11.816347305389222,7.53,4.286347305389222,36.27472343703283,3952.64
8621,6.29,4.59,1.7000000000000002,27.027027027027028,3950.12
10238,15.989999999999998,10.66,5.329999999999998,33.33333333333333,3949.53
450,24.99,19.52,5.469999999999999,21.888755502200876,3948.4199999999996
20968,9.111212121212121,5.8,3.3112121212121215,36.342169155552604,3947.64
3231,11.15326530612245,7.74,3.413265306122449,30.603282648075975,3945.4700000000003
2979,48.6131884057971,35.43,13.183188405797104,27.118543008845343,3944.19
4105,6.99,5.07,1.92,27.467811158798284,3942.36
3984,44.15867469879518,32.3,11.858674698795184,26.85468886845631,3926.11
1748,15.29396475770925,10.29,5.003964757709252,32.718558182807996,3923.43
2008,20.85754966887417,16.66,4.197549668874171,20.12484560992414,3919.12
4764,20.105107913669062,14.81,5.295107913669062,26.33712754194681,3918.0499999999997
39410,9.99,6.12,3.87,38.73873873873874,3916.08
27368,21.113456790123454,14.38,6.733456790123453,31.891778106526164,3914.14
1226,27.476725663716813,19.99,7.486725663716815,27.247517609432926,3910.58
2859,20.127499999999998,12.94,7.187499999999998,35.70984970811079,3902.06
14250,10.234186046511628,6.62,3.6141860465116276,35.31483627604699,3900.18
6980,19.99,13.96,6.029999999999998,30.16508254127063,3898.0499999999997
23692,19.99,12.66,7.329999999999998,36.668334167083536,3898.0499999999997
5215,12.989999999999998,9.41,3.5799999999999983,27.559661277906073,3897.0
6206,12.755625,8.02,4.735625000000001,37.12577784310844,3894.94
5330,17.745102040816324,11.42,6.325102040816324,35.644213407551376,3889.8099999999995
14690,9.990000000000002,6.84,3.150000000000002,31.53153153153155,3886.11
41251,6.89625,3.39,3.50625,50.84284937466014,3883.37
33873,6.49,4.48,2.01,30.97072419106317,3881.02
23521,10.99,7.43,3.5600000000000005,32.39308462238399,3879.4700000000003
5228,8.99,7.02,1.9700000000000006,21.913236929922142,3874.69
43365,13.669775280898877,6.89,6.779775280898877,49.596830537312705,3871.14
8172,0.99,0.71,0.28,28.282828282828287,3869.91
32367,7.030983606557377,3.94,3.090983606557377,43.962321341136416,3869.51
37541,52.99,19.17,33.82,63.82336289866012,3868.27
32988,6.1257400722021655,3.26,2.8657400722021658,46.7819404418828,3866.29
2946,80.47780487804877,62.01,18.467804878048774,22.947699562672934,3859.52
5773,19.99,15.26,4.729999999999999,23.661830915457724,3858.0699999999997
37312,15.495494505494504,7.99,7.505494505494504,48.43662461261337,3856.51
8124,11.183548387096774,6.75,4.433548387096774,39.64348553462747,3853.53
41405,14.989999999999998,9.8,5.189999999999998,34.623082054703126,3852.43
7293,8.83848484848485,5.96,2.8784848484848498,32.567627798539455,3851.65
5378,25.99,20.15,5.84,22.47018083878415,3846.52
16431,9.99,6.12,3.87,38.73873873873874,3846.15
46098,11.389999999999999,6.03,5.3599999999999985,47.05882352941176,3839.59
5075,20.44751633986928,15.03,5.417516339869282,26.494740240437025,3838.12
8654,5.29,3.55,1.7400000000000002,32.892249527410215,3835.25
42255,25.041020408163266,16.33,8.711020408163268,34.78700255091646,3829.47
19821,17.06913669064748,10.32,6.749136690647479,39.540000252886045,3821.7599999999998
5137,9.112112211221122,6.61,2.502112211221122,27.459190067258966,3818.81
13963,14.104583333333332,6.75,7.354583333333332,52.143215857729466,3817.26
21201,21.22076923076923,11.4,9.820769230769228,46.27904447747127,3814.2
19656,8.99,5.91,3.08,34.260289210233594,3811.76
27429,21.478721804511274,12.9,8.578721804511273,39.94056016270691,3802.2299999999996
5090,14.56943925233645,10.23,4.339439252336449,29.78453169802365,3800.39
6329,13.282682926829269,6.2,7.082682926829269,53.32268311941093,3797.12
1715,18.976754966887416,13.76,5.216754966887416,27.490237271810404,3795.9999999999995
4351,22.99,15.5,7.489999999999998,32.57938234014788,3793.35
36992,17.01439024390244,10.06,6.95439024390244,40.87357903639674,3791.77
896,23.99,18.6,5.389999999999997,22.46769487286368,3790.4199999999996
16843,6.170059523809523,3.44,2.730059523809523,44.246891189210565,3789.89
12110,17.643061224489795,10.45,7.193061224489796,40.76991590612023,3789.85
3727,1.9900000000000002,1.47,0.5200000000000002,26.130653266331667,3779.0099999999998
27867,9.016315789473685,4.72,4.296315789473685,47.650458233611594,3778.78
211,29.93444444444444,19.83,10.104444444444443,33.755242938272524,3772.74
19175,12.072125603864734,7.38,4.692125603864734,38.86743526229226,3769.87
58,12.99,9.28,3.710000000000001,28.560431100846813,3741.12
10242,21.99,15.17,6.8199999999999985,31.014097316962253,3738.2999999999997
26462,16.99,10.8,6.189999999999998,36.43319599764566,3737.7999999999997
3168,28.865,18.97,9.895,34.28027022345401,3736.71
25932,9.99,6.49,3.5,35.03503503503504,3736.26
4683,3.8162443438914027,2.96,0.8562443438914027,22.43683230771055,3732.63
8985,5.99,4.44,1.5499999999999998,25.876460767946575,3731.77
8252,20.49,16.01,4.479999999999997,21.864324060517312,3729.18
7718,5.942868852459016,3.68,2.262868852459016,38.077045087789465,3727.25
27801,45.99,31.29,14.700000000000003,31.963470319634705,3725.19
18641,13.632696629213482,6.01,7.622696629213483,55.91481154857374,3722.07
4702,25.739999999999995,16.66,9.079999999999995,35.27583527583526,3720.5499999999997
384,73.87888888888888,54.68,19.19888888888888,25.986975680919215,3719.5
18865,36.57666666666667,23.22,13.35666666666667,36.51690513077555,3714.98
2247,217.90666666666667,162.69,55.21666666666667,25.33959493361072,3714.83
2654,28.99,22.47,6.52,22.490513970334597,3710.72
6226,8.817586206896552,5.15,3.6675862068965515,41.59399319541668,3708.79
8237,99.99,74.62,25.36999999999999,25.372537253725362,3699.63
22914,32.32333333333334,19.86,12.463333333333338,38.55831700525937,3698.86
13341,19.99,13.24,6.749999999999998,33.76688344172085,3698.1499999999996
31083,31.905254237288137,18.66,13.245254237288137,41.51433534670981,3697.85
6735,9.99,6.53,3.46,34.63463463463463,3696.3
38348,14.102676056338028,9.26,4.8426760563380284,34.33870307303579,3695.38
35393,15.351344537815125,8.6,6.751344537815125,43.978848375036264,3687.61
19220,68.06142857142856,44.29,23.771428571428565,34.92643200470163,3686.4599999999996
25966,35.281666666666666,23.8,11.481666666666666,32.54286928999953,3680.96
35976,9.99,6.49,3.5,35.03503503503504,3676.32
41751,12.181256830601093,6.2,5.981256830601093,49.102132183727576,3671.93
1746,28.83158415841584,19.99,8.841584158415841,30.66631410135337,3667.73
3626,14.401214953271028,10.39,4.011214953271027,27.853309365123653,3665.46
3268,10.706981132075471,7.63,3.0769811320754714,28.738083070470683,3658.58
5458,17.451538461538462,12.79,4.661538461538463,26.711332481156614,3657.8999999999996
6670,12.605062761506277,7.24,5.365062761506277,42.56276119378214,3656.09
15230,49.99,32.46,17.53,35.06701340268054,3649.27
13949,56.99,39.03,17.96,31.514300754518338,3647.36
22569,20.95875,11.72,9.238749999999998,44.08063457982942,3646.2599999999998
2689,18.99,14.72,4.269999999999998,22.48551869404949,3646.08
23795,15.99,10.8,5.1899999999999995,32.457786116322694,3645.7200000000003
29128,5.99,3.97,2.02,33.7228714524207,3641.92
25522,5.99,4.1,1.8900000000000006,31.5525876460768,3641.92
10609,12.861165644171779,7.84,5.021165644171779,39.041295191211475,3641.17
13807,9.065829383886257,5.95,3.1158293838862567,34.36893914443591,3640.9700000000003
16326,4.742136752136752,2.64,2.102136752136752,44.328893534956656,3639.34
32090,19.99,11.68,8.309999999999999,41.570785392696344,3638.18
20446,9.99,6.7,3.29,32.932932932932935,3636.36
26091,9.611443298969073,6.2,3.411443298969073,35.49355900934239,3631.38
21859,13.107021276595743,8.49,4.617021276595743,35.22555719688975,3627.23
435,18.82435582822086,12.79,6.0343558282208605,32.05610796611882,3622.08
8674,8.143284671532847,5.22,2.923284671532847,35.89810241746816,3621.58
4044,12.891408450704224,9.62,3.271408450704225,25.376656578789238,3620.19
2116,39.70830985915493,27.33,12.378309859154932,31.173096772591684,3619.09
8455,16.99,10.88,6.109999999999998,35.9623307828134,3618.87
2270,76.96826086956521,54.34,22.62826086956521,29.399470137323675,3617.5299999999997
39717,10.128364779874214,4.9,5.228364779874214,51.621015766171354,3610.44
13792,9.047692307692309,6.16,2.8876923076923084,31.916340758374428,3609.01
42053,34.91,22.6,12.309999999999995,35.26210254941277,3607.95
30656,17.07849557522124,11.64,5.438495575221239,31.84411385222839,3601.89
4317,36.30111111111111,23.73,12.571111111111112,34.63010008876374,3600.01
2096,99.99,78.12,21.86999999999999,21.872187218721866,3599.64
8652,56.10111111111111,39.84,16.261111111111106,28.985363728189174,3599.36
6433,54.42396226415095,39.05,15.373962264150954,28.2485170585931,3599.34
6150,19.99,13.56,6.429999999999998,32.16608304152076,3598.2
19453,15.95551724137931,9.65,6.3055172413793095,39.519353374683924,3597.72
35471,7.99,3.35,4.640000000000001,58.07259073842304,3595.5
5962,24.443125,17.26,7.183124999999997,29.38709759901812,3585.5299999999997
31618,10.174971098265896,6.57,3.604971098265896,35.4297920205423,3584.48
4309,8.99,7.08,1.9100000000000001,21.24582869855395,3578.02
8929,12.989999999999998,5.8,7.189999999999999,55.35026943802925,3572.25
8689,10.064074074074075,6.49,3.5740740740740744,35.51319324329298,3571.46
18743,9.99,6.8,3.1900000000000004,31.931931931931935,3566.43
13614,19.054935064935062,11.68,7.3749350649350625,38.70354341173503,3561.1299999999997
23516,11.042356020942409,7.58,3.4623560209424085,31.35522903242631,3559.77
7985,9.99,7.46,2.5300000000000002,25.325325325325327,3556.44
34430,21.863684210526312,15.06,6.803684210526312,31.118653860041874,3550.3799999999997
2994,49.99,35.96,14.030000000000001,28.065613122624526,3549.29
1845,17.713404255319148,11.27,6.443404255319148,36.37586633514708,3544.0
8110,8.99,6.56,2.4300000000000006,27.030033370411576,3542.06
31384,26.050975609756094,17.44,8.610975609756093,33.054330627568824,3541.64
46060,13.990000000000002,8.49,5.500000000000002,39.31379556826305,3539.4700000000003
2830,13.99,10.44,3.5500000000000007,25.375268048606152,3539.4700000000003
32675,10.399090909090908,4.57,5.829090909090908,56.05385086108925,3535.57
29649,18.36142857142857,10.13,8.231428571428568,44.83000077802846,3535.0499999999997
3784,11.875714285714286,7.29,4.585714285714286,38.614218693612415,3533.02
19755,10.060796460176991,6.57,3.490796460176991,34.69701900832989,3532.4900000000002
19164,6.5284615384615385,3.99,2.5384615384615383,38.88299752562743,3531.53
5168,20.396451612903224,13.66,6.736451612903224,33.02756646475509,3529.2699999999995
5628,9.99,7.24,2.75,27.52752752752753,3526.4700000000003
1424,13.732857142857142,9.69,4.042857142857143,29.439300946634766,3526.41
17754,11.99,8.05,3.9399999999999995,32.860717264386984,3525.06
6535,11.99,7.14,4.8500000000000005,40.45037531276064,3525.06
15575,8.99,5.88,3.1100000000000003,34.59399332591769,3524.08
3218,14.462081218274113,10.23,4.2320812182741125,29.263293120816563,3523.56
7282,9.98122807017544,6.12,3.8612280701754402,38.68489972404339,3523.4700000000003
8496,15.052992125984252,11.62,3.432992125984253,22.80604478665921,3515.66
7279,8.624980988593155,4.63,3.994980988593155,46.318722254305946,3508.94
5836,25.268350515463915,19.08,6.188350515463917,24.490520311868888,3505.6099999999997
5195,7.798641975308643,4.72,3.078641975308643,39.476642023777494,3505.5
7996,6.49,4.48,2.01,30.97072419106317,3504.6
15138,23.99,15.58,8.409999999999998,35.05627344726969,3502.54
3662,11.99,8.75,3.24,27.022518765638033,3501.08
24503,69.99,47.29,22.699999999999996,32.43320474353479,3499.5
16669,12.99,8.55,4.4399999999999995,34.18013856812932,3494.31
17011,14.266923076923078,9.2,5.066923076923079,35.51517765676391,3493.55
3100,56.347142857142856,34.28,22.067142857142855,39.16284258296782,3488.38
16429,9.99,5.8,4.19,41.94194194194195,3486.51
4204,13.22076923076923,7.74,5.48076923076923,41.45575144004189,3477.29
3325,10.049859154929576,7.4,2.649859154929576,26.36712728088123,3475.54
21181,29.116760563380282,19.72,9.396760563380283,32.27268549647123,3473.81
44362,10.99,6.66,4.33,39.39945404913558,3472.84
20864,12.99,8.55,4.4399999999999995,34.18013856812932,3468.33
24605,7.99,5.29,2.7,33.79224030037547,3467.66
25419,14.99,9.33,5.66,37.758505670446965,3466.69
46621,24.922584269662917,15.48,9.442584269662916,37.8876611168968,3465.6099999999997
4228,24.043097345132743,14.7,9.343097345132744,38.85979086227902,3461.5699999999997
3758,23.082857142857144,14.59,8.492857142857144,36.79291991583117,3461.5
38369,15.797692307692309,9.0,6.797692307692309,43.02965379558845,3460.82
4677,46.803559322033905,34.61,12.193559322033906,26.052632531931163,3460.26
6173,7.99,5.51,2.4800000000000004,31.03879849812266,3459.67
31466,22.045045871559633,15.06,6.985045871559633,31.68533153551319,3458.43
23392,9.990000000000002,6.62,3.370000000000002,33.73373373373374,3456.54
1133,31.989999999999995,23.01,8.979999999999993,28.07127227258517,3454.92
1238,4.99,3.56,1.4300000000000002,28.65731462925852,3453.08
44233,10.048823529411765,6.84,3.208823529411765,31.93233038693438,3452.57
6224,16.99,12.22,4.769999999999998,28.075338434373148,3448.97
28682,11.49,5.34,6.15,53.52480417754569,3445.01
19191,11.916666666666666,6.53,5.386666666666666,45.20279720279719,3444.11
6168,7.99,5.92,2.0700000000000003,25.90738423028786,3443.69
13662,17.785384615384615,9.43,8.355384615384615,46.97893689719303,3442.29
1347,39.99,31.24,8.750000000000004,21.88047011752939,3439.1400000000003
18592,9.84792349726776,5.4,4.447923497267759,45.16610530638063,3438.48
5875,19.744601226993865,12.22,7.524601226993864,38.109664208900774,3438.2599999999998
41033,10.666470588235294,5.91,4.756470588235294,44.59273148403463,3435.78
40114,10.019761904761904,6.66,3.3597619047619034,33.53135470379963,3435.57
664,78.01777777777778,54.01,24.007777777777783,30.772188674945887,3435.56
8482,19.74,14.28,5.459999999999999,27.6595744680851,3434.2599999999998
644,27.214719101123592,20.76,6.45471910112359,23.71775022604257,3432.74
2466,46.99,29.62,17.37,36.965311768461376,3430.27
31070,25.666923076923077,12.98,12.686923076923076,49.429076632601074,3426.6499999999996
7262,5.49,3.59,1.9000000000000004,34.60837887067395,3425.76
25716,45.033478260869565,25.8,19.233478260869564,42.70928874170907,3421.2400000000002
7537,89.99,70.86,19.129999999999995,21.25791754639404,3419.62
4091,29.75086956521739,21.7,8.05086956521739,27.06095547079369,3416.85
16877,10.634444444444444,6.16,4.474444444444444,42.07501828440079,3413.79
294,8.49,6.79,1.7000000000000002,20.023557126030624,3412.98
40053,10.530697674418604,5.99,4.540697674418604,43.11867850359966,3412.7400000000002
8637,18.71972972972973,13.48,5.239729729729728,27.990413352006115,3412.18
18642,13.802947976878611,5.81,7.992947976878612,57.907542579075425,3409.26
12505,9.99,6.16,3.83,38.33833833833834,3406.59
3755,18.973606557377046,12.02,6.9536065573770465,36.64883919854154,3402.21
26530,7.11313432835821,4.72,2.39313432835821,33.64387930672711,3398.25
15743,16.120434782608694,10.38,5.740434782608693,35.60967715834613,3396.89
35578,9.99,4.57,5.42,54.25425425425425,3396.6
45535,10.99,6.57,4.42,40.21838034576888,3395.91
17377,14.99,10.13,4.859999999999999,32.4216144096064,3387.74
17163,11.886969696969699,7.09,4.796969696969699,40.354857623575604,3385.16
8780,15.865739644970414,10.13,5.735739644970414,36.151731802738205,3382.87
8171,0.99,0.71,0.28,28.282828282828287,3377.88
23889,7.192846975088968,4.82,2.372846975088968,32.988981738480796,3376.28
14279,8.251410788381744,5.22,3.031410788381744,36.738090808059994,3366.92
4898,39.99,29.84,10.150000000000002,25.38134533633409,3359.1600000000003
45885,19.99,12.98,7.009999999999998,35.067533766883436,3358.3199999999997
4833,14.989999999999998,10.78,4.209999999999999,28.085390260173448,3357.76
33348,14.17,7.23,6.9399999999999995,48.97671136203246,3356.63
6995,6.99,4.79,2.2,31.47353361945637,3355.2
44081,21.262727272727272,10.96,10.302727272727271,48.45440164179742,3353.43
33579,16.099375,10.52,5.579374999999999,34.655848441321474,3352.92
31497,11.056666666666667,7.28,3.7766666666666664,34.15737111848055,3348.97
33039,21.05896551724138,10.32,10.738965517241379,50.99474382276367,3344.3999999999996
8191,18.595263157894735,14.45,4.145263157894735,22.292038153462958,3344.2
4239,21.99,15.14,6.849999999999998,31.150522964984077,3342.4799999999996
515,38.83615384615384,25.36,13.476153846153842,34.70002178778695,3334.1400000000003
5741,14.778819875776398,9.77,5.008819875776398,33.8918798515586,3332.75
2822,30.020927835051545,23.25,6.770927835051545,22.554025885722325,3331.89
5202,13.934444444444443,10.31,3.6244444444444426,26.010684953352992,3331.61
28262,9.45987951807229,5.15,4.3098795180722895,45.5595603499879,3326.48
21232,9.99,6.62,3.37,33.733733733733736,3306.69
44035,9.99,6.84,3.1500000000000004,31.531531531531538,3306.69
33982,16.039586776859505,10.8,5.239586776859504,32.666594531093004,3299.94
8847,5.99,3.97,2.02,33.7228714524207,3294.5
24101,7.99,5.36,2.63,32.91614518147684,3291.88
23049,9.116506024096386,6.12,2.9965060240963863,32.869018198157725,3283.38
26787,11.641079136690648,6.86,4.781079136690647,41.070755387458206,3281.69
5780,14.894761904761905,10.44,4.454761904761906,29.908245148502193,3275.8
8788,1.99,1.53,0.45999999999999996,23.115577889447234,3271.56
13052,9.661122994652407,5.47,4.191122994652408,43.38132323718748,3268.59
31320,8.405841584158416,4.69,3.715841584158416,44.20546767335304,3262.12
8475,1.79,1.23,0.56,31.28491620111732,3261.38
22344,15.040847457627118,9.99,5.050847457627118,33.58087017274991,3258.83
27361,9.047971014492754,5.99,3.057971014492754,33.797312232704904,3257.39
3235,17.99,12.4,5.589999999999998,31.072818232351295,3256.1899999999996
2047,34.99,25.36,9.630000000000003,27.52214918548157,3254.07
40051,7.99,4.54,3.45,43.178973717146434,3251.93
38542,11.126752136752136,7.18,3.9467521367521368,35.47083720608682,3249.08
16829,13.99,9.52,4.470000000000001,31.95139385275197,3245.68
5128,13.142284263959391,8.98,4.162284263959391,31.670934674376117,3245.53
33965,21.087560975609755,13.72,7.367560975609754,34.937947466429165,3243.46
24650,111.865,77.23,34.63499999999999,30.96142671970678,3241.71
21287,22.99,15.43,7.559999999999999,32.88386254893432,3241.5899999999997
6946,9.9275,4.79,5.1375,51.75018886930244,3240.73
90089,119.98999999999998,77.92,42.06999999999998,35.061255104592036,3239.7300000000005
12368,11.99,7.09,4.9,40.867389491242704,3237.3
39357,20.966,11.33,9.636000000000001,45.9601259181532,3234.4399999999996
1744,22.139999999999997,17.05,5.089999999999996,22.99006323396566,3231.54
46734,12.07876712328767,6.84,5.238767123287671,43.37170399773178,3226.19
47090,23.99,15.58,8.409999999999998,35.05627344726969,3214.66
5230,15.99,9.92,6.07,37.961225766103816,3213.9900000000002
36262,16.99,11.18,5.809999999999999,34.19658622719246,3211.1099999999997
23973,16.99,10.38,6.609999999999998,38.905238375515,3211.1099999999997
2258,15.57974358974359,9.77,5.80974358974359,37.29036717631375,3208.93
44148,6.99,4.66,2.33,33.33333333333333,3208.41
18857,5.99,4.02,1.9700000000000006,32.88814691151921,3204.65
426,7.99,6.29,1.7000000000000002,21.276595744680854,3203.9900000000002
43553,8.99,6.03,2.96,32.92547274749722,3200.44
12227,15.109047619047619,8.44,6.669047619047619,44.139430804626684,3199.86
2333,49.99,39.05,10.940000000000005,21.884376875375082,3199.36
34504,15.043097345132745,9.45,5.593097345132746,37.180490272785576,3198.87
38528,39.00960784313725,25.48,13.529607843137253,34.68275789272627,3198.1800000000003
32479,10.99,6.75,4.24,38.58052775250228,3198.09
6015,22.99,16.42,6.569999999999997,28.577642453240525,3195.6099999999997
5259,16.99,13.38,3.6099999999999977,21.24779281930546,3194.12
17748,4.811608040201005,2.75,2.061608040201005,42.84654990548402,3193.35
5130,19.467272727272725,13.17,6.297272727272725,32.347996637713635,3186.3199999999997
5740,19.560469798657717,14.05,5.5104697986577165,28.171459353373287,3184.37
6157,7.99,6.01,1.9800000000000004,24.78097622027535,3180.02
5771,29.99,22.38,7.609999999999999,25.37512504168056,3178.94
6193,19.99,13.23,6.759999999999998,33.816908454227104,3178.41
36284,16.99,7.89,9.099999999999998,53.560918187168916,3177.1299999999997
8655,18.03838709677419,12.3,5.73838709677419,31.812085337720617,3174.24
39654,9.99,6.75,3.24,32.432432432432435,3166.83
6593,12.417272727272728,7.84,4.577272727272728,36.862142177318994,3166.77
20557,11.99,7.84,4.15,34.61217681401168,3165.36
168,11.99,8.95,3.040000000000001,25.354462051709763,3165.36
11821,16.908367346938775,10.66,6.248367346938775,36.954291438848045,3163.1299999999997
20422,27.99,18.06,9.93,35.47695605573419,3162.87
3079,15.234444444444446,10.21,5.024444444444445,32.98081832105609,3161.87
21317,13.99,9.33,4.66,33.30950679056469,3161.7400000000002
5192,20.40353383458646,13.56,6.843533834586461,33.54092428335058,3161.45
27802,24.49,16.33,8.16,33.31972233564721,3159.21
18600,116.99,72.72,44.269999999999996,37.840841097529704,3158.73
9358,59.489999999999995,41.98,17.509999999999998,29.433518238359387,3154.4700000000003
1836,30.042631578947365,21.73,8.312631578947364,27.66945218198699,3153.95
13695,9.040691244239632,6.16,2.8806912442396317,31.863617132982984,3152.52
8170,2.99,2.17,0.8200000000000003,27.424749163879607,3151.46
1722,449.99000000000007,351.55,98.44000000000005,21.876041689815338,3149.9300000000003
2202,29.99,23.07,6.919999999999998,23.07435811937312,3148.95
22387,12.384957983193276,6.62,5.764957983193276,46.54806250466477,3148.38
43020,142.99,96.61,46.38000000000001,32.43583467375342,3145.78
21965,9.166470588235294,4.69,4.476470588235293,48.835269203619326,3143.55
30602,14.35986301369863,8.27,6.089863013698631,42.408921365678694,3138.82
15528,14.025398230088497,9.33,4.695398230088497,33.47782467962673,3137.76
6755,14.99,10.34,4.65,31.02068045363576,3132.91
38180,6.043030303030304,3.97,2.0730303030303037,34.30448300070204,3128.8
3951,2.49,1.83,0.6600000000000001,26.506024096385545,3127.44
7728,9.99,6.07,3.92,39.23923923923924,3126.87
1168,20.2915873015873,14.28,6.0115873015873,29.626008119714943,3124.4599999999996
23161,22.481071428571425,13.69,8.791071428571426,39.10432586143898,3120.6099999999997
12944,9.99,6.8,3.1900000000000004,31.931931931931935,3116.88
11067,15.198648648648648,8.24,6.958648648648648,45.78465368542722,3112.3399999999997
5160,10.99,7.96,3.0300000000000002,27.5705186533212,3110.17
44182,16.03761904761905,10.73,5.307619047619049,33.094806852935065,3110.06
5929,44.99,34.88,10.11,22.47166036897088,3104.31
2704,0.9899999999999999,0.78,0.20999999999999985,21.2121212121212,3094.7400000000002
37657,17.99,12.16,5.829999999999998,32.40689271817676,3094.2799999999997
2810,55.99,43.74,12.25,21.878906947669226,3079.45
43359,39.99,27.02,12.970000000000002,32.43310827706927,3079.23
4113,0.99,0.74,0.25,25.252525252525253,3078.9
24458,42.519411764705886,26.52,15.999411764705886,37.62848802623024,3075.28
2852,40.99,30.14,10.850000000000001,26.469870700170777,3074.25
8369,35.70014492753623,24.26,11.440144927536227,32.04509379655828,3071.1400000000003
2448,15.99,11.42,4.57,28.580362726704188,3070.08
13663,21.213466666666665,11.38,9.833466666666665,46.354831207849095,3069.56
19215,29.52125,18.79,10.73125,36.350933649489775,3068.96
17601,339.99,234.48,105.51000000000002,31.03326568428484,3059.91
2109,89.99,64.74,25.25,28.058673185909548,3059.66
25802,12.07,8.21,3.8599999999999994,31.98011599005799,3055.47
1186,27.99,17.98,10.009999999999998,35.76277241872097,3050.91
3764,28.787979797979794,20.76,8.027979797979793,27.886568819056762,3048.94
23778,11.114031007751938,6.45,4.664031007751938,41.965250992181126,3038.25
8280,15.431176470588236,8.9,6.531176470588235,42.32455304387604,3037.0
6183,12.17840579710145,5.99,6.188405797101449,50.81458033344837,3035.42
17168,11.748620689655173,5.99,5.758620689655173,49.015291596959294,3033.42
5697,22.162413793103447,15.14,7.022413793103446,31.686141494608762,3029.6299999999997
175,41.99,26.8,15.190000000000001,36.175279828530606,3023.28
19962,17.405254237288133,9.86,7.545254237288134,43.35043966852012,3023.2599999999998
44620,14.157272727272726,10.73,3.427272727272726,24.20856610800744,3018.84
19190,11.034776119402986,7.09,3.9447761194029862,35.748583176659956,3017.26
6267,17.138387096774192,12.3,4.838387096774191,28.231286114927805,3014.24
9066,31.99,24.42,7.569999999999997,23.663644889027815,3007.06
4724,22.485495495495496,16.79,5.695495495495496,25.329641931335118,3006.66
36161,11.105606936416185,5.84,5.2656069364161855,47.41395014755865,3003.32
500,2999.99,2290.07,709.9199999999996,23.664078880262924,2999.99
2953,999.99,746.26,253.73000000000002,25.373253732537325,2999.97
1009,49.99,38.75,11.240000000000002,22.48449689937988,2999.4
37926,12.027383177570094,8.05,3.9773831775700934,33.069397713939374,2997.51
2856,58.5845945945946,42.1,16.484594594594597,28.138104750349463,2993.4900000000002
42765,11.441645569620253,5.85,5.591645569620253,48.87099093916295,2993.04
13694,15.99,10.8,5.1899999999999995,32.457786116322694,2990.13
43131,12.99,8.72,4.27,32.87143956889915,2987.7
12945,9.99,6.75,3.24,32.432432432432435,2987.01
33731,14.404634146341463,7.48,6.924634146341463,48.07226671633451,2986.91
18551,15.865,10.2,5.665000000000001,35.70753230381343,2986.12
7358,18.99,14.17,4.8199999999999985,25.381779884149548,2981.43
43798,10.071081081081081,6.45,3.6210810810810807,35.95523709846228,2979.04
8491,20.403793103448272,14.92,5.4837931034482725,26.876341451048646,2978.54
2648,17.692702702702704,12.21,5.482702702702703,30.988497319096282,2976.3199999999997
39979,13.876363636363637,7.84,6.036363636363637,43.501048218029354,2973.86
18568,10.045555555555556,6.89,3.155555555555556,31.412454374516095,2971.05
539,5.79,4.2,1.5899999999999999,27.461139896373055,2970.27
18578,89.99,52.62,37.37,41.52683631514613,2969.67
5702,29.990000000000002,21.89,8.100000000000001,27.009003001000337,2969.0099999999998
3472,19.42089430894309,11.1,8.32089430894309,42.8450625217162,2968.47
4480,14.450674157303371,9.92,4.5306741573033715,31.352683674024778,2966.9500000000003
25714,63.13285714285714,38.35,24.78285714285714,39.25508564704817,2964.53
4334,39.48275362318841,25.54,13.942753623188409,35.31352893026124,2964.25
14194,37.99,25.5,12.490000000000002,32.87707291392472,2963.2200000000003
2214,34.03054054054054,21.58,12.450540540540544,36.58637313065371,2960.13
41981,36.99,24.66,12.330000000000002,33.333333333333336,2959.2
41143,9.80078947368421,5.26,4.54078947368421,46.330854120237355,2959.14
2158,19.99,12.4,7.589999999999998,37.968984492246115,2958.52
15892,5.079506172839507,3.37,1.7095061728395065,33.65496791755785,2958.19
2591,43.39983606557377,29.4,13.999836065573774,32.25780863416422,2955.32
4521,24.456666666666667,16.66,7.796666666666667,31.879514788060515,2944.7999999999997
39775,10.845263157894736,5.84,5.005263157894737,46.151606328253905,2943.32
2682,57.54555555555556,42.39,15.155555555555559,26.336622193045127,2937.4900000000002
2241,25.99,20.46,5.529999999999998,21.27741439015005,2936.87
233,45.71222222222222,30.21,15.502222222222223,33.91264189008532,2934.36
44041,11.49,7.61,3.88,33.76849434290688,2929.95
15295,5.037169811320755,3.44,1.597169811320755,31.70768251114358,2929.1800000000003
45770,13.99,9.45,4.540000000000001,32.4517512508935,2923.91
2412,21.49,15.38,6.109999999999998,28.43182875756165,2912.64
15047,18.45875,8.24,10.218749999999998,55.35992415521094,2912.43
34137,10.99,6.84,4.15,37.76160145586898,2912.35
27799,29.989999999999995,17.41,12.579999999999995,41.94731577192397,2909.0299999999997
4447,26.646565656565656,20.63,6.016565656565657,22.57914109499206,2902.91
3300,0.99,0.71,0.28,28.282828282828287,2902.68
43308,11.99,6.89,5.1000000000000005,42.53544620517098,2901.58
4483,2.49,1.93,0.5600000000000003,22.48995983935744,2900.85
24096,6.99,4.57,2.42,34.620886981402,2900.85
2821,37.2012676056338,28.02,9.181267605633803,24.67998591597288,2900.2200000000003
45474,49.99,33.55,16.440000000000005,32.8865773154631,2899.42
46582,10.275714285714285,6.84,3.435714285714285,33.43528430418462,2899.13
23393,17.99,11.68,6.309999999999999,35.07504168982768,2896.39
6360,13.99,9.26,4.73,33.80986418870622,2895.93
23212,14.497692307692308,7.99,6.507692307692308,44.88778054862843,2895.01
6655,6.99,4.79,2.2,31.47353361945637,2893.86
13854,17.026036036036036,10.34,6.686036036036036,39.269481292562006,2892.2999999999997
40055,17.946521739130436,10.52,7.426521739130436,41.38139884197011,2891.39
43920,11.99,8.05,3.9399999999999995,32.860717264386984,2889.59
38771,16.99,11.4,5.589999999999998,32.90170688640376,2888.2999999999997
41787,38.115,21.08,17.035000000000004,44.69369014823561,2886.2400000000002
25531,23.70428571428571,15.68,8.02428571428571,33.8516241788706,2884.79
6596,12.911739130434784,5.97,6.941739130434784,53.76300636427923,2884.76
39631,8.062164948453608,5.44,2.622164948453608,32.52432771121312,2884.41
24604,7.99,5.4,2.59,32.41551939924906,2884.39
20855,12.99,8.6,4.390000000000001,33.795227097767516,2883.78
3176,27.99,20.89,7.099999999999998,25.366202215076804,2882.97
19218,119.99,80.53,39.459999999999994,32.88607383948662,2879.76
26876,79.99,54.05,25.939999999999998,32.429053631703965,2879.64
4386,44.99,34.34,10.649999999999999,23.671927094909975,2879.36
4147,39.99,28.77,11.220000000000002,28.057014253563395,2879.28
7353,19.99,12.02,7.969999999999999,39.869934967483736,2878.56
5246,15.99,9.77,6.220000000000001,38.89931207004378,2878.2
13931,16.99,9.33,7.659999999999998,45.08534432018834,2871.31
12109,20.77125,12.33,8.441249999999998,40.639104531503875,2868.62
32138,13.99,9.2,4.790000000000001,34.23874195854182,2867.9500000000003
3345,1.9900000000000002,1.54,0.4500000000000002,22.613065326633173,2867.59
4414,9.989999999999998,7.93,2.0599999999999987,20.62062062062061,2867.13
2828,46.99,33.81,13.18,28.048520961906785,2866.3900000000003
2982,79.52333333333333,52.23,27.29333333333333,34.32116359978203,2865.64
33038,20.95296296296296,10.8,10.15296296296296,48.45597723295564,2865.6099999999997
3941,37.192702702702704,29.36,7.832702702702704,21.05978359602654,2863.23
16477,8.3625,4.76,3.602500000000001,43.079222720478334,2857.58
4624,26.50315789473684,15.14,11.36315789473684,42.874731908809274,2853.87
18096,32.082307692307694,20.94,11.142307692307693,34.73038099120052,2853.11
13930,6.99,4.72,2.2700000000000005,32.47496423462089,2851.92
7868,37.16391304347827,23.02,14.143913043478268,38.05819109234064,2849.2400000000002
23820,24.99,16.12,8.869999999999997,35.49419767907162,2848.8599999999997
13397,23.174210526315786,13.69,9.484210526315787,40.92571143058299,2848.77
8696,10.99,7.48,3.51,31.938125568698815,2846.41
7423,8.885604395604396,5.47,3.4156043956043964,38.43975315054602,2843.8
5877,0.99,0.62,0.37,37.37373737373738,2842.29
4413,1.99,1.44,0.55,27.638190954773872,2839.73
15007,19.99,13.79,6.199999999999999,31.015507753876935,2838.58
2940,85.99,65.64,20.349999999999994,23.66554250494243,2837.67
11854,13.036666666666667,8.38,4.656666666666666,35.719764766044484,2835.82
29616,13.08375,8.55,4.5337499999999995,34.651762682717106,2834.83
37049,21.99,13.6,8.389999999999999,38.15370623010459,2834.71
3517,9.702121212121211,6.83,2.872121212121211,29.603023393822024,2824.59
5705,19.99,15.99,3.9999999999999982,20.010005002501245,2818.5899999999997
29077,14.99,9.65,5.34,35.62374916611074,2818.12
829,14.99,10.71,4.279999999999999,28.552368245496996,2803.13
20731,11.743333333333334,5.95,5.793333333333334,49.33295486801022,2802.62
8200,2.99,2.18,0.81,27.09030100334448,2801.63
3288,22.944022988505747,16.66,6.284022988505747,27.388496741194206,2800.7799999999997
3320,9.29,6.64,2.6499999999999995,28.525296017222818,2796.29
3695,11.818282828282829,7.68,4.138282828282829,35.01594003470056,2791.64
1386,21.388058252427182,14.59,6.798058252427182,31.78436383609399,2790.7
2792,0.99,0.78,0.20999999999999996,21.21212121212121,2785.86
8749,17.198333333333334,9.8,7.398333333333333,43.01773427657719,2782.4
14663,13.84840707964602,8.78,5.06840707964602,36.599206323848,2780.99
19611,102.99,61.28,41.709999999999994,40.4990775803476,2774.73
253,5.79,4.6,1.1900000000000004,20.552677029360975,2773.41
16327,4.716688102893891,2.61,2.1066881028938913,44.66456244162821,2771.09
38322,11.99,6.62,5.37,44.78732276897415,2769.69
4263,16.99,13.27,3.719999999999999,21.89523248969982,2769.37
4200,13.4275,7.68,5.7475000000000005,42.80394712344071,2765.94
8128,34.56142857142857,21.73,12.831428571428571,37.12644153267474,2764.2000000000003
9118,15.801475409836065,10.35,5.451475409836066,34.49978732012989,2762.23
999,119.98999999999998,89.84,30.149999999999977,25.127093924493693,2759.77
2302,29.99,23.43,6.559999999999999,21.87395798599533,2759.08
15827,10.212222222222223,6.75,3.4622222222222234,33.90273093243391,2757.28
23173,13.990000000000002,9.45,4.540000000000003,32.451751250893516,2756.03
15092,25.42939393939394,16.44,8.989393939393938,35.350405758070465,2755.91
6748,5.99,3.89,2.1,35.058430717863104,2749.41
21231,4.945026455026455,3.08,1.865026455026455,37.715196713067485,2744.4300000000003
15168,14.99,9.73,5.26,35.090060040026685,2743.17
23259,8.99,6.12,2.87,31.92436040044494,2741.95
39923,9.99,6.55,3.4400000000000004,34.434434434434436,2737.26
19870,13.384965034965035,5.89,7.494965034965035,55.995402418954576,2736.96
2237,56.99,35.71,21.28,37.339884190208814,2735.52
39412,9.99,5.88,4.11,41.14114114114114,2727.27
16655,10.99,7.23,3.76,34.212920837124656,2725.52
3362,5.99,4.47,1.5200000000000005,25.37562604340568,2725.45
7725,9.99,6.07,3.92,39.23923923923924,2717.28
3525,6.29,4.8,1.4900000000000002,23.688394276629573,2717.28
3510,11.162955974842768,8.65,2.512955974842768,22.511563966623665,2714.54
38541,18.128888888888888,11.99,6.1388888888888875,33.86246629075753,2700.52
16670,11.99,8.27,3.7200000000000006,31.025854879065896,2697.75
5669,17.827606837606837,13.38,4.447606837606836,24.94786248160204,2692.49
3793,15.141079136690648,11.8,3.341079136690647,22.06632107611386,2692.22
26395,8.035977011494253,3.94,4.095977011494254,50.97049189707209,2688.65
39517,34.059767441860465,20.39,13.669767441860465,40.13464702950354,2688.21
659,33.99,23.25,10.740000000000002,31.597528684907328,2685.21
24294,19.99,12.98,7.009999999999998,35.067533766883436,2678.66
5107,15.729837398373984,10.14,5.589837398373984,35.53652372116582,2678.3
5759,14.529568345323742,9.44,5.089568345323743,35.02904026024827,2678.16
16837,6.881213389121339,3.42,3.4612133891213395,50.299463094593854,2678.12
34393,13.606438356164384,8.05,5.556438356164383,40.83683187854259,2678.01
16428,9.99,6.2,3.79,37.93793793793794,2677.32
19260,9.99,6.45,3.54,35.43543543543544,2677.32
1520,3.9900000000000007,3.02,0.9700000000000006,24.3107769423559,2677.29
19671,10.488439716312058,5.89,4.5984397163120585,43.842934132141444,2676.06
34870,10.563248407643313,5.84,4.723248407643313,44.71397647172326,2675.46
22515,14.334262295081967,8.78,5.554262295081967,38.74815585722619,2673.17
16656,10.99,7.58,3.41,31.028207461328485,2670.57
938,29.989999999999995,22.55,7.439999999999994,24.808269423141034,2669.1099999999997
31203,11.50639344262295,5.99,5.516393442622951,47.9419852113579,2667.69
23075,16.99,11.72,5.269999999999998,31.018246027074742,2667.43
42350,23.92827160493827,10.73,13.19827160493827,55.1576470831033,2665.87
2159,43.76358490566038,30.53,13.23358490566038,30.23880455448874,2664.3900000000003
4211,10.086938775510204,7.8,2.2869387755102037,22.67227774855339,2664.36
4018,39.10111111111111,26.46,12.641111111111108,32.32928873859793,2663.32
895,23.99,18.17,5.819999999999997,24.260108378491026,2662.89
43918,11.99,7.79,4.2,35.029190992493746,2661.78
12428,69.99,41.37,28.619999999999997,40.89155593656236,2659.62
44838,37.99,21.42,16.57,43.61674124769676,2659.3
5606,9.99,7.19,2.8,28.028028028028025,2657.3399999999997
1343,165.99,122.96,43.030000000000015,25.923248388457143,2655.84
14895,9.205189873417721,5.15,4.055189873417721,44.053299597090245,2651.11
28070,9.99,6.66,3.33,33.33333333333333,2647.35
4817,15.30543624161074,7.8,7.505436241610741,49.03771524790508,2646.27
23250,5.79,3.94,1.85,31.951640759930918,2640.2400000000002
40786,14.99,9.8,5.1899999999999995,34.62308205470313,2638.2400000000002
25484,17.99,11.99,5.999999999999998,33.35186214563646,2626.54
22441,14.99,10.06,4.93,32.88859239492995,2623.25
8550,12.49,9.39,3.0999999999999996,24.81985588470776,2622.9
8464,15.99,10.66,5.33,33.33333333333333,2622.36
311,43.01040816326531,32.8,10.210408163265313,23.73938913694361,2620.3900000000003
37792,10.39909090909091,4.63,5.76909090909091,55.476877349418665,2618.47
13422,12.055046728971963,6.45,5.6050467289719625,46.49543759545388,2616.79
15444,10.09204081632653,6.57,3.5220408163265304,34.899193140684716,2615.41
28888,11.99,8.1,3.8900000000000006,32.44370308590492,2613.82
20699,11.99,7.94,4.05,33.778148457047536,2613.82
37849,89.99,62.06,27.929999999999993,31.03678186465162,2609.71
15228,29.99,20.68,9.309999999999999,31.043681227075687,2609.13
9256,29.99,22.05,7.939999999999998,26.4754918306102,2609.1299999999997
2737,36.70875,27.77,8.938750000000002,24.350461402254236,2608.29
7990,9.99,7.68,2.3100000000000005,23.123123123123126,2607.39
24928,8.99,6.16,2.83,31.47942157953281,2607.1
18423,15.764999999999999,9.93,5.834999999999999,37.012369172216935,2605.35
4358,6.417631578947368,4.26,2.1576315789473686,33.62037150941076,2598.4500000000003
485,12.99,10.39,2.5999999999999996,20.015396458814468,2598.0
2625,64.865,43.16,21.705,33.46180528790565,2597.6
12520,7.990000000000001,4.72,3.2700000000000014,40.92615769712141,2596.75
7320,19.800344827586205,13.17,6.630344827586205,33.48600686160115,2596.6899999999996
29619,14.223333333333333,9.52,4.703333333333333,33.067729083665334,2594.17
28681,11.537445255474454,5.95,5.587445255474454,48.42879105166927,2593.76
25264,30.239999999999995,20.54,9.699999999999996,32.07671957671957,2591.14
23381,17.99,11.76,6.229999999999999,34.63035019455252,2590.56
381,19.798510638297873,14.5,5.2985106382978735,26.762167796846963,2588.7
19223,13.99,9.2,4.790000000000001,34.23874195854182,2588.15
4580,29.99,22.38,7.609999999999999,25.37512504168056,2579.14
21576,19.99,11.91,8.079999999999998,40.420210105052526,2578.71
2595,18.693296703296703,12.3,6.393296703296702,34.20101229211858,2577.63
16314,9.99,5.29,4.7,47.047047047047045,2577.42
7860,5.99,4.07,1.92,32.053422370617696,2575.7
8741,24.99,16.33,8.66,34.65386154461785,2573.97
29352,19.065949367088606,11.91,7.155949367088606,37.53261497400761,2571.65
19122,13.956101694915255,7.3,6.656101694915255,47.69312978953377,2570.16
34825,17.356666666666666,9.73,7.626666666666665,43.940848857307465,2566.52
21836,23.06407407407407,15.03,8.034074074074072,34.833716056717996,2565.89
15156,14.424306569343067,8.84,5.584306569343067,38.714558252746535,2565.72
17073,11.886825396825397,6.84,5.0468253968253975,42.457302335518854,2562.84
2747,159.99,123.07,36.920000000000016,23.07644227764236,2559.84
3363,15.923884297520662,9.69,6.233884297520662,39.14801301646781,2558.39
2609,25.02529411764706,18.11,6.915294117647061,27.633218155748306,2553.98
35130,8.227762237762237,5.51,2.717762237762237,33.03160882905394,2553.88
6398,10.602403100775193,5.91,4.692403100775193,44.257920173136114,2550.61
5125,8.763006134969325,5.96,2.8030061349693254,31.986810140229778,2550.1
27097,74.99,51.72,23.269999999999996,31.030804107214294,2549.66
3377,24.99,18.25,6.739999999999998,26.97078831532613,2548.98
13836,18.053829787234044,10.73,7.323829787234043,40.56662699020659,2548.5899999999997
28214,11.989999999999998,8.1,3.889999999999999,32.443703085904914,2541.88
29192,33.91682926829269,21.99,11.926829268292689,35.16492999374368,2541.25
41786,8.49,5.86,2.63,30.977620730270907,2538.5099999999998
16393,9.99,4.66,5.33,53.35335335335335,2537.46
2622,29.26631578947368,18.65,10.616315789473681,36.27486242491817,2534.1299999999997
42642,12.006,8.21,3.7959999999999994,31.617524571047806,2531.89
1964,33.115,23.07,10.045000000000002,30.333685640948215,2529.2400000000002
192,38.438979591836734,27.68,10.758979591836734,27.989763792069063,2528.34
37310,10.140943396226415,6.75,3.3909433962264153,33.43814538485869,2527.52
5188,31.989999999999995,23.7,8.289999999999996,25.91434823382306,2527.21
5359,17.922203389830507,14.28,3.6422033898305077,20.322296933072316,2526.5899999999997
17910,10.160542635658915,6.57,3.590542635658915,35.33809919814452,2523.51
45332,7.082307692307692,4.69,2.392307692307692,33.77864668187248,2520.42
4300,179.99,134.32,45.670000000000016,25.37363186843714,2519.86
15619,6.831628959276018,3.35,3.481628959276018,50.96337901297531,2519.3
23840,17.99,11.68,6.309999999999999,35.07504168982768,2518.6
11698,11.99,7.84,4.15,34.61217681401168,2517.9
598,24.615,17.82,6.794999999999998,27.605118829981713,2516.98
15463,89.75923076923075,54.19,35.56923076923076,39.62737922819165,2516.7200000000003
4299,14.425897435897435,9.77,4.655897435897435,32.27457741597198,2515.27
12901,8.99,5.19,3.8,42.269187986651836,2508.21
15503,14.106788321167883,8.6,5.506788321167884,39.036442567899705,2507.2200000000003
12078,11.859565217391303,7.48,4.379565217391303,36.928547860835124,2504.89
2482,99.99,78.73,21.25999999999999,21.262126212621254,2499.75
9360,48.96727272727273,35.99,12.977272727272727,26.5019307886529,2499.4900000000002
39648,16.52846153846154,9.03,7.498461538461539,45.366966072508966,2497.49
34647,8.49,5.15,3.34,39.340400471142516,2496.06
3189,15.040359712230217,10.15,4.890359712230216,32.51491191566098,2491.35
21001,11.033859649122808,7.38,3.6538596491228086,33.11497304946497,2490.75
32137,14.99,9.39,5.6,37.35823882588392,2488.34
32508,21.62157894736842,10.95,10.67157894736842,49.35615004503298,2487.8399999999997
43043,7.078888888888889,4.51,2.568888888888889,36.28943650918223,2486.4900000000002
2199,32.63406779661017,23.61,9.024067796610169,27.652292239055576,2486.2400000000002
1340,18.19408163265306,14.05,4.144081632653059,22.777086067458573,2484.6299999999997
36344,13.09989010989011,8.72,4.379890109890109,33.434556115729514,2484.1
21735,26.175185185185182,17.56,8.615185185185183,32.9135596338064,2481.0499999999997
3944,39.99,31.99,8.000000000000004,20.00500125031259,2479.38
7265,15.99,10.45,5.540000000000001,34.64665415884929,2478.45
6566,9.99,5.84,4.15,41.54154154154154,2477.52
44734,9.401764705882353,5.44,3.961764705882353,42.13852217981605,2475.39
3365,24.99,18.65,6.34,25.37014805922369,2474.0099999999998
35670,10.99,7.33,3.66,33.30300272975432,2472.75
35605,10.955034965034965,6.66,4.295034965034965,39.20603611712212,2472.7400000000002
19120,13.007857142857144,8.55,4.457857142857144,34.270495854154085,2470.1
1361,189.99,138.68,51.31,27.006684562345384,2469.87
8027,1.9899999999999998,1.55,0.4399999999999997,22.110552763819083,2463.62
5656,1.49,1.16,0.33000000000000007,22.147651006711413,2462.97
36199,13.533859649122808,8.05,5.483859649122808,40.519554593417425,2460.19
24778,22.935205479452055,14.66,8.275205479452055,36.08079939316837,2454.93
4779,29.60194029850746,21.59,8.011940298507461,27.06559170687682,2454.17
14623,6.99,4.69,2.3,32.90414878397711,2453.4900000000002
45845,16.07,10.66,5.41,33.665214685749845,2452.47
2170,3.4899999999999998,2.53,0.96,27.507163323782237,2449.98
3578,58.098108108108114,36.49,21.608108108108112,37.19244707228686,2449.58
18812,12.49,8.5,3.99,31.945556445156125,2448.04
10298,9.99,4.51,5.48,54.854854854854864,2447.55
42172,9.99,6.66,3.33,33.33333333333333,2447.55
24094,6.99,4.57,2.42,34.620886981402,2446.5
12473,11.99,7.99,4.0,33.361134278565466,2445.96
8664,23.49,14.59,8.899999999999999,37.888463175819496,2442.96
4062,8.915714285714285,5.83,3.0857142857142854,34.60983816696042,2440.26
284,81.22076923076922,53.43,27.79076923076922,34.21633345014064,2439.7
2816,46.034444444444446,34.61,11.424444444444447,24.8171658902754,2439.4700000000003
3528,39.99,31.24,8.750000000000004,21.88047011752939,2439.3900000000003
5627,18.90578947368421,13.38,5.525789473684208,29.22802817293504,2437.71
15911,8.99,5.91,3.08,34.260289210233594,2436.29
6368,5.990000000000001,4.13,1.8600000000000012,31.051752921535908,2431.94
4232,8.29,6.48,1.8099999999999987,21.83353437876959,2428.97
11529,5.79,3.76,2.0300000000000002,35.06044905008636,2426.0099999999998
18801,11.931666666666667,7.14,4.791666666666667,40.159240117334825,2422.9700000000003
162,24.583220338983047,18.39,6.193220338983046,25.19287649699049,2413.02
5187,7.99,6.1,1.8900000000000006,23.654568210262834,2412.98
15917,7.121147540983607,4.66,2.4611475409836068,34.56110868113907,2412.6
27515,15.776666666666667,8.96,6.816666666666666,43.207268117473056,2410.48
8205,2.061304347826087,1.53,0.5313043478260868,25.77515292132461,2406.21
15889,12.47,5.95,6.5200000000000005,52.28548516439455,2405.05
2882,125.82333333333332,89.92,35.90333333333332,28.534717990833702,2404.81
46551,24.99,16.77,8.219999999999999,32.89315726290516,2399.04
6322,11.99,8.16,3.83,31.94328607172644,2398.0
21145,11.99,7.79,4.2,35.029190992493746,2398.0
41965,15.731935483870966,9.73,6.001935483870966,38.151284627529776,2395.47
35049,13.033010752688172,8.66,4.373010752688172,33.553342628726064,2394.16
8368,1.99,1.51,0.48,24.120603015075375,2393.97
24772,12.99,8.78,4.210000000000001,32.409545804464976,2390.16
39358,21.31584269662921,11.03,10.285842696629212,48.25445019002588,2388.87
12685,14.779473684210526,8.38,6.399473684210525,43.29974003774794,2385.39
35959,54.156666666666666,32.46,21.696666666666665,40.062780821074654,2384.56
38651,15.989999999999998,10.73,5.259999999999998,32.89555972482801,2382.51
11089,10.168734177215189,6.86,3.3087341772151886,32.538309287590394,2381.93
24003,7.142631578947369,4.54,2.602631578947369,36.437992778719334,2379.65
46628,13.99,9.65,4.34,31.022158684774837,2378.3
3046,56.74675675675676,35.81,20.936756756756758,36.89507198887423,2375.58
31233,11.911259842519685,7.43,4.481259842519686,37.622047556404645,2375.01
9136,16.06079646017699,10.81,5.250796460176991,32.69325075625251,2371.5099999999998
24357,18.127931034482756,12.24,5.887931034482756,32.47988434688325,2368.69
6782,14.990000000000002,9.65,5.340000000000002,35.62374916611075,2368.42
35581,36.99,25.16,11.830000000000002,31.9816166531495,2367.36
3889,6.047382550335571,3.7,2.3473825503355705,38.81650500521608,2367.11
33587,32.79851063829787,20.4,12.398510638297871,37.802053803688544,2366.28
32203,13.007699115044248,8.38,4.627699115044248,35.57661561906835,2366.18
8534,5.99,4.02,1.9700000000000006,32.88814691151921,2366.05
16175,6.99,4.69,2.3,32.90414878397711,2362.62
3324,50.22255813953489,37.31,12.912558139534887,25.710673884152868,2359.53
18381,14.772608695652172,8.44,6.332608695652173,42.86723371692615,2359.41
32107,13.195128205128205,8.27,4.925128205128205,37.32535318007812,2358.21
1276,4.99,3.87,1.12,22.44488977955912,2355.28
5468,64.24925925925925,45.11,19.139259259259248,29.789073803992537,2354.63
4431,16.50578947368421,11.1,5.4057894736842105,32.750868913618824,2354.58
4498,38.56142857142857,28.56,10.001428571428573,25.93635386952173,2354.3900000000003
7266,14.060796460176991,9.14,4.920796460176991,34.99656988929239,2352.33
5194,15.99,9.62,6.370000000000001,39.837398373983746,2350.53
19556,13.99,9.39,4.6,32.88062902072909,2350.32
37311,10.037619047619048,6.89,3.147619047619048,31.358223824659614,2349.66
19799,49.99,32.89,17.1,34.20684136827366,2349.53
21552,21.75470588235294,12.9,8.85470588235294,40.70248492550631,2348.92
26236,9.056666666666667,4.76,4.296666666666667,47.44203165255797,2347.4
7261,5.49,3.61,1.8800000000000003,34.244080145719494,2344.23
13637,13.666470588235295,8.16,5.506470588235295,40.29182628158224,2338.31
15980,12.99,8.72,4.27,32.87143956889915,2338.2
24837,4.99,3.42,1.5700000000000003,31.46292585170341,2335.32
25691,10.99,7.33,3.66,33.30300272975432,2329.88
16918,9.103821138211382,5.8,3.303821138211382,36.29048822526054,2329.44
33988,13.744901960784313,6.49,7.254901960784313,52.78249333086064,2329.33
37735,11.038387096774194,7.58,3.458387096774194,31.330547356731643,2328.89
31119,48.90304347826087,26.66,22.24304347826087,45.483965610747084,2324.53
6721,17.12953488372093,10.95,6.17953488372093,36.07532210109019,2323.6499999999996
8096,1.99,1.54,0.44999999999999996,22.613065326633162,2322.33
1036,39.99,29.84,10.150000000000002,25.38134533633409,2319.42
38483,10.99,7.23,3.76,34.212920837124656,2318.89
2235,29.67,19.56,10.110000000000003,34.07482305358949,2312.22
2339,21.99,15.82,6.169999999999998,28.058208276489303,2308.95
23067,20.99,13.81,7.179999999999998,34.20676512625059,2308.9
12773,14.99,9.99,5.0,33.3555703802535,2308.46
42264,50.19,32.67,17.519999999999996,34.907352062163774,2304.54
4290,11.864213836477989,7.87,3.9942138364779884,33.66606411119534,2304.06
15290,7.0461797752808994,3.99,3.0561797752808992,43.37357082489516,2303.75
19199,18.524246575342467,11.56,6.964246575342466,37.59530271321555,2302.7599999999998
24291,17.99,11.99,5.999999999999998,33.35186214563646,2302.72
35800,11.99,7.99,4.0,33.361134278565466,2302.08
90013,99.99,64.93,35.05999999999999,35.06350635063505,2299.77
21326,24.99,16.23,8.759999999999998,35.05402160864345,2299.08
2988,24.99,18.51,6.479999999999997,25.930372148859533,2299.08
5147,13.998474576271185,9.44,4.558474576271186,32.564080832051914,2297.38
15146,22.34483870967742,12.92,9.424838709677418,42.17904112950959,2296.98
25039,8.055517241379311,5.34,2.7155172413793114,33.71002953640684,2296.56
2382,28.543571428571425,19.22,9.323571428571427,32.66434773904557,2296.17
15916,7.120718954248366,4.57,2.5507189542483655,35.821087317686576,2295.77
36558,10.763006134969325,6.66,4.103006134969325,38.12137690452983,2295.37
28312,6.99,4.72,2.2700000000000005,32.47496423462089,2292.72
40175,11.99,8.21,3.7799999999999994,31.526271893244363,2290.09
25690,17.99,11.68,6.309999999999999,35.07504168982768,2284.73
446,15.067922077922079,10.34,4.727922077922079,31.377399308757752,2284.48
46428,9.048333333333334,6.03,3.0183333333333335,33.357892797937005,2284.4700000000003
28258,9.659421487603305,5.36,4.299421487603305,44.51013441251208,2283.64
18575,40.09,26.34,13.750000000000004,34.297829882763786,2282.4300000000003
16724,39.99,25.97,14.020000000000003,35.0587646911728,2279.43
28946,29.167777777777776,18.06,11.107777777777777,38.08235876728506,2275.22
31456,8.753888888888888,5.22,3.533888888888888,40.3693596496795,2274.41
21824,24.99,16.89,8.099999999999998,32.41296518607442,2274.0899999999997
8962,19.90304347826087,13.84,6.0630434782608695,30.46289621425607,2270.8599999999997
18368,7.99,5.4,2.59,32.41551939924906,2269.16
42399,11.825294117647058,6.57,5.255294117647058,44.44112818982241,2268.09
27303,9.965806451612902,5.91,4.055806451612902,40.6972227617013,2267.72
3598,13.99,10.21,3.7799999999999994,27.019299499642596,2266.38
6214,13.99,9.08,4.91,35.09649749821301,2266.38
21685,13.990000000000002,9.39,4.600000000000001,32.880629020729096,2266.38
16703,10.10206896551724,6.53,3.57206896551724,35.35977607864554,2265.75
26551,21.99,14.19,7.799999999999999,35.470668485675304,2264.97
8367,14.99,9.93,5.0600000000000005,33.755837224816545,2263.4900000000002
13461,12.7478125,5.88,6.8678125,53.87443924202682,2263.17
2171,24.823333333333334,14.49,10.333333333333334,41.62750100711696,2262.0899999999997
44986,16.99,11.1,5.889999999999999,34.66745144202471,2259.67
41030,16.99,11.03,5.959999999999999,35.07945850500294,2259.6699999999996
16352,17.18178082191781,11.48,5.701780821917808,33.185039903688995,2258.68
20447,9.989999999999998,6.53,3.459999999999998,34.63463463463462,2257.74
44107,19.224042553191488,10.52,8.704042553191488,45.27685854371188,2254.83
33028,54.99,30.4,24.590000000000003,44.717221312966,2254.59
12069,9.91,5.33,4.58,46.215943491422806,2253.69
24666,7.99,5.19,2.8,35.04380475594493,2253.18
16151,10.99,7.38,3.6100000000000003,32.84804367606915,2252.95
8617,13.28203539823009,7.19,6.092035398230089,45.86673062956819,2250.32
13065,89.99,60.4,29.589999999999996,32.88143127014113,2249.75
39062,17.99,12.41,5.579999999999998,31.01723179544191,2248.75
46422,9.990000000000002,6.57,3.4200000000000017,34.23423423423424,2247.75
14710,17.269411764705882,10.38,6.889411764705882,39.8937257306356,2244.71
7992,6.99,5.55,1.4400000000000004,20.600858369098717,2243.79
1019,27.03838709677419,20.6,6.438387096774189,23.812023526885298,2243.17
22192,11.04263157894737,7.23,3.8126315789473697,34.52647633573234,2242.97
18835,11.99,8.16,3.83,31.94328607172644,2242.13
19126,13.026036036036038,8.44,4.586036036036038,35.20668930554884,2239.28
18097,85.99,55.17,30.819999999999993,35.84137690429119,2235.74
11460,43.63285714285714,27.02,16.61285714285714,38.07419048554497,2233.4900000000002
4450,28.99,18.51,10.479999999999997,36.15039668851327,2232.23
19258,9.99,6.45,3.54,35.43543543543544,2227.77
44828,14.733589743589745,8.6,6.133589743589745,41.62997511355529,2227.49
4696,16.99,13.17,3.8199999999999985,22.483814008240135,2225.69
3672,11.788657718120806,8.26,3.5286577181208063,29.93265053999124,2225.11
6638,24.99,16.23,8.759999999999998,35.05402160864345,2224.1099999999997
2781,59.99,44.11,15.880000000000003,26.471078513085516,2219.63
8059,29.99,21.73,8.259999999999998,27.542514171390458,2219.2599999999998
20725,14.989999999999998,9.86,5.129999999999999,34.22281521014009,2218.52
25992,14.506483516483515,7.43,7.076483516483515,48.78152247195266,2217.47
3349,0.9900000000000001,0.71,0.28000000000000014,28.282828282828294,2211.66
13445,12.035045045045045,7.23,4.805045045045045,39.925442963118215,2211.16
17162,10.718682170542635,6.12,4.598682170542635,42.903428773929456,2209.95
24323,129.99,88.43,41.56,31.97169013001,2209.83
33819,16.013809523809524,10.8,5.213809523809523,32.5582086889292,2208.62
21752,12.99,7.58,5.41,41.64742109314858,2208.3
28239,12.99,8.55,4.4399999999999995,34.18013856812932,2208.3
8677,38.68387755102041,27.47,11.21387755102041,28.98850441306034,2207.4300000000003
38406,28.449459459459455,15.68,12.769459459459455,44.88471732707598,2207.23
33334,8.99,6.2,2.79,31.03448275862069,2202.55
11152,8.906666666666666,5.26,3.6466666666666665,40.94311377245509,2200.53
13225,23.66272727272727,13.6,10.06272727272727,42.52564447347189,2198.0499999999997
31500,6.1145000000000005,3.22,2.8945000000000003,47.33829421866056,2197.43
21319,12.99,8.55,4.4399999999999995,34.18013856812932,2195.31
1039,13.076956521739131,10.31,2.7669565217391305,21.159025168733585,2194.32
12211,24.305068493150685,11.03,13.275068493150686,54.61851916562869,2191.08
16484,15.989999999999998,10.52,5.469999999999999,34.20888055034396,2190.63
44708,13.230963855421688,7.53,5.700963855421688,43.08804647732137,2190.34
35294,5.8513861386138615,3.44,2.4113861386138615,41.210511176162036,2190.24
42678,5.0455555555555565,3.33,1.7155555555555564,34.00132129486898,2189.64
2593,29.99,23.61,6.379999999999999,21.273757919306433,2189.27
4411,9.99,7.24,2.75,27.52752752752753,2187.81
3652,56.042631578947365,37.79,18.252631578947366,32.569190747645116,2186.61
38950,11.87888888888889,6.8,5.07888888888889,42.7555888130203,2186.16
20483,18.08411764705882,11.91,6.1741176470588215,34.14110529226165,2185.79
33278,8.15058394160584,5.36,2.7905839416058393,34.23784064551373,2185.3
10680,11.037058823529412,7.18,3.857058823529412,34.946437136918405,2182.02
23895,7.989999999999999,5.4,2.589999999999999,32.41551939924905,2181.27
43877,31.36777777777778,17.64,13.727777777777778,43.7639474336722,2179.31
5373,9.727142857142857,7.47,2.257142857142857,23.204582170656487,2179.26
45333,8.062992700729929,4.76,3.302992700729929,40.96484795813984,2176.31
26818,16.99,10.45,6.539999999999999,38.493231312536786,2174.72
29477,9.047692307692309,4.75,4.297692307692309,47.50042509777249,2173.61
16540,21.098108108108107,13.63,7.468108108108106,35.39705109975276,2169.97
2908,69.99,53.84,16.14999999999999,23.07472496070866,2169.6899999999996
27233,5.99,4.1,1.8900000000000006,31.5525876460768,2168.38
2207,59.99,46.15,13.840000000000003,23.070511751958662,2159.64
8289,59.99,43.79,16.200000000000003,27.004500750125025,2159.64
25465,59.99,39.99,20.0,33.33888981496916,2159.64
23388,11.99,6.84,5.15,42.95246038365305,2158.2
10603,11.143846153846154,7.58,3.5638461538461534,31.980396217298264,2158.06
11441,16.99,10.96,6.029999999999998,35.49146556798116,2157.73
2746,74.09,51.42,22.67,30.597921446888922,2156.71
36623,33.79,19.72,14.07,41.63953832494821,2156.37
28887,12.99,8.38,4.609999999999999,35.488837567359504,2156.34
29942,12.99,8.49,4.5,34.64203233256351,2156.34
27330,12.045555555555556,7.89,4.155555555555556,34.49866248501061,2155.21
6266,7.79,5.06,2.7300000000000004,35.0449293966624,2150.04
5990,49.99,39.36,10.630000000000003,21.264252850570116,2149.57
17316,33.092564102564104,20.91,12.182564102564104,36.81359977065109,2148.35
1740,59.59,40.71,18.880000000000003,31.683168316831683,2145.64
13147,18.99,13.01,5.979999999999999,31.490258030542385,2144.87
24029,14.99,10.34,4.65,31.02068045363576,2143.57
21510,10.990000000000002,7.48,3.5100000000000016,31.938125568698826,2143.05
19969,125.99,81.81,44.17999999999999,35.0662751011985,2141.83
8359,7.99,3.2,4.79,59.94993742177722,2141.32
3412,15.208487394957983,9.28,5.928487394957983,38.98144004066725,2140.59
10927,9.99,6.57,3.42,34.234234234234236,2137.86
15315,9.99,6.57,3.42,34.234234234234236,2137.86
46600,10.871578947368421,7.58,3.2915789473684214,30.27691711851278,2131.0099999999998
23998,9.99,6.75,3.24,32.432432432432435,2127.87
5322,24.70875,17.42,7.288749999999997,29.498659381797935,2125.14
35668,10.99,7.33,3.66,33.30300272975432,2121.07
5655,13.248333333333333,8.79,4.458333333333334,33.6520317021009,2117.4
16647,12.99,8.49,4.5,34.64203233256351,2117.37
6438,6.944954954954955,3.22,3.724954954954955,53.635408424029364,2116.96
41827,12.115,8.16,3.955,32.64548080891457,2113.25
17457,8.99,5.84,3.1500000000000004,35.038932146829815,2112.65
5708,0.99,0.38,0.61,61.61616161616161,2107.71
39774,27.018571428571427,18.11,8.908571428571427,32.97202982075821,2106.22
3153,17.99,13.23,4.759999999999998,26.459143968871583,2104.83
5492,149.99,115.38,34.610000000000014,23.07487165811055,2099.86
1798,69.99,51.09,18.89999999999999,27.003857693956267,2099.7
686,19.99,14.95,5.039999999999999,25.212606303151574,2098.95
8149,19.99,11.25,8.739999999999998,43.721860930465226,2098.95
8077,9.99,6.84,3.1500000000000004,31.531531531531538,2097.9
15748,9.071081081081081,5.44,3.6310810810810805,40.0291988201293,2097.68
14383,15.99,10.32,5.67,35.45966228893058,2094.69
6658,15.99,11.03,4.960000000000001,31.0193871169481,2094.69
21251,17.088360655737702,11.72,5.3683606557377015,31.41530521206073,2089.7799999999997
18806,54.99,36.42,18.57,33.76977632296781,2089.62
4054,14.222,9.41,4.811999999999999,33.83490367036985,2089.53
23168,15.91,9.93,5.98,37.586423632935265,2088.69
22910,115.99,74.83,41.16,35.48581774290887,2087.82
46297,11.989999999999998,7.74,4.249999999999998,35.4462051709758,2086.2599999999998
23479,9.916829268292682,6.2,3.716829268292682,37.48001672446444,2085.9
32652,6.88308176100629,3.99,2.8930817610062896,42.03177968037573,2079.97
3620,39.99,31.99,8.000000000000004,20.00500125031259,2079.48
2818,32.99,25.57,7.420000000000002,22.491664140648684,2078.37
3518,20.24396825396825,15.74,4.503968253968251,22.24844554913475,2077.97
13991,9.99,6.57,3.42,34.234234234234236,2077.92
29427,66.99,45.26,21.729999999999997,32.43767726526347,2076.69
28156,13.056666666666665,8.9,4.1566666666666645,31.835588460556536,2076.41
12155,11.943271028037383,6.7,5.243271028037383,43.90146565148326,2076.26
23323,82.99,54.24,28.749999999999993,34.64272803952283,2074.75
18787,11.693703703703704,6.89,4.803703703703705,41.07940328761918,2074.2200000000003
18449,8.972142857142858,4.53,4.442142857142858,49.51038930021495,2070.68
3973,229.99,181.09,48.900000000000006,21.261793991043092,2069.91
17985,24.039180327868852,16.43,7.609180327868852,31.65324368005783,2069.14
11354,9.99,6.57,3.42,34.234234234234236,2067.93
5808,52.99,38.12,14.870000000000005,28.06189847140971,2066.61
7740,5.99,4.1,1.8900000000000006,31.5525876460768,2066.55
38644,10.99,6.75,4.24,38.58052775250228,2066.12
2997,85.99,63.23,22.759999999999998,26.468193976043725,2063.7599999999998
46763,11.99,8.05,3.9399999999999995,32.860717264386984,2062.28
3294,16.819787234042554,12.31,4.5097872340425535,26.812391686590008,2060.7599999999998
3940,10.086385542168676,6.15,3.9363855421686758,39.02672097662363,2056.94
31163,13.99,9.39,4.6,32.88062902072909,2056.53
24489,18.99,12.49,6.499999999999998,34.22854133754607,2050.92
21834,17.403793103448276,10.52,6.883793103448276,39.55340690693666,2050.82
366,22.018985507246377,17.18,4.838985507246377,21.976423508039836,2047.07
592,169.99,127.99,42.000000000000014,24.707335725630927,2039.88
17916,169.99,110.38,59.610000000000014,35.06676863344903,2039.88
2647,59.989999999999995,41.3,18.689999999999998,31.155192532088684,2039.66
26827,13.722673267326734,6.89,6.832673267326734,49.79112403408394,2038.52
19581,26.75595744680851,15.78,10.97595744680851,41.02248057700413,2037.2399999999998
45266,12.565221238938054,6.53,6.035221238938054,48.03115778205047,2031.39
38859,57.73193548387097,32.46,25.27193548387097,43.77462018561874,2029.65
6584,13.641376146788991,8.1,5.541376146788991,40.6218264723487,2028.52
3162,0.9900000000000001,0.76,0.2300000000000001,23.23232323232324,2028.51
13498,8.084202898550725,4.63,3.454202898550725,42.72781054480917,2027.48
8444,25.671159420289854,17.38,8.291159420289855,32.297565078952864,2023.2099999999998
38476,24.948333333333334,15.89,9.058333333333334,36.30837063264079,2023.1899999999998
19269,22.99,15.64,7.349999999999998,31.970421922575028,2023.12
13744,8.99,6.03,2.96,32.92547274749722,2022.75
4252,0.9899999999999999,0.77,0.21999999999999986,22.22222222222221,2015.64
16329,14.115,9.08,5.035,35.67127169677648,2014.57
6495,16.24,11.02,5.219999999999999,32.14285714285714,2013.7599999999998
44266,10.609047619047619,5.84,4.769047619047619,44.95264598949684,2011.11
18562,12.152037037037038,7.99,4.162037037037038,34.249706648786216,2010.34
33212,8.49,5.7,2.79,32.86219081272085,2003.6399999999999
6296,7.790000000000001,5.34,2.450000000000001,31.450577663671382,2002.03
31452,8.763584905660379,5.15,3.613584905660378,41.23409477468943,2001.73
6975,8.767777777777777,4.79,3.977777777777777,45.36814092003548,1999.72
756,6.99,5.34,1.6500000000000004,23.60515021459228,1999.1399999999999
26779,9.99,6.8,3.1900000000000004,31.931931931931935,1998.0
5087,13.958,9.35,4.6080000000000005,33.013325691359796,1995.57
2043,30.24,23.07,7.169999999999998,23.710317460317455,1994.34
6314,11.99,7.74,4.25,35.446205170975816,1990.3400000000001
15233,45.31258064516129,29.21,16.10258064516129,35.53666645309641,1989.5600000000002
25462,32.020303030303026,20.77,11.250303030303026,35.1349049372084,1985.3799999999999
30735,29.214999999999996,19.07,10.144999999999996,34.72531233955159,1983.32
26428,14.101111111111111,9.14,4.96111111111111,35.18241273343314,1982.59
37048,45.04263157894737,26.84,18.202631578947372,40.41200733807738,1981.56
44755,131.99,89.79,42.2,31.972119099931813,1979.8500000000001
17330,14.043333333333333,8.96,5.083333333333332,36.19748397816282,1979.59
46568,12.853157894736842,6.03,6.823157894736842,53.08545923590352,1979.46
19394,29.989999999999995,19.35,10.639999999999993,35.47849283094363,1979.34
4315,29.99,23.07,6.919999999999998,23.07435811937312,1979.34
5220,10.232424242424242,5.79,4.442424242424242,43.41516865578819,1978.05
34947,11.49,6.28,5.21,45.34377719756309,1976.28
23235,11.104285714285716,7.18,3.924285714285716,35.34028045799564,1975.21
3279,34.53545454545455,22.21,12.325454545454548,35.68927847534813,1974.43
3460,58.30034482758621,41.04,17.26034482758621,29.60590521142006,1973.66
39599,7.873211678832117,4.51,3.3632116788321174,42.717150459379035,1973.5
6116,29.189999999999998,18.65,10.54,36.108256252141146,1973.33
4302,16.18318181818182,11.15,5.033181818181818,31.10131168721737,1971.77
24842,8.778661971830985,4.6,4.178661971830985,47.60021498993237,1969.72
23464,13.512727272727274,7.23,6.282727272727273,46.494886975242196,1968.55
20992,9.99,6.7,3.29,32.932932932932935,1968.03
21267,15.99,10.66,5.33,33.33333333333333,1966.77
2878,39.99,29.84,10.150000000000002,25.38134533633409,1959.51
4401,39.99,29.19,10.8,27.00675168792198,1959.51
8443,19.99,14.7,5.289999999999999,26.463231615807903,1959.0199999999998
33370,36.87235294117647,23.02,13.852352941176473,37.56839972560344,1956.47
6879,0.99,0.74,0.25,25.252525252525253,1952.28
19041,10.003422818791947,6.62,3.3834228187919466,33.82265130727067,1950.05
46498,10.033478260869567,6.75,3.2834782608695665,32.72522424925251,1950.05
23340,149.99,100.66,49.33000000000001,32.888859257283826,1949.8700000000001
20748,49.99,34.48,15.510000000000005,31.026205241048217,1949.6100000000001
25338,49.99,32.46,17.53,35.06701340268054,1949.6100000000001
2130,29.99,22.05,7.939999999999998,26.4754918306102,1949.35
33148,9.990000000000002,4.54,5.450000000000002,54.55455455455457,1948.05
2717,58.99,43.38,15.61,26.46211222241058,1946.67
16174,32.99,21.7,11.290000000000003,34.222491664140655,1946.41
3562,0.99,0.77,0.21999999999999997,22.22222222222222,1946.34
3404,17.895405405405405,13.33,4.565405405405405,25.511606482110764,1943.4099999999999
18733,32.12157894736843,18.49,13.631578947368428,42.437449820583,1943.38
15321,10.499803921568628,5.99,4.509803921568627,42.95131561747185,1942.1200000000001
13492,10.883203883495145,5.84,5.043203883495146,46.339331115016456,1938.22
5662,10.99,7.19,3.8,34.57688808007279,1934.24
13958,11.989999999999998,7.18,4.809999999999999,40.116763969974976,1930.39
27460,9.99,6.53,3.46,34.63463463463463,1928.07
7891,54.99,35.96,19.03,34.60629205310056,1924.65
21693,34.99,23.17,11.82,33.78108030865962,1924.45
8298,10.99,7.8,3.1900000000000004,29.026387625113742,1923.25
23866,12.01409638554217,8.16,3.854096385542169,32.07978579379645,1920.4
2440,16.99,13.17,3.8199999999999985,22.483814008240135,1919.87
649,39.99,28.67,11.32,28.307076769192296,1919.52
26739,39.99,27.58,12.410000000000004,31.032758189547394,1919.52
5689,21.780123456790122,14.84,6.940123456790122,31.864481716821878,1919.12
41157,15.99,10.73,5.26,32.89555972482802,1918.8
42386,8.49,5.66,2.83,33.33333333333333,1918.74
40801,11.027735849056604,7.33,3.6977358490566044,33.53123342515442,1918.26
25141,14.977012987012987,10.27,4.7070129870129875,31.428249351820543,1917.72
4491,32.54769230769231,19.04,13.50769230769231,41.50122896577804,1915.41
17016,12.99,7.58,5.41,41.64742109314858,1909.53
44138,12.990000000000002,8.44,4.5500000000000025,35.026943802925345,1909.53
3568,0.9899999999999999,0.79,0.19999999999999984,20.202020202020186,1907.73
3571,1.99,1.47,0.52,26.13065326633166,1906.42
18884,16.87405797101449,9.67,7.204057971014491,42.69309719919952,1905.87
40483,14.99,10.2,4.790000000000001,31.95463642428286,1903.73
4040,28.380625,17.98,10.400624999999998,36.64692021405448,1903.33
29353,27.99,17.41,10.579999999999998,37.79921400500178,1903.32
3773,32.76358490566038,21.73,11.03358490566038,33.676366421533345,1901.42
23870,9.148415841584159,6.16,2.9884158415841586,32.66593794305133,1897.92
37121,12.99,8.72,4.27,32.87143956889915,1896.54
36200,13.645172413793105,8.21,5.435172413793104,39.832200348740244,1894.6
3929,42.99,31.15,11.840000000000003,27.54128867178414,1891.5600000000002
3233,25.775714285714283,16.66,9.115714285714283,35.36551571246466,1889.26
33573,14.99,9.93,5.0600000000000005,33.755837224816545,1888.74
6734,9.99,6.49,3.5,35.03503503503504,1888.1100000000001
1399,36.99,27.81,9.180000000000003,24.81751824817519,1886.49
18877,7.99,5.15,2.84,35.54443053817271,1885.64
43808,7.990000000000001,3.3,4.690000000000001,58.69837296620777,1885.64
7219,45.99,30.46,15.530000000000001,33.76821048053925,1885.5900000000001
25963,19.82928571428571,11.61,8.21928571428571,41.450235942509266,1885.05
27581,17.086774193548386,9.99,7.096774193548386,41.533727274443535,1883.8999999999999
22662,32.99,21.19,11.8,35.76841467111246,1880.43
15399,11.922432432432432,7.28,4.6424324324324315,38.938634869539584,1880.42
5070,26.883939393939393,17.85,9.033939393939391,33.603480730863296,1880.3
3640,25.876363636363635,16.54,9.336363636363636,36.08066329398539,1880.26
5560,18.99,12.79,6.199999999999999,32.648762506582415,1880.0099999999998
2770,39.99,31.0,8.990000000000002,22.480620155038764,1879.53
33055,8.99,6.16,2.83,31.47942157953281,1878.91
4389,26.369310344827582,16.54,9.829310344827583,37.27556851616952,1876.29
2624,69.43444444444444,46.76,22.67444444444444,32.65590244995279,1874.7299999999998
2112,22.828709677419354,15.55,7.278709677419354,31.884017013098955,1874.1699999999998
3601,39.71727272727273,26.61,13.10727272727273,33.00144201057475,1870.53
15620,10.055573770491803,6.7,3.3555737704918025,33.37028644092665,1868.14
27503,14.147894736842105,7.09,7.057894736842105,49.8865369591905,1863.67
19282,20.0555737704918,13.51,6.545573770491801,32.63718029410081,1863.07
20729,11.786460176991152,5.99,5.796460176991152,49.178973923881465,1862.42
22289,14.99,8.84,6.15,41.02735156771181,1858.76
24310,13.311428571428573,6.53,6.781428571428573,50.94440867138872,1857.6
39983,14.023333333333332,7.89,6.133333333333332,43.73662942714523,1855.68
35606,10.753636363636364,6.07,4.683636363636364,43.55397751289205,1855.27
970,16.065949367088606,12.11,3.955949367088607,24.6231908037283,1853.84
44911,17.42103448275862,10.52,6.901034482758622,39.613230141921186,1852.9399999999998
17187,17.139999999999997,11.03,6.109999999999998,35.64760793465577,1852.9199999999998
18758,11.294,6.62,4.674,41.38480609173013,1852.3600000000001
1535,3.99,3.14,0.8500000000000001,21.30325814536341,1851.3600000000001
22938,18.52846153846154,12.74,5.788461538461538,31.24091833769253,1850.9999999999998
3296,26.381304347826084,15.99,10.391304347826084,39.38889529805362,1849.3
6432,0.9900000000000001,0.64,0.3500000000000001,35.35353535353536,1845.3600000000001
22047,10.040847457627118,6.49,3.5508474576271176,35.36402153913674,1844.16
33684,18.094651162790697,10.32,7.774651162790697,42.966571131132156,1843.9799999999998
19320,16.07695652173913,10.32,5.756956521739131,35.80874597722909,1842.85
41927,15.77125,9.14,6.63125,42.04644527225172,1838.84
13731,18.176666666666662,11.61,6.566666666666663,36.126902622409666,1836.9899999999998
46062,10.99,7.09,3.9000000000000004,35.48680618744313,1835.33
4760,16.99,13.17,3.8199999999999985,22.483814008240135,1834.9199999999998
45601,16.99,11.03,5.959999999999999,35.07945850500294,1834.9199999999998
8242,14.519411764705882,7.99,6.529411764705882,44.97022242028927,1834.74
8458,38.86179487179488,26.27,12.591794871794878,32.401475313570124,1831.53
12663,7.989999999999999,5.4,2.589999999999999,32.41551939924905,1829.71
8965,58.83615384615385,39.85,18.986153846153847,32.26953599958163,1829.69
44493,49.418571428571425,31.07,18.348571428571425,37.12889891018414,1829.63
14684,49.695882352941176,29.6,20.095882352941175,40.437721198347596,1829.63
3939,29.99,22.55,7.439999999999998,24.80826942314104,1829.3899999999999
33960,14.99,9.8,5.1899999999999995,34.62308205470313,1828.78
26429,79.40176470588234,51.36,28.041764705882343,35.31629908951497,1824.77
8623,2.99,2.34,0.6500000000000004,21.73913043478262,1823.9
45392,18.99,12.25,6.739999999999998,35.49236440231701,1823.04
7413,8.83070796460177,5.19,3.640707964601769,41.22781524647499,1821.93
5169,15.74925925925926,12.2,3.5492592592592604,22.536039319897476,1821.34
6932,5.99,3.99,2.0,33.3889816360601,1820.96
27591,31.91682926829268,20.94,10.97682926829268,34.39197915313428,1820.4299999999998
6102,19.99,14.38,5.609999999999998,28.064032016007996,1819.09
8246,10.59,6.12,4.47,42.20963172804532,1818.3
22702,100.99,68.24,32.75,32.42895336171898,1817.82
45294,11.02883495145631,7.53,3.4988349514563106,31.72442934232418,1817.3500000000001
16159,12.062164948453608,6.89,5.1721649484536085,42.879242412587715,1814.49
2582,14.99,11.8,3.1899999999999995,21.28085390260173,1813.79
9115,15.45875,10.35,5.108750000000001,33.04762674860516,1811.81
9092,33.96435897435898,21.89,12.07435897435898,35.55008644053723,1809.46
23270,9.99,6.7,3.29,32.932932932932935,1808.19
45276,9.99,4.56,5.430000000000001,54.35435435435436,1808.19
17978,7.99,5.47,2.5200000000000005,31.539424280350442,1805.74
5390,0.99,0.77,0.21999999999999997,22.22222222222222,1804.77
28736,5.99,4.1,1.8900000000000006,31.5525876460768,1802.99
17296,10.99,7.14,3.8500000000000005,35.031847133757964,1802.36
24727,52.99,34.86,18.130000000000003,34.21400264200793,1801.66
3797,16.99,12.77,4.219999999999999,24.83814008240141,1800.9399999999998
20405,16.99,10.96,6.029999999999998,35.49146556798116,1800.9399999999998
669,39.99,26.84,13.150000000000002,32.883220805201304,1799.5500000000002
8523,4.99,3.22,1.77,35.47094188376753,1796.4
46485,55.99,35.94,20.050000000000004,35.80996606536882,1791.68
23401,15.99,10.8,5.1899999999999995,32.457786116322694,1790.88
23764,9.644320987654321,4.69,4.954320987654321,51.370345242514624,1790.1200000000001
4625,149.0809090909091,111.99,37.09090909090911,24.879717542030267,1789.88
47009,15.286296296296298,8.44,6.846296296296298,44.787148983597035,1786.84
3199,46.99,34.3,12.690000000000005,27.00574590338371,1785.6200000000001
5054,1.9900000000000002,1.42,0.5700000000000003,28.643216080402023,1777.07
2037,0.99,0.73,0.26,26.262626262626267,1777.05
24018,36.99,24.99,12.000000000000004,32.44120032441201,1775.52
38897,26.87235294117647,18.49,8.382352941176471,31.193222861896114,1775.34
24244,23.99,14.47,9.519999999999998,39.68320133388911,1775.26
33214,8.49,5.82,2.67,31.44876325088339,1774.4099999999999
29112,29.10111111111111,19.72,9.38111111111111,32.23626436562178,1774.3899999999999
9028,16.107021276595745,11.59,4.517021276595745,28.04380275550507,1773.9
1261,0.99,0.74,0.25,25.252525252525253,1771.1100000000001
2563,45.47387096774194,34.61,10.863870967741939,23.890358873227452,1769.6100000000001
6195,28.08090909090909,19.04,9.04090909090909,32.1959273527793,1769.37
7017,32.1775,25.59,6.587500000000002,20.472379768471765,1768.4499999999998
4140,5.99,4.75,1.2400000000000002,20.701168614357265,1767.05
33210,8.49,5.74,2.75,32.39104829210836,1765.9199999999998
11353,63.10111111111111,31.75,31.35111111111111,49.683928791533866,1765.72
43685,13.99,9.58,4.41,31.52251608291637,1762.74
34850,13.858131868131867,8.6,5.258131868131867,37.94257348801434,1762.73
3928,11.99,9.52,2.4700000000000006,20.600500417014185,1762.53
31202,11.396976744186047,6.07,5.326976744186046,46.740261595282306,1762.46
5490,0.99,0.76,0.22999999999999998,23.232323232323232,1762.2
46310,7.162185430463576,4.72,2.442185430463576,34.09832730769586,1751.56
34752,23.99,14.56,9.429999999999998,39.30804501875781,1751.27
11926,11.99,8.05,3.9399999999999995,32.860717264386984,1750.54
15550,33.656666666666666,19.2,14.456666666666667,42.95335248093493,1748.49
32294,4.9282716049382715,2.97,1.9582716049382713,39.73546431523835,1748.43
29118,10.04940594059406,6.8,3.24940594059406,32.33430871240111,1748.26
25201,18.99,12.41,6.579999999999998,34.649815692469716,1747.08
27567,13.775714285714287,7.23,6.545714285714286,47.51633309136161,1744.71
31458,8.5759375,5.4,3.1759375,37.033123200816235,1743.96
14852,13.113076923076923,8.16,4.953076923076923,37.77204200152519,1743.67
18856,5.99,3.92,2.0700000000000003,34.55759599332221,1743.09
22416,15.99,10.45,5.540000000000001,34.64665415884929,1742.91
6990,18.162839506172837,12.41,5.752839506172837,31.67367913049979,1741.04
6227,24.828709677419354,18.39,6.438709677419354,25.932518286582905,1739.3
24858,14.99,10.13,4.859999999999999,32.4216144096064,1738.8400000000001
3481,21.99,16.29,5.699999999999999,25.920873124147338,1737.2099999999998
34060,13.99,9.08,4.91,35.09649749821301,1734.76
15292,5.9526865671641795,3.37,2.5826865671641794,43.38690670210366,1734.0900000000001
20791,7.989999999999999,5.4,2.589999999999999,32.41551939924905,1733.83
15194,75.865,51.69,24.174999999999997,31.86581427535754,1733.77
14983,28.856666666666666,17.8,11.056666666666665,38.3158137923068,1733.3999999999999
36991,13.615,7.18,6.4350000000000005,47.2640470069776,1727.75
13268,6.99,3.86,3.1300000000000003,44.77825464949929,1726.53
11367,9.90891891891892,6.07,3.8389189189189192,38.7420560237842,1725.26
2734,68.99,54.75,14.239999999999995,20.640672561240752,1724.75
6461,14.490000000000002,11.41,3.080000000000002,21.256038647343008,1724.31
4818,14.901764705882353,7.51,7.391764705882354,49.603284253740185,1722.84
525,40.06692307692308,31.0,9.066923076923082,22.62944688693917,1722.5700000000002
35088,10.08090909090909,5.8,4.28090909090909,42.46550635765172,1722.29
28122,22.894761904761904,14.28,8.614761904761904,37.62765448532623,1720.25
42953,22.895660377358492,14.86,8.035660377358493,35.09687095684278,1719.25
31561,22.044054054054055,15.17,6.874054054054055,31.183257114132633,1718.22
11320,11.99,7.74,4.25,35.446205170975816,1714.57
17194,11.99,8.27,3.7200000000000006,31.025854879065896,1714.57
45600,10.99,7.33,3.66,33.30300272975432,1714.44
5983,29.99,21.42,8.569999999999997,28.576192064021335,1709.43
19340,14.106883116883116,8.38,5.726883116883116,40.59637461679386,1708.79
2508,1.99,1.59,0.3999999999999999,20.10050251256281,1705.43
24992,54.989999999999995,36.18,18.809999999999995,34.206219312602286,1704.69
6236,10.117659574468085,6.49,3.627659574468085,35.85473051121906,1704.32
5667,10.99,7.4,3.59,32.666060054595086,1703.45
23360,10.767777777777777,6.16,4.607777777777777,42.792281498297385,1701.43
3282,0.99,0.79,0.19999999999999996,20.2020202020202,1699.83
41762,99.99,66.66,33.33,33.33333333333333,1699.83
25514,49.99,33.78,16.21,32.42648529705941,1699.66
2991,49.99,36.49,13.5,27.00540108021604,1699.66
13451,12.073333333333332,8.05,4.023333333333332,33.32413031474322,1698.59
2153,9.99,6.61,3.38,33.83383383383383,1698.3
16826,7.1165822784810135,4.69,2.426582278481013,34.097579196385695,1697.6200000000001
43820,9.039586776859505,5.88,3.1595867768595047,34.952778869801335,1696.1200000000001
15255,3.9900000000000007,2.68,1.3100000000000005,32.83208020050126,1695.75
3185,46.99,35.33,11.660000000000004,24.81379016812088,1691.64
36268,17.99,11.84,6.149999999999999,34.18565869927737,1691.06
19376,17.767777777777777,11.91,5.857777777777777,32.96854480645363,1691.05
3204,23.968723404255318,15.71,8.258723404255317,34.45625061028112,1690.29
2803,25.99,20.46,5.529999999999998,21.27741439015005,1689.35
19035,13.359565217391303,7.18,6.179565217391303,46.255735997656785,1688.74
43618,12.99,7.84,5.15,39.64588144726713,1688.7
18817,14.450674157303371,8.6,5.850674157303372,40.48720560449729,1686.84
5155,7.990000000000001,5.79,2.200000000000001,27.53441802252817,1685.89
2310,31.501627906976744,23.19,8.311627906976742,26.384756786286417,1685.46
43784,17.189999999999998,11.56,5.629999999999997,32.75159976730656,1685.0199999999998
14624,6.99,4.57,2.42,34.620886981402,1684.59
44921,15.21950819672131,9.45,5.769508196721311,37.908637533795066,1681.8899999999999
3137,0.9899999999999999,0.76,0.22999999999999987,23.23232323232322,1680.03
6270,0.99,0.77,0.21999999999999997,22.22222222222222,1680.03
247,209.99,156.24,53.75,25.596456974141624,1679.92
23287,139.99,92.71,47.280000000000015,33.77384098864206,1679.88
1309,59.99,44.44,15.550000000000004,25.92098683113853,1679.72
21311,39.99,26.84,13.150000000000002,32.883220805201304,1679.5800000000002
14625,9.99,6.62,3.37,33.733733733733736,1678.32
23777,128.99,87.16,41.83000000000001,32.42887045507404,1676.8700000000001
3998,18.933661971830986,13.63,5.303661971830985,28.011812927270153,1674.12
18974,53.99,32.67,21.32,39.48879422115206,1673.69
46093,11.167777777777777,6.53,4.637777777777777,41.52820614864192,1670.5
46311,7.060921985815603,4.76,2.300921985815603,32.586707379543796,1665.64
4034,36.11121212121213,26.66,9.451212121212127,26.172514202757487,1663.54
3321,9.29,6.93,2.3599999999999994,25.40365984930032,1662.9099999999999
2189,26.808181818181815,19.83,6.978181818181817,26.030045101563292,1659.3799999999999
20475,9.990000000000002,6.75,3.240000000000002,32.43243243243244,1658.34
13552,45.99,31.72,14.270000000000003,31.028484453141992,1655.64
25496,17.99,12.24,5.749999999999998,31.962201222901605,1655.08
4150,11.99,8.63,3.3599999999999994,28.023352793994995,1654.62
33953,12.055934065934066,7.99,4.065934065934066,33.725583133562424,1652.63
23275,11.113893805309736,7.09,4.023893805309736,36.20597673326062,1652.51
25286,18.99,12.83,6.159999999999998,32.43812532912058,1652.1299999999999
18534,27.99,18.79,9.2,32.86888174347981,1651.4099999999999
4272,29.99,20.43,9.559999999999999,31.877292430810268,1649.4499999999998
17326,24.99,16.89,8.099999999999998,32.41296518607442,1649.34
25337,16.99,11.18,5.809999999999999,34.19658622719246,1648.03
16261,14.508072289156628,8.72,5.788072289156627,39.89552970095585,1645.8700000000001
39450,34.99,23.8,11.190000000000001,31.98056587596456,1644.53
7788,14.79,7.96,6.829999999999999,46.17985125084516,1643.89
22270,40.11,27.02,13.09,32.63525305410122,1642.5900000000001
4190,25.533478260869565,19.52,6.013478260869565,23.55134776167691,1640.35
15332,12.49,8.55,3.9399999999999995,31.545236188951158,1636.19
44217,16.033478260869565,10.95,5.0834782608695654,31.7053990292052,1633.98
8423,7.215806451612904,4.69,2.5258064516129037,35.00379990164961,1633.74
45240,16.99,9.99,6.999999999999998,41.200706297822244,1631.04
23397,11.99,8.05,3.9399999999999995,32.860717264386984,1630.6399999999999
21098,14.06058823529412,9.33,4.730588235294119,33.64431242940217,1629.8400000000001
2639,70.75190476190475,52.37,18.381904761904757,25.980791363517046,1627.77
13553,36.99,25.34,11.650000000000002,31.494998648283325,1627.56
42212,6.053291139240507,4.07,1.9832911392405066,32.76384851843333,1625.31
19966,124.99,83.89,41.099999999999994,32.882630610448835,1624.87
3952,25.86719298245614,16.42,9.447192982456137,36.52191016189306,1624.37
15252,3.9899999999999998,2.61,1.38,34.58646616541353,1623.93
19381,10.391960784313726,6.57,3.8219607843137258,36.77805241608333,1622.44
45457,8.88108910891089,5.19,3.69108910891089,41.56122141829896,1622.16
5094,3.49,2.68,0.81,23.20916905444126,1619.3600000000001
31581,17.05349206349206,11.18,5.873492063492062,34.441579716485,1619.05
17612,9.99,6.75,3.24,32.432432432432435,1618.38
22362,9.99,6.45,3.54,35.43543543543544,1618.38
8454,32.99,24.8,8.190000000000001,24.825704759017885,1616.51
8351,10.99,8.26,2.7300000000000004,24.840764331210195,1615.53
23155,19.95296296296296,12.58,7.37296296296296,36.95171978542126,1615.1899999999998
17209,15.99,11.03,4.960000000000001,31.0193871169481,1614.99
6362,7.99,5.29,2.7,33.79224030037547,1613.98
23438,12.99,8.55,4.4399999999999995,34.18013856812932,1610.76
2392,69.99,50.72,19.269999999999996,27.5325046435205,1609.77
6659,9.942830188679245,5.95,3.992830188679245,40.15788375049813,1609.38
31345,22.99,15.64,7.349999999999998,31.970421922575028,1609.3
23947,23.99,15.48,8.509999999999998,35.473113797415586,1607.33
44915,11.99,6.45,5.54,46.205170975813175,1606.66
35607,10.903978494623656,4.63,6.273978494623656,57.53843423037858,1605.53
16180,10.99,6.84,4.15,37.76160145586898,1604.54
36383,14.99,9.39,5.6,37.35823882588392,1603.93
2842,399.99,300.74,99.25,24.8131203280082,1599.96
5196,79.99,59.25,20.739999999999995,25.928241030128763,1599.8
16264,79.99,53.68,26.309999999999995,32.89161145143142,1599.8
6460,8.33375,4.76,3.5737500000000004,42.88285585720714,1599.08
25703,13.535454545454545,7.58,5.955454545454545,43.99892538115387,1598.82
6687,15.09,10.06,5.029999999999999,33.33333333333333,1596.94
19283,10.0910101010101,6.89,3.201010101010101,31.721404190148245,1595.42
5106,11.99,9.52,2.4700000000000006,20.600500417014185,1594.67
10702,12.887435897435898,8.05,4.837435897435897,37.53606175762519,1592.77
20948,79.49,51.28,28.209999999999994,35.4887407221034,1589.8
2655,29.99,21.89,8.099999999999998,27.009003001000327,1589.4699999999998
23649,14.393508771929826,7.89,6.503508771929826,45.18362322196897,1588.88
25995,9.99,6.57,3.42,34.234234234234236,1588.41
21690,8.49,5.55,2.9400000000000004,34.62897526501767,1587.6299999999999
24311,87.99,60.68,27.309999999999995,31.037617911126258,1583.82
13113,32.99,21.85,11.14,33.767808426795995,1583.52
46694,23.99,16.1,7.889999999999997,32.88870362651103,1583.34
14719,21.99,14.96,7.029999999999998,31.96907685311504,1583.28
24975,17.99,11.76,6.229999999999999,34.63035019455252,1583.12
213,24.62265306122449,17.03,7.592653061224489,30.83604777415852,1581.36
8704,18.411052631578947,8.66,9.751052631578947,52.96303707727051,1579.1499999999999
36511,13.61857142857143,7.94,5.67857142857143,41.69726214203294,1578.84
6358,15.132857142857143,8.55,6.582857142857142,43.500424808836016,1577.97
10441,18.498196721311473,10.95,7.548196721311474,40.805040810358115,1575.1499999999999
22014,16.4275,9.93,6.497499999999999,39.55257951605539,1575.04
26885,21.49,13.07,8.419999999999998,39.18101442531409,1573.27
21627,15.912077922077922,10.27,5.642077922077922,35.45783240697665,1573.01
13097,10.695263157894738,5.99,4.705263157894738,43.9938979380936,1569.54
32592,18.584202898550725,11.56,7.024202898550724,37.79663263953334,1568.1499999999999
6225,3.99,2.98,1.0100000000000002,25.313283208020053,1568.0700000000002
43224,16.275714285714283,9.2,7.075714285714284,43.474063021153334,1565.04
16458,13.040632911392406,8.55,4.490632911392405,34.43569757622232,1564.8
10283,3.99,2.57,1.4200000000000004,35.58897243107771,1564.08
27808,10.17918918918919,4.54,5.63918918918919,55.399198152032504,1561.47
20406,21.99,13.69,8.299999999999999,37.74442928603911,1561.29
753,19.99,13.79,6.199999999999999,31.015507753876935,1559.2199999999998
7629,21.674210526315786,15.26,6.414210526315786,29.5937446880843,1557.27
2029,73.99,51.1,22.889999999999993,30.936613055818345,1553.79
34014,59.59,34.41,25.180000000000007,42.255411981876165,1553.74
13454,25.04769230769231,17.0,8.047692307692309,32.12947607640809,1553.3799999999999
8579,8.882307692307693,6.01,2.872307692307693,32.337403654628915,1552.24
689,11.016666666666667,7.33,3.6866666666666674,33.464447806354016,1551.59
3778,46.99,34.3,12.690000000000005,27.00574590338371,1550.67
19895,10.99,6.45,4.54,41.31028207461328,1549.59
16427,14.546962025316455,6.66,7.886962025316455,54.21724488996789,1548.93
18593,9.99,6.53,3.46,34.63463463463463,1548.45
17981,17.99,11.68,6.309999999999999,35.07504168982768,1547.1399999999999
17906,17.71549019607843,10.59,7.125490196078431,40.221806550155506,1547.1299999999999
3868,6.49,4.77,1.7200000000000006,26.50231124807397,1544.62
14386,9.037619047619048,5.99,3.0476190476190474,33.721481637599446,1541.29
2182,19.03109589041096,14.17,4.86109589041096,25.542911025214686,1541.1899999999998
17867,6.913076923076924,3.22,3.6930769230769234,53.42160899076443,1540.77
12139,219.99,149.65,70.34,31.97418064457475,1539.93
2923,69.99,53.43,16.559999999999995,23.660522931847403,1539.78
19961,69.99,45.45,24.539999999999992,35.062151735962274,1539.78
29489,19.990000000000002,13.6,6.390000000000002,31.965982991495757,1539.23
25497,19.99,12.98,7.009999999999998,35.067533766883436,1539.23
1022,13.99,10.6,3.3900000000000006,24.231593995711226,1538.9
3702,0.99,0.71,0.28,28.282828282828287,1538.46
34219,17.045555555555556,11.18,5.865555555555556,34.41105534189427,1538.1
3629,28.99,20.63,8.36,28.837530182821663,1536.4699999999998
25181,95.99,64.42,31.569999999999993,32.88884258776956,1535.84
2543,23.99,18.89,5.099999999999998,21.258857857440596,1535.36
8470,2.79,2.08,0.71,25.448028673835122,1534.5
43801,9.171818181818182,5.84,3.331818181818182,36.32669243730796,1534.32
1663,0.99,0.74,0.25,25.252525252525253,1533.51
17347,29.99,19.35,10.639999999999997,35.478492830943644,1529.49
19740,25.156666666666663,10.95,14.206666666666663,56.47277063733933,1529.3899999999999
10372,8.891098901098902,5.33,3.5610989010989016,40.05240455326355,1529.28
23974,16.99,11.25,5.739999999999998,33.78457916421424,1529.1
24398,16.99,11.4,5.589999999999998,32.90170688640376,1529.1
14471,9.99,6.49,3.5,35.03503503503504,1528.47
29646,13.215,7.14,6.075,45.970488081725314,1527.85
860,10.99,8.79,2.200000000000001,20.018198362147416,1527.61
6881,19.889999999999997,13.86,6.029999999999998,30.316742081447956,1521.73
36061,189.99,128.37,61.620000000000005,32.43328596241907,1519.92
2868,94.99,70.86,24.129999999999995,25.402673965680595,1519.8400000000001
18433,94.99,62.91,32.08,33.77197599747342,1519.84
8221,79.99,63.99,15.999999999999993,20.00250031253906,1519.81
2086,79.99,58.82,21.169999999999995,26.465808226028248,1519.81
36065,252.99,174.48,78.51000000000002,31.032847148108626,1517.94
2242,21.989999999999995,16.05,5.939999999999994,27.012278308321946,1517.31
3533,20.198955223880596,13.23,6.968955223880595,34.501562811731056,1515.25
37126,19.850465116279068,12.07,7.780465116279068,39.19537940649273,1513.24
9129,4.99,3.84,1.1500000000000004,23.046092184368742,1511.97
14096,35.99,21.37,14.620000000000001,40.62239510975271,1511.58
18881,9.99,6.53,3.46,34.63463463463463,1508.49
6530,9.210338983050846,5.33,3.880338983050846,42.13025155959588,1508.33
22353,47.20428571428572,30.51,16.694285714285716,35.36603819265805,1506.68
43124,5.99,4.1,1.8900000000000006,31.5525876460768,1503.49
29691,12.02448275862069,7.94,4.08448275862069,33.96805368357661,1501.75
5268,8.99,6.56,2.4300000000000006,27.030033370411576,1501.33
1013,18.99,10.29,8.7,45.813586097946285,1500.21
27111,59.99,40.26,19.730000000000004,32.88881480246708,1499.75
2802,24.99,18.93,6.059999999999999,24.249699879951976,1499.3999999999999
43489,13.80818181818182,8.05,5.75818181818182,41.7012311541247,1498.91
24971,13.095263157894738,7.18,5.9152631578947386,45.17101402676742,1498.8600000000001
36153,13.99,9.58,4.41,31.52251608291637,1496.93
19557,13.99,9.39,4.6,32.88062902072909,1496.93
29810,16.09,10.38,5.709999999999999,35.48788067122436,1496.07
4846,16.99,12.4,4.589999999999998,27.015891701000577,1495.12
46489,12.99,7.48,5.51,42.41724403387221,1493.85
23796,12.99,8.84,4.15,31.947652040030793,1493.85
19244,17.99,12.07,5.919999999999998,32.90717065036131,1493.1699999999998
25704,14.379830508474576,7.53,6.849830508474576,47.63498780070956,1487.97
44292,15.280909090909091,8.38,6.90090909090909,45.16033077517996,1487.01
18813,11.99,7.89,4.1000000000000005,34.19516263552961,1486.76
19169,7.99,5.4,2.59,32.41551939924906,1486.14
10205,26.99,16.99,10.0,37.05075954057058,1484.4499999999998
24020,10.99,7.38,3.6100000000000003,32.84804367606915,1483.65
29371,27.99,18.66,9.329999999999998,33.33333333333333,1483.47
23079,18.99,10.06,8.929999999999998,47.024749868351755,1481.22
27514,19.70428571428571,10.96,8.74428571428571,44.37758283187122,1479.25
44916,19.796451612903223,11.4,8.396451612903222,42.41392233864002,1479.25
20395,9.99,6.49,3.5,35.03503503503504,1478.52
8630,8.235283018867925,5.47,2.765283018867925,33.5784819117007,1478.2
15401,9.01247191011236,5.84,3.1724719101123604,35.200907606188686,1477.3600000000001
14631,36.865,23.83,13.035000000000004,35.35874135358742,1476.6000000000001
13603,17.99,11.64,6.349999999999998,35.29738743746525,1475.1799999999998
18638,24.99,16.55,8.439999999999998,33.7735094037615,1474.4099999999999
2156,36.800810810810816,26.92,9.880810810810814,26.8494378061588,1470.6000000000001
21281,48.99,32.23,16.760000000000005,34.21106348234335,1469.7
15205,34.99,17.76,17.23,49.24264075450128,1469.5800000000002
4274,34.18354838709678,22.21,11.973548387096777,35.02722494314375,1469.57
2808,29.99,23.61,6.379999999999999,21.273757919306433,1469.51
2209,29.99,21.58,8.41,28.04268089363121,1469.51
37217,13.990000000000002,8.66,5.330000000000002,38.09864188706219,1468.95
42735,12.055217391304348,8.1,3.9552173913043482,32.80917517221481,1468.78
15265,6.99,4.76,2.2300000000000004,31.902718168812594,1467.9
31075,27.220769230769232,17.87,9.350769230769231,34.35159804447961,1466.46
20912,24.056666666666665,15.75,8.306666666666665,34.52958292919495,1465.3899999999999
37785,13.72913043478261,8.21,5.519130434782609,40.20014567564999,1462.91
11414,6.8828571428571435,3.26,3.6228571428571437,52.635948526359485,1462.88
22697,22.772608695652174,10.46,12.312608695652173,54.06762510262138,1462.36
18875,7.990000000000001,5.15,2.8400000000000007,35.54443053817272,1462.17
10422,9.99,6.07,3.92,39.23923923923924,1458.54
19635,20.336153846153845,13.07,7.266153846153845,35.73022657638914,1457.28
3539,17.99,13.13,4.859999999999998,27.015008337965522,1457.1899999999998
21813,4.79,3.19,1.6,33.40292275574113,1456.1599999999999
2815,55.989999999999995,40.57,15.419999999999995,27.54063225575995,1455.74
18535,27.99,19.17,8.819999999999997,31.511254019292593,1455.48
45063,9.169245283018869,4.79,4.379245283018869,47.76014980348582,1455.41
16315,13.99,9.45,4.540000000000001,32.4517512508935,1454.96
23797,12.99,8.84,4.15,31.947652040030793,1454.88
32074,12.99,8.6,4.390000000000001,33.795227097767516,1454.88
2880,14.99,11.02,3.9700000000000006,26.484322881921287,1454.03
7995,6.49,4.95,1.54,23.728813559322035,1453.76
10581,10.99,6.62,4.37,39.76342129208371,1450.68
13086,289.99,186.66,103.33000000000001,35.63226318148902,1449.95
6624,49.989999999999995,33.11,16.879999999999995,33.76675335067013,1449.71
25386,49.99,33.11,16.880000000000003,33.766753350670136,1449.71
19782,29.535454545454545,16.44,13.095454545454544,44.33808365908461,1449.51
5077,16.855671641791044,12.69,4.165671641791045,24.713768340520488,1449.1399999999999
3930,16.162413793103447,12.11,4.052413793103447,25.07307290222099,1449.1
8567,10.101111111111111,6.75,3.351111111111111,33.17566824331756,1448.56
23403,8.99,6.16,2.83,31.47942157953281,1447.39
8543,19.75470588235294,14.81,4.94470588235294,25.03052139475329,1447.27
13766,12.904285714285715,8.21,4.694285714285714,36.37772611535481,1444.8799999999999
22170,20.02846153846154,13.07,6.958461538461538,34.74286592157315,1441.28
23433,89.99,60.4,29.589999999999996,32.88143127014113,1439.84
11891,59.99,39.73,20.260000000000005,33.77229538256377,1439.76
1050,44.99,32.84,12.149999999999999,27.00600133362969,1439.68
5135,23.99,17.26,6.729999999999997,28.05335556481866,1439.3999999999999
6115,19.99,14.07,5.919999999999998,29.614807403701843,1439.28
5633,14.99,11.62,3.370000000000001,22.481654436290867,1439.04
818,9.99,7.35,2.6400000000000006,26.42642642642643,1438.56
12534,9.99,6.89,3.1000000000000005,31.031031031031038,1438.56
39598,7.874615384615385,4.76,3.1146153846153855,39.55260330174857,1432.18
18860,5.99,3.86,2.1300000000000003,35.55926544240401,1431.6100000000001
5536,1.49,1.15,0.3400000000000001,22.818791946308732,1430.3999999999999
22336,54.99,36.18,18.810000000000002,34.20621931260229,1429.74
29621,12.243164556962025,8.21,4.033164556962024,32.9421738815769,1428.83
25984,9.99,5.88,4.11,41.14114114114114,1428.57
43379,13.99,9.58,4.41,31.52251608291637,1426.98
23379,11.99,7.99,4.0,33.361134278565466,1426.81
27176,14.99,9.2,5.790000000000001,38.62575050033356,1424.05
18369,7.99,5.36,2.63,32.91614518147684,1422.22
2733,78.99,58.95,20.039999999999992,25.370300037979483,1421.82
28238,8.99,5.95,3.04,33.815350389321466,1420.42
5681,32.99,23.8,9.190000000000001,27.856926341315553,1418.5700000000002
15392,8.4151968503937,4.96,3.4551968503937003,41.05901396985207,1418.31
3395,14.818571428571428,10.15,4.668571428571427,31.50486840836787,1418.03
15837,9.701538461538462,5.26,4.441538461538462,45.78179511576277,1416.53
4897,4.49,3.28,1.2100000000000004,26.9487750556793,1414.3500000000001
7818,5.962972972972973,3.71,2.252972972972973,37.782713139645566,1412.6299999999999
25689,8.99,6.03,2.96,32.92547274749722,1411.43
19174,11.706666666666667,7.38,4.326666666666667,36.958997722095674,1409.8
14811,10.865,7.53,3.335,30.69489185457892,1409.69
3651,3.99,2.93,1.06,26.56641604010025,1408.47
26558,25.204285714285714,16.54,8.664285714285715,34.37623986850309,1408.4399999999998
22318,43.99,27.92,16.07,36.53102977949534,1407.68
31172,21.99,11.72,10.269999999999998,46.70304683947248,1407.36
16646,36.99,24.18,12.810000000000002,34.63098134630982,1405.6200000000001
8907,6.99,4.63,2.3600000000000003,33.76251788268956,1404.99
41062,17.99,11.91,6.079999999999998,33.79655364091161,1403.2199999999998
22222,11.99,7.28,4.71,39.28273561301084,1402.83
43922,8.99,5.99,3.0,33.37041156840934,1402.44
23389,11.978888888888887,7.53,4.448888888888887,37.13941192839253,1401.83
36579,5.99,3.92,2.0700000000000003,34.55759599332221,1401.66
24312,99.99,67.11,32.879999999999995,32.88328832883288,1399.8600000000001
15161,99.99,68.96,31.03,31.033103310331033,1399.86
2714,99.99,76.33,23.659999999999997,23.66236623662366,1399.86
3792,99.99,71.42,28.569999999999993,28.57285728572857,1399.86
15266,6.99,4.54,2.45,35.050071530758224,1398.0
45876,15.005873015873016,10.34,4.665873015873016,31.093645874102204,1395.07
32136,44.99,29.41,15.580000000000002,34.62991775950211,1394.69
16469,8.801023622047245,4.79,4.011023622047245,45.574512628273375,1394.42
5223,8.485652173913044,6.15,2.3356521739130436,27.52472203719834,1394.35
10715,14.99,9.14,5.85,39.026017344896594,1394.07
6481,14.99,10.13,4.859999999999999,32.4216144096064,1394.07
13709,11.49,6.75,4.74,41.253263707571804,1392.78
43129,14.671159420289856,7.89,6.781159420289856,46.221019252995625,1392.05
2262,31.779473684210522,21.2,10.579473684210523,33.29027343038372,1391.56
3306,28.990000000000002,20.86,8.130000000000003,28.044153156260787,1391.52
14329,14.496024096385543,8.6,5.896024096385544,40.67338780056019,1391.04
12140,10.015974025974026,5.91,4.105974025974026,40.99425592884094,1390.61
283,53.38130434782609,39.69,13.69130434782609,25.648126277723033,1389.74
12951,11.036511627906977,6.7,4.336511627906977,39.29241207830246,1388.74
1999,44.76777777777778,34.88,9.887777777777778,22.086818396167878,1388.69
31847,32.99,21.85,11.14,33.767808426795995,1385.58
9304,21.99,14.38,7.609999999999998,34.60663938153705,1385.37
2239,20.99,15.78,5.209999999999999,24.821343496903285,1385.34
25005,17.99,11.68,6.309999999999999,35.07504168982768,1385.23
39491,13.99,8.1,5.890000000000001,42.10150107219443,1385.01
36573,19.710930232558137,11.25,8.460930232558137,42.92506813596517,1383.3
11080,9.736835443037975,6.62,3.116835443037975,32.01076429063585,1382.55
16878,7.989999999999999,5.22,2.7699999999999996,34.66833541927409,1382.27
3439,20.775714285714283,13.48,7.295714285714283,35.1165509179674,1380.34
7909,59.989999999999995,42.96,17.029999999999994,28.388064677446234,1379.77
7780,45.99,34.58,11.410000000000004,24.80974124809742,1379.7
10357,9.798823529411765,5.19,4.608823529411764,47.03445791811742,1379.54
42886,19.99,13.24,6.749999999999998,33.76688344172085,1379.31
19822,105.99,72.6,33.39,31.502971978488535,1377.8700000000001
46119,55.143846153846155,36.66,18.48384615384616,33.51932707464395,1376.75
17188,16.99,11.4,5.589999999999998,32.90170688640376,1376.19
46189,16.99,11.33,5.659999999999998,33.313713949381984,1376.1899999999998
25204,24.99,17.0,7.989999999999998,31.972789115646254,1374.45
5015,7.99,5.88,2.1100000000000003,26.408010012515646,1374.28
20509,11.250869565217393,7.43,3.820869565217393,33.96066004560035,1373.77
2797,0.9899999999999999,0.75,0.23999999999999988,24.24242424242423,1369.17
16782,36.99,24.5,12.490000000000002,33.76588267099216,1368.63
46298,11.99,8.16,3.83,31.94328607172644,1366.8600000000001
6648,8.792083333333332,5.15,3.642083333333332,41.42457703426377,1366.45
2920,59.695882352941176,46.15,13.545882352941177,22.691485273395546,1364.76
19336,3.99,2.71,1.2800000000000002,32.08020050125314,1364.5800000000002
18768,12.99,8.49,4.5,34.64203233256351,1363.95
41899,12.99,8.21,4.779999999999999,36.79753656658968,1363.95
23345,26.02846153846154,14.28,11.74846153846154,45.13698022874368,1363.48
33672,11.94945945945946,7.18,4.76945945945946,39.91360007237691,1362.8600000000001
22593,10.99,7.58,3.41,31.028207461328485,1362.76
11003,16.99,11.25,5.739999999999998,33.78457916421424,1359.1999999999998
14381,15.990000000000002,10.52,5.470000000000002,34.20888055034398,1359.15
60,10.96979797979798,7.4,3.569797979797979,32.54205762377878,1358.76
28690,9.99,6.66,3.33,33.33333333333333,1358.64
45921,9.99,5.13,4.86,48.64864864864865,1358.64
6361,7.990000000000001,5.4,2.5900000000000007,32.415519399249064,1358.3
25622,8.99,5.33,3.66,40.711902113459395,1357.49
24874,12.016315789473685,7.94,4.076315789473685,33.923174630984185,1356.87
46785,9.790000000000001,5.86,3.9300000000000006,40.143003064351376,1356.6100000000001
11337,31.418571428571425,17.44,13.978571428571424,44.49142909107442,1355.57
22027,8.775714285714285,4.79,3.985714285714285,45.4175484291063,1353.47
2942,38.91857142857143,27.12,11.798571428571432,30.316044488492462,1352.65
5707,32.99,21.42,11.57,35.071233707184,1352.5900000000001
14062,51.99,35.37,16.620000000000005,31.967686093479525,1351.74
16971,16.473870967741934,7.43,9.043870967741935,54.89827488300143,1351.1799999999998
19887,49.99,32.25,17.740000000000002,35.487097419483895,1349.73
441,49.99,37.31,12.68,25.365073014602917,1349.73
3681,29.99,23.07,6.919999999999998,23.07435811937312,1349.55
10254,6.891960784313726,3.37,3.521960784313726,51.10244957182282,1349.05
13793,14.0525,6.8,7.2525,51.61003380181462,1349.02
18747,9.99,6.84,3.1500000000000004,31.531531531531538,1348.65
272,9.99,7.4,2.59,25.925925925925924,1348.65
25647,20.13285714285714,13.42,6.712857142857141,33.342794295040086,1345.33
1893,64.20052631578947,43.99,20.210526315789473,31.48031250768562,1344.79
22665,53.8321052631579,35.56,18.272105263157897,33.942765518522506,1344.75
8322,8.873928571428571,6.24,2.633928571428571,29.681651708455746,1344.48
21000,41.99,27.62,14.370000000000001,34.222433912836394,1343.68
10750,27.990000000000002,17.99,10.000000000000004,35.727045373347636,1343.52
3677,11.812222222222221,8.59,3.2222222222222214,27.278713197253314,1341.8600000000001
20204,12.468260869565219,7.58,4.888260869565219,39.20563517801723,1339.93
20800,8.99,5.84,3.1500000000000004,35.038932146829815,1339.51
15334,9.99,6.07,3.92,39.23923923923924,1338.66
1065,12.989999999999998,10.07,2.919999999999998,22.478829869130088,1337.97
24498,26.67,16.55,10.120000000000001,37.945256842894636,1337.5
45525,10.119032258064516,5.91,4.209032258064516,41.59520545761739,1334.68
5822,7.99,6.24,1.75,21.90237797246558,1334.33
18879,14.99,9.99,5.0,33.3555703802535,1334.1100000000001
6021,22.990000000000002,16.54,6.450000000000003,28.055676381035244,1333.4199999999998
34763,11.99,7.79,4.2,35.029190992493746,1330.89
21144,18.99,12.49,6.499999999999998,34.22854133754607,1329.3
8877,14.196896551724137,9.08,5.116896551724137,36.042359913531364,1329.07
20400,13.99,9.08,4.91,35.09649749821301,1329.05
15264,13.99,9.52,4.470000000000001,31.95139385275197,1329.05
3831,3.99,2.89,1.1,27.56892230576441,1328.67
976,9.49,7.47,2.0200000000000005,21.28556375131718,1328.6
20160,15.823333333333332,10.27,5.553333333333333,35.09585001053297,1328.16
45831,17.026363636363634,11.48,5.546363636363633,32.57515083560253,1327.2199999999998
38473,15.99,10.38,5.609999999999999,35.08442776735459,1327.17
24782,15.99,10.95,5.040000000000001,31.519699812382747,1327.17
26390,7.99,5.4,2.59,32.41551939924906,1326.34
2684,52.99,38.12,14.870000000000005,28.06189847140971,1324.75
34951,20.389999999999997,11.48,8.909999999999997,43.697891123099545,1324.35
17167,12.861176470588234,6.82,6.041176470588233,46.97219173069886,1321.64
32650,11.371578947368421,5.99,5.381578947368421,47.32481718041285,1320.84
36620,19.275714285714283,10.95,8.325714285714284,43.192766619728744,1320.32
23284,219.99,142.85,77.14000000000001,35.065230237738085,1319.94
29039,43.99,29.13,14.860000000000003,33.7804046374176,1319.7
6378,9.99,6.62,3.37,33.733733733733736,1318.68
11227,16.62265306122449,9.73,6.89265306122449,41.46542092791985,1315.1999999999998
15314,15.602903225806452,8.96,6.642903225806451,42.57478963799127,1315.17
18276,59.53545454545454,35.48,24.055454545454545,40.40525889844096,1314.77
13618,17.99,12.32,5.669999999999998,31.517509727626454,1313.27
35048,12.075714285714287,7.94,4.135714285714287,34.24819590677867,1312.91
36101,56.99,37.58,19.410000000000004,34.05860677311809,1310.77
13636,18.99,10.45,8.54,44.971037388099,1310.31
45823,9.99,6.66,3.33,33.33333333333333,1308.69
2232,39.78310344827587,31.0,8.783103448275867,22.07747180834006,1307.67
31501,11.16741935483871,7.53,3.63741935483871,32.571709177041505,1306.83
4379,0.99,0.73,0.26,26.262626262626267,1306.8
6942,11.545555555555554,7.46,4.085555555555554,35.386392070060616,1303.3700000000001
24185,92.99,63.26,29.729999999999997,31.971179696741586,1301.8600000000001
16727,13.99,9.33,4.66,33.30950679056469,1301.07
1051,99.99,74.62,25.36999999999999,25.372537253725362,1299.87
24109,49.99,34.24,15.75,31.50630126025205,1299.74
25838,19.99,12.49,7.499999999999998,37.51875937968984,1299.35
17837,10.204285714285716,6.89,3.314285714285716,32.47935041299176,1297.71
17308,21.99,15.17,6.8199999999999985,31.014097316962253,1297.4099999999999
3061,14.75923076923077,11.32,3.43923076923077,23.302235888883104,1296.12
24863,23.99,16.54,7.449999999999999,31.054606085869114,1295.46
3138,11.99,9.29,2.700000000000001,22.518765638031702,1294.92
21861,11.444545454545455,6.62,4.824545454545455,42.15585034553976,1294.9
2502,34.99,26.92,8.07,23.063732494998572,1294.63
2512,34.99,25.36,9.630000000000003,27.52214918548157,1294.63
19458,7.99,5.33,2.66,33.29161451814768,1294.38
36087,37.99,25.16,12.830000000000002,33.772045275072394,1291.66
19855,30.06407407407407,19.47,10.594074074074072,35.2383181599793,1291.57
19356,18.99,12.25,6.739999999999998,35.49236440231701,1291.32
40658,29.99,20.54,9.45,31.510503501167054,1289.57
13505,10.041282051282051,5.8,4.2412820512820515,42.23845152064554,1288.72
15466,9.99,6.03,3.96,39.63963963963964,1288.71
17350,13.99,9.45,4.540000000000001,32.4517512508935,1287.08
31796,10.99,7.28,3.71,33.75796178343949,1285.83
9439,33.682307692307695,21.47,12.212307692307697,36.25733665243109,1283.6200000000001
27331,11.99,7.89,4.1000000000000005,34.19516263552961,1282.93
18304,8.49,5.82,2.67,31.44876325088339,1281.99
24331,60.99,39.6,21.39,35.071323167732416,1280.79
2743,79.99,62.49,17.499999999999993,21.877734716839598,1279.84
42456,31.99,19.35,12.639999999999997,39.51234760862769,1279.6
13487,17.99,12.32,5.669999999999998,31.517509727626454,1277.29
23239,8.99,6.12,2.87,31.92436040044494,1276.58
5317,3.29,2.46,0.8300000000000001,25.227963525835868,1276.52
2119,84.99,66.4,18.58999999999999,21.87316154841745,1274.85
17001,13.990000000000002,9.33,4.660000000000002,33.3095067905647,1273.0900000000001
41912,12.99,8.21,4.779999999999999,36.79753656658968,1273.02
978,6.989999999999999,5.3,1.6899999999999995,24.17739628040057,1272.18
428,9.49,6.83,2.66,28.02950474183351,1271.66
39716,8.877234042553193,5.4,3.4772340425531922,39.17024183304173,1271.26
46199,9.023898305084746,5.15,3.8738983050847455,42.92932138765237,1269.59
1296,26.99,20.6,6.389999999999997,23.675435346424592,1268.53
39518,27.389999999999997,16.23,11.159999999999997,40.744797371303385,1266.54
2793,24.818571428571428,17.18,7.638571428571428,30.777643469751915,1265.49
25187,12.599756097560977,7.53,5.069756097560977,40.236938384405434,1264.01
18972,10.99,7.09,3.9000000000000004,35.48680618744313,1263.85
17100,7.99,5.19,2.8,35.04380475594493,1262.42
15251,3.99,2.73,1.2600000000000002,31.578947368421055,1260.8400000000001
2535,179.99,140.62,39.370000000000005,21.873437413189624,1259.93
39461,104.99,69.07,35.92,34.21278216973045,1259.8799999999999
22566,13.99,9.14,4.85,34.66761972837741,1259.1
8212,24.617906976744184,16.66,7.957906976744184,32.32568465004675,1258.49
5680,1.99,1.46,0.53,26.633165829145728,1257.68
34971,26.561428571428568,16.66,9.901428571428568,37.27747001559726,1256.53
9361,69.71222222222222,48.5,21.212222222222223,30.428268596292696,1254.82
13602,45.99,29.72,16.270000000000003,35.37725592520113,1253.72
25281,18.99,12.92,6.0699999999999985,31.964191679831483,1253.34
19419,10.05060606060606,6.62,3.4306060606060607,34.13332529321313,1252.75
27212,58.87888888888889,34.48,24.39888888888889,41.439112302089036,1249.79
4527,39.19,26.92,12.269999999999996,31.309007399846887,1249.68
23851,10.49,6.81,3.6800000000000006,35.081029551954245,1248.31
23406,17.760491803278686,11.91,5.850491803278686,32.94104616066236,1245.3
24299,9.95808510638298,5.88,4.0780851063829795,40.95250304467663,1243.75
19668,11.914528301886794,6.53,5.384528301886793,45.19296245268976,1241.94
26104,154.99,105.51,49.480000000000004,31.92464029937415,1239.92
6698,44.52333333333333,29.33,15.193333333333335,34.12442913827955,1239.72
20921,19.99,11.68,8.309999999999999,41.570785392696344,1239.3799999999999
34020,19.99,13.6,6.389999999999999,31.965982991495746,1239.3799999999999
37913,19.989999999999995,13.15,6.8399999999999945,34.21710855427712,1239.3799999999999
41065,18.626363636363635,11.18,7.446363636363635,39.97754892869344,1237.34
41605,64.78999999999999,40.26,24.529999999999994,37.86078098471986,1235.81
13895,17.626363636363635,10.27,7.3563636363636355,41.73500438392903,1235.29
36570,64.99,42.76,22.229999999999997,34.205262348053544,1234.81
36843,18.6478947368421,11.25,7.397894736842101,39.67147413282153,1231.33
4453,13.989999999999998,10.76,3.2299999999999986,23.08791994281629,1231.12
40561,10.99,7.48,3.51,31.938125568698815,1230.88
24603,29.99,20.13,9.86,32.87762587529176,1229.59
36154,29.99,19.99,10.0,33.344448149383126,1229.59
856,29.99,21.73,8.259999999999998,27.542514171390458,1229.59
27146,9.99,6.57,3.42,34.234234234234236,1228.77
26947,25.34483870967742,13.72,11.624838709677418,45.86669042497677,1227.52
23384,17.99,12.16,5.829999999999998,32.40689271817676,1223.32
1895,6.99,5.07,1.92,27.467811158798284,1223.25
25777,12.990000000000002,8.96,4.030000000000001,31.023864511162436,1221.06
2790,32.99,24.44,8.55,25.916944528645047,1220.63
37527,10.99,7.18,3.8100000000000005,34.667879890809836,1219.89
855,10.99,8.65,2.34,21.292083712465875,1219.89
14632,60.99,36.12,24.870000000000005,40.77717658632563,1219.8
40965,29.535454545454545,16.44,13.095454545454544,44.33808365908461,1219.59
19001,29.073333333333334,18.18,10.893333333333334,37.46847053428113,1219.58
34525,25.894761904761904,16.54,9.354761904761904,36.12607808161239,1219.53
2467,23.02333333333333,17.96,5.063333333333329,21.99218184450556,1219.4699999999998
24787,19.99,12.98,7.009999999999998,35.067533766883436,1219.3899999999999
4583,22.99,17.29,5.699999999999999,24.793388429752063,1218.47
21982,22.99,15.64,7.349999999999998,31.970421922575028,1218.4699999999998
4748,20.99,16.66,4.329999999999998,20.628870890900423,1217.4199999999998
6357,13.99,9.2,4.790000000000001,34.23874195854182,1217.1299999999999
7127,49.037619047619046,30.82,18.217619047619046,37.150292778139224,1213.75
18617,13.066923076923077,8.38,4.686923076923076,35.868605404132566,1212.07
41412,11.99,8.21,3.7799999999999994,31.526271893244363,1210.99
13994,10.275714285714285,5.8,4.475714285714285,43.55623522869456,1210.81
20152,15.561428571428573,8.9,6.661428571428573,42.80730744514826,1209.23
25985,9.989999999999998,6.66,3.3299999999999983,33.33333333333332,1208.79
4705,0.99,0.76,0.22999999999999998,23.232323232323232,1206.81
13837,9.012222222222222,5.73,3.282222222222222,36.41967698187646,1206.66
6585,7.99,5.15,2.84,35.54443053817271,1206.49
1252,17.99,13.84,4.149999999999999,23.068371317398547,1205.33
38690,17.745102040816327,10.13,7.615102040816327,42.91382502788927,1205.32
5286,3.9900000000000007,2.93,1.0600000000000005,26.56641604010026,1204.98
6145,8.855168539325843,5.19,3.665168539325843,41.39016127190367,1204.64
29400,21.056666666666665,12.49,8.566666666666665,40.68386892512268,1204.4299999999998
2615,3.4899999999999998,2.57,0.9199999999999999,26.36103151862464,1204.05
10676,42.99,28.1,14.89,34.63596185159339,1203.72
16189,27.99,17.87,10.119999999999997,36.15576991782779,1203.57
19908,13.990000000000002,9.58,4.410000000000002,31.52251608291638,1203.14
41629,13.99,9.08,4.91,35.09649749821301,1203.14
39282,10.932028985507248,6.84,4.092028985507248,37.43155996871314,1202.9
2969,1199.99,875.91,324.08000000000004,27.006891724097702,1199.99
2301,239.99,186.04,53.95000000000002,22.480103337639072,1199.95
2075,199.99,143.88,56.110000000000014,28.056402820141013,1199.94
675,108.56142857142856,78.73,29.83142857142856,27.47884673588356,1199.8899999999999
41588,99.99,66.66,33.33,33.33333333333333,1199.8799999999999
21409,59.99,40.81,19.18,31.971995332555426,1199.8
22264,49.99,33.11,16.880000000000003,33.766753350670136,1199.76
22028,49.99,34.01,15.980000000000004,31.966393278655737,1199.76
37790,26.085238095238093,16.88,9.205238095238094,35.28907062925574,1199.54
20674,24.99,17.23,7.759999999999998,31.052420968387352,1199.52
184,23.99,13.04,10.95,45.64401834097541,1199.5
8075,9.99,6.75,3.24,32.432432432432435,1198.8
16728,19.042631578947365,12.83,6.212631578947365,32.62485835106823,1198.37
24098,6.99,4.66,2.33,33.33333333333333,1195.29
12270,14.99,8.72,6.27,41.82788525683789,1195.23
806,12.99,10.39,2.5999999999999996,20.015396458814468,1195.08
46096,10.036153846153846,6.8,3.2361538461538464,32.24496052732429,1192.81
1012,35.156666666666666,25.73,9.426666666666666,26.813311842230014,1192.66
38263,9.888305084745761,6.16,3.7283050847457613,37.70418744964947,1191.8
1038,25.892439024390242,16.41,9.482439024390242,36.622424853286105,1191.54
8632,18.881891891891893,12.85,6.031891891891894,31.94537881281938,1191.37
25260,7.99,5.19,2.8,35.04380475594493,1190.51
8152,11.147303370786517,7.24,3.907303370786517,35.051556783018015,1189.93
20339,77.99,48.27,29.71999999999999,38.107449673035,1189.85
2922,69.99,51.46,18.529999999999994,26.475210744392047,1189.83
39764,31.022258064516127,18.29,12.732258064516127,41.042331728519585,1189.61
45632,16.99,11.1,5.889999999999999,34.66745144202471,1189.3
20167,13.99,8.78,5.210000000000001,37.240886347391,1189.15
35123,32.06407407407408,21.76,10.304074074074077,32.135885322213625,1187.6299999999999
555,30.395405405405402,21.73,8.665405405405401,28.50893182646736,1187.61
2098,21.99,16.29,5.699999999999999,25.920873124147338,1187.46
22475,11.99,8.21,3.7799999999999994,31.526271893244363,1187.01
16460,12.093448275862068,8.16,3.9334482758620677,32.525448376151225,1185.02
23241,10.348490566037736,5.8,4.548490566037736,43.953178842963155,1184.8799999999999
3785,9.682307692307692,6.98,2.7023076923076914,27.90974815285611,1184.77
14280,8.541020408163265,4.96,3.5810204081632646,41.927313564789365,1184.1100000000001
44922,36.99,22.81,14.180000000000003,38.334685050013526,1183.68
13967,12.99,8.6,4.390000000000001,33.795227097767516,1182.09
2933,51.739999999999995,38.88,12.859999999999992,24.85504445303439,1181.77
16948,6.047142857142857,3.89,2.157142857142857,35.67210016536735,1180.04
24593,19.60904761904762,10.13,9.479047619047618,48.340173389348934,1179.3999999999999
31910,9.99,6.75,3.24,32.432432432432435,1178.82
22842,11.027037037037038,7.28,3.747037037037038,33.9804520874618,1177.93
21218,27.99,17.44,10.549999999999997,37.69203286888174,1175.58
1020,24.99,18.11,6.879999999999999,27.53101240496198,1174.53
46788,9.790000000000001,5.62,4.170000000000001,42.594484167517884,1170.81
1542,29.99,22.72,7.27,24.24141380460153,1169.61
4326,29.99,22.38,7.609999999999999,25.37512504168056,1169.61
5325,17.99,12.94,5.049999999999999,28.07115063924402,1169.35
12946,9.99,6.57,3.42,34.234234234234236,1168.83
14972,34.92333333333333,21.47,13.453333333333333,38.522477808532976,1167.67
24587,7.792631578947368,4.51,3.2826315789473686,42.12481426448737,1165.49
38011,10.99,6.45,4.54,41.31028207461328,1164.94
23400,10.49,7.14,3.3500000000000005,31.935176358436614,1164.39
11187,55.21222222222222,37.66,17.552222222222227,31.79046507415831,1162.79
25708,35.27571428571429,21.85,13.425714285714285,38.05936905195804,1160.67
24595,8.79,5.86,2.929999999999999,33.33333333333333,1160.28
24703,30.906666666666666,15.43,15.476666666666667,50.07549611734253,1159.63
33267,19.99,13.6,6.389999999999999,31.965982991495746,1159.4199999999998
13932,4.79,3.13,1.6600000000000001,34.65553235908142,1159.18
17937,9.99,6.84,3.1500000000000004,31.531531531531538,1158.84
28919,9.99,6.89,3.1000000000000005,31.031031031031038,1158.84
6987,9.99,6.7,3.29,32.932932932932935,1158.84
2103,18.99,14.95,4.039999999999999,21.27435492364402,1158.3899999999999
18778,11.482957746478872,6.62,4.862957746478872,42.34934808473058,1156.99
33075,16.59,10.13,6.459999999999999,38.939119951778174,1156.31
34998,16.99,10.66,6.329999999999998,37.257210123602114,1155.32
23231,54.99,37.16,17.830000000000005,32.42407710492818,1154.79
15482,9.236153846153847,5.96,3.2761538461538473,35.470975264429086,1154.74
3884,34.99,25.92,9.07,25.921691911974847,1154.67
27065,34.99,23.48,11.510000000000002,32.89511288939697,1154.67
36138,11.113076923076923,7.38,3.733076923076923,33.5917491520731,1152.96
10267,35.99,24.65,11.340000000000003,31.508752431230906,1151.68
46429,9.111621621621621,5.8,3.3116216216216214,36.345030107080355,1148.74
601,6.99,5.38,1.6100000000000003,23.03290414878398,1146.36
4391,28.13705882352941,18.1,10.03705882352941,35.672025589028486,1145.59
38137,30.1478947368421,19.99,10.157894736842103,33.693545852900606,1144.62
5308,0.99,0.75,0.24,24.242424242424242,1144.44
3125,9.538543689320388,7.03,2.508543689320388,26.299021853084568,1144.3
4337,43.99,34.91,9.080000000000005,20.64105478517846,1143.74
4353,36.13285714285714,26.8,9.33285714285714,25.82928082868777,1143.68
17957,14.130350877192983,9.14,4.9903508771929825,35.31653899159455,1143.19
22524,30.13285714285714,18.82,11.31285714285714,37.54326079742094,1141.62
1181,19.029999999999998,11.02,8.009999999999998,42.09143457698371,1141.3999999999999
24182,94.99,62.49,32.49999999999999,34.21412780292662,1139.88
90080,59.99,40.26,19.730000000000004,32.88881480246708,1139.81
22830,59.99,39.73,20.260000000000005,33.77229538256377,1139.81
200,29.99,23.43,6.559999999999999,21.87395798599533,1139.62
4160,23.955517241379308,15.5,8.455517241379308,35.29674252565818,1139.53
14552,19.99,13.24,6.749999999999998,33.76688344172085,1139.43
19552,19.99,12.9,7.089999999999998,35.46773386693346,1139.43
344,19.99,15.74,4.249999999999998,21.260630315157574,1139.4299999999998
28983,14.99,10.06,4.93,32.88859239492995,1139.24
20030,10.093896103896103,5.19,4.903896103896103,48.58278759183253,1138.88
878,9.99,7.46,2.5300000000000002,25.325325325325327,1138.8600000000001
12450,9.015316455696203,5.22,3.795316455696203,42.09853835245223,1138.74
19039,10.073333333333332,6.45,3.623333333333332,35.96955658504301,1135.8700000000001
45298,53.99,32.67,21.32,39.48879422115206,1133.79
775,6.29,4.56,1.7300000000000004,27.5039745627981,1132.2
31790,8.018169014084506,5.15,2.868169014084506,35.77087249029492,1128.59
37827,7.989999999999999,5.15,2.839999999999999,35.544430538172705,1126.59
82,374.99,248.34,126.65,33.774233979572784,1124.97
11775,224.99,149.99,75.0,33.33481488066136,1124.95
11776,224.99,154.1,70.89000000000001,31.508067025201125,1124.95
17134,17.85363636363636,9.8,8.053636363636361,45.10922144712052,1123.37
26501,20.022258064516127,13.07,6.952258064516126,34.722647376307,1121.44
17101,18.99,12.74,6.249999999999998,32.91205897840968,1120.4099999999999
100,159.99,120.29,39.7,24.814050878179884,1119.93
25796,34.99,23.02,11.970000000000002,34.20977422120606,1119.68
25158,15.16391304347826,10.06,5.10391304347826,33.65828482954382,1119.26
18134,13.989999999999998,9.65,4.339999999999998,31.02215868477483,1119.2
41759,7.99,5.44,2.55,31.914893617021274,1118.6
27932,18.920232558139535,11.99,6.930232558139535,36.62868591516403,1116.4099999999999
5033,17.99,12.97,5.019999999999998,27.904391328515832,1115.3799999999999
3943,11.99,9.59,2.4000000000000004,20.016680567139286,1115.07
3597,8.907525773195877,6.51,2.397525773195877,26.91573209263568,1114.75
45526,10.095263157894736,5.95,4.145263157894736,41.06146707679474,1112.8899999999999
24558,11.040000000000001,7.43,3.610000000000001,32.69927536231884,1111.99
18337,16.160212765957446,10.2,5.960212765957447,36.882019143417644,1111.31
27528,10.99,7.33,3.66,33.30300272975432,1109.99
35962,44.22076923076923,27.58,16.64076923076923,37.631116600274844,1109.75
23172,29.99,20.4,9.59,31.977325775258418,1109.6299999999999
36123,19.12953488372093,11.76,7.369534883720929,38.52438090375287,1109.4199999999998
20781,14.989999999999998,9.73,5.259999999999998,35.09006004002668,1109.26
21353,9.99,4.59,5.4,54.054054054054056,1108.89
29081,9.694918032786886,5.44,4.254918032786885,43.8881279696985,1108.84
13143,14.944545454545455,10.27,4.674545454545456,31.279274895066617,1107.26
31195,29.82333333333333,17.53,12.29333333333333,41.22052084497596,1106.6299999999999
18380,40.89,24.48,16.41,40.132061628760084,1105.73
1021,13.99,10.76,3.2300000000000004,23.087919942816303,1105.21
25609,23.99,16.43,7.559999999999999,31.513130471029594,1103.54
19127,15.989999999999998,10.95,5.039999999999999,31.519699812382733,1103.31
12116,14.05896551724138,7.74,6.318965517241379,44.94616271369355,1103.22
38416,11.989999999999998,8.21,3.7799999999999976,31.526271893244356,1103.08
3565,33.49,25.98,7.510000000000002,22.424604359510305,1102.67
2238,28.99,18.93,10.059999999999999,34.70162124870645,1102.62
34580,28.99,18.82,10.169999999999998,35.08106243532252,1101.62
13956,13.937368421052632,7.79,6.147368421052632,44.10709565348741,1101.21
3230,9.49,7.08,2.41,25.395152792413068,1100.84
20932,12.914528301886794,7.43,5.484528301886794,42.467894867561775,1100.15
1874,109.98999999999998,84.61,25.37999999999998,23.07482498408945,1099.8999999999999
2617,99.99,72.99,27.0,27.002700270027002,1099.8899999999999
2711,19.989999999999995,15.03,4.9599999999999955,24.812406203101535,1099.4499999999998
10452,9.99,6.07,3.92,39.23923923923924,1098.9
13745,9.99,6.57,3.42,34.234234234234236,1098.9
22297,9.99,6.75,3.24,32.432432432432435,1098.9
2742,52.489999999999995,37.98,14.509999999999998,27.643360640121927,1098.79
32604,13.442203389830508,6.5,6.942203389830508,51.64483223845969,1098.4
35646,18.915,11.61,7.305,38.62014274385409,1095.4199999999998
3730,0.99,0.73,0.26,26.262626262626267,1094.94
46217,7.93,4.72,3.21,40.47919293820934,1091.63
17349,13.99,9.65,4.34,31.022158684774837,1091.22
21151,12.990000000000002,6.57,6.420000000000002,49.422632794457286,1091.16
16891,13.57490566037736,8.21,5.364905660377358,39.52075833599733,1089.2
7898,9.99,7.57,2.42,24.224224224224223,1088.91
13981,8.99,5.26,3.7300000000000004,41.49054505005562,1087.79
5507,7.777878787878788,4.54,3.2378787878787882,41.629329489227416,1084.62
4959,0.99,0.71,0.28,28.282828282828287,1084.05
14437,19.41857142857143,11.68,7.738571428571429,39.85139409990436,1083.44
8895,20.545555555555552,12.41,8.135555555555552,39.59764209615487,1081.47
32900,89.99,58.82,31.169999999999995,34.637181909101,1079.8799999999999
2897,59.99,47.24,12.75,21.25354225704284,1079.82
4287,59.99,44.44,15.550000000000004,25.92098683113853,1079.82
21981,39.99,25.97,14.020000000000003,35.0587646911728,1079.73
8100,39.99,28.77,11.220000000000002,28.057014253563395,1079.73
38105,11.99,8.05,3.9399999999999995,32.860717264386984,1079.1
37765,8.99,6.12,2.87,31.92436040044494,1078.8
3701,0.9899999999999999,0.79,0.19999999999999984,20.202020202020186,1078.1100000000001
2089,21.99,16.53,5.459999999999997,24.829467939972705,1077.51
3648,8.731935483870968,6.05,2.6819354838709684,30.714101001145227,1076.76
29696,19.06407407407407,12.66,6.404074074074071,33.592368814718384,1075.44
3909,24.99,19.37,5.619999999999997,22.488995598239285,1074.57
971,15.99,11.42,4.57,28.580362726704188,1071.33
17459,8.99,6.07,2.92,32.48053392658509,1069.81
540,0.99,0.72,0.27,27.272727272727277,1069.2
17918,355.99,229.67,126.32000000000002,35.48414281300037,1067.97
3121,9.530229885057471,6.93,2.6002298850574714,27.28402059990593,1066.88
16380,10.989999999999998,4.69,6.299999999999998,57.3248407643312,1066.03
31347,10.99,7.09,3.9000000000000004,35.48680618744313,1066.03
23293,81.99,55.03,26.959999999999994,32.88205878765702,1065.87
5641,14.99,11.1,3.8900000000000006,25.950633755837227,1064.29
22531,10.557567567567567,6.16,4.397567567567567,41.65322683869646,1064.01
1049,6.99,5.55,1.4400000000000004,20.600858369098717,1062.48
17471,10.49,7.14,3.3500000000000005,31.935176358436614,1059.49
15745,22.99,14.28,8.709999999999999,37.88603740756851,1057.54
35318,11.49,7.46,4.03,35.0739773716275,1057.08
25581,10.59,6.07,4.52,42.681775259678936,1057.0
7269,7.99,5.44,2.55,31.914893617021274,1054.68
2163,21.69731707317073,14.38,7.317317073170729,33.72452478107891,1054.51
33265,11.830909090909092,7.43,4.400909090909092,37.198401721223306,1054.11
14433,11.267777777777779,5.8,5.467777777777779,48.52578641159649,1054.07
16555,17.908918918918918,11.18,6.728918918918918,37.57300454250486,1052.4099999999999
7590,17.827837837837837,13.27,4.5578378378378375,25.565847520579716,1052.4099999999999
37158,12.99,8.49,4.5,34.64203233256351,1052.19
16494,18.063170731707316,11.68,6.383170731707317,35.3380412914028,1050.4199999999998
7371,11.194081632653061,7.14,4.0540816326530615,36.21629505387322,1050.07
5430,349.99,275.58,74.41000000000003,21.260607445927032,1049.97
42884,149.99,72.36,77.63000000000001,51.75678378558571,1049.93
8676,74.99,53.95,21.039999999999992,28.057074276570198,1049.86
1045,49.99,33.55,16.440000000000005,32.8865773154631,1049.79
25339,34.99,23.02,11.970000000000002,34.20977422120606,1049.7
19531,24.990000000000002,15.03,9.960000000000003,39.855942376950786,1049.58
38481,17.24,10.96,6.279999999999998,36.42691415313224,1049.3899999999999
34907,9.99,6.66,3.33,33.33333333333333,1048.95
4304,0.99,0.79,0.19999999999999996,20.2020202020202,1047.42
4025,1.79,1.37,0.41999999999999993,23.463687150837984,1047.15
10606,11.033478260869567,7.58,3.4534782608695664,31.299996059423897,1047.05
17202,10.107647058823531,6.12,3.987647058823531,39.45178373974278,1046.96
5277,7.99,6.05,1.9400000000000004,24.280350438047563,1046.69
5339,3.29,2.35,0.94,28.57142857142857,1046.22
14130,10.859565217391305,5.8,5.059565217391305,46.59086359450695,1046.03
5381,0.99,0.73,0.26,26.262626262626267,1045.44
6929,18.025714285714283,13.33,4.695714285714283,26.05008717704865,1045.4199999999998
10576,11.692127659574467,6.49,5.202127659574467,44.49256637490218,1045.11
21076,10.11,6.07,4.039999999999999,39.96043521266073,1044.96
6563,9.781666666666666,4.54,5.241666666666666,53.58664167660589,1044.93
24265,24.695882352941176,14.09,10.605882352941176,42.94595431484172,1044.58
37422,115.99,75.81,40.17999999999999,34.640917320458655,1043.9099999999999
21730,57.99,38.4,19.590000000000003,33.78168649767201,1043.82
32805,29.717272727272725,16.12,13.597272727272724,45.755452904646816,1043.65
29433,23.323333333333334,13.79,9.533333333333335,40.874660568815216,1043.56
25382,17.99,12.24,5.749999999999998,31.962201222901605,1043.42
20162,17.99,7.43,10.559999999999999,58.69927737632018,1043.4199999999998
35941,8.99,5.51,3.4800000000000004,38.70967741935484,1042.84
38822,10.137058823529413,6.84,3.2970588235294134,32.524807056229335,1040.97
25918,10.032553191489363,5.88,4.152553191489363,41.3907916781541,1040.96
45035,35.88473684210527,22.87,13.014736842105268,36.268168551355956,1040.71
2884,129.99,98.48,31.510000000000005,24.240326178936844,1039.92
2638,129.99,95.38,34.610000000000014,26.625125009616134,1039.92
1031,45.26777777777778,33.57,11.69777777777778,25.84129010088118,1039.77
23195,39.99,27.58,12.410000000000004,31.032758189547394,1039.74
19769,19.99,13.15,6.839999999999998,34.21710855427713,1039.48
17507,15.989999999999998,9.99,5.999999999999998,37.52345215759849,1039.35
8231,14.226363636363637,9.02,5.206363636363637,36.59658764138284,1038.27
17351,16.99,11.18,5.809999999999999,34.19658622719246,1036.3899999999999
4121,27.99,22.21,5.779999999999998,20.65023222579492,1035.6299999999999
8437,43.56142857142858,26.31,17.25142857142858,39.60253172859346,1034.76
11480,14.99,10.06,4.93,32.88859239492995,1034.31
14191,11.99,7.28,4.71,39.28273561301084,1031.14
2839,39.615,27.0,12.615000000000002,31.843998485422194,1030.74
12416,8.826065573770492,5.26,3.5660655737704925,40.40379650439273,1028.84
45752,11.910634920634921,6.53,5.380634920634921,45.17504697682477,1026.14
33768,26.99,14.47,12.519999999999998,46.38755094479436,1025.62
18375,15.4275,7.89,7.5375000000000005,48.85755955274672,1025.34
35960,34.03761904761905,20.26,13.777619047619051,40.4776227983044,1024.7
22675,7.99,5.33,2.66,33.29161451814768,1022.72
24280,84.99,58.21,26.779999999999994,31.50958936345452,1019.8799999999999
6783,15.10764705882353,8.38,6.727647058823528,44.531402094770854,1018.32
11932,28.07695652173913,18.29,9.786956521739132,34.857611843225925,1014.64
2115,6.571818181818181,4.88,1.6918181818181814,25.743532992115085,1014.46
22338,25.990000000000002,17.1,8.89,34.205463639861485,1013.61
12212,24.32333333333333,10.52,13.803333333333331,56.749349047553785,1013.5799999999999
24497,12.99,8.1,4.890000000000001,37.644341801385686,1013.22
18278,24.13285714285714,16.1,8.03285714285714,33.28597643994553,1012.5799999999999
32619,19.11121212121212,12.41,6.701212121212119,35.06429670033456,1010.4699999999999
4703,0.99,0.77,0.21999999999999997,22.22222222222222,1009.8
25375,9.99,6.66,3.33,33.33333333333333,1008.99
25427,41.99,27.62,14.370000000000001,34.222433912836394,1007.7600000000001
25417,19.01631578947368,11.68,7.33631578947368,38.57905953336469,1007.4699999999999
23968,11.99,8.27,3.7200000000000006,31.025854879065896,1007.16
44729,11.99,8.16,3.83,31.94328607172644,1007.16
20903,18.99,12.66,6.329999999999998,33.33333333333333,1006.47
14920,14.989999999999998,7.84,7.149999999999999,47.6984656437625,1004.33
10647,16.99,11.4,5.589999999999998,32.90170688640376,1002.4099999999999
2664,14.533859649122808,10.5,4.0338596491228085,27.75490988979154,1002.3100000000001
16968,16.96560975609756,10.8,6.16560975609756,36.341810549317835,1001.41
21784,12.990000000000002,8.66,4.330000000000002,33.33333333333334,1000.23
17297,12.291587301587303,5.88,6.411587301587303,52.162402985652854,1000.19
23335,199.99,133.33,66.66,33.33166658332916,999.95
20516,99.99,67.56,32.42999999999999,32.43324332433243,999.9
15139,12.434444444444445,6.66,5.774444444444445,46.439102850504874,999.2
21216,110.99,74.49,36.5,32.88584557167313,998.91
17235,12.642173913043477,7.38,5.262173913043477,41.6239639577673,998.21
17882,24.368378378378377,16.32,8.048378378378377,33.02796047159034,997.5899999999999
19037,17.27,9.8,7.469999999999999,43.25419803126809,995.43
2843,43.34294117647059,31.15,12.19294117647059,28.13131930024565,994.77
44082,16.418571428571425,9.03,7.388571428571426,45.0013051422605,993.38
33307,15.99,10.59,5.4,33.77110694183865,991.38
22230,15.990000000000002,8.96,7.030000000000001,43.964978111319574,991.38
18836,15.989999999999998,9.33,6.659999999999998,41.65103189493433,991.38
17219,11.528461538461539,6.45,5.078461538461538,44.051511309801825,991.15
39228,44.99,29.79,15.200000000000003,33.78528561902645,989.78
16568,12.99,8.84,4.15,31.947652040030793,987.24
23423,10.075714285714287,6.8,3.2757142857142876,32.510988231958045,986.02
16205,16.99,11.25,5.739999999999998,33.78457916421424,985.42
16400,10.023898305084746,6.7,3.3238983050847457,33.159736899950964,981.02
23337,139.99,94.59,45.400000000000006,32.43088792056575,979.9300000000001
41868,54.22076923076923,33.78,20.440769230769227,37.69915019790883,979.82
26944,27.99,18.18,9.809999999999999,35.048231511254016,979.65
34138,10.99,7.28,3.71,33.75796178343949,978.11
1033,31.507241379310344,23.07,8.437241379310343,26.778737236103357,977.6899999999999
23373,3.9900000000000007,2.71,1.2800000000000007,32.080200501253145,977.5500000000001
8728,16.79,9.45,7.34,43.71649791542585,977.41
43184,15.990000000000002,10.45,5.540000000000003,34.646654158849294,975.39
20404,12.07695652173913,8.1,3.9769565217391296,32.930122043417214,975.19
20512,38.99,25.15,13.840000000000003,35.49628109771737,974.75
2650,24.99,19.68,5.309999999999999,21.2484993997599,974.6099999999999
889,12.99,9.84,3.1500000000000004,24.24942263279446,974.25
41416,12.989999999999998,8.49,4.499999999999998,34.6420323325635,974.25
19074,20.247142857142858,12.66,7.587142857142858,37.472659281732874,972.52
33574,17.99,11.64,6.349999999999998,35.29738743746525,971.4599999999999
24967,11.99,8.1,3.8900000000000006,32.44370308590492,971.19
34635,8.15,5.29,2.8600000000000003,35.0920245398773,970.8
23420,13.135454545454547,8.27,4.865454545454547,37.04062564883384,969.26
541,9.99,7.8,2.1900000000000004,21.921921921921925,969.03
36625,24.44454545454545,14.18,10.264545454545452,41.99114879690579,968.61
10021,12.10764705882353,7.89,4.2176470588235295,34.83457221979304,968.21
16778,16.06142857142857,11.03,5.031428571428572,31.32615849862137,963.4
5838,26.682307692307692,17.85,8.83230769230769,33.101738403436435,961.64
35972,12.989999999999998,8.84,4.149999999999999,31.94765204003079,961.26
13948,79.99,50.67,29.319999999999993,36.654581822727835,959.88
39456,79.99,42.2,37.78999999999999,47.243405425678205,959.88
33961,79.99,53.68,26.309999999999995,32.89161145143142,959.88
40136,47.99,32.87,15.120000000000005,31.506563867472398,959.8000000000001
25741,39.99,25.8,14.190000000000001,35.483870967741936,959.76
22508,29.99,20.68,9.309999999999999,31.043681227075687,959.68
22339,15.99,9.08,6.91,43.21450906816761,959.4
33879,9.99,6.45,3.54,35.43543543543544,959.04
453,29.04,21.01,8.029999999999998,27.651515151515145,958.67
982,6.99,5.46,1.5300000000000002,21.888412017167386,957.63
11396,14.106279069767442,8.44,5.666279069767443,40.16848838551198,957.32
23848,17.99,10.73,7.259999999999998,40.355753196220114,953.4699999999999
32835,17.99,12.24,5.749999999999998,31.962201222901605,953.4699999999999
23650,14.576206896551723,7.99,6.586206896551722,45.184641953112056,953.34
29650,8.99,6.12,2.87,31.92436040044494,952.94
15876,16.626363636363635,9.65,6.976363636363635,41.95964787577232,952.43
473,33.99,26.55,7.440000000000001,21.88879082082966,951.72
19382,12.369310344827586,6.7,5.6693103448275854,45.83368180424298,951.24
46599,10.915925925925926,7.53,3.3859259259259256,31.018220065822955,951.13
1598,949.99,736.43,213.56000000000006,22.48023663406984,949.99
4627,49.99,36.43,13.560000000000002,27.125425085017007,949.8100000000001
269,3.99,3.17,0.8200000000000003,20.551378446115294,949.62
13433,18.99,12.33,6.659999999999998,35.07109004739336,949.4999999999999
23249,9.99,6.57,3.42,34.234234234234236,949.05
12235,21.073333333333334,13.99,7.083333333333334,33.61278076558051,947.55
21271,14.186078431372549,9.2,4.986078431372549,35.14768690652255,947.33
40538,16.05818181818182,10.8,5.258181818181818,32.744565217391305,946.41
29461,10.99,5.8,5.19,47.224749772520475,945.14
8228,134.99,107.99,27.000000000000014,20.00148159122899,944.9300000000001
21058,44.99,30.61,14.380000000000003,31.96265836852634,944.79
3716,34.99,21.42,13.57,38.782509288368104,944.73
24575,34.99,23.17,11.82,33.78108030865962,944.73
5643,14.99,10.71,4.279999999999999,28.552368245496996,944.37
12589,4.79,3.09,1.7000000000000002,35.490605427974955,943.63
22291,17.87235294117647,11.4,6.472352941176469,36.214330382121574,943.4699999999999
3732,15.989999999999998,11.93,4.059999999999999,25.39086929330831,943.41
5417,7.99,5.83,2.16,27.033792240300375,942.82
24757,40.99,26.45,14.540000000000003,35.47206635764822,942.7700000000001
45330,7.839056603773585,4.63,3.2090566037735853,40.936770404602015,939.81
12656,47.13285714285714,23.64,23.49285714285714,49.84390628315097,939.8000000000001
29182,13.99,8.21,5.779999999999999,41.31522516082916,937.3299999999999
43737,10.45938775510204,5.88,4.579387755102041,43.78256034028604,937.11
1158,6.99,5.34,1.6500000000000004,23.60515021459228,936.66
5831,6.99,5.34,1.6500000000000004,23.60515021459228,936.66
25188,10.538387096774194,6.16,4.378387096774194,41.5470323548318,936.11
22942,233.99,161.37,72.62,31.035514338219585,935.96
10734,17.99,11.72,6.269999999999998,34.852695942190095,935.4799999999999
41633,15.1775,8.6,6.577500000000001,43.33717674188767,935.38
15979,12.99,8.44,4.550000000000001,35.02694380292533,935.28
11745,8.989999999999998,6.12,2.8699999999999983,31.92436040044492,934.96
22340,10.99,7.14,3.8500000000000005,35.031847133757964,934.15
18014,22.086774193548386,13.6,8.486774193548387,38.42468854518103,932.5799999999999
24303,11.382857142857144,4.99,6.392857142857144,56.16214859437751,930.1899999999999
5335,29.99,22.21,7.779999999999998,25.941980660220064,929.6899999999999
32827,29.99,18.79,11.2,37.345781927309105,929.6899999999999
23197,14.401764705882353,6.84,7.561764705882354,52.50582036515134,929.35
6635,9.99,6.66,3.33,33.33333333333333,929.0699999999999
1393,4.99,3.14,1.85,37.07414829659319,928.1400000000001
17458,8.99,6.03,2.96,32.92547274749722,925.97
5678,10.015,6.93,3.085000000000001,30.803794308537203,924.64
9116,24.99,18.51,6.479999999999997,25.930372148859533,924.63
11199,16.80818181818182,9.8,7.008181818181818,41.69506192871437,924.4499999999999
25125,12.49,8.55,3.9399999999999995,31.545236188951158,924.26
16541,32.99,22.75,10.240000000000002,31.039709002728106,923.72
4029,27.99,20.43,7.559999999999999,27.0096463022508,923.67
8425,21.99,15.17,6.8199999999999985,31.014097316962253,923.5799999999999
14799,20.99,12.9,8.089999999999998,38.54216293473082,923.56
39689,16.49,8.66,7.829999999999998,47.48332322619769,923.4399999999999
23800,13.99,9.2,4.790000000000001,34.23874195854182,923.34
10931,11.989999999999998,8.27,3.719999999999999,31.025854879065882,923.23
6186,11.989999999999998,7.84,4.149999999999999,34.61217681401167,923.23
19451,12.99,6.84,6.15,47.34411085450347,922.29
21341,13.212222222222222,8.55,4.662222222222221,35.287191993944994,921.3000000000001
24736,39.99,26.66,13.330000000000002,33.333333333333336,919.77
11249,18.042631578947365,11.84,6.202631578947365,34.37764359266065,919.4899999999999
18001,16.99,11.03,5.959999999999999,35.07945850500294,917.4599999999999
15291,5.8667123287671235,3.35,2.5167123287671234,42.89817171410559,917.43
8875,24.67,15.33,9.340000000000002,37.85974868261046,916.63
39652,5.989999999999999,3.89,2.099999999999999,35.0584307178631,916.47
17020,11.03,7.14,3.8899999999999997,35.26745240253853,916.1700000000001
2597,23.875714285714285,14.38,9.495714285714284,39.77143540956141,914.6099999999999
44780,21.796451612903223,12.9,8.896451612903222,40.81605469964036,913.5799999999999
19571,70.21222222222222,45.15,25.062222222222225,35.69495656026967,911.8699999999999
35650,18.99,12.92,6.0699999999999985,31.964191679831483,911.52
25282,18.99,12.49,6.499999999999998,34.22854133754607,911.5199999999999
18618,15.99,10.66,5.33,33.33333333333333,911.43
35590,11.104285714285716,7.53,3.5742857142857156,32.18834426862216,911.1800000000001
23591,69.99,47.61,22.379999999999995,31.975996570938705,909.8699999999999
18971,25.99,15.64,10.349999999999998,39.82300884955752,908.65
5925,19.402499999999996,14.05,5.352499999999996,27.586651204741642,906.03
28497,12.931176470588236,8.16,4.771176470588236,36.896692899058365,905.3000000000001
25817,50.347142857142856,32.67,17.677142857142854,35.110518400817185,904.82
20552,15.648536585365854,9.58,6.0685365853658535,38.78021789616422,903.42
13711,8.149420289855072,5.15,2.999420289855072,36.80532090839572,901.89
23539,18.01325581395349,12.41,5.6032558139534885,31.106291232554838,900.4999999999999
24647,299.99,193.54,106.45000000000002,35.484516150538354,899.97
23331,149.99,98.68,51.31,34.208947263150876,899.94
42052,89.99,60.4,29.589999999999996,32.88143127014113,899.9
20252,59.99,29.6,30.39,50.65844307384564,899.85
20517,35.99,22.81,13.180000000000003,36.62128368991387,899.75
24540,19.99,13.79,6.199999999999999,31.015507753876935,899.55
22087,20.468260869565217,13.79,6.678260869565218,32.62739766765087,897.56
3219,0.99,0.74,0.25,25.252525252525253,895.95
868,31.99,24.61,7.379999999999999,23.069709284151298,895.7199999999999
1416,27.99,19.83,8.16,29.153269024651664,895.68
3670,15.99,12.02,3.9700000000000006,24.828017510944346,895.44
6375,5.49,3.76,1.7300000000000004,31.51183970856103,894.87
42603,10.528461538461539,5.99,4.538461538461538,43.10659750127858,893.16
17341,7.74,3.86,3.8800000000000003,50.129198966408275,892.84
2990,24.74,15.99,8.749999999999998,35.36782538399353,891.64
17145,17.82720930232558,11.56,6.267209302325581,35.15530219027616,891.4999999999999
6724,9.811428571428573,4.63,5.181428571428573,52.81013395457194,889.09
12310,18.875714285714285,12.24,6.635714285714284,35.15477181563611,887.53
7828,7.99,6.39,1.6000000000000005,20.025031289111396,886.89
41222,16.11121212121212,10.32,5.791212121212119,35.94522918351608,886.45
46783,9.930298507462687,5.74,4.190298507462687,42.197105195917814,885.11
4060,14.99,9.35,5.640000000000001,37.62508338892596,884.41
33441,41.99,27.58,14.410000000000004,34.31769468921173,881.7900000000001
13244,79.99,51.94,28.049999999999997,35.06688336042005,879.89
23497,79.99,54.79,25.199999999999996,31.503937992249025,879.89
25009,79.99,52.62,27.369999999999997,34.21677709713714,879.8899999999999
1860,68.32333333333332,46.15,22.173333333333325,32.45352978484656,879.8699999999999
9140,21.99,16.29,5.699999999999999,25.920873124147338,879.5999999999999
18396,19.99,12.98,7.009999999999998,35.067533766883436,879.56
7849,9.99,7.8,2.1900000000000004,21.921921921921925,879.12
17500,9.99,6.45,3.54,35.43543543543544,879.12
44733,8.971132075471699,5.19,3.7811320754716986,42.14776957536753,877.05
217,21.79,14.7,7.09,32.53786140431391,875.5999999999999
20180,15.181489361702127,9.65,5.531489361702127,36.435749022465764,875.42
2863,48.066923076923075,34.34,13.726923076923072,28.557940051530707,874.82
22294,24.99,17.23,7.759999999999998,31.052420968387352,874.65
27472,13.887435897435898,8.6,5.287435897435898,38.07352153763779,874.37
25182,45.99,30.87,15.120000000000001,32.87671232876712,873.8100000000001
12478,18.99,10.96,8.029999999999998,42.28541337546076,873.54
45524,10.076956521739131,5.8,4.276956521739131,42.44293912067999,873.13
10164,16.129534883720932,10.45,5.679534883720933,35.21201897429244,872.46
4355,24.84483870967742,19.91,4.934838709677418,19.86263129877043,872.15
16990,13.39,6.7,6.69,49.96265870052278,871.36
585,29.99,22.55,7.439999999999998,24.80826942314104,869.7099999999999
1136,4.99,3.87,1.12,22.44488977955912,868.26
90014,61.99,40.78,21.21,34.215195999354734,867.86
1425,27.99,20.73,7.259999999999998,25.93783494105037,867.6899999999999
1390,36.04263157894737,27.06,8.982631578947373,24.92224120558988,864.76
43097,35.99,23.68,12.310000000000002,34.2039455404279,863.76
5495,15.99,11.67,4.32,27.01688555347092,863.46
38103,11.99,7.94,4.05,33.778148457047536,863.28
22757,9.884736842105264,4.82,5.064736842105264,51.23795325062564,863.13
19360,10.87888888888889,7.43,3.44888888888889,31.702584005719547,861.21
290,74.99,39.05,35.94,47.926390185358045,859.87
19443,21.49,14.33,7.159999999999998,33.317822242903674,859.6
16440,32.99,21.33,11.660000000000004,35.344043649590795,857.74
23116,32.99,21.28,11.71,35.49560472870567,857.74
29434,31.49,16.44,15.049999999999997,47.7929501429025,856.73
41070,14.456666666666665,7.28,7.176666666666665,49.642610099146864,856.41
3903,14.49,11.59,2.9000000000000004,20.01380262249828,854.9100000000001
25163,4.99,3.24,1.75,35.07014028056112,853.29
13567,15.8025,9.33,6.4725,40.95870906502136,851.46
17990,11.989999999999998,8.27,3.719999999999999,31.025854879065882,851.29
23107,169.99,109.67,60.32000000000001,35.484440261191835,849.95
3292,169.99,135.99,34.0,20.001176539796457,849.95
21012,84.99,57.04,27.949999999999996,32.88622190845982,849.9
90012,49.99,34.24,15.75,31.50630126025205,849.83
25162,49.99,32.89,17.1,34.20684136827366,849.83
44529,9.99,6.89,3.1000000000000005,31.031031031031038,849.15
3722,12.466190476190476,9.02,3.446190476190477,27.644295045647276,847.82
24330,46.99,32.41,14.580000000000005,31.02787827197277,845.82
21672,17.99,11.33,6.659999999999998,37.02056698165647,845.53
14538,17.99,12.07,5.919999999999998,32.90717065036131,845.53
14704,6.066923076923077,3.94,2.126923076923077,35.05768986940535,844.6
8446,5.99,4.64,1.3500000000000005,22.537562604340575,844.59
778,12.99,10.23,2.76,21.247113163972283,844.35
2162,33.656666666666666,21.58,12.076666666666668,35.881945132217496,843.75
43832,10.39,5.8,4.590000000000001,44.177093358999045,843.2
19814,16.60111111111111,8.9,7.701111111111109,46.38913058028243,842.4899999999999
14810,14.52125,8.66,5.86125,40.363260738572784,841.42
24888,419.99,278.14,141.85000000000002,33.77461368127813,839.98
7890,29.99,22.21,7.779999999999998,25.941980660220064,839.7199999999999
2855,29.99,21.58,8.41,28.04268089363121,839.7199999999999
1505,27.990000000000002,20.43,7.560000000000002,27.00964630225081,839.7
14209,23.99,15.58,8.409999999999998,35.05627344726969,839.65
16824,19.990000000000002,13.15,6.840000000000002,34.21710855427714,839.5799999999999
7284,9.99,6.16,3.83,38.33833833833834,839.16
6241,5.99,4.05,1.9400000000000004,32.3873121869783,838.5999999999999
21321,6.026697247706422,4.07,1.9566972477064217,32.46715684035865,836.61
23452,8.99,5.84,3.1500000000000004,35.038932146829815,836.07
484,21.99,16.79,5.199999999999999,23.64711232378354,835.6200000000001
19648,14.89909090909091,8.96,5.939090909090909,39.86210262981268,835.44
6505,10.99,7.96,3.0300000000000002,27.5705186533212,835.24
20650,83.49,56.03,27.459999999999994,32.89016648700442,834.9
21795,4.79,3.24,1.5499999999999998,32.35908141962421,833.4599999999999
14620,6.99,4.76,2.2300000000000004,31.902718168812594,831.8100000000001
2929,25.99,19.54,6.449999999999999,24.817237398999616,831.6800000000001
17921,12.99,8.9,4.09,31.48575827559661,831.36
22943,276.99,188.43,88.56,31.972273367269576,830.97
39473,29.171818181818182,18.49,10.681818181818183,36.61690922122847,830.72
16537,11.891960784313726,6.84,5.051960784313726,42.482151395736125,829.3
847,45.99,35.65,10.340000000000003,22.483148510545778,827.82
38889,45.99,21.7,24.290000000000003,52.8158295281583,827.82
5549,37.56142857142858,25.36,12.201428571428579,32.48393108431903,827.7800000000001
10591,27.1478947368421,18.61,8.537894736842102,31.44956476221864,827.6999999999999
35490,11.99,7.58,4.41,36.78065054211843,827.3100000000001
13933,8.99,5.91,3.08,34.260289210233594,827.0799999999999
19249,16.878888888888888,11.03,5.848888888888888,34.65209663616615,826.51
11310,58.99,38.31,20.68,35.05678928631971,825.86
5126,54.989999999999995,41.35,13.639999999999993,24.80450991089288,824.85
15079,12.928775510204082,7.74,5.188775510204081,40.13354169626367,824.36
23951,10.99,7.28,3.71,33.75796178343949,824.25
11200,14.9275,9.26,5.6675,37.96683972533914,822.45
21369,24.031666666666666,14.76,9.271666666666667,38.58103890699771,820.66
4921,19.99,15.87,4.119999999999999,20.610305152576284,819.5899999999999
23948,38.99,25.15,13.840000000000003,35.49628109771737,818.79
15761,3.79,2.49,1.2999999999999998,34.30079155672823,818.64
18741,17.818571428571428,9.8,8.018571428571427,45.001202597610835,818.54
35380,12.99,8.6,4.390000000000001,33.795227097767516,818.37
15900,13.21857142857143,6.45,6.76857142857143,51.20501458986275,817.39
7211,11.801320754716981,8.45,3.3513207547169817,28.39784482069484,816.3
21731,67.99,45.94,22.049999999999997,32.431239888218855,815.88
4629,33.99,26.98,7.010000000000002,20.623712856722566,815.76
23220,12.90111111111111,7.74,5.16111111111111,40.005167513564714,814.37
15820,36.99,24.66,12.330000000000002,33.333333333333336,813.7800000000001
41614,36.99,24.99,12.000000000000004,32.44120032441201,813.7800000000001
19577,15.15,9.45,5.700000000000001,37.62376237623763,813.46
17535,10.99,5.99,5.0,45.49590536851683,813.26
3815,27.99,21.53,6.459999999999997,23.079671311182555,811.7099999999999
13427,27.99,16.23,11.759999999999998,42.0150053590568,811.7099999999999
24138,89.99,62.06,27.929999999999993,31.03678186465162,809.9100000000001
37542,29.99,20.68,9.309999999999999,31.043681227075687,809.7299999999999
24929,23.49,11.84,11.649999999999999,49.595572584078326,809.66
26646,14.99,9.93,5.0600000000000005,33.755837224816545,809.46
22361,4.99,3.24,1.75,35.07014028056112,808.38
39107,100.99,61.18,39.809999999999995,39.4197445291613,807.9200000000001
17489,13.040000000000001,8.78,4.260000000000002,32.66871165644173,807.38
14415,7.99,5.4,2.59,32.41551939924906,806.99
23159,25.990000000000002,17.56,8.430000000000003,32.435552135436716,805.6899999999999
33446,6.29,4.06,2.2300000000000004,35.45310015898252,805.12
4230,34.99,25.92,9.07,25.921691911974847,804.77
23917,29.67,18.54,11.130000000000003,37.51263902932255,801.73
11153,8.99,5.99,3.0,33.37041156840934,800.11
11154,8.99,6.03,2.96,32.92547274749722,800.1099999999999
2118,199.99,151.51,48.48000000000002,24.241212060603036,799.96
44653,99.99,64.86,35.129999999999995,35.13351335133513,799.9200000000001
2016,99.99,74.62,25.36999999999999,25.372537253725362,799.92
42785,99.99,68.49,31.5,31.503150315031505,799.92
22438,49.99,34.24,15.75,31.50630126025205,799.84
22568,24.99,17.0,7.989999999999998,31.972789115646254,799.68
17325,19.99,13.69,6.299999999999999,31.515757878939464,799.5999999999999
1672,19.99,15.99,3.9999999999999982,20.010005002501245,799.5999999999999
15584,9.99,6.49,3.5,35.03503503503504,799.2
24193,24.946521739130436,14.19,10.756521739130436,43.11832267284801,798.68
17405,132.99,86.36,46.63000000000001,35.06278667568991,797.94
11055,56.99,37.49,19.5,34.21652921565187,797.86
27679,13.99,9.33,4.66,33.30950679056469,797.43
7485,3.9900000000000007,2.85,1.1400000000000006,28.57142857142858,794.01
8787,13.89,6.7,7.19,51.76385889128869,793.4300000000001
4723,0.99,0.77,0.21999999999999997,22.22222222222222,792.99
8688,10.030816326530612,6.62,3.410816326530612,34.00337734735814,791.21
2949,112.49,70.36,42.129999999999995,37.4522179749311,790.93
12191,10.009607843137255,6.66,3.349607843137255,33.46392681541264,790.21
32065,6.99,4.76,2.2300000000000004,31.902718168812594,789.87
2667,19.726842105263156,14.39,5.336842105263155,27.053707211653894,789.5999999999999
20343,15.162413793103447,9.58,5.582413793103447,36.817447863364485,789.48
13795,13.67421052631579,6.45,7.224210526315789,52.83091489934952,789.41
42601,10.434444444444445,5.84,4.594444444444445,44.0315195399851,789.24
42640,9.99,6.8,3.1900000000000004,31.931931931931935,789.21
17147,14.837826086956522,9.03,5.807826086956522,39.14202830603335,786.47
12494,3.9899999999999998,2.68,1.3099999999999996,32.832080200501245,786.0300000000001
23522,11.042,4.11,6.9319999999999995,62.77848215902916,782.86
1878,15.118571428571428,10.65,4.468571428571428,29.556836435793247,781.48
5434,11.489999999999998,8.64,2.849999999999998,24.804177545691893,781.32
31573,10.117659574468085,6.49,3.627659574468085,35.85473051121906,781.23
9109,0.9900000000000001,0.76,0.2300000000000001,23.23232323232324,781.11
4605,129.99,99.23,30.760000000000005,23.663358719901534,779.94
2955,129.99,93.52,36.47000000000001,28.056004308023702,779.94
14974,12.99,8.9,4.09,31.48575827559661,779.4
6547,9.99,6.8,3.1900000000000004,31.931931931931935,779.22
18565,11.076956521739131,5.95,5.126956521739131,46.28488440554225,776.33
14457,13.836153846153847,7.74,6.096153846153847,44.05959859898816,775.44
21573,7.99,4.76,3.2300000000000004,40.42553191489362,775.03
25467,24.99,17.23,7.759999999999998,31.052420968387352,774.6899999999999
4575,24.99,19.37,5.619999999999997,22.488995598239285,774.6899999999999
23535,24.99,16.89,8.099999999999998,32.41296518607442,774.6899999999999
38153,42.99,28.85,14.14,32.89137008606653,773.8199999999999
6280,12.847142857142858,6.89,5.957142857142858,46.36939842099411,773.4
42401,11.875714285714286,6.45,5.425714285714286,45.687477444965715,773.35
16165,17.21222222222222,9.45,7.762222222222221,45.09715318572074,772.55
28162,14.99,8.05,6.9399999999999995,46.29753168779186,771.48
3530,9.505384615384616,6.93,2.575384615384616,27.093954843408596,770.19
19684,109.99,75.86,34.129999999999995,31.030093644876803,769.9300000000001
15971,109.99,71.89,38.099999999999994,34.63951268297117,769.93
19264,69.99,47.94,22.049999999999997,31.50450064294899,769.89
16889,13.418571428571429,7.79,5.628571428571429,41.94613009688066,769.4200000000001
8401,10.99,8.26,2.7300000000000004,24.840764331210195,769.3
47027,8.786610169491524,5.29,3.4966101694915244,39.794757045581676,769.13
24308,47.99,32.43,15.560000000000002,32.42342154615545,767.84
25003,47.99,32.65,15.340000000000003,31.964992706813927,767.84
43019,84.99,55.55,29.439999999999998,34.63936933756913,764.91
4899,23.83375,14.28,9.553749999999999,40.084963549588295,762.68
38197,13.42478260869565,8.05,5.37478260869565,40.03627295397868,761.4300000000001
22022,34.46368421052632,21.91,12.553684210526317,36.425833447870374,759.7800000000001
24024,19.99,13.69,6.299999999999999,31.515757878939464,759.62
42275,19.99,12.9,7.089999999999998,35.46773386693346,759.6199999999999
24056,18.99,12.74,6.249999999999998,32.91205897840968,759.5999999999999
44084,14.516315789473685,7.94,6.576315789473685,45.302925927268774,759.48
7202,11.678888888888888,8.33,3.3488888888888884,28.674721720102745,759.34
12165,22.99,15.03,7.959999999999999,34.62374945628534,758.67
17596,13.019411764705882,8.1,4.919411764705883,37.785207608548326,755.4300000000001
27911,16.078235294117647,10.38,5.698235294117646,35.44067610580616,754.53
41984,28.99,19.86,9.129999999999999,31.493618489134185,753.74
3408,20.49,15.62,4.869999999999999,23.767691556857002,753.63
37943,8.594166666666666,4.66,3.934166666666666,45.777174440027146,753.63
913,14.49,10.58,3.91,26.984126984126984,753.48
887,12.99,10.15,2.84,21.86297151655119,753.42
6240,8.262727272727272,5.36,2.9027272727272715,35.13037737924963,753.09
42663,11.717272727272729,5.8,5.917272727272729,50.500426720459316,752.34
20424,93.99,60.64,33.349999999999994,35.48249813809979,751.9200000000001
11437,15.989999999999998,10.73,5.259999999999998,32.89555972482801,751.53
21581,30.042631578947365,19.59,10.452631578947365,34.79266305776002,750.75
4697,249.99,187.96,62.03,24.81299251970079,749.97
1676,149.99,109.48,40.510000000000005,27.008467231148746,749.95
8412,49.99,35.71,14.280000000000001,28.56571314262853,749.85
13558,49.99,32.67,17.32,34.64692938587717,749.85
7241,29.99,20.68,9.309999999999999,31.043681227075687,749.75
10531,14.99,9.86,5.130000000000001,34.2228152101401,749.5
18664,9.99,6.57,3.42,34.234234234234236,749.25
2632,43.99,33.33,10.660000000000004,24.232780177313032,747.83
21595,5.489999999999999,3.54,1.9499999999999993,35.519125683060096,746.64
6042,10.080909090909092,7.51,2.570909090909092,25.50275047344216,745.26
13081,30.989999999999995,20.25,10.739999999999995,34.65634075508227,743.76
22326,22.275714285714283,13.42,8.855714285714283,39.75501827743217,743.67
46829,11.99,8.1,3.8900000000000006,32.44370308590492,743.38
19055,12.4275,6.75,5.6775,45.684972842486424,742.41
18952,13.49,9.18,4.3100000000000005,31.94959229058562,741.95
18240,28.49,17.68,10.809999999999999,37.94313794313794,741.73
24289,13.99,9.58,4.41,31.52251608291637,741.47
25285,18.99,12.49,6.499999999999998,34.22854133754607,740.6099999999999
4784,18.99,13.23,5.759999999999998,30.33175355450236,740.6099999999999
35999,12.99,8.44,4.550000000000001,35.02694380292533,740.4300000000001
72,38.74,26.11,12.630000000000003,32.601961796592676,739.8100000000001
16860,19.989999999999995,13.51,6.479999999999995,32.41620810405201,739.63
23780,81.99,55.03,26.959999999999994,32.88205878765702,737.91
23919,26.228095238095236,13.99,12.238095238095235,46.66025163855552,736.7199999999999
2837,45.99,34.07,11.920000000000002,25.918677973472498,735.84
24699,45.99,31.07,14.920000000000002,32.44183518156121,735.84
36376,15.989999999999998,10.52,5.469999999999999,34.20888055034396,735.54
26391,7.99,5.15,2.84,35.54443053817271,735.08
16796,34.99,24.13,10.860000000000003,31.037439268362395,734.7900000000001
5959,14.99,11.9,3.09,20.61374249499666,734.51
42118,10.49,6.81,3.6800000000000006,35.081029551954245,734.3
19329,45.82333333333333,29.52,16.30333333333333,35.578671710191315,733.84
3900,38.45666666666667,29.76,8.696666666666669,22.6141977983878,731.8000000000001
18909,15.389999999999999,9.65,5.739999999999998,37.29694606887588,731.53
31419,11.99,7.48,4.51,37.61467889908256,731.39
20377,42.99,28.1,14.89,34.63596185159339,730.83
2369,66.49,50.38,16.109999999999992,24.229207399608953,729.8899999999999
18332,15.34483870967742,8.66,6.68483870967742,43.5640858542328,729.53
4012,26.99,21.09,5.899999999999999,21.85994812893664,728.7299999999999
877,8.99,7.02,1.9700000000000006,21.913236929922142,728.19
33035,8.99,5.88,3.1100000000000003,34.59399332591769,728.19
5014,6.989999999999999,3.96,3.0299999999999994,43.34763948497854,726.96
21980,65.99,44.59,21.39999999999999,32.429155932717066,725.89
32055,14.729130434782608,7.89,6.839130434782608,46.432682941228556,725.51
7344,10.99,7.74,3.25,29.572338489535944,725.34
26632,9.095263157894738,4.62,4.475263157894738,49.204328453214515,725.2
19293,28.99,17.92,11.069999999999997,38.185581234908575,724.75
42117,14.49,9.6,4.890000000000001,33.74741200828157,724.5
36989,13.865,7.43,6.4350000000000005,46.411828344752976,724.48
44818,10.071632653061224,6.53,3.5416326530612237,35.16443435796639,723.28
4042,0.9899999999999999,0.72,0.2699999999999999,27.272727272727266,722.7
37152,20.13285714285714,12.9,7.23285714285714,35.92563684098488,722.64
14703,12.851111111111111,7.58,5.271111111111111,41.01677330105481,721.44
35709,11.23390243902439,7.09,4.143902439024391,36.88747041837643,721.36
30713,23.10111111111111,11.18,11.92111111111111,51.60405944879996,720.66
22600,359.99,236.84,123.15,34.20928359121086,719.98
11709,59.99,39.21,20.78,34.63910651775296,719.88
90025,59.99,38.7,21.29,35.48924820803467,719.88
44186,44.99,31.03,13.96,31.02911758168482,719.84
14425,44.99,30.82,14.170000000000002,31.49588797510558,719.84
1788,39.99,29.19,10.8,27.00675168792198,719.82
23752,35.99,23.52,12.470000000000002,34.64851347596555,719.8
25482,14.99,9.93,5.0600000000000005,33.755837224816545,719.52
26134,11.836153846153847,6.07,5.766153846153847,48.71644895041269,719.4
23949,9.99,6.49,3.5,35.03503503503504,719.28
10227,9.99,6.16,3.83,38.33833833833834,719.28
21412,7.99,5.29,2.7,33.79224030037547,719.1
3770,20.682307692307692,14.17,6.512307692307692,31.487335887231747,716.65
19646,11.49,5.99,5.5,47.86771105308964,715.37
972,33.99,25.95,8.040000000000003,23.654015887025604,713.7900000000001
43615,21.24,11.84,9.399999999999999,44.25612052730696,713.67
40296,20.990000000000002,13.72,7.270000000000001,34.63554073368271,713.66
21157,13.989999999999998,7.38,6.6099999999999985,47.248034310221584,713.49
37817,13.99,8.66,5.33,38.098641887062186,713.49
13595,50.878888888888895,32.88,17.998888888888892,35.37594723854033,712.86
2101,5.99,4.37,1.62,27.045075125208683,712.8100000000001
5276,5.99,4.61,1.38,23.038397328881466,712.8100000000001
15171,14.89,9.33,5.5600000000000005,37.340496977837475,711.5
36267,14.215806451612902,9.65,4.565806451612902,32.11781524427602,711.5
12963,8.99,4.79,4.2,46.71857619577308,710.21
10916,15.704285714285716,9.39,6.314285714285715,40.20740471208951,709.55
10666,11.99,7.74,4.25,35.446205170975816,707.41
12681,11.99,8.1,3.8900000000000006,32.44370308590492,707.41
23801,15.99,10.66,5.33,33.33333333333333,703.5600000000001
14382,15.99,10.59,5.4,33.77110694183865,703.5600000000001
43232,10.99,6.57,4.42,40.21838034576888,703.36
24646,8.79,5.94,2.8499999999999988,32.42320819112627,703.1999999999999
24580,18.99,12.25,6.739999999999998,35.49236440231701,702.63
8283,28.089999999999996,18.79,9.299999999999997,33.10786756852972,701.75
23514,13.49,9.05,4.4399999999999995,32.91326908821349,701.48
32809,12.99,8.78,4.210000000000001,32.409545804464976,701.46
6344,10.040000000000001,6.62,3.420000000000001,34.06374501992032,701.3
15263,11.49,7.71,3.7800000000000002,32.898172323759795,700.89
23289,699.99,479.45,220.54000000000002,31.50616437377677,699.99
2421,349.99,265.14,84.85000000000002,24.243549815709027,699.98
21195,174.99,120.68,54.31,31.036059203383047,699.96
685,49.99,32.46,17.53,35.06701340268054,699.86
45128,49.99,32.46,17.53,35.06701340268054,699.86
22968,34.99,23.33,11.660000000000004,33.32380680194342,699.8
25340,24.99,17.23,7.759999999999998,31.052420968387352,699.7199999999999
24999,24.99,17.23,7.759999999999998,31.052420968387352,699.7199999999999
12024,17.045555555555556,11.56,5.485555555555555,32.18173521934685,698.5899999999999
22941,348.99,225.15,123.84,35.48525745723373,697.98
24390,23.99,15.78,8.209999999999999,34.2225927469779,695.71
25157,15.290000000000001,10.27,5.020000000000001,32.8319162851537,695.54
28223,19.14384615384615,10.38,8.763846153846151,45.778920721661905,693.64
23858,20.99,14.48,6.509999999999998,31.01476893758932,692.67
23245,14.019411764705882,7.94,6.079411764705882,43.36424285654344,692.51
20407,14.1775,9.33,4.8475,34.1915006171751,692.51
31318,10.99,7.58,3.41,31.028207461328485,692.37
6245,10.99,7.58,3.41,31.028207461328485,692.37
4424,10.99,8.39,2.5999999999999996,23.65787079162875,692.37
31346,10.99,7.48,3.51,31.938125568698815,692.37
28039,8.99,5.88,3.1100000000000003,34.59399332591769,692.23
16146,19.88473684210526,12.83,7.0547368421052585,35.4781503930547,691.65
39600,7.904893617021277,4.54,3.364893617021277,42.567222027830866,691.13
2530,229.99,170.36,59.629999999999995,25.92721422670551,689.97
21027,114.99,79.3,35.69,31.037481520132186,689.94
13123,14.99,8.72,6.27,41.82788525683789,689.54
28606,9.99,6.62,3.37,33.733733733733736,689.3100000000001
25126,9.99,6.62,3.37,33.733733733733736,689.3100000000001
23101,9.99,6.53,3.46,34.63463463463463,689.31
8409,8.29,5.38,2.9099999999999993,35.10253317249698,688.0699999999999
26392,7.990000000000001,5.29,2.700000000000001,33.792240300375475,687.14
14666,18.066923076923075,11.68,6.386923076923075,35.3514710265253,685.62
12086,13.99,9.65,4.34,31.022158684774837,685.51
4219,13.99,10.68,3.3100000000000005,23.65975696926376,685.51
37923,12.010833333333332,7.43,4.580833333333333,38.13917990702838,684.4300000000001
22919,18.99,12.92,6.0699999999999985,31.964191679831483,683.64
8348,17.99,13.95,4.039999999999999,22.456920511395218,683.62
41348,17.99,12.16,5.829999999999998,32.40689271817676,683.6199999999999
19486,17.99,11.76,6.229999999999999,34.63035019455252,683.6199999999999
25831,11.99,6.89,5.1000000000000005,42.53544620517098,683.4300000000001
42797,17.29,10.64,6.649999999999999,38.46153846153845,682.0899999999999
23297,21.99,14.76,7.229999999999999,32.87858117326057,681.6899999999999
24798,13.365,8.38,4.984999999999999,37.29891507669285,681.54
22168,10.99,7.43,3.5600000000000005,32.39308462238399,681.38
18175,10.99,7.43,3.5600000000000005,32.39308462238399,681.38
13619,18.889999999999997,12.07,6.819999999999997,36.103758602435136,680.64
20108,169.99,116.43,53.56,31.507735749161714,679.96
18432,169.99,113.33,56.66000000000001,33.33137243367258,679.96
2042,39.99,28.56,11.430000000000003,28.5821455363841,679.83
23946,19.99,13.6,6.389999999999999,31.965982991495746,679.66
20427,16.99,11.4,5.589999999999998,32.90170688640376,679.5999999999999
8958,10.398163265306122,7.99,2.408163265306122,23.159506192223898,679.34
36419,9.99,6.53,3.46,34.63463463463463,679.32
16378,9.99,6.66,3.33,33.33333333333333,679.32
32679,7.99,5.44,2.55,31.914893617021274,679.15
46725,21.88285714285714,12.98,8.90285714285714,40.684162423292854,678.6899999999999
11449,13.92103448275862,8.84,5.08103448275862,36.49897203438111,678.51
36370,6.99,4.63,2.3600000000000003,33.76251788268956,678.03
37083,11.489999999999998,7.51,3.9799999999999986,34.63881636205395,677.91
39110,11.49,7.92,3.5700000000000003,31.070496083550914,677.91
11774,224.99,148.02,76.97,34.210409351526735,674.97
19694,74.99,49.01,25.979999999999997,34.64461928257101,674.91
18774,24.99,17.23,7.759999999999998,31.052420968387352,674.73
14657,14.99,8.49,6.5,43.36224149432955,674.5500000000001
20409,14.99,9.86,5.130000000000001,34.2228152101401,674.55
3406,14.99,10.78,4.210000000000001,28.085390260173455,674.55
18267,31.99,21.61,10.379999999999999,32.44763988746483,671.79
4131,27.99,21.87,6.119999999999997,21.864951768488737,671.76
1259,27.99,21.05,6.939999999999998,24.794569489103242,671.76
16839,15.99,10.38,5.609999999999999,35.08442776735459,671.58
13767,13.99,9.45,4.540000000000001,32.4517512508935,671.52
36660,13.99,9.65,4.34,31.022158684774837,671.52
356,13.080909090909092,9.12,3.9609090909090927,30.280075057335477,671.48
18653,11.990000000000002,6.57,5.420000000000002,45.20433694745622,671.4399999999999
42602,10.215806451612902,5.88,4.3358064516129025,42.44213584262212,671.3199999999999
21957,7.69,4.82,2.87,37.32119635890767,671.13
40219,10.99,6.75,4.24,38.58052775250228,670.39
1414,24.49,14.28,10.209999999999999,41.69048591261739,669.73
21729,12.858421052631579,8.16,4.698421052631579,36.539642257787236,668.48
23149,12.790000000000001,7.09,5.700000000000001,44.56606724003128,667.48
41575,51.24,33.77,17.47,34.094457455113194,666.87
13693,11.911052631578947,7.58,4.331052631578947,36.3616278555963,666.44
18269,73.99,49.0,24.989999999999995,33.774834437086085,665.91
21992,8.99,5.26,3.7300000000000004,41.49054505005562,665.26
17406,94.99,64.18,30.809999999999988,32.43499315717443,664.9300000000001
23754,94.99,63.33,31.659999999999997,33.32982419202021,664.9300000000001
13978,34.99,23.8,11.190000000000001,31.98056587596456,664.8100000000001
1987,18.99,13.66,5.329999999999998,28.067403896787773,664.65
26497,18.948333333333334,11.61,7.338333333333335,38.72812032720556,663.65
31524,9.87,6.03,3.839999999999999,38.90577507598783,663.33
23969,7.99,5.51,2.4800000000000004,31.03879849812266,663.17
22951,50.99,35.17,15.82,31.025691312021962,662.87
23396,12.99,8.66,4.33,33.33333333333333,662.49
26163,13.49,8.82,4.67,34.6182357301705,661.01
36483,59.99,39.99,20.0,33.33888981496916,659.89
12192,59.989999999999995,39.47,20.519999999999996,34.20570095015836,659.89
20130,59.99,39.47,20.520000000000003,34.205700950158366,659.89
23875,54.99,32.44,22.550000000000004,41.00745590107293,659.88
18740,29.99,19.6,10.389999999999997,34.64488162720906,659.78
1920,29.99,22.55,7.439999999999998,24.80826942314104,659.78
8447,21.990000000000002,16.92,5.07,23.05593451568895,659.6999999999999
3070,21.990000000000002,16.53,5.460000000000001,24.829467939972716,659.6999999999999
19549,14.99,8.66,6.33,42.22815210140094,659.5600000000001
17984,14.99,9.86,5.130000000000001,34.2228152101401,659.5600000000001
6257,14.99,9.86,5.130000000000001,34.2228152101401,659.56
1029,9.99,5.26,4.73,47.34734734734735,659.34
19669,8.79,6.06,2.7299999999999995,31.058020477815695,659.25
4073,7.49,5.9,1.5899999999999999,21.228304405874496,659.12
24119,13.989999999999998,8.55,5.439999999999998,38.88491779842744,657.53
23278,53.99,33.33,20.660000000000004,38.26634561955918,655.88
11771,29.767777777777773,19.17,10.597777777777772,35.60150796909408,655.78
27807,5.006949152542373,3.37,1.636949152542373,32.6935445651806,655.71
25915,6.489999999999999,4.39,2.0999999999999996,32.357473035439135,655.49
22939,654.99,442.56,212.43,32.4325562222324,654.99
20184,5.79,3.78,2.0100000000000002,34.715025906735754,654.27
17146,14.884736842105264,9.08,5.804736842105264,38.997913793713096,653.5600000000001
46554,15.847142857142858,9.39,6.457142857142857,40.74641665915442,651.59
24672,13.395405405405405,8.49,4.905405405405405,36.6200593184432,651.51
8366,9.030816326530612,5.84,3.190816326530612,35.332534857969314,650.28
22649,49.99,33.55,16.440000000000005,32.8865773154631,649.87
9147,49.99,36.22,13.770000000000003,27.54550910182037,649.87
10470,17.11121212121212,11.4,5.711212121212119,33.37701666460055,649.6199999999999
17294,12.99,8.38,4.609999999999999,35.488837567359504,649.5
20102,9.989999999999998,6.7,3.2899999999999983,32.93293293293292,649.35
16325,9.99,4.68,5.3100000000000005,53.153153153153156,649.35
3618,9.99,7.29,2.7,27.027027027027028,649.35
24297,10.99,7.43,3.5600000000000005,32.39308462238399,648.41
25043,8.99,5.74,3.25,36.15127919911012,647.28
19865,18.99,13.01,5.979999999999999,31.490258030542385,645.66
25256,16.99,11.1,5.889999999999999,34.66745144202471,645.62
15970,42.99,21.42,21.57,50.17445917655269,644.85
10415,14.99,8.6,6.390000000000001,42.62841894596398,644.57
20253,27.99,16.66,11.329999999999998,40.47874240800285,643.77
3159,7.66857142857143,5.59,2.07857142857143,27.10506706408347,641.66
23147,13.513809523809524,7.99,5.523809523809524,40.875295112583245,641.53
16526,10.24,6.03,4.21,41.11328125,640.37
14332,159.99,105.26,54.730000000000004,34.20838802425152,639.96
2765,79.99,60.14,19.849999999999994,24.815601950243774,639.92
31045,63.87888888888889,39.47,24.40888888888889,38.21119827451253,639.9
2801,39.99,27.68,12.310000000000002,30.782695673918486,639.84
23386,19.990000000000002,12.58,7.410000000000002,37.06853426713357,639.68
12154,15.183548387096774,10.06,5.123548387096774,33.744077843166416,639.58
24963,21.99,15.17,6.8199999999999985,31.014097316962253,637.7099999999999
36510,13.723333333333333,7.89,5.833333333333333,42.506679621083315,637.53
23950,10.99,7.38,3.6100000000000003,32.84804367606915,637.42
106,4.49,3.4,1.0900000000000003,24.276169265033413,633.09
4524,27.49,21.99,5.5,20.00727537286286,632.27
35319,14.726842105263158,9.66,5.066842105263158,34.405489439262354,632.07
22828,89.99,59.2,30.789999999999992,34.214912768085334,629.93
2050,78.74,49.61,29.129999999999995,36.99517399034798,629.92
40605,69.99,45.75,24.239999999999995,34.63351907415345,629.91
25562,69.99,45.75,24.239999999999995,34.63351907415345,629.91
2874,69.99,51.46,18.529999999999994,26.475210744392047,629.91
19231,34.99,23.97,11.020000000000003,31.494712775078604,629.82
40837,29.99,19.73,10.259999999999998,34.21140380126708,629.79
4007,29.99,21.42,8.569999999999997,28.576192064021335,629.79
46826,14.99,10.34,4.65,31.02068045363576,629.58
21381,13.99,9.03,4.960000000000001,35.453895639742676,629.55
24014,13.99,9.08,4.91,35.09649749821301,629.55
1035,11.24,8.59,2.6500000000000004,23.576512455516017,629.44
46475,9.99,6.75,3.24,32.432432432432435,629.37
24048,9.99,6.7,3.29,32.932932932932935,629.37
34906,9.99,4.65,5.34,53.45345345345345,629.37
8687,9.99,6.62,3.37,33.733733733733736,629.37
20905,8.99,5.95,3.04,33.815350389321466,629.3000000000001
21374,7.489999999999999,5.13,2.3599999999999994,31.508678237650194,629.16
36844,15.561428571428573,9.26,6.301428571428573,40.49389516203067,628.6
2200,16.105384615384615,10.78,5.325384615384616,33.06586425944501,628.6
24817,18.99,13.1,5.889999999999999,31.016324381253284,626.67
8337,16.89625,12.4,4.496249999999998,26.610934378930228,626.63
39472,29.682307692307692,18.06,11.622307692307693,39.15567419078965,625.79
25283,24.99,16.66,8.329999999999998,33.33333333333333,624.75
24012,24.99,17.12,7.869999999999997,31.492597038815518,624.75
20439,6.789999999999999,4.68,2.1099999999999994,31.07511045655375,624.68
23365,23.99,14.28,9.709999999999999,40.47519799916632,623.74
10732,15.99,9.8,6.1899999999999995,38.71169480925578,623.61
40240,9.378888888888888,5.33,4.048888888888888,43.1702404928326,623.35
20770,21.49,14.33,7.159999999999998,33.317822242903674,623.21
19392,16.779473684210522,9.93,6.849473684210523,40.820551425613985,622.63
16725,6.99,4.63,2.3600000000000003,33.76251788268956,622.11
44912,16.828709677419354,10.88,5.9487096774193535,35.3485786578236,621.63
15057,11.440000000000001,6.8,4.6400000000000015,40.55944055944057,621.46
350,22.99,18.1,4.889999999999997,21.270117442366235,620.7299999999999
25621,8.99,5.36,3.63,40.3781979977753,620.3100000000001
18629,19.99,13.79,6.199999999999999,31.015507753876935,619.6899999999999
21338,19.99,12.98,7.009999999999998,35.067533766883436,619.6899999999999
24876,19.99,13.15,6.839999999999998,34.21710855427713,619.6899999999999
12079,11.665675675675676,7.43,4.235675675675676,36.308875657391745,619.47
21750,9.99,6.84,3.1500000000000004,31.531531531531538,619.38
22077,9.989999999999998,6.07,3.919999999999998,39.239239239239225,619.38
33578,15.115,9.86,5.255000000000001,34.76678795898115,618.59
1004,14.837826086956522,10.65,4.187826086956521,28.223986872564243,618.58
42167,13.064074074074075,8.6,4.464074074074075,34.17061208289628,618.53
16310,25.767777777777777,17.23,8.537777777777777,33.13354318485619,617.76
994,21.99,14.81,7.179999999999998,32.651205093224185,615.7199999999999
22632,16.4275,7.48,8.947499999999998,54.46659564754223,615.62
17945,15.409354838709678,6.53,8.879354838709677,57.62314471728527,615.6
3615,13.99,11.02,2.9700000000000006,21.22944960686205,615.56
3483,14.99,10.21,4.779999999999999,31.887925283522346,614.59
998,30.640000000000004,18.51,12.130000000000003,39.58877284595301,612.8000000000001
602,7.29,5.36,1.9299999999999997,26.474622770919066,612.36
41409,17.99,12.41,5.579999999999998,31.01723179544191,611.66
1214,9.99,5.34,4.65,46.546546546546544,609.39
12374,9.99,6.66,3.33,33.33333333333333,609.39
33706,8.111212121212121,5.51,2.6012121212121215,32.06933911159264,609.25
21410,18.99,13.1,5.889999999999999,31.016324381253284,607.68
25557,16.836153846153845,9.8,7.036153846153844,41.791931283410236,607.64
45185,15.99,9.08,6.91,43.21450906816761,607.62
15059,11.605384615384615,6.2,5.405384615384615,46.57652283422814,605.46
35759,54.99,35.71,19.28,35.060920167303145,604.89
173,20.80818181818182,14.7,6.108181818181819,29.35471187033073,604.7099999999999
44269,10.99,6.45,4.54,41.31028207461328,604.45
13393,10.99,6.07,4.92,44.76797088262056,604.45
8943,10.347142857142856,7.74,2.607142857142856,25.196741681623624,604.41
658,2.99,2.2,0.79,26.421404682274247,603.98
1037,21.545555555555556,15.5,6.045555555555556,28.059409004177194,603.72
46141,20.189999999999998,12.98,7.209999999999997,35.71074789499751,602.6999999999999
16868,18.311428571428568,11.84,6.471428571428568,35.34092682165703,602.67
3978,26.189999999999998,19.69,6.4999999999999964,24.818633066055735,601.77
18613,16.207391304347826,9.33,6.877391304347826,42.433672237572765,601.63
3236,9.564468085106384,6.78,2.7844680851063837,29.11262874557872,601.37
33987,13.104285714285716,6.53,6.574285714285716,50.16897416330536,600.54
4164,599.99,454.54,145.45,24.24207070117835,599.99
2088,299.99,223.87,76.12,25.374179139304644,599.98
2660,299.99,229.0,70.99000000000001,23.664122137404583,599.98
11321,119.99,77.88,42.11,35.09459121593466,599.95
13064,99.99,56.77,43.21999999999999,43.22432243224322,599.94
24166,74.99,50.33,24.659999999999997,32.88438458461128,599.92
13062,49.99,33.33,16.660000000000004,33.32666533306662,599.88
4820,49.99,37.31,12.68,25.365073014602917,599.88
12607,29.99,18.36,11.629999999999999,38.779593197732574,599.8000000000001
25715,29.99,16.44,13.549999999999997,45.181727242414134,599.8
20251,23.12333333333333,15.53,7.593333333333332,32.83840276776704,599.74
21363,19.99,13.42,6.5699999999999985,32.8664332166083,599.6999999999999
18744,16.656666666666666,7.58,9.076666666666666,54.49269561737042,599.64
18533,14.99,10.27,4.720000000000001,31.487658438959308,599.6
12429,14.99,9.08,5.91,39.42628418945964,599.6
19246,9.99,6.57,3.42,34.234234234234236,599.4
17340,7.99,5.26,2.7300000000000004,34.167709637046315,599.25
7792,45.99,35.93,10.060000000000002,21.874320504457494,597.87
17866,12.989999999999998,8.9,4.089999999999998,31.485758275596602,597.54
24075,8.29,5.56,2.7299999999999995,32.93124246079614,596.88
30638,15.275714285714287,9.52,5.755714285714287,37.67885532591416,595.62
21849,16.99,11.72,5.269999999999998,31.018246027074742,594.65
36850,13.75,9.52,4.23,30.763636363636365,594.57
1006,3.9899999999999998,3.14,0.8499999999999996,21.3032581453634,594.51
24728,21.99,15.06,6.929999999999998,31.514324693042283,593.73
1262,21.99,16.79,5.199999999999999,23.64711232378354,593.7299999999999
35747,16.156666666666666,9.33,6.826666666666666,42.25293996286362,593.64
2036,36.99,29.13,7.860000000000003,21.24898621248987,591.84
39550,18.839999999999996,8.6,10.239999999999997,54.3524416135881,591.66
25253,15.99,10.52,5.470000000000001,34.20888055034397,591.63
3737,15.99,12.4,3.59,22.451532207629768,591.63
40424,7.99,5.51,2.4800000000000004,31.03879849812266,591.26
4845,7.99,6.39,1.6000000000000005,20.025031289111396,591.26
36081,196.49,134.58,61.91,31.50796478192274,589.47
17216,18.99,11.76,7.229999999999999,38.07266982622433,588.6899999999999
24993,18.99,12.92,6.0699999999999985,31.964191679831483,588.6899999999999
16592,17.84185185185185,11.18,6.66185185185185,37.338343055238404,588.67
4868,0.99,0.79,0.19999999999999996,20.2020202020202,588.0600000000001
2039,48.99,38.88,10.11,20.63686466625842,587.88
24526,48.99,33.33,15.660000000000004,31.96570728720148,587.88
6862,27.99,20.73,7.259999999999998,25.93783494105037,587.79
8565,12.6775,7.87,4.8075,37.92151449418261,587.54
24290,11.99,8.16,3.83,31.94328607172644,587.51
41974,6.99,4.57,2.42,34.620886981402,587.16
23260,6.99,4.51,2.4800000000000004,35.47925608011445,587.16
23943,5.99,4.13,1.8600000000000003,31.051752921535897,587.02
10469,17.689999999999998,10.32,7.369999999999997,41.661955907292246,586.67
10863,64.99,43.33,21.659999999999997,33.328204339129094,584.91
16781,64.99,44.51,20.479999999999997,31.512540390829358,584.91
13941,44.99,30.4,14.590000000000003,32.42942876194711,584.87
10175,7.99,5.19,2.8,35.04380475594493,583.27
3917,0.99,0.79,0.19999999999999996,20.2020202020202,581.13
202,28.990000000000002,22.3,6.690000000000001,23.07692307692308,579.8
28266,9.389999999999999,5.36,4.0299999999999985,42.91799787007454,579.4
38953,14.704285714285716,8.27,6.434285714285716,43.75789371417469,578.61
45599,16.99,11.72,5.269999999999998,31.018246027074742,577.66
13710,10.75,6.03,4.72,43.906976744186046,576.47
1392,14.637058823529413,10.6,4.037058823529414,27.581079451834594,576.11
25190,35.99,23.52,12.470000000000002,34.64851347596555,575.84
24392,35.99,24.82,11.170000000000002,31.03639899972215,575.84
20177,35.99,23.83,12.160000000000004,33.78716310086136,575.84
39437,8.34,4.51,3.83,45.92326139088729,575.82
21983,17.99,11.68,6.309999999999999,35.07504168982768,575.68
22007,15.990000000000002,10.8,5.190000000000001,32.45778611632271,575.64
15362,15.99,10.8,5.1899999999999995,32.457786116322694,575.64
42018,14.49,7.94,6.55,45.20358868184955,575.61
15891,11.990000000000002,8.1,3.8900000000000023,32.443703085904936,575.52
15529,7.99,5.19,2.8,35.04380475594493,575.28
22883,11.085238095238095,7.48,3.6052380952380947,32.52287469393015,573.48
32670,8.700526315789475,4.69,4.010526315789474,46.095215050511165,573.35
21617,6.989999999999999,4.79,2.1999999999999993,31.473533619456358,573.1800000000001
23366,15.84,9.26,6.58,41.54040404040404,572.64
23768,43.99,29.93,14.060000000000002,31.961809502159582,571.87
8918,33.56142857142857,24.61,8.951428571428572,26.671774571148855,571.83
21442,12.99,8.66,4.33,33.33333333333333,571.5600000000001
2250,12.99,9.69,3.3000000000000007,25.40415704387991,571.5600000000001
21105,29.99,19.6,10.389999999999997,34.64488162720906,569.81
22075,29.99,20.4,9.59,31.977325775258418,569.81
20519,18.99,12.58,6.409999999999998,33.75460768825697,569.6999999999999
21364,16.704285714285714,10.34,6.364285714285714,38.0997177798683,569.66
5062,11.535454545454545,8.39,3.1454545454545446,27.267712191662064,566.01
2193,23.717272727272725,16.41,7.307272727272725,30.80991988960864,565.76
44761,5.49,3.68,1.81,32.96903460837887,565.47
16678,93.99,63.51,30.479999999999997,32.428981806575166,563.9399999999999
2985,24.626363636363635,15.1,9.526363636363635,38.68359850861973,562.77
25563,32.99,21.56,11.430000000000003,34.64686268566233,560.83
17119,18.64384615384615,10.66,7.983846153846152,42.822956636547424,560.6999999999999
16538,17.49,8.6,8.889999999999999,50.82904516866781,560.68
31204,11.413076923076924,6.07,5.343076923076923,46.81539394756352,560.52
36907,39.99,25.97,14.020000000000003,35.0587646911728,559.86
1864,39.99,30.76,9.23,23.080770192548137,559.86
22352,34.99,22.72,12.270000000000003,35.06716204629895,559.84
24897,27.99,18.91,9.079999999999998,32.440157198999636,559.8
23432,15.99,10.59,5.4,33.77110694183865,559.65
12387,15.99,10.8,5.1899999999999995,32.457786116322694,559.65
7867,9.99,7.68,2.3100000000000005,23.123123123123126,559.44
18837,12.99,8.66,4.33,33.33333333333333,558.57
36000,12.99,8.44,4.550000000000001,35.02694380292533,558.57
10972,17.99,11.76,6.229999999999999,34.63035019455252,557.69
44715,17.99,12.32,5.669999999999998,31.517509727626454,557.6899999999999
19827,17.99,11.18,6.809999999999999,37.85436353529739,557.6899999999999
22901,17.99,12.32,5.669999999999998,31.517509727626454,557.6899999999999
22822,13.884736842105264,8.21,5.674736842105263,40.87032333876653,557.6
39841,8.99,5.84,3.1500000000000004,35.038932146829815,557.38
876,8.99,6.66,2.33,25.917686318131256,557.38
20324,13.775714285714287,7.99,5.7857142857142865,41.99937778699575,553.6
19747,11.29,7.79,3.499999999999999,31.000885739592555,553.2099999999999
4518,45.99,35.11,10.880000000000003,23.657316808001745,551.88
15043,22.99,15.75,7.239999999999998,31.491953023053497,551.76
5502,0.99,0.77,0.21999999999999997,22.22222222222222,551.43
12324,28.99,19.86,9.129999999999999,31.493618489134185,550.81
23039,49.99,33.11,16.880000000000003,33.766753350670136,549.89
24293,49.99,32.89,17.1,34.20684136827366,549.89
15846,24.99,17.23,7.759999999999998,31.052420968387352,549.78
23273,9.99,6.45,3.54,35.43543543543544,549.45
44207,9.95774193548387,6.2,3.75774193548387,37.73688814020538,548.45
28984,22.717272727272725,13.6,9.117272727272725,40.133658809876344,545.76
21428,13.99,9.45,4.540000000000001,32.4517512508935,545.61
37387,33.99,21.37,12.620000000000001,37.128567225654606,543.84
42801,15.99,11.03,4.960000000000001,31.0193871169481,543.66
3350,15.99,12.3,3.6899999999999995,23.076923076923073,543.66
5911,26.189999999999998,19.08,7.109999999999999,27.147766323024054,542.79
45424,18.535454545454545,11.1,7.4354545454545455,40.11476776693315,540.7099999999999
2849,179.99,129.49,50.5,28.057114284126893,539.97
2555,89.99,66.66,23.33,25.9251027891988,539.9399999999999
10624,59.99,37.74,22.25,37.089514919153196,539.91
23749,44.99,29.41,15.580000000000002,34.62991775950211,539.88
12507,29.99,18.24,11.75,39.17972657552517,539.8199999999999
41820,19.99,12.98,7.009999999999998,35.067533766883436,539.73
788,14.99,11.19,3.8000000000000007,25.350233488992668,539.64
19316,14.99,9.99,5.0,33.3555703802535,539.64
3572,9.99,7.68,2.3100000000000005,23.123123123123126,539.46
254,10.99,8.79,2.200000000000001,20.018198362147416,538.51
33767,11.925483870967742,7.14,4.7854838709677425,40.12821553193216,537.55
20410,38.23666666666667,20.24,17.996666666666673,47.06651556097987,536.82
17912,10.503513513513514,6.16,4.343513513513514,41.35295782621002,536.49
13805,25.656666666666666,14.93,10.726666666666667,41.80849681694166,535.79
19000,11.195128205128205,6.66,4.5351282051282045,40.509837154439886,535.52
4259,11.80818181818182,7.74,4.06818181818182,34.45222880899224,533.55
2487,27.99,21.87,6.119999999999997,21.864951768488737,531.8100000000001
5698,18.99,14.61,4.379999999999999,23.064770932069507,531.72
1030,18.99,13.56,5.429999999999998,28.593996840442333,531.72
33326,8.697317073170732,4.63,4.067317073170732,46.7651925180179,531.39
24991,58.99,40.4,18.590000000000003,31.513815901000175,530.91
6446,15.101111111111111,9.8,5.30111111111111,35.10411301596644,530.65
23827,16.619629629629628,9.93,6.6896296296296285,40.25137610589887,529.68
23755,528.99,359.86,169.13,31.97224900281669,528.99
25421,87.99,59.45,28.539999999999992,32.435504034549375,527.9399999999999
19267,47.99,32.21,15.780000000000001,32.88185038549698,527.89
17132,21.99,14.66,7.329999999999998,33.33333333333333,527.76
45300,21.99,12.9,9.089999999999998,41.33697135061391,527.76
6254,21.99,16.41,5.579999999999998,25.37517053206002,527.76
19228,21.99,14.37,7.619999999999999,34.65211459754434,527.76
39334,15.99,10.45,5.540000000000001,34.64665415884929,527.67
16684,15.99,11.03,4.960000000000001,31.0193871169481,527.67
18095,15.99,10.38,5.609999999999999,35.08442776735459,527.67
14300,11.99,7.43,4.5600000000000005,38.03169307756464,527.56
44238,9.59,5.4,4.1899999999999995,43.691345151199165,527.46
5737,16.99,13.38,3.6099999999999977,21.24779281930546,526.6899999999999
22902,16.99,11.1,5.889999999999999,34.66745144202471,526.6899999999999
36766,16.99,10.95,6.039999999999999,35.5503237198352,526.6899999999999
804,15.490000000000002,11.56,3.9300000000000015,25.371207230471278,526.66
31621,12.894761904761905,6.62,6.274761904761905,48.66132427342221,526.59
995,21.889999999999997,15.99,5.899999999999997,26.952946550936492,525.76
35967,24.99,15.75,9.239999999999998,36.97478991596638,524.79
24454,20.99,14.28,6.709999999999999,31.967603620771794,524.75
39219,14.99,9.08,5.91,39.42628418945964,524.65
18788,14.99,10.27,4.720000000000001,31.487658438959308,524.65
38165,11.573333333333332,6.53,5.043333333333332,43.57718894009216,523.55
19995,17.99,12.32,5.669999999999998,31.517509727626454,521.7099999999999
44106,17.04263157894737,9.86,7.182631578947369,42.14508508075724,521.7
875,8.99,6.56,2.4300000000000006,27.030033370411576,521.42
34674,8.99,5.84,3.1500000000000004,35.038932146829815,521.42
2106,129.99,93.52,36.47000000000001,28.056004308023702,519.96
24496,103.99,70.74,33.25,31.974228291181845,519.95
2832,103.99,74.81,29.179999999999993,28.060390422155972,519.95
22957,64.99,42.48,22.509999999999998,34.636097861209414,519.92
6525,39.99,29.4,10.590000000000003,26.481620405101282,519.87
17086,39.99,26.66,13.330000000000002,33.333333333333336,519.87
18212,25.99,17.44,8.549999999999997,32.89726818006925,519.8
42124,19.99,9.03,10.959999999999999,54.82741370685342,519.74
17024,14.085238095238097,8.72,5.365238095238096,38.091213360830324,519.63
25200,12.99,8.78,4.210000000000001,32.409545804464976,519.6
547,12.99,10.31,2.6799999999999997,20.631254811393376,519.6
7855,9.99,7.57,2.42,24.224224224224223,519.48
35885,9.99,6.03,3.96,39.63963963963964,519.48
8011,9.99,7.24,2.75,27.52752752752753,519.48
24621,11.561428571428573,5.88,5.681428571428573,49.14123316446313,518.57
33213,5.29,3.5,1.79,33.83742911153119,518.42
22337,36.99,24.66,12.330000000000002,33.333333333333336,517.86
18130,36.99,24.83,12.160000000000004,32.873749662070836,517.86
13395,13.99,9.2,4.790000000000001,34.23874195854182,517.63
18945,85.99,58.1,27.889999999999993,32.43400395394813,515.94
10935,42.99,27.92,15.07,35.05466387531984,515.88
21439,42.99,28.1,14.89,34.63596185159339,515.88
36371,11.561428571428573,6.84,4.721428571428573,40.83776102804894,515.56
24208,13.67,6.07,7.6,55.59619604974396,513.62
21699,3.594651162790698,2.39,1.204651162790698,33.51232451316556,513.58
20024,170.99,115.53,55.46000000000001,32.43464530089479,512.97
38241,56.99,37.25,19.740000000000002,34.63765572907528,512.9100000000001
16692,18.99,10.88,8.109999999999998,42.7066877303844,512.7299999999999
22517,8.99,5.91,3.08,34.260289210233594,512.43
22800,15.989999999999998,10.59,5.399999999999999,33.77110694183864,511.68
19850,11.14,7.53,3.6100000000000003,32.40574506283663,511.54
981,3.99,2.89,1.1,27.56892230576441,510.72
24165,84.99,55.19,29.799999999999997,35.06294858218614,509.93999999999994
12593,29.99,18.61,11.379999999999999,37.945981993998,509.83
21367,29.99,20.4,9.59,31.977325775258418,509.83
31120,29.99,20.26,9.729999999999997,32.44414804934978,509.83
17880,28.365,18.29,10.075,35.51912568306011,509.81999999999994
10621,16.99,11.56,5.429999999999998,31.95997645673925,509.7
17983,16.99,11.48,5.509999999999998,32.4308416715715,509.7
18571,9.99,6.5,3.49,34.93493493493494,509.49
20762,18.171818181818182,10.95,7.221818181818183,39.74185802191206,507.71999999999997
15915,4.49,2.97,1.52,33.85300668151447,507.37
24416,12.99,8.44,4.550000000000001,35.02694380292533,506.61
5065,18.066923076923075,11.42,6.646923076923075,36.7905649934006,505.71999999999997
21485,35.99,23.22,12.770000000000003,35.48207835509864,503.86
10121,35.99,23.64,12.350000000000001,34.31508752431231,503.86
12149,35.99,23.99,12.000000000000004,33.34259516532371,503.86
21561,22.836153846153845,14.86,7.976153846153846,34.927746151514135,503.78
19349,20.99,13.9,7.089999999999998,33.77798951881848,503.76
6764,17.99,13.73,4.259999999999998,23.67982212340188,503.71999999999997
24418,13.99,9.26,4.73,33.80986418870622,503.64
20745,11.99,7.94,4.05,33.778148457047536,503.58
17378,11.99,8.27,3.7200000000000006,31.025854879065896,503.58
23148,11.99,7.48,4.51,37.61467889908256,503.58
10235,10.49,6.89,3.6000000000000005,34.31839847473785,503.52
2851,8.99,4.5,4.49,49.944382647385986,503.44
36209,7.99,5.15,2.84,35.54443053817271,503.37
25255,21.8025,12.66,9.142499999999998,41.93326453388372,502.77
42751,3.79,2.45,1.3399999999999999,35.35620052770448,500.28000000000003
883,499.99,390.62,109.37,21.874437488749777,499.99
25279,124.99,80.64,44.349999999999994,35.48283862709016,499.96
23156,99.99,58.82,41.169999999999995,41.17411741174117,499.95000000000005
15193,49.99,30.96,19.03,38.06761352270454,499.90000000000003
14174,49.99,32.67,17.32,34.64692938587717,499.9
26663,19.99,13.15,6.839999999999998,34.21710855427713,499.75
8544,16.204285714285714,12.21,3.994285714285713,24.649563607511233,498.69
15076,13.775714285714287,7.74,6.0357142857142865,43.81416571606347,497.64
20598,15.99,10.88,5.109999999999999,31.95747342088805,495.69
1889,7.99,5.5,2.49,31.1639549436796,495.38
13245,54.99,37.66,17.330000000000005,31.514820876523014,494.91
24483,54.99,35.94,19.050000000000004,34.64266230223678,494.91
45605,8.99,6.12,2.87,31.92436040044494,494.45
779,12.99,9.55,3.4399999999999995,26.48190916089299,493.62
23145,28.99,19.2,9.79,33.77026560883063,492.83
24305,16.99,11.18,5.809999999999999,34.19658622719246,492.71
41032,16.99,11.56,5.429999999999998,31.95997645673925,492.71
39798,7.913076923076924,4.69,3.223076923076923,40.7310197336444,492.38
18167,15.836153846153847,9.52,6.316153846153847,39.88439306358382,491.69
18098,244.99,157.89,87.10000000000002,35.552471529450195,489.98
43134,69.99,46.05,23.939999999999998,34.20488641234462,489.92999999999995
975,34.99,26.31,8.680000000000003,24.80708773935411,489.86
15981,13.989999999999998,9.33,4.659999999999998,33.30950679056468,489.65000000000003
38731,9.99,6.84,3.1500000000000004,31.531531531531538,489.51
22696,12.19,6.66,5.529999999999999,45.365053322395404,488.58
18822,22.107647058823527,13.33,8.777647058823527,39.70412154431524,487.78
17617,16.865,10.34,6.524999999999999,38.68959383338274,487.71
564,8.99,6.61,2.38,26.473859844271413,485.46000000000004
25623,8.99,5.44,3.55,39.48832035595105,485.46
12913,96.99,66.89,30.099999999999994,31.034127229611297,484.95
22389,4.99,3.37,1.62,32.46492985971944,484.03000000000003
1000,16.72076923076923,11.62,5.100769230769229,30.505589547775674,483.71
13491,10.99,7.28,3.71,33.75796178343949,483.56
7193,11.49,8.91,2.58,22.45430809399478,482.58
16757,19.281666666666666,11.76,7.5216666666666665,39.00942173048664,481.74999999999994
23246,18.06692307692308,10.66,7.4069230769230785,40.997147358113004,481.74
22413,3.79,2.49,1.2999999999999998,34.30079155672823,481.33
18193,159.99,104.57,55.420000000000016,34.639664979061195,479.97
25061,59.99,40.26,19.730000000000004,32.88881480246708,479.92
25108,47.99,33.1,14.89,31.027297353615335,479.90000000000003
21732,39.99,25.97,14.020000000000003,35.0587646911728,479.88000000000005
2186,31.99,19.56,12.43,38.855892466395744,479.84999999999997
23334,31.99,20.64,11.349999999999998,35.479837449202876,479.84999999999997
1267,29.99,21.89,8.099999999999998,27.009003001000327,479.84
25287,29.99,19.35,10.639999999999997,35.478492830943644,479.84
15643,19.99,13.69,6.299999999999999,31.515757878939464,479.76
5953,19.99,15.87,4.119999999999999,20.610305152576284,479.76
34703,19.99,13.24,6.749999999999998,33.76688344172085,479.76
12097,19.99,13.42,6.5699999999999985,32.8664332166083,479.76
21270,11.99,5.91,6.08,50.70892410341952,479.6
5414,7.989999999999999,6.15,1.839999999999999,23.028785982478087,479.40000000000003
22645,33.99,22.36,11.630000000000003,34.215945866431305,475.86
2087,33.99,25.18,8.810000000000002,25.91938805531039,475.86
823,27.99,20.43,7.559999999999999,27.0096463022508,475.83
23188,27.99,18.36,9.629999999999999,34.40514469453376,475.83
6366,21.323333333333334,13.42,7.903333333333334,37.06424886665624,475.78
24001,16.99,11.64,5.349999999999998,31.489111241906993,475.71999999999997
31873,16.99,10.45,6.539999999999999,38.493231312536786,475.7199999999999
15089,12.035454545454547,6.57,5.465454545454547,45.41128484024474,475.59000000000003
8402,24.99,14.92,10.069999999999999,40.296118447378944,474.81
23944,24.99,17.23,7.759999999999998,31.052420968387352,474.80999999999995
3414,4.99,2.96,2.0300000000000002,40.6813627254509,474.05
10792,157.99,107.48,50.510000000000005,31.97037787201722,473.97
33581,10.808181818181819,6.75,4.058181818181819,37.54731264193793,473.56
2024,5.99,4.44,1.5499999999999998,25.876460767946575,473.21000000000004
22624,42.99,28.1,14.89,34.63596185159339,472.89
838,10.99,7.96,3.0300000000000002,27.5705186533212,472.57
652,24.832105263157892,16.41,8.422105263157892,33.916195078527366,471.80999999999995
18734,9.095263157894736,6.03,3.0652631578947362,33.701753370754,471.48
44704,11.49,7.56,3.9300000000000006,34.203655352480425,471.09000000000003
90087,469.99,311.25,158.74,33.77518670610013,469.99
14306,46.99,22.22,24.770000000000003,52.71334326452437,469.90000000000003
43662,33.656666666666666,19.86,13.796666666666667,40.99237397246707,469.86
4698,16.212222222222223,10.38,5.832222222222223,35.974230690151465,467.71000000000004
24812,12.99,8.78,4.210000000000001,32.409545804464976,467.64
46590,12.99,8.38,4.609999999999999,35.488837567359504,467.64
21975,12.99,8.49,4.5,34.64203233256351,467.64
21260,12.99,8.78,4.210000000000001,32.409545804464976,467.64
24557,12.99,8.78,4.210000000000001,32.409545804464976,467.64
27488,12.99,8.84,4.15,31.947652040030793,467.64
45090,11.990000000000002,8.05,3.9400000000000013,32.860717264387,467.61
25643,12.95,7.89,5.06,39.07335907335907,466.64
6426,15.555217391304348,9.08,6.475217391304348,41.62730245688571,465.7
42423,30.99,16.55,14.439999999999998,46.59567602452404,464.85
3416,14.99,10.78,4.210000000000001,28.085390260173455,464.69
16989,11.27,6.07,5.199999999999999,46.140195208518186,464.59000000000003
42410,25.790000000000003,16.97,8.820000000000004,34.19930205506011,464.21999999999997
24997,28.99,16.43,12.559999999999999,43.325284580889964,463.84
20682,28.989999999999995,19.86,9.129999999999995,31.493618489134175,463.84
39974,14.9275,9.26,5.6675,37.96683972533914,463.69
38355,14.49,9.86,4.630000000000001,31.95307108350587,463.68
41215,14.49,9.86,4.630000000000001,31.95307108350587,463.68
36845,11.190000000000001,7.33,3.860000000000001,34.495084897229674,463.58
15247,18.389999999999997,10.32,8.069999999999997,43.88254486133768,462.75
19397,17.847142857142856,11.48,6.367142857142856,35.675978547986865,462.73999999999995
22765,65.99,40.81,25.179999999999993,38.15729656008485,461.93
21977,65.99,45.2,20.789999999999992,31.504773450522798,461.92999999999995
6156,21.99,16.79,5.199999999999999,23.64711232378354,461.78999999999996
15552,12.156666666666666,8.05,4.106666666666666,33.78119001919385,461.62
4421,10.99,8.2,2.790000000000001,25.386715195632405,461.58
13724,10.49,7.14,3.3500000000000005,31.935176358436614,461.56
861,6.49,4.67,1.8200000000000003,28.043143297380592,460.79
14962,4.79,3.19,1.6,33.40292275574113,459.84
15739,19.990000000000002,13.69,6.3000000000000025,31.515757878939475,459.77
3239,9.99,7.8,2.1900000000000004,21.921921921921925,459.54
32338,26.99,16.66,10.329999999999998,38.273434605409406,458.83
13122,16.99,9.52,7.469999999999999,43.96703943496174,458.72999999999996
35358,13.49,9.05,4.4399999999999995,32.91326908821349,458.66
43193,8.99,5.19,3.8,42.269187986651836,458.49
19881,8.99,5.91,3.08,34.260289210233594,458.49
22648,37.99,24.99,13.000000000000004,34.21953145564623,455.88000000000005
377,37.99,28.35,9.64,25.375098710186894,455.88
36849,18.99,12.92,6.0699999999999985,31.964191679831483,455.76
21002,11.99,7.74,4.25,35.446205170975816,455.62
897,6.79,4.92,1.87,27.540500736377027,454.93
21010,64.99,42.48,22.509999999999998,34.636097861209414,454.92999999999995
1215,64.99,50.77,14.219999999999992,21.880289275273107,454.92999999999995
24576,34.99,23.8,11.190000000000001,31.98056587596456,454.87
23493,34.99,24.13,10.860000000000003,31.037439268362395,454.87
117,34.99,27.77,7.220000000000002,20.63446699056874,454.87
1591,12.99,9.92,3.0700000000000003,23.633564280215552,454.65
13594,11.92939393939394,8.16,3.7693939393939395,31.597530926918488,453.62
15675,11.047142857142859,7.28,3.7671428571428587,34.10060778481832,452.59
36493,40.99,27.15,13.840000000000003,33.76433276408881,450.89
5517,18.085238095238093,11.59,6.4952380952380935,35.91458437557597,450.74999999999994
17431,10.99,7.09,3.9000000000000004,35.48680618744313,450.59000000000003
37712,10.99,7.3,3.6900000000000004,33.57597816196542,450.59
16657,10.99,7.23,3.76,34.212920837124656,450.59
281,10.013255813953489,7.14,2.873255813953489,28.694521216062434,450.55
15688,449.99,299.99,150.0,33.334074090535346,449.99
25461,149.99,96.77,53.22000000000001,35.48236549103274,449.97
20316,89.99,62.06,27.929999999999993,31.03678186465162,449.95
2104,74.99,50.35,24.639999999999993,32.857714361914915,449.94
41589,49.99,34.24,15.75,31.50630126025205,449.91
18237,24.99,16.89,8.099999999999998,32.41296518607442,449.82000000000005
15085,17.99,11.99,5.999999999999998,33.35186214563646,449.74999999999994
24022,14.99,10.06,4.93,32.88859239492995,449.7
19513,8.99,5.88,3.1100000000000003,34.59399332591769,449.5
43143,8.99,6.03,2.96,32.92547274749722,449.5
8254,14.49,9.53,4.960000000000001,34.23050379572119,449.19
24759,17.89909090909091,11.03,6.869090909090909,38.376758596170454,448.74999999999994
23769,111.99,73.68,38.30999999999999,34.208411465309396,447.96000000000004
18438,55.99,36.12,19.870000000000005,35.4884800857296,447.92
39471,31.99,19.86,12.129999999999999,37.91809940606439,447.85999999999996
4138,27.99,22.21,5.779999999999998,20.65023222579492,447.84
40456,13.99,9.33,4.66,33.30950679056469,447.68
16468,12.064074074074075,7.79,4.274074074074075,35.42811531022627,445.63
22854,11.990000000000002,8.27,3.7200000000000024,31.0258548790659,443.63
7404,0.99,0.77,0.21999999999999997,22.22222222222222,443.52
25423,220.99,151.36,69.63,31.508213041314082,441.98
15504,25.99,17.56,8.43,32.43555213543671,441.83
13899,17.67421052631579,10.45,7.22421052631579,40.87430392186058,441.75
21979,16.99,11.64,5.349999999999998,31.489111241906993,441.73999999999995
24050,12.99,8.9,4.09,31.48575827559661,441.66
20000,10.49,7.18,3.3100000000000005,31.55386081982841,440.58000000000004
23292,439.99,299.31,140.68,31.97345394213505,439.99
3009,54.99,43.99,11.0,20.00363702491362,439.92
8010,54.99,39.28,15.71,28.56883069649027,439.92
25416,39.99,27.2,12.790000000000003,31.98299574893724,439.89000000000004
18232,19.99,11.03,8.959999999999999,44.822411205602805,439.78
24662,19.99,13.51,6.479999999999999,32.416208104052025,439.78
23146,19.99,12.24,7.749999999999998,38.769384692346165,439.78
46816,9.989999999999998,6.8,3.1899999999999986,31.931931931931924,439.56
29129,9.99,6.45,3.54,35.43543543543544,439.56
23394,9.99,6.75,3.24,32.432432432432435,439.56
24377,4.99,3.39,1.6,32.06412825651302,439.12
1236,22.99,13.56,9.429999999999998,41.01783384080034,438.81
18901,10.253157894736843,6.07,4.183157894736842,40.79872696473487,438.57
17186,16.779473684210522,9.33,7.449473684210522,44.39634892255574,437.73999999999995
25258,12.359565217391303,8.72,3.6395652173913025,29.44735638653392,437.25
24406,22.99,15.64,7.349999999999998,31.970421922575028,436.80999999999995
1733,18.99,14.17,4.8199999999999985,25.381779884149548,436.77
2184,15.790000000000001,11.36,4.4300000000000015,28.055731475617485,435.72
18102,53.989999999999995,34.48,19.509999999999998,36.13632154102612,434.92
12511,14.99,9.67,5.32,35.49032688458973,434.71000000000004
38242,30.99,19.72,11.27,36.366569861245566,433.86
21464,35.99,24.15,11.840000000000003,32.89802722978606,431.88
25198,26.990000000000002,17.76,9.23,34.19785105594665,431.84
18599,17.99,12.16,5.829999999999998,32.40689271817676,431.76
20947,17.99,10.66,7.329999999999998,40.74485825458588,431.76
10650,15.99,10.59,5.4,33.77110694183865,431.73
45061,15.99,10.8,5.1899999999999995,32.457786116322694,431.73
21832,15.990000000000002,10.45,5.540000000000003,34.646654158849294,431.72999999999996
21783,13.49,8.7,4.790000000000001,35.50778354336546,431.68
21252,11.99,8.05,3.9399999999999995,32.860717264386984,431.64
15235,8.99,5.99,3.0,33.37041156840934,431.52
28038,5.989999999999999,3.71,2.2799999999999994,38.063439065108504,431.28
3285,9.99,7.29,2.7,27.027027027027028,429.57
831,9.99,7.46,2.5300000000000002,25.325325325325327,429.57
12271,14.39,8.66,5.73,39.819318971508,428.71000000000004
39209,10.99,7.53,3.46,31.48316651501365,428.61
18174,10.99,7.14,3.8500000000000005,35.031847133757964,428.61
15357,10.99,6.89,4.1000000000000005,37.30664240218381,428.61
10400,53.656666666666666,36.05,17.60666666666667,32.813567745542656,427.92
2812,43.115,30.3,12.815000000000001,29.72283428041285,424.90000000000003
15721,24.99,16.12,8.869999999999997,35.49419767907162,424.83000000000004
39285,24.99,16.89,8.099999999999998,32.41296518607442,424.83
2727,24.99,19.37,5.619999999999997,22.488995598239285,424.83
17375,52.989999999999995,35.8,17.189999999999998,32.440083034534815,423.92
18584,42.27571428571429,26.48,15.795714285714286,37.36356570810665,423.90000000000003
23267,46.99,30.71,16.28,34.645669291338585,422.91
22798,46.99,31.33,15.660000000000004,33.32623962545223,422.90999999999997
39981,14.656666666666668,7.99,6.666666666666668,45.48555833522857,422.71
24047,8.99,5.8,3.1900000000000004,35.483870967741936,422.53000000000003
26811,4.79,3.19,1.6,33.40292275574113,421.52
16560,14.468260869565217,8.78,5.688260869565218,39.31544309883704,420.71000000000004
21463,139.99,95.23,44.760000000000005,31.973712408029147,419.97
19826,104.99,68.62,36.36999999999999,34.64139441851604,419.96
2294,104.99,82.67,22.319999999999993,21.259167539765684,419.96
10625,69.99,45.26,24.729999999999997,35.3336190884412,419.94
24670,69.99,47.61,22.379999999999995,31.975996570938705,419.94
16991,69.99,46.66,23.33,33.33333333333333,419.94
45980,59.99,39.99,20.0,33.33888981496916,419.93
24668,59.99,41.37,18.620000000000005,31.038506417736293,419.93
19584,59.989999999999995,40.26,19.729999999999997,32.888814802467074,419.93
22703,34.99,23.33,11.660000000000004,33.32380680194342,419.88
911,20.99,15.32,5.669999999999998,27.012863268222958,419.79999999999995
24884,19.99,13.33,6.659999999999998,33.316658329164575,419.78999999999996
1790,19.990000000000002,15.5,4.490000000000002,22.461230615307663,419.78999999999996
21789,19.990000000000002,13.69,6.3000000000000025,31.515757878939475,419.78999999999996
23385,19.99,12.74,7.249999999999998,36.26813406703351,419.78999999999996
22671,13.99,9.14,4.85,34.66761972837741,419.7
120,13.99,10.44,3.5500000000000007,25.375268048606152,419.7
45334,11.99,6.66,5.33,44.45371142618849,419.65
20944,20.918571428571425,13.51,7.408571428571426,35.416239841562515,418.79999999999995
23633,16.528461538461535,9.67,6.858461538461535,41.49485735561036,418.75
38952,16.528461538461535,10.2,6.328461538461536,38.288267324428716,418.75
12803,18.99,11.25,7.739999999999998,40.75829383886255,417.78
20096,10.799523809523809,5.88,4.919523809523809,45.55315490100974,417.61
20507,31.99,20.64,11.349999999999998,35.479837449202876,415.87
18046,25.99,17.44,8.549999999999997,32.89726818006925,415.84
25211,12.99,8.49,4.5,34.64203233256351,415.68
12234,6.906666666666667,3.24,3.666666666666667,53.0888030888031,415.40000000000003
23434,68.99,44.51,24.479999999999997,35.48340339179591,413.94
44025,45.99,27.58,18.410000000000004,40.030441400304426,413.91
23071,17.99,11.76,6.229999999999999,34.63035019455252,413.77
13124,14.59,8.78,5.8100000000000005,39.821795750514056,413.72
8272,4.49,2.92,1.5700000000000003,34.96659242761693,413.08000000000004
24594,15.601111111111111,8.84,6.761111111111111,43.337369133252615,412.73999999999995
12067,6.99,4.57,2.42,34.620886981402,412.40999999999997
702,16.49,11.95,4.539999999999999,27.531837477258943,412.24999999999994
22298,12.49,8.06,4.43,35.4683746997598,412.17
190,4.29,3.06,1.23,28.671328671328673,411.84
24799,13.99,8.55,5.4399999999999995,38.884917798427445,409.74
19566,21.49,14.14,7.349999999999998,34.20195439739413,408.30999999999995
23898,16.99,9.08,7.909999999999998,46.556798116539134,407.76
3860,16.99,9.22,7.769999999999998,45.73278399058269,407.76
36139,16.34294117647059,9.65,6.692941176470589,40.9531008170464,407.75
25415,15.67,9.08,6.59,42.05488194001276,407.74
18800,11.99,8.27,3.7200000000000006,31.025854879065896,407.66
19031,11.99,7.79,4.2,35.029190992493746,407.66
38245,36.99,24.02,12.970000000000002,35.063530683968644,406.89
22435,57.99,37.41,20.580000000000005,35.48887739265391,405.93
20513,28.99,18.82,10.169999999999998,35.08106243532252,405.85999999999996
10932,13.99,9.33,4.66,33.30950679056469,405.71
27579,67.49,43.33,24.159999999999997,35.797895984590305,404.93999999999994
18431,44.99,29.03,15.96,35.474549899977774,404.91
19034,44.99,29.21,15.780000000000001,35.07446099133141,404.90999999999997
23853,26.99,18.24,8.75,32.419414597999264,404.84999999999997
22367,14.99,9.93,5.0600000000000005,33.755837224816545,404.73
12415,8.99,6.12,2.87,31.92436040044494,404.55
1003,22.275714285714283,16.66,5.615714285714283,25.210030141730254,403.82
27798,10.107647058823531,6.49,3.6176470588235308,35.79118896583834,403.6
8438,0.99,0.72,0.27,27.272727272727277,402.93
11209,12.990000000000002,8.78,4.210000000000003,32.40954580446499,402.69
24530,66.99,44.96,22.029999999999994,32.885505299298394,401.94
21583,25.12333333333333,15.48,9.64333333333333,38.38397240281278,401.84
17915,10.19,5.8,4.39,43.08145240431796,401.6
19806,14.704285714285716,7.84,6.864285714285716,46.68221121150297,400.73
4041,399.99,285.71,114.28000000000003,28.5707142678567,399.99
19077,199.99,131.57,68.42000000000002,34.21171058552928,399.98
13229,99.99,67.56,32.42999999999999,32.43324332433243,399.96
22841,99.99,64.93,35.05999999999999,35.06350635063505,399.96
44650,99.99,66.2,33.78999999999999,33.793379337933786,399.96
17315,79.99,54.05,25.939999999999998,32.429053631703965,399.95
437,49.99,37.87,12.120000000000005,24.244848969793967,399.92
21008,49.99,33.55,16.440000000000005,32.8865773154631,399.92
24169,49.99,34.01,15.980000000000004,31.966393278655737,399.92
44716,24.99,16.66,8.329999999999998,33.33333333333333,399.84
13605,19.99,11.91,8.079999999999998,40.420210105052526,399.8
21734,19.99,13.69,6.299999999999999,31.515757878939464,399.79999999999995
18637,19.99,13.07,6.919999999999998,34.617308654327154,399.79999999999995
34735,19.99,13.15,6.839999999999998,34.21710855427713,399.79999999999995
18589,19.990000000000002,13.15,6.840000000000002,34.21710855427714,399.79999999999995
3962,15.99,11.93,4.0600000000000005,25.39086929330832,399.75
15209,15.99,10.52,5.470000000000001,34.20888055034397,399.75
15832,15.99,10.45,5.540000000000001,34.64665415884929,399.75
20706,15.989999999999998,10.66,5.329999999999998,33.33333333333333,399.75
19935,7.99,5.26,2.7300000000000004,34.167709637046315,399.5
24882,2.9899999999999998,1.94,1.0499999999999998,35.11705685618729,397.67
5760,1.99,1.51,0.48,24.120603015075375,396.01
2618,98.99,78.56,20.429999999999993,20.638448328113945,395.96
45837,35.99,23.99,12.000000000000004,33.34259516532371,395.89
23341,32.99,22.75,10.240000000000002,31.039709002728106,395.88
19406,32.99,20.54,12.450000000000003,37.73870869960595,395.88
899,21.99,14.5,7.489999999999998,34.06093678944975,395.82
32303,11.99,8.16,3.83,31.94328607172644,395.67
24292,10.99,7.48,3.51,31.938125568698815,395.64
1492,78.99,58.59,20.39999999999999,25.82605393087732,394.95
2814,43.878888888888895,31.0,12.878888888888895,29.350991365121175,394.91
41394,24.656666666666666,15.75,8.906666666666666,36.12275246721644,393.84
216,21.49,15.62,5.869999999999999,27.315030246626335,393.82
22004,5.79,3.91,1.88,32.46977547495682,393.71999999999997
4065,27.99,20.89,7.099999999999998,25.366202215076804,391.85999999999996
44703,13.49,8.7,4.790000000000001,35.50778354336546,391.21000000000004
25194,16.99,11.48,5.509999999999998,32.4308416715715,390.77
33206,16.99,10.66,6.329999999999998,37.257210123602114,390.77
14681,389.99,259.99,130.0,33.334188056104004,389.99
25011,38.99,25.48,13.510000000000002,34.64991023339318,389.90000000000003
39400,38.99,26.34,12.650000000000002,32.444216465760455,389.9
1474,25.99,19.84,6.149999999999999,23.662947287418234,389.84999999999997
18585,14.99,9.73,5.26,35.090060040026685,389.74
24153,12.989999999999998,8.72,4.269999999999998,32.87143956889914,389.7
24775,12.99,8.9,4.09,31.48575827559661,389.7
14655,9.99,6.53,3.46,34.63463463463463,389.61
25917,9.99,6.07,3.92,39.23923923923924,389.61
19242,10.49,6.95,3.54,33.74642516682555,388.13
46947,14.323333333333334,7.28,7.043333333333334,49.173842215499185,387.73
6472,3.99,2.71,1.2800000000000002,32.08020050125314,387.03000000000003
44102,54.99,37.66,17.330000000000005,31.514820876523014,384.93
35755,54.99,37.41,17.580000000000005,31.969448990725596,384.93
19160,16.04263157894737,10.13,5.912631578947368,36.8557462025524,384.76
19977,12.045555555555556,7.58,4.4655555555555555,37.072225809427174,384.68
25259,10.99,7.09,3.9000000000000004,35.48680618744313,384.65000000000003
23295,63.99,42.1,21.89,34.20847007344898,383.94
27432,15.990000000000002,11.03,4.960000000000003,31.019387116948106,383.76
34082,15.99,10.73,5.26,32.89555972482802,383.76
15137,15.99,10.59,5.4,33.77110694183865,383.76
27138,15.99,10.8,5.1899999999999995,32.457786116322694,383.76
15426,11.99,6.45,5.54,46.205170975813175,383.68
29955,7.990000000000001,5.26,2.7300000000000013,34.167709637046315,383.52
5954,3.99,2.96,1.0300000000000002,25.814536340852136,383.04
4751,0.9900000000000001,0.72,0.27000000000000013,27.27272727272728,381.15
23308,126.99,87.58,39.41,31.033939680289784,380.97
24588,15.30578947368421,10.2,5.1057894736842115,33.35855025618102,380.75
2610,189.99,138.68,51.31,27.006684562345384,379.98
22174,19.99,13.69,6.299999999999999,31.515757878939464,379.81
2910,19.99,14.7,5.289999999999999,26.463231615807903,379.81
16996,19.99,13.79,6.199999999999999,31.015507753876935,379.80999999999995
24527,19.99,13.07,6.919999999999998,34.617308654327154,379.80999999999995
22860,18.99,12.25,6.739999999999998,35.49236440231701,379.79999999999995
4834,18.99,14.07,4.919999999999998,25.9083728278041,379.79999999999995
45331,11.8025,7.28,4.5225,38.31815293370049,379.68
7917,9.99,6.92,3.0700000000000003,30.73073073073073,379.62
22617,9.99,6.8,3.1900000000000004,31.931931931931935,379.62
26939,41.656666666666666,22.57,19.086666666666666,45.8189965591742,378.91
21449,53.99,36.23,17.760000000000005,32.89498055195407,377.93
13651,13.99,9.03,4.960000000000001,35.453895639742676,377.73
10735,13.99,9.39,4.6,32.88062902072909,377.73
5487,13.99,10.36,3.630000000000001,25.947105075053617,377.73
1048,8.99,5.11,3.88,43.159065628476085,377.58
6762,6.99,4.51,2.4800000000000004,35.47925608011445,377.46
24386,28.989999999999995,18.82,10.169999999999995,35.081062435322515,376.87
915,14.49,10.98,3.51,24.22360248447205,376.74
693,12.990000000000002,9.35,3.6400000000000023,28.021555042340275,376.71000000000004
32807,12.990000000000002,7.58,5.410000000000002,41.64742109314859,376.71
11443,9.44,5.33,4.109999999999999,43.53813559322033,376.19
39575,46.99,30.61,16.380000000000003,34.85848052777187,375.92
33717,46.99,31.97,15.020000000000003,31.964247712279214,375.92
21286,46.99,31.97,15.020000000000003,31.964247712279214,375.92
40454,7.989999999999999,5.29,2.6999999999999993,33.79224030037547,375.53000000000003
19786,74.99,50.33,24.659999999999997,32.88438458461128,374.95
37342,74.99,49.66,25.33,33.777837044939325,374.95
23045,24.99,16.33,8.66,34.65386154461785,374.84999999999997
11819,14.99,10.34,4.65,31.02068045363576,374.75
5145,12.49,9.12,3.370000000000001,26.98158526821458,374.7
8616,26.589999999999996,16.42,10.169999999999995,38.247461451673544,373.86
41003,21.99,14.28,7.709999999999999,35.06139154160982,373.83
21502,16.99,11.33,5.659999999999998,33.313713949381984,373.78
19003,16.99,10.32,6.669999999999998,39.25838728663919,373.78
38198,12.656666666666668,6.8,5.856666666666668,46.27337371609166,373.7
23510,10.99,7.14,3.8500000000000005,35.031847133757964,373.66
23877,10.99,7.38,3.6100000000000003,32.84804367606915,373.65999999999997
21534,11.99,6.66,5.33,44.45371142618849,371.69
34123,3.99,2.57,1.4200000000000004,35.58897243107771,371.07000000000005
45059,15.49,8.78,6.710000000000001,43.31826985151711,370.76
276,36.99,26.8,10.190000000000001,27.54798594214653,369.90000000000003
18891,73.78999999999999,44.51,29.279999999999994,39.680173465239186,368.95
90010,91.99,61.74,30.249999999999993,32.88400913142732,367.96
25512,45.99,30.87,15.120000000000001,32.87671232876712,367.92
27370,15.99,10.59,5.4,33.77110694183865,367.77
24937,17.49,11.43,6.059999999999999,34.648370497427095,367.28999999999996
24118,15.918571428571429,9.93,5.988571428571429,37.62003051242933,366.77
4857,0.99,0.75,0.24,24.242424242424242,366.3
44083,24.561428571428568,14.37,10.191428571428569,41.493631128947825,365.84999999999997
24246,5.99,4.05,1.9400000000000004,32.3873121869783,365.39
6768,5.99,3.86,2.1300000000000003,35.55926544240401,365.39
19834,72.99,49.65,23.339999999999996,31.976983148376487,364.95
15037,72.24,40.66,31.58,43.715393133997786,364.95
22819,24.374615384615385,15.86,8.514615384615386,34.932306624167644,364.84999999999997
21382,13.990000000000002,9.08,4.910000000000002,35.09649749821302,363.74
16923,32.99,22.14,10.850000000000001,32.888754167929676,362.89000000000004
20515,18.99,12.74,6.249999999999998,32.91205897840968,360.80999999999995
25055,179.99,116.88,63.110000000000014,35.06305905883661,359.98
2295,89.99,64.28,25.709999999999994,28.569841093454823,359.96
3613,89.99,67.66,22.33,24.81386820757862,359.96
21478,71.99,47.68,24.309999999999995,33.76857896930129,359.95
2680,59.99,43.79,16.200000000000003,27.004500750125025,359.94
24731,59.989999999999995,40.81,19.179999999999993,31.971995332555416,359.94
23348,44.99,30.61,14.380000000000003,31.96265836852634,359.92
35896,44.99,31.03,13.96,31.02911758168482,359.92
14193,44.99,30.61,14.380000000000003,31.96265836852634,359.92
41983,29.99,20.4,9.59,31.977325775258418,359.88
23921,29.99,19.6,10.389999999999997,34.64488162720906,359.88
24528,23.99,16.43,7.559999999999999,31.513130471029594,359.84999999999997
18851,19.99,13.07,6.919999999999998,34.617308654327154,359.82
24243,19.99,12.98,7.009999999999998,35.067533766883436,359.82
44783,14.99,10.2,4.790000000000001,31.95463642428286,359.76
16694,14.99,9.93,5.0600000000000005,33.755837224816545,359.76
20425,11.99,8.16,3.83,31.94328607172644,359.7
19831,9.99,6.84,3.1500000000000004,31.531531531531538,359.64
24049,8.989999999999998,5.91,3.0799999999999983,34.26028921023358,359.6
35801,8.99,6.12,2.87,31.92436040044494,359.6
14929,7.989999999999999,5.47,2.5199999999999996,31.53942428035044,359.54999999999995
38106,5.99,3.92,2.0700000000000003,34.55759599332221,359.4
38104,5.99,3.94,2.0500000000000003,34.223706176961606,359.4
18748,8.29,5.6,2.6899999999999995,32.448733413751505,356.46999999999997
25789,11.51,6.89,4.62,40.13900955690704,355.69
45203,7.896896551724137,5.12,2.7768965517241373,35.16440330116588,355.25
11366,9.823333333333332,6.07,3.753333333333332,38.20834747200542,354.64
3147,0.99,0.71,0.28,28.282828282828287,354.42
23748,58.989999999999995,39.07,19.919999999999995,33.76843532802169,353.94
25090,21.99,14.86,7.129999999999999,32.42382901318781,351.84
36541,7.99,5.51,2.4800000000000004,31.03879849812266,351.56
11037,6.813529411764706,3.28,3.533529411764706,51.860485193818526,351.48
22057,26.99,17.41,9.579999999999998,35.49462763986661,350.87
17292,12.99,8.6,4.390000000000001,33.795227097767516,350.73
5370,349.99,255.47,94.52000000000001,27.00648589959713,349.99
23750,69.99,45.45,24.539999999999992,35.062151735962274,349.95
18317,69.99,47.94,22.049999999999997,31.50450064294899,349.95
6532,69.99,51.09,18.89999999999999,27.003857693956267,349.95
90081,49.99,33.11,16.880000000000003,33.766753350670136,349.93
2230,49.99,37.59,12.399999999999999,24.804960992198435,349.93
10623,49.99,31.97,18.020000000000003,36.047209441888384,349.93
18739,34.99,23.33,11.660000000000004,33.32380680194342,349.90000000000003
25014,24.99,16.77,8.219999999999999,32.89315726290516,349.86
27556,24.99,8.9,16.089999999999996,64.38575430172068,349.86
4545,13.99,10.21,3.7799999999999994,27.019299499642596,349.75
16178,9.99,5.95,4.04,40.44044044044044,349.65
44413,4.99,3.44,1.5500000000000003,31.062124248496996,349.3
2218,57.99,42.33,15.660000000000004,27.00465597516814,347.94
14105,114.99,75.16,39.83,34.637794590833984,344.96999999999997
14688,36.24,23.8,12.440000000000001,34.326710816777044,344.90999999999997
24033,4.79,3.15,1.6400000000000001,34.23799582463466,344.88
34388,14.99,9.93,5.0600000000000005,33.755837224816545,344.77
38945,14.990000000000002,9.73,5.260000000000002,35.090060040026685,344.77
17503,14.99,10.34,4.65,31.02068045363576,344.77
17932,85.99,56.57,29.419999999999995,34.21328061402488,343.96
25265,42.99,29.05,13.940000000000001,32.426145615259365,343.92
36572,21.49,14.52,6.969999999999999,32.433690088413215,343.84
21323,10.626363636363637,6.16,4.466363636363637,42.03096928736419,343.68
13565,7.99,5.51,2.4800000000000004,31.03879849812266,343.57000000000005
36852,15.212222222222222,9.58,5.632222222222222,37.02432254765905,342.77
26247,56.989999999999995,32.46,24.529999999999994,43.04263905948411,341.94
3564,56.99,36.08,20.910000000000004,36.69064748201439,341.94
5685,18.99,13.56,5.429999999999998,28.593996840442333,341.82
1762,18.99,14.07,4.919999999999998,25.9083728278041,341.82
25122,17.99,12.16,5.829999999999998,32.40689271817676,341.81
25418,5.989999999999999,4.07,1.919999999999999,32.05342237061768,341.43
15729,2.49,1.66,0.8300000000000003,33.33333333333334,341.13
14348,10.99,7.23,3.76,34.212920837124656,340.69
2916,67.99,47.05,20.939999999999998,30.798646859832328,339.95
27160,67.99,44.15,23.839999999999996,35.06397999705839,339.95
2813,19.99,14.49,5.499999999999998,27.51375687843921,339.83
16583,19.99,13.51,6.479999999999999,32.416208104052025,339.83
44714,19.99,13.51,6.479999999999999,32.416208104052025,339.83
37798,18.656666666666666,11.33,7.326666666666666,39.27103805610148,339.82
22905,6.79,4.65,2.1399999999999997,31.51693667157584,339.5
21121,10.847142857142858,5.51,5.337142857142858,49.20321348610563,338.69
41141,25.99,16.88,9.11,35.05194305502116,337.87
34022,25.99,16.77,9.219999999999999,35.475182762601,337.87
906,12.99,10.15,2.84,21.86297151655119,337.74
24520,12.99,8.96,4.029999999999999,31.023864511162426,337.74
24705,12.99,7.84,5.15,39.64588144726713,337.74
17473,9.374615384615385,5.62,3.754615384615385,40.05087388200542,337.64
18529,8.406666666666666,5.1,3.3066666666666666,39.33386201427439,337.59999999999997
24152,13.49,9.24,4.25,31.504818383988137,337.25
3193,14.684444444444445,11.15,3.5344444444444445,24.069309927360774,336.77
11397,12.037619047619048,8.21,3.827619047619047,31.79714387436211,336.72
23783,167.99,114.28,53.71000000000001,31.972141198880887,335.98
6520,55.99,39.99,16.0,28.576531523486338,335.94
42685,47.99,31.37,16.62,34.632215044801,335.93
39234,22.389999999999997,13.42,8.969999999999997,40.062527914247426,335.84999999999997
4148,15.99,12.3,3.6899999999999995,23.076923076923073,335.79
23966,13.99,9.52,4.470000000000001,31.95139385275197,335.76
23891,13.99,9.33,4.66,33.30950679056469,335.76
13867,13.99,8.66,5.33,38.098641887062186,335.76
22831,13.99,9.08,4.91,35.09649749821301,335.76
61,13.99,10.6,3.3900000000000006,24.231593995711226,335.76
23126,11.99,8.1,3.8900000000000006,32.44370308590492,335.72
4978,10.49,7.24,3.25,30.981887511916113,335.68
16246,7.99,5.47,2.5200000000000005,31.539424280350442,335.58
17487,6.99,4.6,2.3900000000000006,34.19170243204579,335.52
35905,47.59,26.17,21.42,45.00945576801849,334.93
23512,11.49,7.41,4.08,35.50913838120104,333.21
24180,36.99,24.18,12.810000000000002,34.63098134630982,332.91
36859,12.726842105263158,6.62,6.106842105263158,47.98395434431992,332.74
41144,11.132857142857144,6.12,5.012857142857144,45.02758886179905,332.71
24432,8.99,5.95,3.04,33.815350389321466,332.63
33216,8.49,5.86,2.63,30.977620730270907,331.11
19318,164.99,108.55,56.44000000000001,34.20813382629251,329.98
24281,109.99,73.82,36.17,32.8848077097918,329.96999999999997
35756,54.99,37.66,17.330000000000005,31.514820876523014,329.94
20465,54.99,36.18,18.810000000000002,34.20621931260229,329.94
24187,32.99,21.42,11.57,35.071233707184,329.90000000000003
14141,32.99,22.14,10.850000000000001,32.888754167929676,329.9
32803,29.99,17.64,12.349999999999998,41.180393464488155,329.89
12388,29.99,19.35,10.639999999999997,35.478492830943644,329.89
973,14.99,11.9,3.09,20.61374249499666,329.78000000000003
22789,14.99,10.34,4.65,31.02068045363576,329.78000000000003
41372,14.990000000000002,9.73,5.260000000000002,35.090060040026685,329.78000000000003
34694,14.99,9.67,5.32,35.49032688458973,329.78
28146,12.74,7.84,4.9,38.46153846153847,329.74
46299,11.74,6.49,5.25,44.71890971039183,329.72
20429,10.99,7.53,3.46,31.48316651501365,329.7
39977,9.99,6.84,3.1500000000000004,31.531531531531538,329.67
24361,46.99,30.71,16.28,34.645669291338585,328.93
36079,81.99,54.3,27.689999999999998,33.77241126966703,327.96
39681,3.99,2.64,1.35,33.83458646616541,327.18
19798,3.9900000000000007,2.73,1.2600000000000007,31.578947368421062,327.18
35075,11.934444444444445,7.58,4.354444444444445,36.4863606740527,325.73
15951,53.99,36.48,17.510000000000005,32.43193183922949,323.94000000000005
2292,46.27571428571429,29.99,16.28571428571429,35.19278856543081,323.93
20594,26.99,17.87,9.119999999999997,33.79029270100036,323.88
11749,17.99,10.8,7.189999999999998,39.96664813785436,323.82
42934,11.99,8.21,3.7799999999999994,31.526271893244363,323.73
884,8.99,7.08,1.9100000000000001,21.24582869855395,323.64
23832,8.99,5.91,3.08,34.260289210233594,323.64
38102,5.99,3.86,2.1300000000000003,35.55926544240401,323.46
25383,18.99,12.74,6.249999999999998,32.91205897840968,322.83
18615,16.99,10.88,6.109999999999998,35.9623307828134,322.80999999999995
26219,16.99,11.33,5.659999999999998,33.313713949381984,322.80999999999995
14724,16.99,11.48,5.509999999999998,32.4308416715715,322.80999999999995
1173,45.99,36.5,9.490000000000002,20.63492063492064,321.93
24451,22.99,15.12,7.869999999999999,34.23227490213136,321.86
24684,22.99,15.53,7.459999999999999,32.44889082209656,321.86
23957,13.99,9.45,4.540000000000001,32.4517512508935,321.77
11333,13.99,9.2,4.790000000000001,34.23874195854182,321.77
6394,13.990000000000002,9.14,4.850000000000001,34.66761972837742,321.77
18192,319.99,213.33,106.66,33.33229163411357,319.99
16155,159.99,105.95,54.040000000000006,33.77711106944184,319.98
14333,159.99,109.58,50.41000000000001,31.508219263703985,319.98
15505,79.99,54.05,25.939999999999998,32.429053631703965,319.96
19395,39.99,26.84,13.150000000000002,32.883220805201304,319.92
24933,39.99,25.97,14.020000000000003,35.0587646911728,319.92
44785,19.99,12.9,7.089999999999998,35.46773386693346,319.84
22937,15.99,8.55,7.4399999999999995,46.529080675422136,319.8
44972,15.989999999999998,10.32,5.669999999999998,35.45966228893057,319.8
20954,15.99,10.45,5.540000000000001,34.64665415884929,319.8
8717,15.99,10.06,5.93,37.08567854909318,319.8
23902,15.99,10.52,5.470000000000001,34.20888055034397,319.8
6477,9.99,7.8,2.1900000000000004,21.921921921921925,319.68
18357,9.99,6.62,3.37,33.733733733733736,319.68
834,9.99,7.68,2.3100000000000005,23.123123123123126,319.68
43430,9.99,6.7,3.29,32.932932932932935,319.68
46111,9.99,6.8,3.1900000000000004,31.931931931931935,319.68
35577,9.99,6.66,3.33,33.33333333333333,319.68
12690,28.99,19.33,9.66,33.32183511555709,318.89
18628,28.989999999999995,19.59,9.399999999999995,32.42497412900999,318.89
11207,15.913076923076924,10.34,5.573076923076924,35.021994489292794,318.8
13718,10.99,7.28,3.71,33.75796178343949,318.71000000000004
23963,22.323333333333334,13.99,8.333333333333334,37.330147827385396,317.85999999999996
42789,16.49,10.06,6.429999999999998,38.99332929047907,317.81
24181,78.99,54.1,24.889999999999993,31.510317761741984,315.96
21041,15.073333333333332,10.27,4.803333333333333,31.86643078283945,315.79
11856,12.418571428571429,7.53,4.888571428571429,39.365006326929716,315.75
24725,62.99,40.9,22.090000000000003,35.0690585807271,314.95
22448,20.99,13.99,6.999999999999998,33.349213911386364,314.84999999999997
20049,14.99,9.99,5.0,33.3555703802535,314.79
23196,4.99,3.39,1.6,32.06412825651302,314.37
16773,34.74,22.6,12.14,34.94530800230282,312.91
3740,12.49,5.26,7.23,57.886309047237795,312.25
23773,51.99,34.66,17.330000000000005,33.33333333333334,311.94
23288,51.99,35.86,16.130000000000003,31.025197153298716,311.94
2474,38.99,29.1,9.89,25.36547832777635,311.92
3203,25.99,19.4,6.59,25.355906117737593,311.88
8467,0.99,0.73,0.26,26.262626262626267,311.85
14097,12.99,8.55,4.4399999999999995,34.18013856812932,311.76
12924,12.99,8.66,4.33,33.33333333333333,311.76
18450,12.99,8.72,4.27,32.87143956889915,311.76
23123,12.99,8.78,4.210000000000001,32.409545804464976,311.76
41377,11.290000000000001,5.88,5.410000000000001,47.918511957484505,311.72
865,7.99,5.5,2.49,31.1639549436796,311.61
21427,9.99,6.8,3.1900000000000004,31.931931931931935,309.69
833,9.99,7.99,2.0,20.02002002002002,309.69
1025,9.99,5.26,4.73,47.34734734734735,309.69
12224,9.99,6.57,3.42,34.234234234234236,309.69
21429,76.99,50.99,25.999999999999993,33.77061956098194,307.96
2913,27.99,19.99,8.0,28.581636298678102,307.89
2596,13.99,10.14,3.8499999999999996,27.519656897784127,307.78000000000003
23022,13.99,8.38,5.609999999999999,40.100071479628305,307.78
40583,10.99,7.33,3.66,33.30300272975432,307.72
38726,6.99,4.66,2.33,33.33333333333333,307.56
19061,50.99,33.99,17.0,33.33987056285546,305.94
13550,50.99,34.45,16.54,32.437732888801726,305.94
19247,17.99,11.61,6.379999999999999,35.464146748193436,305.83
20788,16.99,11.1,5.889999999999999,34.66745144202471,305.82
20963,16.99,10.96,6.029999999999998,35.49146556798116,305.82
46555,8.99,5.84,3.1500000000000004,35.038932146829815,305.66
18109,6.49,4.36,2.13,32.81972265023112,305.03
40926,4.99,3.28,1.7100000000000004,34.268537074148306,304.39
1066,21.682307692307692,15.99,5.692307692307692,26.253237307978853,303.85999999999996
2584,18.99,14.28,4.709999999999999,24.802527646129537,303.84
12477,18.99,12.83,6.159999999999998,32.43812532912058,303.84
10731,15.99,9.99,6.0,37.5234521575985,303.81
23799,15.99,10.66,5.33,33.33333333333333,303.81
24930,42.99,28.28,14.71,34.21725982786695,300.93
1997,42.99,30.93,12.060000000000002,28.05303558967202,300.93
2458,15.042631578947368,11.8,3.2426315789473676,21.556278646653364,300.8
2873,299.99,222.21,77.78,25.927530917697254,299.99
86,299.99,236.21,63.78,21.260708690289675,299.99
2303,149.99,114.5,35.49000000000001,23.661577438495904,299.98
3573,99.99,74.21,25.78,25.782578257825783,299.96999999999997
21340,99.99,66.66,33.33,33.33333333333333,299.96999999999997
1891,99.99,79.99,20.0,20.002000200020003,299.96999999999997
2670,74.99,55.14,19.849999999999994,26.47019602613681,299.96
2637,59.989999999999995,39.12,20.869999999999997,34.78913152192032,299.95
2577,49.99,37.87,12.120000000000005,24.244848969793967,299.94
22398,49.99,34.01,15.980000000000004,31.966393278655737,299.94
21562,29.99,19.35,10.639999999999997,35.478492830943644,299.9
46942,29.99,19.47,10.52,35.07835945315105,299.9
8434,29.99,20.43,9.559999999999999,31.877292430810268,299.9
956,29.99,22.89,7.099999999999998,23.674558186062015,299.9
38632,29.99,8.09,21.9,73.02434144714904,299.9
44666,24.99,17.0,7.989999999999998,31.972789115646254,299.88
25154,24.99,17.0,7.989999999999998,31.972789115646254,299.88
25016,24.99,17.0,7.989999999999998,31.972789115646254,299.88
45840,24.99,16.33,8.66,34.65386154461785,299.88
14935,19.99,12.98,7.009999999999998,35.067533766883436,299.85
6416,19.99,14.7,5.289999999999999,26.463231615807903,299.84999999999997
308,19.99,15.62,4.369999999999999,21.860930465232613,299.84999999999997
41304,19.99,11.61,8.379999999999999,41.92096048024012,299.84999999999997
2809,19.99,14.7,5.289999999999999,26.463231615807903,299.84999999999997
20254,14.99,9.45,5.540000000000001,36.95797198132089,299.8
23991,14.99,9.86,5.130000000000001,34.2228152101401,299.8
323,14.290000000000001,10.6,3.6900000000000013,25.82225332400281,299.79
15333,11.99,7.94,4.05,33.778148457047536,299.75
16753,11.99,6.7,5.29,44.12010008340283,299.75
5056,9.99,5.55,4.44,44.44444444444445,299.7
23793,12.99,8.16,4.83,37.1824480369515,298.77
929,12.99,9.28,3.710000000000001,28.560431100846813,298.77
7205,11.489999999999998,8.91,2.5799999999999983,22.454308093994765,298.74
5384,32.99,24.08,8.910000000000004,27.008184298272216,296.91
23757,32.99,22.29,10.700000000000003,32.43407093058504,296.91
2491,32.99,23.91,9.080000000000002,27.52349196726281,296.91
15367,26.99,17.87,9.119999999999997,33.79029270100036,296.89
23662,26.99,17.99,9.0,33.34568358651352,296.89
21078,10.99,6.49,4.5,40.94631483166515,296.73
11156,8.99,6.07,2.92,32.48053392658509,296.66999999999996
24394,73.99,50.33,23.659999999999997,31.977294228949855,295.96
16553,11.381304347826086,6.7,4.681304347826086,41.131527676968325,295.74
24097,3.99,2.57,1.4200000000000004,35.58897243107771,295.26
34950,58.99,34.92,24.07,40.80352602135955,294.95
25254,12.779473684210526,8.44,4.339473684210526,33.956591573658415,294.77
23661,48.99,32.66,16.330000000000005,33.33333333333334,293.94
2978,20.99,15.43,5.559999999999999,26.488804192472603,293.86
370,13.99,10.36,3.630000000000001,25.947105075053617,293.79
19189,16.12333333333333,9.93,6.193333333333332,38.412238991110186,291.82
23474,12.042631578947368,6.89,5.152631578947369,42.78659149512696,291.75
23351,7.29,4.89,2.4000000000000004,32.921810699588484,291.6
16653,144.99,96.02,48.97000000000001,33.77474308573006,289.98
22107,57.989999999999995,39.99,17.999999999999993,31.039834454216237,289.95
7931,9.99,6.47,3.5200000000000005,35.23523523523524,289.71000000000004
43673,10.723333333333333,5.47,5.253333333333333,48.98974199564812,288.73
13620,13.590000000000002,5.33,8.260000000000002,60.77998528329655,288.59000000000003
19229,71.99,48.32,23.669999999999995,32.87956660647311,287.96
6411,47.99,34.07,13.920000000000002,29.006042925609503,287.94
7278,35.99,27.68,8.310000000000002,23.089747151986668,287.92
22768,23.99,15.99,7.999999999999998,33.347228011671525,287.88
403,23.99,17.26,6.729999999999997,28.05335556481866,287.88
43747,11.99,7.89,4.1000000000000005,34.19516263552961,287.76
16808,11.99,7.94,4.05,33.778148457047536,287.76
39842,8.99,5.99,3.0,33.37041156840934,287.67999999999995
21419,7.989999999999999,5.47,2.5199999999999996,31.53942428035044,287.64
8720,7.989999999999999,5.96,2.0299999999999994,25.406758448060067,287.64
19989,7.99,5.26,2.7300000000000004,34.167709637046315,287.64
21420,7.989999999999999,5.36,2.629999999999999,32.916145181476836,287.64
20600,11.49,7.56,3.9300000000000006,34.203655352480425,287.25
25444,40.99,28.08,12.910000000000004,31.49548670407417,286.93
1042,6.99,5.34,1.6500000000000004,23.60515021459228,286.59000000000003
604,6.99,5.14,1.8500000000000005,26.466380543633772,286.59000000000003
274,25.99,18.56,7.43,28.58791843016545,285.89
21196,25.99,17.33,8.66,33.3205078876491,285.89
15509,25.99,17.23,8.759999999999998,33.70527125817622,285.89
313,21.99,17.45,4.539999999999999,20.64574806730332,285.87
19150,21.99,14.66,7.329999999999998,33.33333333333333,285.87
20008,21.99,14.19,7.799999999999999,35.470668485675304,285.87
2915,21.99,16.41,5.579999999999998,25.37517053206002,285.87
39104,12.99,8.78,4.210000000000001,32.409545804464976,285.78
17263,10.99,7.28,3.71,33.75796178343949,285.74
898,94.99,63.75,31.239999999999995,32.887672386567004,284.96999999999997
18424,56.99,37.01,19.980000000000004,35.05878224249869,284.95
37046,14.99,9.93,5.0600000000000005,33.755837224816545,284.81
18561,14.990000000000002,10.06,4.9300000000000015,32.88859239492996,284.81
16959,141.99,93.41,48.58000000000001,34.213677019508424,283.98
24578,40.49,26.81,13.680000000000003,33.786120029636955,283.43
25105,46.99,30.32,16.67,35.47563311342839,281.94
25104,46.99,30.91,16.080000000000002,34.220046818472014,281.94
1483,2.99,2.39,0.6000000000000001,20.066889632107024,281.06
25341,279.99,185.42,94.57000000000002,33.7762062930819,279.99
22935,69.99,46.66,23.33,33.33333333333333,279.96
2741,69.99,54.26,15.729999999999997,22.47463923417631,279.96
23130,69.99,46.66,23.33,33.33333333333333,279.96
23114,39.99,26.84,13.150000000000002,32.883220805201304,279.93
21015,34.99,22.72,12.270000000000003,35.06716204629895,279.91999999999996
24387,19.99,13.42,6.5699999999999985,32.8664332166083,279.86
5653,19.99,14.05,5.939999999999998,29.714857428714346,279.85999999999996
24335,13.990000000000002,7.99,6.000000000000002,42.8877769835597,279.8
12662,13.99,9.08,4.91,35.09649749821301,279.8
751,9.99,7.51,2.4800000000000004,24.82482482482483,279.72
17019,9.99,6.45,3.54,35.43543543543544,279.71999999999997
45860,4.99,3.44,1.5500000000000003,31.062124248496996,279.44
22725,22.99,11.76,11.229999999999999,48.847324923879945,275.88
910,22.99,17.29,5.699999999999999,24.793388429752063,275.88
25161,11.99,7.89,4.1000000000000005,34.19516263552961,275.77
46765,54.99,35.94,19.050000000000004,34.64266230223678,274.95000000000005
23338,54.99,35.48,19.510000000000005,35.47917803236953,274.95
24349,54.99,35.48,19.510000000000005,35.47917803236953,274.95
21520,24.99,16.12,8.869999999999997,35.49419767907162,274.89
18962,10.99,7.43,3.5600000000000005,32.39308462238399,274.75
22000,10.99,7.33,3.66,33.30300272975432,274.75
40366,38.99,26.89,12.100000000000001,31.033598358553476,272.93
23959,38.99,26.52,12.470000000000002,31.982559630674533,272.93
25411,38.99,26.17,12.82,32.880225698897156,272.93
11703,20.99,14.48,6.509999999999998,31.01476893758932,272.87
24774,12.99,8.38,4.609999999999999,35.488837567359504,272.79
4408,12.99,10.23,2.76,21.247113163972283,272.79
2840,12.99,7.36,5.63,43.34103156274057,272.78999999999996
24534,67.99,44.44,23.549999999999997,34.63744668333578,271.96
46371,16.99,11.25,5.739999999999998,33.78457916421424,271.84
28252,16.99,9.93,7.059999999999999,41.55385520894643,271.84
24938,15.989999999999998,10.59,5.399999999999999,33.77110694183864,271.83
10870,15.99,10.45,5.540000000000001,34.64665415884929,271.83
18783,8.49,5.86,2.63,30.977620730270907,271.68
15888,7.99,4.05,3.9400000000000004,49.3116395494368,271.65999999999997
21737,269.99,120.8,149.19,55.25760213341234,269.99
23746,89.99,59.6,30.389999999999993,33.77041893543726,269.97
25018,29.99,20.68,9.309999999999999,31.043681227075687,269.90999999999997
25015,29.989999999999995,20.4,9.589999999999996,31.977325775258414,269.90999999999997
21441,26.99,17.76,9.229999999999997,34.197851055946636,269.9
25185,17.99,12.24,5.749999999999998,31.962201222901605,269.84999999999997
21284,17.99,11.99,5.999999999999998,33.35186214563646,269.84999999999997
17838,9.99,6.7,3.29,32.932932932932935,269.73
6743,12.3025,6.53,5.7725,46.92135744767324,266.79
565,20.49,15.52,4.969999999999999,24.255734504636404,266.37
8976,29.189999999999998,19.99,9.2,31.517643028434396,265.90999999999997
19233,18.99,13.01,5.979999999999999,31.490258030542385,265.86
43652,18.99,12.49,6.499999999999998,34.22854133754607,265.85999999999996
39577,13.99,9.45,4.540000000000001,32.4517512508935,265.81
24301,8.132857142857143,5.47,2.662857142857143,32.74196381521167,265.67
23763,52.99,35.8,17.190000000000005,32.44008303453483,264.95
3688,4.99,3.56,1.4300000000000002,28.65731462925852,264.47
8708,6.29,4.62,1.67,26.550079491255964,264.18
33719,32.99,21.56,11.430000000000003,34.64686268566233,263.92
11029,26.434444444444445,17.8,8.634444444444444,32.6636122903619,263.9
16000,23.99,16.21,7.779999999999998,32.43017924135055,263.89
24512,21.99,13.79,8.2,37.28967712596635,263.88
25748,21.99,14.47,7.519999999999998,34.19736243747157,263.88
37008,21.99,14.47,7.519999999999998,34.19736243747157,263.88
5688,13.190000000000001,7.8,5.3900000000000015,40.864291129643675,263.8
19996,12.24,6.53,5.71,46.650326797385624,263.79
19653,10.99,5.88,5.11,46.496815286624205,263.76
12536,10.99,7.43,3.5600000000000005,32.39308462238399,263.76
20730,10.99,6.12,4.87,44.313011828935394,263.76
16539,17.573333333333334,9.14,8.433333333333334,47.98937784522003,262.84999999999997
25159,11.823333333333332,7.89,3.9333333333333327,33.26755004228926,261.78000000000003
21276,129.99,86.66,43.33000000000001,33.33333333333334,259.98
21434,64.99,42.48,22.509999999999998,34.636097861209414,259.96
1248,64.99,47.44,17.549999999999997,27.00415448530543,259.96
23680,19.99,13.42,6.5699999999999985,32.8664332166083,259.87
39308,12.99,8.49,4.5,34.64203233256351,259.8
1156,12.99,9.28,3.710000000000001,28.560431100846813,259.8
24203,12.99,4.82,8.17,62.89453425712086,259.8
41778,9.99,6.7,3.29,32.932932932932935,259.74
1007,9.99,7.19,2.8,28.028028028028025,259.74
41612,36.99,24.18,12.810000000000002,34.63098134630982,258.93
1148,6.99,5.26,1.7300000000000004,24.749642346208876,258.63
23194,31.99,21.19,10.799999999999997,33.76055017192872,255.92
1328,15.99,12.49,3.5,21.88868042526579,255.84
27433,15.99,10.88,5.109999999999999,31.95747342088805,255.84
11306,15.99,10.52,5.470000000000001,34.20888055034397,255.84
21117,7.99,5.51,2.4800000000000004,31.03879849812266,255.68
22944,254.99,165.58,89.41,35.06412016157496,254.99
25062,50.99,34.92,16.07,31.5159835261816,254.95
21384,28.589999999999996,17.12,11.469999999999995,40.11892270024483,254.91
13442,16.99,11.64,5.349999999999998,31.489111241906993,254.85
3163,14.99,8.82,6.17,41.160773849232825,254.83
24700,14.99,8.44,6.550000000000001,43.69579719813209,254.82999999999998
11699,14.99,7.84,7.15,47.69846564376251,254.82999999999998
3707,0.9899999999999999,0.74,0.2499999999999999,25.252525252525242,254.43
2498,36.27571428571429,26.86,9.415714285714287,25.955972118300323,253.93
42949,14.275714285714287,9.45,4.825714285714287,33.80366256379467,253.82
16140,22.99,15.86,7.129999999999999,31.01348412353197,252.89
45839,22.99,15.33,7.659999999999998,33.31883427577207,252.89
22456,22.99,13.81,9.179999999999998,39.93040452370595,252.89
24791,22.99,15.53,7.459999999999999,32.44889082209656,252.89
18419,13.99,7.94,6.05,43.24517512508935,252.81
23469,13.132857142857144,7.43,5.702857142857145,43.42434461002938,252.8
44992,125.99,67.56,58.42999999999999,46.3766965632193,251.98
24732,62.99,41.17,21.82,34.6404191141451,251.96
17323,41.99,27.62,14.370000000000001,34.222433912836394,251.94
25925,31.49,21.42,10.069999999999997,31.97840584312479,251.92
19157,27.99,16.21,11.779999999999998,42.08645944980349,251.90999999999997
12684,17.99,10.66,7.329999999999998,40.74485825458588,251.85999999999999
29469,13.99,9.39,4.6,32.88062902072909,251.82
23823,13.99,9.08,4.91,35.09649749821301,251.82
25017,11.99,8.16,3.83,31.94328607172644,251.79
19746,10.49,6.77,3.7200000000000006,35.462345090562444,251.76
6483,8.99,5.88,3.1100000000000003,34.59399332591769,251.72
16869,6.99,4.57,2.42,34.620886981402,251.64
6754,6.989999999999999,4.72,2.2699999999999996,32.474964234620884,251.64
37156,5.99,4.1,1.8900000000000006,31.5525876460768,251.58
1667,249.99,153.84,96.15,38.46153846153847,249.99
1106,249.99,155.55,94.44,37.777511100444016,249.99
17598,249.99,171.23,78.76000000000002,31.505260210408427,249.99
19988,49.99,34.01,15.980000000000004,31.966393278655737,249.95000000000002
23339,49.99,34.24,15.75,31.50630126025205,249.95000000000002
23294,49.99,32.46,17.53,35.06701340268054,249.95000000000002
13887,49.99,30.96,19.03,38.06761352270454,249.95000000000002
24322,49.99,32.89,17.1,34.20684136827366,249.95
25140,24.99,16.55,8.439999999999998,33.7735094037615,249.89999999999998
2779,20.823333333333334,14.7,6.123333333333335,29.406114935168887,249.88
46923,13.656666666666666,8.1,5.556666666666667,40.688308518428116,249.82
7361,13.220769230769232,8.6,4.620769230769232,34.95083493337989,249.81
879,9.99,7.4,2.59,25.925925925925924,249.75
1364,9.99,7.46,2.5300000000000002,25.325325325325327,249.75
23347,9.99,6.45,3.54,35.43543543543544,249.75
24195,27.24,16.33,10.91,40.051395007342144,248.91
12910,61.99,41.89,20.1,32.424584610421036,247.96
16634,30.99,20.25,10.739999999999998,34.65634075508228,247.92
600,7.29,5.21,2.08,28.532235939643346,247.86
36539,7.99,5.33,2.66,33.29161451814768,247.69
18601,18.99,12.41,6.579999999999998,34.649815692469716,246.86999999999998
29620,12.99,8.38,4.609999999999999,35.488837567359504,246.81
23660,12.99,8.55,4.4399999999999995,34.18013856812932,246.81
18668,12.99,8.78,4.210000000000001,32.409545804464976,246.81
41415,12.99,8.6,4.390000000000001,33.795227097767516,246.81
18583,48.99,31.29,17.700000000000003,36.1298224127373,244.95000000000002
20001,34.99,23.97,11.020000000000003,31.494712775078604,244.93
21960,6.79,4.02,2.7700000000000005,40.79528718703977,244.44
2137,40.49,29.99,10.500000000000004,25.932328970116085,242.94000000000003
731,26.99,20.6,6.389999999999997,23.675435346424592,242.90999999999997
25696,8.99,6.75,2.24,24.91657397107898,242.73
41408,21.99,14.56,7.429999999999998,33.788085493406086,241.89000000000001
4902,10.99,8.65,2.34,21.292083712465875,241.77999999999997
24825,79.99,54.05,25.939999999999998,32.429053631703965,239.97
18550,79.99,52.62,27.369999999999997,34.21677709713714,239.97
950,79.99,58.82,21.169999999999995,26.465808226028248,239.96999999999997
21854,59.99,41.09,18.9,31.50525087514585,239.96
2909,59.99,37.03,22.96,38.2730455075846,239.96
1225,59.99,43.47,16.520000000000003,27.53792298716453,239.96
17346,47.99,30.96,17.03,35.48655969993749,239.95000000000002
41978,47.99,32.65,15.340000000000003,31.964992706813927,239.95000000000002
22596,39.99,25.51,14.48,36.209052263065765,239.94
27907,39.99,26.31,13.680000000000003,34.20855213803451,239.94
25130,29.99,20.68,9.309999999999999,31.043681227075687,239.92
35714,29.99,19.73,10.259999999999998,34.21140380126708,239.92
543,29.99,22.72,7.27,24.24141380460153,239.92
43237,29.99,18.06,11.93,39.77992664221407,239.92
14661,19.99,12.98,7.009999999999998,35.067533766883436,239.88
23926,19.99,13.42,6.5699999999999985,32.8664332166083,239.88
18573,19.99,13.15,6.839999999999998,34.21710855427713,239.88
24559,19.99,13.42,6.5699999999999985,32.8664332166083,239.87999999999997
17063,17.171818181818182,10.66,6.511818181818182,37.921541637990366,239.85999999999999
35392,15.99,8.38,7.609999999999999,47.59224515322076,239.85
13181,15.99,10.73,5.26,32.89555972482802,239.85
23632,15.99,9.26,6.73,42.08880550343965,239.85
21413,14.99,10.34,4.65,31.02068045363576,239.84
21103,11.990000000000002,7.89,4.100000000000002,34.19516263552962,239.8
43380,11.99,8.27,3.7200000000000006,31.025854879065896,239.8
837,9.99,7.93,2.0600000000000005,20.620620620620624,239.76000000000002
11433,9.99,6.89,3.1000000000000005,31.031031031031038,239.76
45866,9.99,6.8,3.1900000000000004,31.931931931931935,239.76
25919,9.99,5.88,4.11,41.14114114114114,239.76
12757,9.99,6.7,3.29,32.932932932932935,239.76
14654,9.99,6.49,3.5,35.03503503503504,239.76
39997,3.9900000000000007,2.61,1.3800000000000008,34.58646616541355,239.4
13784,25.99,15.03,10.959999999999999,42.17006540977299,238.91
24261,33.99,21.93,12.060000000000002,35.4810238305384,237.93000000000004
258,33.99,24.28,9.71,28.567225654604293,237.93
38407,13.99,9.14,4.85,34.66761972837741,237.83
19489,13.99,7.84,6.15,43.95997140814868,237.82999999999998
21169,8.49,5.59,2.9000000000000004,34.157832744405184,237.72
15605,235.99,161.64,74.35000000000002,31.50557227001145,235.99
24027,58.99,39.59,19.4,32.88692998813358,235.96
19265,77.99,50.32,27.669999999999995,35.478907552250284,233.96999999999997
41485,38.99,25.82,13.170000000000002,33.777891767119776,233.94
25183,38.99,25.15,13.840000000000003,35.49628109771737,233.94
21081,38.99,26.89,12.100000000000001,31.033598358553476,233.94
25020,25.99,17.56,8.43,32.43555213543671,233.91
14195,25.99,15.89,10.099999999999998,38.861100423239705,233.90999999999997
13669,19.49,12.33,7.159999999999998,36.73678809645972,233.88
17361,17.99,11.64,6.349999999999998,35.29738743746525,233.86999999999998
882,12.99,10.39,2.5999999999999996,20.015396458814468,233.82
23987,12.99,8.6,4.390000000000001,33.795227097767516,233.82
3186,12.99,9.99,3.0,23.094688221709006,233.82
21517,7.79,5.06,2.7300000000000004,35.0449293966624,233.70000000000002
16232,10.5525,5.26,5.2925,50.15399194503672,232.78
21533,7.489999999999999,5.13,2.3599999999999994,31.508678237650194,232.19
21461,57.99,39.99,18.0,31.03983445421624,231.96
21166,28.99,19.46,9.529999999999998,32.873404622283545,231.92
18900,10.519411764705882,5.91,4.609411764705882,43.818151316893136,231.78
12253,7.99,5.22,2.7700000000000005,34.6683354192741,231.71
18963,7.99,5.47,2.5200000000000005,31.539424280350442,231.71
24452,10.99,7.58,3.41,31.028207461328485,230.79000000000002
41627,10.49,7.18,3.3100000000000005,31.55386081982841,230.78
23694,229.99,157.53,72.46000000000001,31.50571763989739,229.99
22073,229.99,156.46,73.53,31.9709552589243,229.99
23938,22.99,14.93,8.059999999999999,35.05872118312309,229.89999999999998
42691,12.80818181818182,7.48,5.32818181818182,41.59982965434027,229.82
17372,9.99,6.57,3.42,34.234234234234236,229.77
24408,9.99,6.8,3.1900000000000004,31.931931931931935,229.77
10030,8.720769230769232,5.19,3.5307692307692315,40.486901296639324,229.74
33586,13.49,8.82,4.67,34.6182357301705,229.33
33966,56.99,33.33,23.660000000000004,41.51605544832427,227.96
44764,18.99,12.49,6.499999999999998,34.22854133754607,227.88
2213,18.99,13.66,5.329999999999998,28.067403896787773,227.87999999999997
45647,11.99,6.49,5.5,45.87155963302752,227.81
28578,11.99,7.89,4.1000000000000005,34.19516263552961,227.81
607,10.253157894736843,5.74,4.5131578947368425,44.01724757455983,227.78
529,7.29,5.61,1.6799999999999997,23.04526748971193,225.99
24819,74.99,48.38,26.609999999999992,35.48473129750633,224.97
21634,44.99,30.4,14.590000000000003,32.42942876194711,224.95000000000002
11279,44.99,29.21,15.780000000000001,35.07446099133141,224.95000000000002
10359,44.99,29.03,15.96,35.474549899977774,224.95
23326,24.99,16.12,8.869999999999997,35.49419767907162,224.90999999999997
23069,24.99,16.66,8.329999999999998,33.33333333333333,224.90999999999997
19946,14.99,9.73,5.26,35.090060040026685,224.85000000000002
37249,14.99,9.73,5.26,35.090060040026685,224.85
21814,31.99,21.19,10.799999999999997,33.76055017192872,223.92999999999998
13287,31.99,21.61,10.379999999999999,32.44763988746483,223.92999999999998
25257,31.99,20.77,11.219999999999999,35.07346045639262,223.92999999999998
37940,31.99,22.06,9.93,31.0409502969678,223.92999999999998
15651,13.99,9.58,4.41,31.52251608291637,223.84
634,13.99,10.21,3.7799999999999994,27.019299499642596,223.84
31978,13.99,9.45,4.540000000000001,32.4517512508935,223.84
10722,7.989999999999999,3.92,4.069999999999999,50.93867334167709,223.72
43785,36.99,24.34,12.650000000000002,34.19843200865099,221.94
12204,5.99,4.02,1.9700000000000006,32.88814691151921,221.63
20192,16.99,11.03,5.959999999999999,35.07945850500294,220.87
24998,16.99,11.1,5.889999999999999,34.66745144202471,220.86999999999998
25381,16.99,11.64,5.349999999999998,31.489111241906993,220.86999999999998
605,16.99,9.67,7.3199999999999985,43.084167157151256,220.86999999999998
4399,12.99,10.15,2.84,21.86297151655119,220.83
17293,12.990000000000002,8.44,4.5500000000000025,35.026943802925345,220.83
24178,109.99,74.82,35.17,31.975634148558964,219.98
16896,109.99,71.42,38.56999999999999,35.066824256750614,219.98
20075,54.99,36.91,18.080000000000005,32.87870521913076,219.96
2058,43.99,33.08,10.910000000000004,24.801091157081164,219.95000000000002
21160,21.99,14.56,7.429999999999998,33.788085493406086,219.89999999999998
24288,10.99,7.14,3.8500000000000005,35.031847133757964,219.8
635,9.99,7.87,2.12,21.221221221221224,219.78
17863,9.99,6.8,3.1900000000000004,31.931931931931935,219.78
41532,9.55,6.24,3.3100000000000005,34.659685863874344,219.65
17069,11.49,7.51,3.9800000000000004,34.638816362053966,218.31
2611,54.49,39.99,14.5,26.610387227014133,217.96
46583,71.99,47.05,24.939999999999998,34.643700513960276,215.96999999999997
23193,53.99,36.98,17.010000000000005,31.505834413780338,215.96
24167,35.99,24.32,11.670000000000002,32.4256737982773,215.94
18645,35.99,23.99,12.000000000000004,33.34259516532371,215.94
45710,35.99,24.82,11.170000000000002,31.03639899972215,215.94
46394,17.99,12.32,5.669999999999998,31.517509727626454,215.88
46147,17.99,11.68,6.309999999999999,35.07504168982768,215.88
22262,17.99,12.07,5.919999999999998,32.90717065036131,215.88
16529,17.99,11.99,5.999999999999998,33.35186214563646,215.88
23934,17.99,11.91,6.079999999999998,33.79655364091161,215.88
21822,17.99,11.68,6.309999999999999,35.07504168982768,215.88
14834,17.99,10.32,7.669999999999998,42.63479710950527,215.88
22821,11.99,6.89,5.1000000000000005,42.53544620517098,215.82
19700,11.99,8.27,3.7200000000000006,31.025854879065896,215.82
45745,11.99,8.16,3.83,31.94328607172644,215.82
24752,8.99,5.95,3.04,33.815350389321466,215.76
8501,8.99,4.88,4.11,45.717463848720804,215.76
39843,8.99,6.16,2.83,31.47942157953281,215.76
23861,8.99,5.95,3.04,33.815350389321466,215.76
10706,8.99,6.12,2.87,31.92436040044494,215.76
28753,8.99,6.03,2.96,32.92547274749722,215.76
7874,5.99,3.99,2.0,33.3889816360601,215.64
16290,4.79,3.24,1.5499999999999998,32.35908141962421,215.54999999999998
694,8.29,6.23,2.0599999999999987,24.84921592279854,215.54
8422,4.49,3.08,1.4100000000000001,31.40311804008909,215.51999999999998
22820,42.99,27.74,15.250000000000004,35.47336589904629,214.95000000000002
16200,42.99,28.66,14.330000000000002,33.333333333333336,214.95000000000002
18044,42.99,29.65,13.340000000000003,31.030472202837878,214.95
23965,16.626363636363635,9.86,6.766363636363636,40.69659358084094,214.86999999999998
2027,23.767777777777777,16.66,7.107777777777777,29.90510027581693,213.91
20002,52.99,35.33,17.660000000000004,33.327042838271375,211.96
24567,16.24,9.08,7.159999999999998,44.08866995073891,211.86999999999998
20056,209.99,139.07,70.92000000000002,33.77303681127673,209.99
31176,69.99,47.94,22.049999999999997,31.50450064294899,209.96999999999997
23391,69.99,48.27,21.71999999999999,31.033004714959272,209.96999999999997
23410,69.99,45.15,24.839999999999996,35.49078439777111,209.96999999999997
2776,41.99,32.3,9.690000000000005,23.076923076923087,209.95000000000002
22012,34.99,23.8,11.190000000000001,31.98056587596456,209.94
12592,29.99,18.11,11.879999999999999,39.61320440146716,209.93
165,29.99,20.14,9.849999999999998,32.84428142714238,209.92999999999998
15838,16.171818181818182,11.03,5.1418181818181825,31.7949294507842,209.87
18844,14.99,8.44,6.550000000000001,43.69579719813209,209.85999999999999
22422,13.99,9.58,4.41,31.52251608291637,209.85
21615,6.99,4.79,2.2,31.47353361945637,209.70000000000002
1972,6.99,5.46,1.5300000000000002,21.888412017167386,209.7
8909,6.99,4.51,2.4800000000000004,35.47925608011445,209.7
8043,5.99,4.47,1.5200000000000005,25.37562604340568,209.65
1026,18.99,14.61,4.379999999999999,23.064770932069507,208.89
34841,18.99,11.72,7.269999999999998,38.28330700368614,208.89
24486,18.99,12.49,6.499999999999998,34.22854133754607,208.89
23945,18.99,13.01,5.979999999999999,31.490258030542385,208.89
23513,10.99,7.48,3.51,31.938125568698815,208.81
20520,25.99,17.33,8.66,33.3205078876491,207.92
8618,25.99,17.31,8.68,33.39746056175452,207.92
25203,12.99,8.9,4.09,31.48575827559661,207.84
24554,12.99,8.66,4.33,33.33333333333333,207.84
19763,3.99,2.66,1.33,33.33333333333333,207.48000000000002
18265,68.99,46.61,22.379999999999995,32.439483983185966,206.96999999999997
18838,10.872352941176471,6.41,4.462352941176471,41.043120705513175,206.81
19832,8.99,6.2,2.79,31.03448275862069,206.77
44613,8.99,6.2,2.79,31.03448275862069,206.77
19158,12.275714285714287,6.45,5.8257142857142865,47.457232631211454,205.83
22228,40.99,27.15,13.840000000000003,33.76433276408881,204.95000000000002
451,4.99,3.59,1.4000000000000004,28.056112224448903,204.59
22471,16.99,11.48,5.509999999999998,32.4308416715715,203.88
16172,16.99,11.18,5.809999999999999,34.19658622719246,203.88
20488,16.99,9.86,7.129999999999999,41.96586227192466,203.88
21359,16.99,11.33,5.659999999999998,33.313713949381984,203.88
24556,16.99,11.64,5.349999999999998,31.489111241906993,203.88
44895,16.99,10.66,6.329999999999998,37.257210123602114,203.88
19345,16.99,11.48,5.509999999999998,32.4308416715715,203.88
11078,16.99,11.48,5.509999999999998,32.4308416715715,203.88
4043,16.99,12.14,4.849999999999998,28.546203649205403,203.88
19251,16.99,7.99,8.999999999999998,52.97233666862859,203.88
8327,16.99,10.94,6.049999999999999,35.60918187168923,203.88
18636,16.99,10.95,6.039999999999999,35.5503237198352,203.88
36894,11.99,7.89,4.1000000000000005,34.19516263552961,203.83
20506,28.99,19.86,9.129999999999999,31.493618489134185,202.92999999999998
22950,28.99,18.61,10.379999999999999,35.80545015522594,202.92999999999998
5912,14.49,10.89,3.5999999999999996,24.844720496894407,202.85999999999999
25065,66.99,44.07,22.919999999999995,34.214061800268695,200.96999999999997
19315,66.99,45.26,21.729999999999997,32.43767726526347,200.96999999999997
21172,199.99,137.92,62.07000000000002,31.036551827591392,199.99
23286,199.99,132.44,67.55000000000001,33.77668883444173,199.99
2074,99.99,68.69,31.299999999999997,31.303130313031303,199.98
932,99.99,55.91,44.08,44.084408440844086,199.98
25564,99.99,67.11,32.879999999999995,32.88328832883288,199.98
25180,99.99,65.78,34.209999999999994,34.21342134213421,199.98
21454,49.99,34.48,15.510000000000005,31.026205241048217,199.96
2739,49.99,35.96,14.030000000000001,28.065613122624526,199.96
18595,49.99,32.25,17.740000000000002,35.487097419483895,199.96
19672,49.99,33.11,16.880000000000003,33.766753350670136,199.96
2384,39.99,31.24,8.750000000000004,21.88047011752939,199.95000000000002
46367,24.99,16.23,8.759999999999998,35.05402160864345,199.92
38900,19.99,13.51,6.479999999999999,32.416208104052025,199.9
20767,19.99,13.15,6.839999999999998,34.21710855427713,199.9
35266,19.99,13.51,6.479999999999999,32.416208104052025,199.89999999999998
23785,19.99,11.03,8.959999999999999,44.822411205602805,199.89999999999998
19661,19.99,13.69,6.299999999999999,31.515757878939464,199.89999999999998
34507,7.99,5.22,2.7700000000000005,34.6683354192741,199.75
25335,65.99,43.41,22.58,34.21730565237157,197.96999999999997
25057,32.99,21.56,11.430000000000003,34.64686268566233,197.94
44756,21.99,11.03,10.959999999999999,49.840836743974535,197.91
989,21.99,14.59,7.399999999999999,33.651659845384266,197.91
42403,21.99,13.24,8.749999999999998,39.790814006366524,197.90999999999997
34802,17.99,12.41,5.579999999999998,31.01723179544191,197.89
23511,10.99,7.43,3.5600000000000005,32.39308462238399,197.82000000000002
40560,10.99,7.09,3.9000000000000004,35.48680618744313,197.82
21273,10.99,7.14,3.8500000000000005,35.031847133757964,197.82
13504,10.99,7.28,3.71,33.75796178343949,197.82
46074,10.99,7.43,3.5600000000000005,32.39308462238399,197.82
12389,10.99,7.23,3.76,34.212920837124656,197.82
4398,9.365,6.51,2.8550000000000004,30.48585157501335,197.79
18125,8.99,6.16,2.83,31.47942157953281,197.78
36077,48.99,33.55,15.440000000000005,31.51663604817311,195.96
23460,48.99,33.79,15.200000000000003,31.02674015105124,195.96
24720,27.99,18.54,9.45,33.762057877813504,195.93
25428,27.99,19.3,8.689999999999998,31.04680242943908,195.93
24722,27.99,19.17,8.819999999999997,31.511254019292593,195.92999999999998
24285,13.99,9.03,4.960000000000001,35.453895639742676,195.86
20382,13.99,8.1,5.890000000000001,42.10150107219443,195.85999999999999
42385,5.29,3.65,1.6400000000000001,31.001890359168243,195.73
1061,6.99,5.3,1.6900000000000004,24.177396280400576,195.72
3560,12.690000000000001,9.52,3.1700000000000017,24.980299448384567,195.34
90082,64.99,41.93,23.059999999999995,35.48238190490844,194.96999999999997
4052,64.99,46.42,18.569999999999993,28.573626711801808,194.96999999999997
21045,27.847142857142853,17.56,10.287142857142854,36.94146616734212,194.92999999999998
20426,14.99,9.86,5.130000000000001,34.2228152101401,194.87
22008,12.99,8.78,4.210000000000001,32.409545804464976,194.85
2071,17.49,13.05,4.439999999999998,25.38593481989707,192.39
5789,17.49,12.58,4.909999999999998,28.073184676958256,192.39
22058,95.99,64.86,31.129999999999995,32.430461506406914,191.98
24715,63.99,39.47,24.520000000000003,38.31848726363495,191.97
23775,23.99,15.48,8.509999999999998,35.473113797415586,191.92
2938,15.990000000000002,11.42,4.570000000000002,28.5803627267042,191.88
24751,15.99,10.73,5.26,32.89555972482802,191.88
44221,15.99,10.88,5.109999999999999,31.95747342088805,191.88
19346,15.99,11.03,4.960000000000001,31.0193871169481,191.88
45239,15.99,10.32,5.67,35.45966228893058,191.88
44290,15.99,10.73,5.26,32.89555972482802,191.88
13183,15.99,10.8,5.1899999999999995,32.457786116322694,191.88
23982,15.99,10.45,5.540000000000001,34.64665415884929,191.88
1120,15.99,12.49,3.5,21.88868042526579,191.88
22355,15.99,10.32,5.67,35.45966228893058,191.88
3301,15.99,12.11,3.880000000000001,24.265165728580367,191.88
28943,15.99,10.95,5.040000000000001,31.519699812382747,191.88
20088,15.99,10.45,5.540000000000001,34.64665415884929,191.88
15977,15.99,10.66,5.33,33.33333333333333,191.88
13985,11.99,7.53,4.46,37.1976647206005,191.84
19636,11.99,7.99,4.0,33.361134278565466,191.84
16248,7.99,5.51,2.4800000000000004,31.03879849812266,191.76
38128,7.99,5.4,2.59,32.41551939924906,191.76
20534,7.99,5.51,2.4800000000000004,31.03879849812266,191.76
13993,7.99,5.4,2.59,32.41551939924906,191.76
34509,7.99,5.44,2.55,31.914893617021274,191.76
1059,5.99,3.4,2.5900000000000003,43.238731218697836,191.68
20626,3.99,2.7,1.29,32.33082706766917,191.51999999999998
21006,94.99,62.08,32.91,34.64575218444047,189.98
43152,37.99,24.67,13.32,35.06185838378521,189.95000000000002
21435,37.99,24.83,13.160000000000004,34.64069491971572,189.95000000000002
25707,37.99,23.22,14.770000000000003,38.878652276914984,189.95
3467,18.99,13.66,5.329999999999998,28.067403896787773,189.89999999999998
34153,18.99,12.33,6.659999999999998,35.07109004739336,189.89999999999998
25879,9.99,6.45,3.54,35.43543543543544,189.81
6892,4.99,3.39,1.6,32.06412825651302,189.61999999999998
20200,62.99,42.56,20.43,32.433719638037786,188.97
24262,62.99,42.56,20.43,32.433719638037786,188.97
13150,26.99,18.24,8.75,32.419414597999264,188.92999999999998
240,20.99,14.99,5.999999999999998,28.58504049547403,188.91
42158,11.39,7.28,4.11,36.08428446005268,188.82999999999998
40566,10.49,7.23,3.26,31.077216396568158,188.82
548,8.99,6.56,2.4300000000000006,27.030033370411576,188.79
109,6.49,4.95,1.54,23.728813559322035,188.21
13061,187.99,126.17,61.82000000000001,32.8847279110591,187.99
22397,16.99,11.03,5.959999999999999,35.07945850500294,186.89
15350,10.99,7.38,3.6100000000000003,32.84804367606915,186.83
45246,10.99,7.23,3.76,34.212920837124656,186.82999999999998
18126,10.99,7.53,3.46,31.48316651501365,186.82999999999998
13045,6.59,3.83,2.76,41.88163884673748,186.69
21447,92.99,59.99,32.99999999999999,35.48768684804817,185.98
1352,61.99,41.0,20.990000000000002,33.860300048394905,185.97
22227,12.39,6.49,5.9,47.61904761904762,185.85
21431,91.99,60.12,31.869999999999997,34.64507011631699,183.98
39574,36.49,16.55,19.94,54.64510824883529,183.95000000000002
23070,25.99,17.56,8.43,32.43555213543671,181.92999999999998
20383,13.990000000000002,9.03,4.960000000000003,35.45389563974269,181.87
17494,12.99,8.9,4.09,31.48575827559661,181.86
27797,12.99,8.38,4.609999999999999,35.488837567359504,181.85999999999999
39470,6.145555555555556,3.22,2.925555555555556,47.6044114988248,180.9
22396,89.99,58.06,31.929999999999993,35.48172019113235,179.98
21179,59.99,40.26,19.730000000000004,32.88881480246708,179.97
8767,29.99,19.68,10.309999999999999,34.378126042014,179.94
19685,29.99,20.13,9.86,32.87762587529176,179.94
20801,29.99,20.54,9.45,31.510503501167054,179.94
25077,29.99,19.6,10.389999999999997,34.64488162720906,179.94
15720,19.99,13.33,6.659999999999998,33.316658329164575,179.91
2921,19.99,14.92,5.0699999999999985,25.362681340670328,179.91
25012,19.99,13.6,6.389999999999999,31.965982991495746,179.91
23784,17.99,11.72,6.269999999999998,34.852695942190095,179.89999999999998
43777,17.99,12.16,5.829999999999998,32.40689271817676,179.89999999999998
21408,17.99,11.99,5.999999999999998,33.35186214563646,179.89999999999998
3120,14.99,10.94,4.050000000000001,27.018012008005343,179.88
46402,14.99,5.47,9.52,63.509006004002664,179.88
38314,14.99,9.86,5.130000000000001,34.2228152101401,179.88
18859,14.99,9.67,5.32,35.49032688458973,179.88
3765,14.990000000000002,9.37,5.620000000000003,37.49166110740495,179.88
20814,14.99,9.67,5.32,35.49032688458973,179.88
3187,14.99,8.72,6.27,41.82788525683789,179.88
21250,14.99,9.73,5.26,35.090060040026685,179.88
24734,14.99,10.34,4.65,31.02068045363576,179.88
24701,14.99,10.2,4.790000000000001,31.95463642428286,179.88
23025,14.99,10.2,4.790000000000001,31.95463642428286,179.88
39434,14.99,9.73,5.26,35.090060040026685,179.88
23349,14.99,9.99,5.0,33.3555703802535,179.88
187,14.99,11.53,3.460000000000001,23.08205470313543,179.88
188,14.99,11.19,3.8000000000000007,25.350233488992668,179.88
25120,14.99,9.73,5.26,35.090060040026685,179.88
22481,9.99,6.84,3.1500000000000004,31.531531531531538,179.82
21375,7.49,4.96,2.5300000000000002,33.77837116154873,179.76
6891,4.99,3.42,1.5700000000000003,31.46292585170341,179.64000000000001
38852,4.99,3.28,1.7100000000000004,34.268537074148306,179.64000000000001
38853,4.99,3.39,1.6,32.06412825651302,179.64000000000001
23468,178.99,116.99,62.000000000000014,34.63880663724231,178.99
41918,8.823333333333332,4.82,4.003333333333332,45.37211938043066,178.8
15211,10.49,6.77,3.7200000000000006,35.462345090562444,178.32999999999998
20098,11.847142857142858,5.88,5.967142857142858,50.36778005546847,177.85
13251,14.49,9.24,5.25,36.231884057971016,177.37
23282,58.99,40.4,18.590000000000003,31.513815901000175,176.97
24314,43.99,28.38,15.610000000000003,35.48533757672199,175.96
363,21.99,17.05,4.939999999999998,22.46475670759435,175.92000000000002
3008,16.275714285714287,11.31,4.965714285714286,30.509962257526553,175.89
24868,10.99,7.48,3.51,31.938125568698815,175.84
20187,19.49,13.44,6.049999999999999,31.0415597742432,175.40999999999997
25727,174.99,115.12,59.870000000000005,34.21338362192125,174.99
25070,34.99,23.64,11.350000000000001,32.437839382680764,174.95000000000002
787,34.99,17.85,17.14,48.98542440697342,174.95000000000002
20259,34.99,23.17,11.82,33.78108030865962,174.95000000000002
21288,34.99,23.8,11.190000000000001,31.98056587596456,174.95000000000002
3341,34.99,25.17,9.82,28.065161474707057,174.95000000000002
1210,34.99,27.34,7.650000000000002,21.86338953986854,174.95
16792,24.99,16.12,8.869999999999997,35.49419767907162,174.93
23014,24.99,17.23,7.759999999999998,31.052420968387352,174.93
3355,24.99,18.79,6.199999999999999,24.80992396958783,174.92999999999998
33967,43.49,27.99,15.500000000000004,35.64037709818349,173.96
764,14.49,10.42,4.07,28.08833678398896,173.88
24148,14.49,9.66,4.83,33.33333333333333,173.88
914,14.49,11.5,2.99,20.634920634920636,173.88
912,14.49,11.15,3.34,23.0503795721187,173.88
23285,42.99,28.66,14.330000000000002,33.333333333333336,171.96
19603,42.99,29.24,13.750000000000004,31.984182367992563,171.96
20189,24.49,16.01,8.479999999999997,34.62637811351571,171.43
23151,18.99,12.49,6.499999999999998,34.22854133754607,170.91
6877,18.99,13.56,5.429999999999998,28.593996840442333,170.91
24952,14.24,9.2,5.040000000000001,35.3932584269663,170.88
29470,169.99,96.54,73.45,43.208424024942644,169.99
23110,169.99,109.67,60.32000000000001,35.484440261191835,169.99
36076,169.99,114.86,55.13000000000001,32.431319489381735,169.99
17677,33.99,23.28,10.71,31.509267431597532,169.95
17026,16.99,10.06,6.929999999999998,40.78869923484402,169.89999999999998
586,16.99,13.59,3.3999999999999986,20.011771630370802,169.89999999999998
6568,4.99,3.22,1.77,35.47094188376753,169.66
24790,168.99,115.75,53.24000000000001,31.504822770578144,168.99
23990,12.99,8.66,4.33,33.33333333333333,168.87
10057,12.99,8.44,4.550000000000001,35.02694380292533,168.87
46165,6.49,4.45,2.04,31.432973805855163,168.74
8038,6.49,4.33,2.16,33.281972265023114,168.74
24529,55.99,38.35,17.64,31.505626004643688,167.97
23105,41.99,28.18,13.810000000000002,32.88878304358181,167.96
2903,27.99,20.58,7.41,26.47374062165059,167.94
16708,13.99,7.23,6.76,48.32022873481058,167.88
44394,13.99,9.65,4.34,31.022158684774837,167.88
38471,13.99,9.2,4.790000000000001,34.23874195854182,167.88
19444,13.99,9.58,4.41,31.52251608291637,167.88
22086,13.99,9.33,4.66,33.30950679056469,167.88
10708,13.99,9.08,4.91,35.09649749821301,167.88
18338,13.99,9.39,4.6,32.88062902072909,167.88
19253,13.99,8.38,5.609999999999999,40.100071479628305,167.88
23635,13.99,8.1,5.890000000000001,42.10150107219443,167.88
24055,13.99,9.33,4.66,33.30950679056469,167.88
18811,11.99,7.84,4.15,34.61217681401168,167.86
16245,7.989999999999999,5.36,2.629999999999999,32.916145181476836,167.79
21313,6.99,3.92,3.0700000000000003,43.919885550786844,167.76
104,8.79,6.42,2.369999999999999,26.962457337883954,167.01
23122,27.656666666666666,17.0,10.656666666666666,38.531999517898036,165.94
5855,20.656666666666666,14.61,6.046666666666667,29.27222849766016,165.92
24579,16.74,10.27,6.469999999999999,38.64994026284349,165.89999999999998
22050,54.99,37.92,17.07,31.042007637752317,164.97
21034,54.99,36.73,18.260000000000005,33.206037461356615,164.97
22048,54.99,35.94,19.050000000000004,34.64266230223678,164.97
2329,54.99,38.45,16.54,30.07819603564284,164.97
23189,32.99,21.56,11.430000000000003,34.64686268566233,164.95000000000002
27033,32.99,19.73,13.260000000000002,40.193998181267055,164.95000000000002
3468,14.99,10.86,4.130000000000001,27.551701134089395,164.89000000000001
25006,14.99,10.34,4.65,31.02068045363576,164.89000000000001
4556,14.99,11.71,3.2799999999999994,21.881254169446294,164.89000000000001
516,10.99,8.52,2.4700000000000006,22.47497725204732,164.85
3152,10.99,7.91,3.08,28.02547770700637,164.85
10124,10.99,7.33,3.66,33.30300272975432,164.85
4104,9.49,7.08,2.41,25.395152792413068,164.82
23962,20.418571428571425,12.66,7.758571428571425,37.99762121318126,163.92
5693,13.656666666666666,7.51,6.1466666666666665,45.00854283622163,163.88
44033,5.423333333333334,3.24,2.1833333333333336,40.258143822987094,163.20000000000002
19588,80.99,53.99,26.999999999999993,33.33744906778614,161.98
22923,17.99,12.24,5.749999999999998,31.962201222901605,161.91
38392,17.99,11.99,5.999999999999998,33.35186214563646,161.91
2308,17.99,12.68,5.309999999999999,29.516397998888266,161.91
44705,13.49,8.99,4.5,33.35804299481097,161.88
36197,8.99,5.8,3.1900000000000004,35.483870967741936,161.82
16998,159.99,106.66,53.33000000000001,33.333333333333336,159.99
11164,79.99,52.97,27.019999999999996,33.77922240280034,159.98
21352,79.99,52.62,27.369999999999997,34.21677709713714,159.98
15508,79.99,48.36,31.629999999999995,39.54244280535066,159.98
21475,79.99,55.17,24.819999999999993,31.028878609826222,159.98
24384,79.99,52.28,27.709999999999994,34.641830228778595,159.98
18209,39.99,26.84,13.150000000000002,32.883220805201304,159.96
24964,39.99,26.14,13.850000000000001,34.63365841460365,159.96
23873,39.99,26.66,13.330000000000002,33.333333333333336,159.96
4574,31.99,25.19,6.799999999999997,21.256642700844004,159.95
22813,19.99,12.98,7.009999999999998,35.067533766883436,159.92
24216,15.99,8.78,7.210000000000001,45.09068167604753,159.9
12476,15.99,10.66,5.33,33.33333333333333,159.9
3424,15.99,11.59,4.4,27.517198248905565,159.9
36851,15.99,10.73,5.26,32.89555972482802,159.89999999999998
21115,7.99,5.29,2.7,33.79224030037547,159.8
21700,6.923333333333334,4.05,2.873333333333334,41.50216658642273,159.77
16242,4.99,3.24,1.75,35.07014028056112,159.68
1230,3.99,3.17,0.8200000000000003,20.551378446115294,159.6
12646,52.99,34.19,18.800000000000004,35.47839214946217,158.97
21959,6.567777777777778,3.76,2.807777777777778,42.750803586533586,158.75
21468,78.99,54.48,24.509999999999998,31.02924420812761,157.98
26889,19.656666666666666,11.68,7.976666666666667,40.57995590978464,157.92
14119,3.29,2.16,1.13,34.346504559270514,157.92
18275,13.323333333333332,8.21,5.1133333333333315,38.378784088066034,157.88
10762,6.325714285714286,4.05,2.275714285714286,35.97560975609756,157.75
2484,52.32333333333333,36.95,15.373333333333328,29.381410460597557,156.97
20555,12.49,8.21,4.279999999999999,34.26741393114491,156.87
22016,6.79,4.44,2.3499999999999996,34.60972017673048,156.17000000000002
23190,38.99,26.52,12.470000000000002,31.982559630674533,155.96
22535,38.99,25.32,13.670000000000002,35.06027186458066,155.96
24013,25.99,17.1,8.889999999999997,34.20546363986148,155.94
20743,25.99,16.88,9.11,35.05194305502116,155.94
4215,25.99,19.4,6.59,25.355906117737593,155.94
14444,25.99,17.1,8.889999999999997,34.20546363986148,155.94
24531,25.99,17.1,8.889999999999997,34.20546363986148,155.94
21380,19.49,12.57,6.919999999999998,35.505387378142636,155.92
4948,12.99,9.62,3.370000000000001,25.943033102386458,155.88
21333,12.99,8.84,4.15,31.947652040030793,155.88
36386,12.99,8.6,4.390000000000001,33.795227097767516,155.88
23663,12.99,8.49,4.5,34.64203233256351,155.88
12625,12.99,8.44,4.550000000000001,35.02694380292533,155.88
261,12.99,9.99,3.0,23.094688221709006,155.88
21733,12.99,8.78,4.210000000000001,32.409545804464976,155.88
11744,12.99,6.53,6.46,49.73056197074673,155.88
22556,12.99,7.94,5.05,38.876058506543494,155.88
24334,12.99,8.96,4.029999999999999,31.023864511162426,155.88
24040,12.99,8.78,4.210000000000001,32.409545804464976,155.88
24685,12.99,8.49,4.5,34.64203233256351,155.88
24704,12.99,7.94,5.05,38.876058506543494,155.88
14432,12.99,8.78,4.210000000000001,32.409545804464976,155.88
43433,12.99,8.9,4.09,31.48575827559661,155.88
12378,12.99,8.72,4.27,32.87143956889915,155.88
38622,12.99,8.72,4.27,32.87143956889915,155.88
18732,12.99,8.44,4.550000000000001,35.02694380292533,155.88
22809,11.99,7.84,4.15,34.61217681401168,155.87
23765,11.99,7.89,4.1000000000000005,34.19516263552961,155.87
114,6.49,5.11,1.38,21.263482280431433,155.76
41087,6.49,4.19,2.3,35.43913713405239,155.76
26828,5.99,3.94,2.0500000000000003,34.223706176961606,155.74
28980,154.99,91.38,63.610000000000014,41.04135750693594,154.99
18761,15.49,10.61,4.880000000000001,31.504196255648807,154.9
6383,4.99,3.33,1.6600000000000001,33.26653306613226,154.69
14236,2.49,1.71,0.7800000000000002,31.325301204819283,154.38
3628,21.99,17.59,4.399999999999999,20.009095043201448,153.92999999999998
10414,13.99,7.89,6.1000000000000005,43.60257326661902,153.89000000000001
19526,13.99,9.39,4.6,32.88062902072909,153.89000000000001
22838,10.99,7.43,3.5600000000000005,32.39308462238399,153.86
15812,6.99,4.54,2.45,35.050071530758224,153.78
23831,16.99,9.33,7.659999999999998,45.08534432018834,152.90999999999997
25537,16.99,11.4,5.589999999999998,32.90170688640376,152.90999999999997
18284,16.99,11.18,5.809999999999999,34.19658622719246,152.90999999999997
36069,75.99,51.0,24.989999999999995,32.88590604026845,151.98
20889,37.99,26.2,11.790000000000003,31.034482758620697,151.96
21837,18.99,8.21,10.779999999999998,56.76671932596102,151.92000000000002
8114,7.99,6.39,1.6000000000000005,20.025031289111396,151.81
12218,7.99,1.98,6.01,75.21902377972465,151.81
24099,3.99,2.62,1.37,34.335839598997495,151.62
18000,3.99,2.75,1.2400000000000002,31.077694235588975,151.62
5361,0.99,0.79,0.19999999999999996,20.2020202020202,151.47
31502,6.29,3.35,2.94,46.74085850556439,150.96
20744,13.99,8.55,5.4399999999999995,38.884917798427445,150.9
24574,49.99,32.89,17.1,34.20684136827366,149.97
39765,49.99,33.78,16.21,32.42648529705941,149.97
43667,49.99,34.48,15.510000000000005,31.026205241048217,149.97
24572,49.99,33.33,16.660000000000004,33.32666533306662,149.97
11274,49.99,32.18,17.810000000000002,35.62712542508502,149.97
14120,49.99,31.5,18.490000000000002,36.987397479495904,149.97
13860,49.99,34.01,15.980000000000004,31.966393278655737,149.97
43387,29.99,19.35,10.639999999999997,35.478492830943644,149.95
2427,29.99,15.93,14.059999999999999,46.88229409803267,149.95
25252,29.99,19.35,10.639999999999997,35.478492830943644,149.95
13530,24.99,17.23,7.759999999999998,31.052420968387352,149.94
5645,24.99,18.79,6.199999999999999,24.80992396958783,149.94
3599,24.99,14.05,10.939999999999998,43.77751100440175,149.94
46070,14.99,8.96,6.029999999999999,40.22681787858572,149.9
7838,14.99,8.45,6.540000000000001,43.62908605737159,149.9
20639,14.99,9.73,5.26,35.090060040026685,149.9
17138,12.49,8.55,3.9399999999999995,31.545236188951158,149.88
20091,9.99,5.51,4.48,44.84484484484485,149.85
880,9.99,7.57,2.42,24.224224224224223,149.85
640,9.99,7.24,2.75,27.52752752752753,149.85
920,9.99,7.57,2.42,24.224224224224223,149.85
17059,9.99,5.91,4.08,40.84084084084084,149.85
38190,9.99,6.75,3.24,32.432432432432435,149.85
890,9.99,7.46,2.5300000000000002,25.325325325325327,149.85
3508,5.989999999999999,4.34,1.6499999999999995,27.545909849749577,149.75
8079,4.99,3.39,1.6,32.06412825651302,149.70000000000002
112,6.49,4.7,1.79,27.5808936825886,149.27
46163,6.489999999999999,4.48,2.009999999999999,30.97072419106316,149.26999999999998
13696,6.489999999999999,4.39,2.0999999999999996,32.357473035439135,149.26999999999998
19595,73.99,50.33,23.659999999999997,31.977294228949855,147.98
24724,36.99,25.34,11.650000000000002,31.494998648283325,147.96
25084,29.49,17.76,11.729999999999997,39.7761953204476,147.95
18784,48.99,32.66,16.330000000000005,33.33333333333334,146.97
6159,48.99,31.81,17.180000000000003,35.0683813023066,146.97
14235,2.4899999999999998,1.64,0.8499999999999999,34.136546184738954,146.91
23542,10.49,6.86,3.63,34.60438512869399,146.86
39581,6.99,4.63,2.3600000000000003,33.76251788268956,146.79000000000002
11389,72.99,48.99,23.999999999999993,32.88121660501438,145.98
21280,72.99,47.09,25.89999999999999,35.48431291957802,145.98
18624,72.99,50.34,22.64999999999999,31.03164817098232,145.98
1240,37.99,24.99,13.000000000000004,34.21953145564623,145.96
5691,13.190000000000001,7.87,5.320000000000001,40.33358605003791,145.89000000000001
24144,72.49,49.31,23.179999999999993,31.976824389570968,144.98
21645,28.99,18.82,10.169999999999998,35.08106243532252,144.95
19045,28.99,18.61,10.379999999999999,35.80545015522594,144.95
40213,16.656666666666666,9.73,6.926666666666666,41.58495097058235,144.91
10122,23.99,15.86,8.129999999999999,33.889120466861186,143.94
23953,17.99,11.25,6.739999999999998,37.46525847693162,143.92
20554,17.99,11.68,6.309999999999999,35.07504168982768,143.92
22922,17.99,12.32,5.669999999999998,31.517509727626454,143.92
24273,15.99,10.45,5.540000000000001,34.64665415884929,143.91
23205,15.99,10.66,5.33,33.33333333333333,143.91
24513,11.99,7.99,4.0,33.361134278565466,143.88
18131,11.99,8.21,3.7799999999999994,31.526271893244363,143.88
22629,11.99,7.84,4.15,34.61217681401168,143.88
13808,11.99,7.94,4.05,33.778148457047536,143.88
6258,11.99,8.1,3.8900000000000006,32.44370308590492,143.88
19736,11.99,7.84,4.15,34.61217681401168,143.88
18976,11.99,8.05,3.9399999999999995,32.860717264386984,143.88
26826,11.99,7.74,4.25,35.446205170975816,143.88
38107,11.99,7.94,4.05,33.778148457047536,143.88
7428,11.99,8.63,3.3599999999999994,28.023352793994995,143.88
24717,11.99,7.94,4.05,33.778148457047536,143.88
15319,11.99,7.89,4.1000000000000005,34.19516263552961,143.88
6592,8.99,6.03,2.96,32.92547274749722,143.84
40766,8.99,5.99,3.0,33.37041156840934,143.84
6140,7.99,3.44,4.550000000000001,56.94618272841052,143.82
7215,5.99,3.97,2.02,33.7228714524207,143.76
901,5.99,3.92,2.0700000000000003,34.55759599332221,143.76
14670,5.99,3.92,2.0700000000000003,34.55759599332221,143.76
16257,5.99,3.89,2.1,35.058430717863104,143.76
17040,5.99,3.99,2.0,33.3889816360601,143.76
21416,5.99,4.05,1.9400000000000004,32.3873121869783,143.76
10724,4.79,3.15,1.6400000000000001,34.23799582463466,143.7
14413,3.99,2.59,1.4000000000000004,35.087719298245624,143.64000000000001
12188,2.99,1.99,1.0000000000000002,33.44481605351171,143.52
5463,12.99,9.48,3.51,27.020785219399535,142.89
37708,10.99,7.43,3.5600000000000005,32.39308462238399,142.87
840,10.99,8.79,2.200000000000001,20.018198362147416,142.87
21320,10.99,7.09,3.9000000000000004,35.48680618744313,142.87
1242,10.99,8.02,2.9700000000000006,27.024567788899006,142.87
18017,10.99,7.14,3.8500000000000005,35.031847133757964,142.87
38412,9.99,5.88,4.11,41.14114114114114,141.86
7851,0.99,0.79,0.19999999999999996,20.2020202020202,141.57
3892,3.808181818181818,2.18,1.628181818181818,42.754834089281445,140.64
25054,139.99,91.5,48.49000000000001,34.63818844203158,139.99
22429,69.99,46.66,23.33,33.33333333333333,139.98
1927,69.99,51.84,18.14999999999999,25.932276039434193,139.98
24341,69.99,46.35,23.639999999999993,33.77625375053579,139.98
25000,69.99,46.05,23.939999999999998,34.20488641234462,139.98
38244,34.99,24.13,10.860000000000003,31.037439268362395,139.96
24495,34.99,23.33,11.660000000000004,33.32380680194342,139.96
22533,34.99,23.02,11.970000000000002,34.20977422120606,139.96
3440,27.99,22.39,5.599999999999998,20.007145409074663,139.95
7750,27.99,22.21,5.779999999999998,20.65023222579492,139.95
12351,19.99,13.51,6.479999999999999,32.416208104052025,139.93
20659,19.99,12.98,7.009999999999998,35.067533766883436,139.92999999999998
11296,13.99,9.58,4.41,31.52251608291637,139.9
16947,13.99,7.48,6.51,46.533238027162255,139.9
844,9.99,7.19,2.8,28.028028028028025,139.86
14341,9.99,5.95,4.04,40.44044044044044,139.86
3160,9.99,7.29,2.7,27.027027027027028,139.86
869,9.99,7.57,2.42,24.224224224224223,139.86
23496,45.99,31.5,14.490000000000002,31.506849315068497,137.97
41081,19.656666666666666,12.16,7.496666666666666,38.1380362896388,137.93
6952,19.70428571428571,12.85,6.8542857142857105,34.785760893206685,137.92999999999998
20532,13.656666666666666,8.72,4.936666666666666,36.148401269221374,137.9
42256,5.29,3.48,1.81,34.215500945179585,137.54
21769,9.79,5.98,3.8099999999999987,38.91726251276812,137.06
5515,9.79,7.65,2.139999999999999,21.859039836567916,137.06
22043,3.79,2.54,1.25,32.98153034300791,136.44
42753,3.79,2.6,1.19,31.398416886543533,136.44
304,33.99,24.45,9.540000000000003,28.06707855251545,135.96
18619,33.99,22.22,11.770000000000003,34.62783171521036,135.96
46374,16.99,11.64,5.349999999999998,31.489111241906993,135.92
44993,8.49,5.59,2.9000000000000004,34.157832744405184,135.84
16426,7.99,5.44,2.55,31.914893617021274,135.83
21674,26.99,17.99,9.0,33.34568358651352,134.95
23332,26.99,17.99,9.0,33.34568358651352,134.95
372,22.49,17.3,5.189999999999998,23.076923076923066,134.94
20118,14.99,10.2,4.790000000000001,31.95463642428286,134.91
116,14.99,11.62,3.370000000000001,22.481654436290867,134.91
881,8.99,6.56,2.4300000000000006,27.030033370411576,134.85
18344,8.99,6.07,2.92,32.48053392658509,134.85
16239,4.99,3.37,1.62,32.46492985971944,134.73000000000002
36198,4.99,3.22,1.77,35.47094188376753,134.73
23414,2.49,1.62,0.8700000000000001,34.93975903614458,134.45999999999998
23772,133.99,86.45,47.540000000000006,35.4802597208747,133.99
23781,133.99,89.93,44.06,32.88305097395328,133.99
18093,66.99,44.66,22.33,33.33333333333333,133.98
23121,25.24,15.23,10.009999999999998,39.65927099841521,132.95
24939,18.99,13.01,5.979999999999999,31.490258030542385,132.93
25535,18.99,12.25,6.739999999999998,35.49236440231701,132.92999999999998
21086,6.99,4.82,2.17,31.04434907010014,132.81
21884,3.49,2.36,1.1300000000000003,32.37822349570202,132.62
19951,65.99,42.85,23.139999999999993,35.06591907864827,131.98
25064,43.99,29.52,14.470000000000002,32.89383950897932,131.97
17529,43.99,28.75,15.240000000000002,34.644237326665156,131.97
19308,32.99,22.44,10.55,31.979387693240373,131.96
25082,21.99,14.86,7.129999999999999,32.42382901318781,131.94
866,21.99,15.93,6.059999999999999,27.557980900409273,131.94
37921,21.99,14.47,7.519999999999998,34.19736243747157,131.94
249,21.99,16.29,5.699999999999999,25.920873124147338,131.94
22966,21.99,14.86,7.129999999999999,32.42382901318781,131.94
16127,13.49,8.1,5.390000000000001,39.95552260934026,131.9
21424,11.99,8.1,3.8900000000000006,32.44370308590492,131.89000000000001
8017,10.99,7.85,3.1400000000000006,28.571428571428577,131.88
12768,10.99,6.62,4.37,39.76342129208371,131.88
13920,10.99,7.23,3.76,34.212920837124656,131.88
37794,10.99,5.19,5.8,52.77525022747952,131.88
19807,10.99,7.18,3.8100000000000005,34.667879890809836,131.88
18173,10.99,7.18,3.8100000000000005,34.667879890809836,131.88
17332,10.99,7.38,3.6100000000000003,32.84804367606915,131.88
41864,10.99,7.33,3.66,33.30300272975432,131.88
19652,10.99,6.07,4.92,44.76797088262056,131.88
41132,10.99,7.48,3.51,31.938125568698815,131.88
19936,10.99,7.53,3.46,31.48316651501365,131.88
22918,10.99,7.38,3.6100000000000003,32.84804367606915,131.88
43789,10.99,7.33,3.66,33.30300272975432,131.88
19275,10.99,7.14,3.8500000000000005,35.031847133757964,131.88
37166,10.99,5.36,5.63,51.228389444949954,131.88
19497,10.99,7.14,3.8500000000000005,35.031847133757964,131.88
15572,10.99,7.43,3.5600000000000005,32.39308462238399,131.88
19543,10.99,7.18,3.8100000000000005,34.667879890809836,131.88
226,10.99,8.08,2.91,26.4786169244768,131.88
13921,10.99,7.48,3.51,31.938125568698815,131.88
21268,10.99,7.38,3.6100000000000003,32.84804367606915,131.88
6365,10.99,7.43,3.5600000000000005,32.39308462238399,131.88
6545,129.99,94.88,35.110000000000014,27.00976998230634,129.99
1253,64.99,51.17,13.819999999999993,21.264809970764727,129.98
23425,64.99,43.91,21.08,32.43575934759193,129.98
17758,25.99,16.77,9.219999999999999,35.475182762601,129.95
713,25.99,19.11,6.879999999999999,26.471719892266254,129.95
46132,12.99,8.9,4.09,31.48575827559661,129.9
22808,12.99,8.38,4.609999999999999,35.488837567359504,129.9
4340,12.99,9.55,3.4399999999999995,26.48190916089299,129.9
23201,9.99,6.66,3.33,33.33333333333333,129.87
21300,9.99,6.8,3.1900000000000004,31.931931931931935,129.87
13823,9.99,5.88,4.11,41.14114114114114,129.87
24926,9.99,6.84,3.1500000000000004,31.531531531531538,129.87
46164,6.49,4.27,2.2200000000000006,34.2064714946071,129.8
2750,42.99,33.33,9.660000000000004,22.470341939986053,128.97
19488,6.808181818181819,4.13,2.6781818181818187,39.337695286420086,128.81
3705,0.9899999999999999,0.72,0.2699999999999999,27.272727272727266,128.7
21017,21.323333333333334,9.52,11.803333333333335,55.35407222135377,127.94
8460,15.99,12.49,3.5,21.88868042526579,127.92
14652,15.99,10.59,5.4,33.77110694183865,127.92
28155,15.99,10.32,5.67,35.45966228893058,127.92
11640,15.99,6.49,9.5,59.41213258286429,127.92
21411,15.99,10.52,5.470000000000001,34.20888055034397,127.92
23798,15.99,10.38,5.609999999999999,35.08442776735459,127.92
21753,7.99,5.19,2.8,35.04380475594493,127.84
24546,3.99,2.66,1.33,33.33333333333333,127.68
18271,126.99,82.46,44.53,35.06575320891409,126.99
33209,5.29,3.46,1.83,34.59357277882798,126.96
19968,125.99,85.71,40.28,31.970791332645447,125.99
19967,125.99,85.13,40.86,32.43114532899437,125.99
22643,62.99,42.85,20.14,31.973329099857118,125.98
20041,62.99,41.99,21.0,33.33862517859978,125.98
23192,62.99,41.72,21.270000000000003,33.767264645181776,125.98
24477,62.99,41.99,21.0,33.33862517859978,125.98
405,41.99,28.45,13.540000000000003,32.245772803048354,125.97
19502,41.99,28.56,13.430000000000003,31.983805668016203,125.97
19586,41.99,28.76,13.23,31.507501786139557,125.97
18385,20.99,11.18,9.809999999999999,46.73654121010004,125.94
21386,20.99,13.54,7.449999999999999,35.493091948546926,125.93999999999998
17528,17.99,12.24,5.749999999999998,31.962201222901605,125.93
45565,17.99,12.07,5.919999999999998,32.90717065036131,125.93
24754,13.99,9.45,4.540000000000001,32.4517512508935,125.91
23021,13.99,9.08,4.91,35.09649749821301,125.91
24124,8.99,6.07,2.92,32.48053392658509,125.86
8908,6.99,4.57,2.42,34.620886981402,125.82
6919,6.99,4.69,2.3,32.90414878397711,125.82
19971,124.99,83.89,41.099999999999994,32.882630610448835,124.99
11918,124.99,85.61,39.379999999999995,31.50652052164173,124.99
19610,124.99,86.2,38.78999999999999,31.034482758620683,124.99
24706,24.99,12.74,12.249999999999998,49.01960784313725,124.94999999999999
25184,24.99,17.23,7.759999999999998,31.052420968387352,124.94999999999999
18797,12.49,8.06,4.43,35.4683746997598,124.9
23242,8.615,4.84,3.7750000000000004,43.818920487521765,124.37
35290,6.49,4.27,2.2200000000000006,34.2064714946071,123.31
23747,40.99,27.88,13.110000000000003,31.983410587948285,122.97
22928,20.156666666666666,12.83,7.326666666666666,36.34860261286588,120.94
45992,10.99,6.75,4.24,38.58052775250228,120.89
44859,10.99,7.48,3.51,31.938125568698815,120.89
25528,119.99,79.46,40.53,33.77781481790149,119.99
2943,119.99,91.6,28.39,23.660305025418786,119.99
24696,119.99,78.42,41.56999999999999,34.6445537128094,119.99
10910,59.99,41.37,18.620000000000005,31.038506417736293,119.98
24723,59.99,41.37,18.620000000000005,31.038506417736293,119.98
18199,59.99,41.37,18.620000000000005,31.038506417736293,119.98
20661,59.99,35.94,24.050000000000004,40.09001500250042,119.98
25067,59.99,39.73,20.260000000000005,33.77229538256377,119.98
4010,59.99,45.11,14.880000000000003,24.80413402233706,119.98
4354,59.99,44.44,15.550000000000004,25.92098683113853,119.98
23291,59.99,40.81,19.18,31.971995332555426,119.98
22105,39.99,26.66,13.330000000000002,33.333333333333336,119.97
24170,39.99,25.97,14.020000000000003,35.0587646911728,119.97
24411,39.99,27.02,12.970000000000002,32.43310827706927,119.97
25002,39.99,26.31,13.680000000000003,34.20855213803451,119.97
8261,39.99,28.56,11.430000000000003,28.5821455363841,119.97
25063,39.99,27.58,12.410000000000004,31.032758189547394,119.97
23494,29.99,20.13,9.86,32.87762587529176,119.96
22599,29.99,18.91,11.079999999999998,36.945648549516505,119.96
25008,29.99,19.47,10.52,35.07835945315105,119.96
24415,29.99,19.86,10.129999999999999,33.777925975325104,119.96
25069,29.99,20.26,9.729999999999997,32.44414804934978,119.96
3022,29.99,22.55,7.439999999999998,24.80826942314104,119.96
16585,29.99,18.11,11.879999999999999,39.61320440146716,119.96
39797,23.99,16.21,7.779999999999998,32.43017924135055,119.94999999999999
20129,23.99,15.89,8.099999999999998,33.764068361817415,119.94999999999999
749,19.99,15.14,4.849999999999998,24.262131065532756,119.94
35910,19.99,12.32,7.669999999999998,38.36918459229614,119.94
33734,19.99,11.61,8.379999999999999,41.92096048024012,119.94
34803,19.99,11.76,8.229999999999999,41.17058529264632,119.94
3646,19.99,15.38,4.609999999999998,23.06153076538268,119.94
7680,20.189999999999998,19.68,0.509999999999998,2.526002971768192,119.93999999999998
20980,19.99,12.9,7.089999999999998,35.46773386693346,119.93999999999998
3711,14.99,11.36,3.630000000000001,24.21614409606405,119.92
24052,14.99,9.73,5.26,35.090060040026685,119.92
16190,14.99,9.8,5.1899999999999995,34.62308205470313,119.92
22898,11.99,8.05,3.9399999999999995,32.860717264386984,119.9
19414,11.99,8.1,3.8900000000000006,32.44370308590492,119.9
25160,11.99,7.79,4.2,35.029190992493746,119.9
43393,11.99,5.91,6.08,50.70892410341952,119.9
17988,11.99,8.1,3.8900000000000006,32.44370308590492,119.9
44781,9.99,6.66,3.33,33.33333333333333,119.88000000000001
835,9.99,7.57,2.42,24.224224224224223,119.88
24494,9.99,6.8,3.1900000000000004,31.931931931931935,119.88
21526,9.99,6.66,3.33,33.33333333333333,119.88
22388,9.99,6.57,3.42,34.234234234234236,119.88
40666,9.99,6.89,3.1000000000000005,31.031031031031038,119.88
18309,9.99,6.57,3.42,34.234234234234236,119.88
17367,9.99,6.62,3.37,33.733733733733736,119.88
845,9.99,7.19,2.8,28.028028028028025,119.88
23894,9.99,6.66,3.33,33.33333333333333,119.88
24476,9.99,6.7,3.29,32.932932932932935,119.88
16863,9.99,6.84,3.1500000000000004,31.531531531531538,119.88
37722,9.99,6.7,3.29,32.932932932932935,119.88
14357,9.99,6.8,3.1900000000000004,31.931931931931935,119.88
45214,9.99,6.8,3.1900000000000004,31.931931931931935,119.88
10701,9.99,6.62,3.37,33.733733733733736,119.88
21504,9.99,6.8,3.1900000000000004,31.931931931931935,119.88
8008,9.99,7.14,2.8500000000000005,28.528528528528536,119.88
34501,9.99,6.89,3.1000000000000005,31.031031031031038,119.88
17470,9.99,6.8,3.1900000000000004,31.931931931931935,119.88
17017,9.99,6.89,3.1000000000000005,31.031031031031038,119.88
40220,9.99,5.51,4.48,44.84484484484485,119.88
18384,9.99,6.66,3.33,33.33333333333333,119.88
46090,7.989999999999999,5.19,2.799999999999999,35.04380475594492,119.85000000000001
44302,7.99,5.47,2.5200000000000005,31.539424280350442,119.85
24051,5.99,3.89,2.1,35.058430717863104,119.80000000000001
17911,5.99,4.13,1.8600000000000003,31.051752921535897,119.8
8063,1.9899999999999998,1.59,0.3999999999999997,20.1005025125628,119.4
2858,16.99,13.38,3.6099999999999977,21.24779281930546,118.92999999999999
23066,16.99,10.13,6.859999999999998,40.37669217186579,118.92999999999999
4387,8.49,6.29,2.2,25.91283863368669,118.86
37100,58.99,36.54,22.450000000000003,38.05729784709273,117.98
20685,58.99,40.68,18.310000000000002,31.03915917952196,117.98
21473,58.99,38.81,20.18,34.209187997965756,117.98
2976,17.49,11.59,5.899999999999999,33.73356203544882,117.92999999999999
23792,9.79,6.61,3.179999999999999,32.48212461695607,117.48
38529,38.99,25.99,13.000000000000004,33.34188253398308,116.97
25376,38.99,25.32,13.670000000000002,35.06027186458066,116.97
20772,38.99,25.99,13.000000000000004,33.34188253398308,116.97
23236,38.99,26.89,12.100000000000001,31.033598358553476,116.97
23543,12.99,8.6,4.390000000000001,33.795227097767516,116.91
46065,12.99,8.44,4.550000000000001,35.02694380292533,116.91
536,12.99,9.92,3.0700000000000003,23.633564280215552,116.91
780,12.99,9.84,3.1500000000000004,24.24942263279446,116.91
20420,12.99,8.66,4.33,33.33333333333333,116.91
25199,12.99,8.38,4.609999999999999,35.488837567359504,116.91
25319,12.99,8.6,4.390000000000001,33.795227097767516,116.91
23925,8.99,5.8,3.1900000000000004,35.483870967741936,116.87
700,8.29,6.33,1.959999999999999,23.642943305186964,116.05999999999999
20854,57.99,39.45,18.54,31.971029487842728,115.98
19594,28.99,18.95,10.04,34.63263194204898,115.96
278,28.99,21.96,7.029999999999998,24.249741290100026,115.96
918,14.49,10.89,3.5999999999999996,24.844720496894407,115.92
16430,5.79,3.91,1.88,32.46977547495682,115.80000000000001
23592,114.99,75.16,39.83,34.637794590833984,114.99
14265,22.99,14.28,8.709999999999999,37.88603740756851,114.94999999999999
24136,22.99,15.03,7.959999999999999,34.62374945628534,114.94999999999999
23186,22.99,13.42,9.569999999999999,41.6267942583732,114.94999999999999
21087,56.99,38.25,18.740000000000002,32.882961923144414,113.98
13606,37.99,26.2,11.790000000000003,31.034482758620697,113.97
2215,18.99,13.86,5.129999999999999,27.014218009478668,113.94
23538,18.99,6.9,12.089999999999998,63.6650868878357,113.94
9191,0.99,0.73,0.26,26.262626262626267,112.86
17384,37.49,24.34,13.150000000000002,35.076020272072554,112.47
15020,7.49,4.93,2.5600000000000005,34.178905206942595,112.35
945,27.99,20.43,7.559999999999999,27.0096463022508,111.96
36571,27.99,16.33,11.66,41.65773490532334,111.96
22644,27.99,18.91,9.079999999999998,32.440157198999636,111.96
21426,22.389999999999997,12.66,9.729999999999997,43.45690040196516,111.94999999999999
20174,15.99,10.95,5.040000000000001,31.519699812382747,111.93
18880,13.99,8.84,5.15,36.8120085775554,111.92
25106,36.99,24.34,12.650000000000002,34.19843200865099,110.97
23203,12.323333333333332,6.8,5.5233333333333325,44.82012442520963,110.91
4141,0.99,0.71,0.28,28.282828282828287,110.88000000000001
45129,54.99,35.71,19.28,35.060920167303145,109.98
25007,54.99,36.18,18.810000000000002,34.20621931260229,109.98
22049,54.99,37.66,17.330000000000005,31.514820876523014,109.98
24860,54.99,35.48,19.510000000000005,35.47917803236953,109.98
12199,54.99,36.42,18.57,33.76977632296781,109.98
25004,21.99,14.56,7.429999999999998,33.788085493406086,109.94999999999999
18938,10.99,6.49,4.5,40.94631483166515,109.9
4322,10.99,8.2,2.790000000000001,25.386715195632405,109.9
842,10.99,8.45,2.540000000000001,23.111919927206557,109.9
20550,10.99,7.14,3.8500000000000005,35.031847133757964,109.9
20549,10.99,7.48,3.51,31.938125568698815,109.9
16749,10.99,7.53,3.46,31.48316651501365,109.9
17914,10.99,6.2,4.79,43.585077343039124,109.9
38526,10.99,7.53,3.46,31.48316651501365,109.9
17938,9.99,6.7,3.29,32.932932932932935,109.89
4331,9.99,7.14,2.8500000000000005,28.528528528528536,109.89
25146,4.99,3.39,1.6,32.06412825651302,109.78
22906,5.69,3.87,1.8200000000000003,31.985940246045697,108.11
20428,53.99,35.52,18.47,34.210038896091866,107.98
2614,53.99,41.21,12.780000000000001,23.67105019448046,107.98
23411,26.99,18.24,8.75,32.419414597999264,107.96
25137,17.99,12.24,5.749999999999998,31.962201222901605,107.94
3432,17.99,13.04,4.949999999999999,27.51528627015008,107.94
11148,17.99,12.41,5.579999999999998,31.01723179544191,107.94
22793,8.99,6.2,2.79,31.03448275862069,107.88
46508,8.99,5.95,3.04,33.815350389321466,107.88
13583,8.99,2.53,6.460000000000001,71.85761957730813,107.88
15188,8.99,5.8,3.1900000000000004,35.483870967741936,107.88
17706,8.99,6.12,2.87,31.92436040044494,107.88
1408,8.99,7.19,1.7999999999999998,20.022246941045605,107.88
39840,8.99,5.95,3.04,33.815350389321466,107.88
22620,8.99,5.95,3.04,33.815350389321466,107.88
8634,8.99,6.1,2.8900000000000006,32.146829810901004,107.88
38318,8.99,6.2,2.79,31.03448275862069,107.88
14190,8.99,6.16,2.83,31.47942157953281,107.88
19370,5.989999999999999,3.94,2.0499999999999994,34.22370617696159,107.82
18363,5.99,4.1,1.8900000000000006,31.5525876460768,107.82
19849,6.29,3.44,2.85,45.310015898251194,106.93
23825,13.156666666666666,6.66,6.496666666666666,49.37927539903724,106.92
24260,52.99,36.54,16.450000000000003,31.043593130779396,105.98
19695,34.99,23.8,11.190000000000001,31.98056587596456,104.97
40436,14.99,9.67,5.32,35.49032688458973,104.93
24125,14.99,10.06,4.93,32.88859239492995,104.93
23935,14.99,9.73,5.26,35.090060040026685,104.93
17520,2.99,1.97,1.0200000000000002,34.113712374581944,104.65
6633,9.49,6.88,2.6100000000000003,27.502634351949425,104.39
18937,25.99,17.8,8.189999999999998,31.5121200461716,103.96
24692,12.99,8.49,4.5,34.64203233256351,103.92
161,12.99,9.28,3.710000000000001,28.560431100846813,103.92
3361,12.99,9.84,3.1500000000000004,24.24942263279446,103.92
18639,12.99,8.44,4.550000000000001,35.02694380292533,103.92
905,12.99,9.62,3.370000000000001,25.943033102386458,103.92
3402,12.99,10.31,2.6799999999999997,20.631254811393376,103.92
15349,7.99,5.26,2.7300000000000004,34.167709637046315,103.87
113,6.49,4.84,1.6500000000000004,25.423728813559325,103.84
16559,14.656666666666666,8.96,5.696666666666665,38.8674095974528,102.93
19062,50.99,33.99,17.0,33.33987056285546,101.98
22621,33.99,22.81,11.180000000000003,32.89202706678436,101.97
19201,16.99,11.48,5.509999999999998,32.4308416715715,101.94
587,16.99,12.49,4.499999999999998,26.486168334314293,101.94
14638,16.99,11.48,5.509999999999998,32.4308416715715,101.94
15192,12.847142857142858,8.27,4.577142857142858,35.62771044145447,101.92
15058,11.24,5.95,5.29,47.06405693950178,101.91
20842,8.49,5.74,2.75,32.39104829210836,101.88
34646,8.49,5.66,2.83,33.33333333333333,101.88
15366,8.49,5.86,2.63,30.977620730270907,101.88
44338,8.49,5.82,2.67,31.44876325088339,101.88
735,14.49,10.81,3.6799999999999997,25.396825396825395,101.43
5371,0.99,0.79,0.19999999999999996,20.2020202020202,100.98
36769,8.823333333333332,5.15,3.673333333333332,41.6320362674726,100.88
44651,99.99,64.93,35.05999999999999,35.06350635063505,99.99
1032,99.99,70.86,29.129999999999995,29.13291329132913,99.99
1404,99.99,64.28,35.709999999999994,35.713571357135706,99.99
25056,99.99,64.51,35.47999999999999,35.48354835483548,99.99
24159,99.99,67.56,32.42999999999999,32.43324332433243,99.99
21339,99.99,64.51,35.47999999999999,35.48354835483548,99.99
25156,49.99,32.89,17.1,34.20684136827366,99.98
3461,49.99,39.99,10.0,20.004000800160032,99.98
24473,49.99,33.11,16.880000000000003,33.766753350670136,99.98
21830,49.99,32.25,17.740000000000002,35.487097419483895,99.98
22787,49.99,33.33,16.660000000000004,33.32666533306662,99.98
123,49.99,38.75,11.240000000000002,22.48449689937988,99.98
46140,49.99,34.24,15.75,31.50630126025205,99.98
14277,49.99,32.67,17.32,34.64692938587717,99.98
21481,49.99,34.01,15.980000000000004,31.966393278655737,99.98
2715,49.99,39.99,10.0,20.004000800160032,99.98
19427,49.99,32.67,17.32,34.64692938587717,99.98
39736,49.99,31.99,18.000000000000004,36.007201440288064,99.98
19417,49.99,33.11,16.880000000000003,33.766753350670136,99.98
19049,49.99,33.33,16.660000000000004,33.32666533306662,99.98
24585,24.99,14.93,10.059999999999999,40.256102440976385,99.96
14013,24.99,16.77,8.219999999999999,32.89315726290516,99.96
22323,24.99,16.89,8.099999999999998,32.41296518607442,99.96
29676,19.99,13.07,6.919999999999998,34.617308654327154,99.94999999999999
25139,19.99,13.6,6.389999999999999,31.965982991495746,99.94999999999999
19216,19.99,13.79,6.199999999999999,31.015507753876935,99.94999999999999
19789,19.99,12.9,7.089999999999998,35.46773386693346,99.94999999999999
836,9.99,7.8,2.1900000000000004,21.921921921921925,99.9
19070,9.99,6.53,3.46,34.63463463463463,99.9
827,9.99,7.4,2.59,25.925925925925924,99.9
15914,3.99,2.61,1.3800000000000003,34.58646616541354,99.75
715,8.29,6.19,2.0999999999999988,25.331724969843172,99.47999999999999
23322,98.99,64.28,34.709999999999994,35.064147893726634,98.99
5610,32.99,25.57,7.420000000000002,22.491664140648684,98.97
33971,32.99,19.07,13.920000000000002,42.19460442558351,98.97
22934,32.99,22.6,10.39,31.49439224007275,98.97
18781,10.99,7.53,3.46,31.48316651501365,98.91000000000001
8570,10.99,7.09,3.9000000000000004,35.48680618744313,98.91
19056,8.99,5.88,3.1100000000000003,34.59399332591769,98.89
10374,8.99,5.19,3.8,42.269187986651836,98.89
7902,0.99,0.72,0.27,27.272727272727277,98.01
23099,48.99,32.23,16.760000000000005,34.21106348234335,97.98
1985,48.99,35.5,13.490000000000002,27.536231884057976,97.98
14126,13.99,9.08,4.91,35.09649749821301,97.93
11340,13.99,9.2,4.790000000000001,34.23874195854182,97.93
6957,13.99,10.76,3.2300000000000004,23.087919942816303,97.93
13703,6.49,4.33,2.16,33.281972265023114,97.35
23309,96.99,64.66,32.33,33.33333333333333,96.99
17816,8.79,5.86,2.929999999999999,33.33333333333333,96.69
23593,95.99,66.2,29.789999999999992,31.034482758620683,95.99
22173,47.99,29.65,18.340000000000003,38.21629506147114,95.98
23321,31.99,21.61,10.379999999999999,32.44763988746483,95.97
23144,31.99,20.64,11.349999999999998,35.479837449202876,95.97
41634,31.99,21.47,10.52,32.8852766489528,95.97
23603,23.99,15.68,8.309999999999999,34.6394330971238,95.96
23354,15.99,10.88,5.109999999999999,31.95747342088805,95.94
21296,15.99,11.03,4.960000000000001,31.0193871169481,95.94
21039,15.99,8.49,7.5,46.90431519699813,95.94
16586,15.99,10.38,5.609999999999999,35.08442776735459,95.94
24663,15.99,10.95,5.040000000000001,31.519699812382747,95.94
13255,15.99,10.52,5.470000000000001,34.20888055034397,95.94
21366,13.704285714285716,7.84,5.864285714285716,42.79161888877307,95.93
12268,7.99,5.22,2.7700000000000005,34.6683354192741,95.88
23905,7.99,5.33,2.66,33.29161451814768,95.88
18299,7.99,5.51,2.4800000000000004,31.03879849812266,95.88
32987,7.99,4.69,3.3,41.301627033792236,95.88
44709,7.99,5.29,2.7,33.79224030037547,95.88
43543,7.99,5.47,2.5200000000000005,31.539424280350442,95.88
36653,7.99,3.86,4.130000000000001,51.68961201501878,95.88
32543,7.99,5.29,2.7,33.79224030037547,95.88
885,7.99,6.05,1.9400000000000004,24.280350438047563,95.88
21099,7.99,5.4,2.59,32.41551939924906,95.88
8207,3.99,3.09,0.9000000000000004,22.556390977443616,95.76
39995,3.99,2.7,1.29,32.33082706766917,95.76
39996,3.99,2.75,1.2400000000000002,31.077694235588975,95.76
46059,3.99,2.64,1.35,33.83458646616541,95.76
41172,3.99,2.7,1.29,32.33082706766917,95.76
18414,3.99,2.68,1.31,32.83208020050125,95.76
28313,3.99,2.71,1.2800000000000002,32.08020050125314,95.76
19955,94.99,64.18,30.809999999999988,32.43499315717443,94.99
1090,18.99,13.59,5.399999999999999,28.436018957345965,94.94999999999999
23436,18.99,12.41,6.579999999999998,34.649815692469716,94.94999999999999
19959,18.99,12.58,6.409999999999998,33.75460768825697,94.94999999999999
20508,18.99,12.92,6.0699999999999985,31.964191679831483,94.94999999999999
21159,18.99,13.1,5.889999999999999,31.016324381253284,94.94999999999999
19809,46.99,31.33,15.660000000000004,33.32623962545223,93.98
14973,46.99,28.76,18.23,38.795488401787615,93.98
298,8.49,6.06,2.4300000000000006,28.62190812720849,93.39
15899,92.99,61.58,31.409999999999997,33.777825572642215,92.99
4348,15.49,11.65,3.84,24.790187217559716,92.94
1107,45.99,36.5,9.490000000000002,20.63492063492064,91.98
6046,45.99,32.85,13.14,28.57142857142857,91.98
18569,45.99,22.87,23.12,50.27179821700369,91.98
2703,22.99,18.25,4.739999999999998,20.617659852109607,91.96
15470,22.99,15.33,7.659999999999998,33.31883427577207,91.96
41170,3.99,2.66,1.33,33.33333333333333,91.77000000000001
42752,3.79,2.56,1.23,32.45382585751979,90.96
10733,12.99,8.16,4.83,37.1824480369515,90.93
886,12.99,9.41,3.58,27.559661277906084,90.93
19906,6.99,4.82,2.17,31.04434907010014,90.86999999999999
2349,89.99,70.3,19.689999999999998,21.88020891210134,89.99
23040,89.99,59.2,30.789999999999992,34.214912768085334,89.99
22538,89.99,59.99,29.999999999999993,33.33703744860539,89.99
22426,89.99,59.99,29.999999999999993,33.33703744860539,89.99
20883,89.99,61.22,28.769999999999996,31.970218913212577,89.99
25206,89.99,60.8,29.189999999999998,32.43693743749305,89.99
1274,44.99,34.88,10.11,22.47166036897088,89.98
15507,44.99,30.4,14.590000000000003,32.42942876194711,89.98
465,44.99,35.99,9.0,20.004445432318292,89.98
43900,44.99,31.03,13.96,31.02911758168482,89.98
16281,29.99,19.86,10.129999999999999,33.777925975325104,89.97
194,29.99,22.55,7.439999999999998,24.80826942314104,89.97
13791,29.99,19.73,10.259999999999998,34.21140380126708,89.97
24533,29.99,19.47,10.52,35.07835945315105,89.97
22324,29.99,19.73,10.259999999999998,34.21140380126708,89.97
19796,29.99,19.99,10.0,33.344448149383126,89.97
25588,29.99,20.26,9.729999999999997,32.44414804934978,89.97
31194,22.656666666666666,14.96,7.696666666666665,33.97086950125055,89.96
20376,17.99,11.99,5.999999999999998,33.35186214563646,89.94999999999999
24410,17.99,12.32,5.669999999999998,31.517509727626454,89.94999999999999
23495,17.99,12.24,5.749999999999998,31.962201222901605,89.94999999999999
6916,14.99,11.1,3.8900000000000006,25.950633755837227,89.94
229,14.99,10.39,4.6,30.687124749833217,89.94
3084,14.99,11.27,3.7200000000000006,24.81654436290861,89.94
16649,14.99,9.67,5.32,35.49032688458973,89.94
14370,14.99,10.06,4.93,32.88859239492995,89.94
530,14.99,11.27,3.7200000000000006,24.81654436290861,89.94
17289,14.99,10.2,4.790000000000001,31.95463642428286,89.94
22097,14.99,9.33,5.66,37.758505670446965,89.94
2939,14.99,11.53,3.460000000000001,23.08205470313543,89.94
19944,9.99,6.8,3.1900000000000004,31.931931931931935,89.91000000000001
21622,9.99,5.8,4.19,41.94194194194195,89.91
549,8.99,6.42,2.5700000000000003,28.58731924360401,89.9
43499,7.49,4.83,2.66,35.51401869158878,89.88
35855,7.49,5.17,2.3200000000000003,30.974632843791728,89.88
11743,7.49,4.9,2.59,34.57943925233645,89.88
17065,5.99,4.1,1.8900000000000006,31.5525876460768,89.85000000000001
2784,9.790000000000001,7.25,2.540000000000001,25.944841675178758,88.10999999999999
18697,87.99,59.86,28.129999999999995,31.969541993408342,87.99
17615,21.99,12.16,9.829999999999998,44.70213733515234,87.96
24191,21.99,13.79,8.2,37.28967712596635,87.96
5273,7.989999999999999,6.34,1.6499999999999995,20.650813516896115,87.89
24095,3.99,2.7,1.29,32.33082706766917,87.78
24046,7.290000000000001,4.73,2.5600000000000005,35.116598079561044,87.48
13418,7.29,4.99,2.3,31.550068587105624,87.48
244,28.99,22.65,6.34,21.869610210417388,86.97
25058,28.99,19.33,9.66,33.32183511555709,86.97
11077,28.99,19.99,9.0,31.045187995860644,86.97
42115,14.49,9.66,4.83,33.33333333333333,86.94
20218,12.49,7.84,4.65,37.22978382706165,86.93
24183,85.99,55.84,30.14999999999999,35.062216536806595,85.99
10864,85.99,59.3,26.689999999999998,31.038492848005582,85.99
19604,42.99,28.66,14.330000000000002,33.333333333333336,85.98
36067,42.99,29.45,13.540000000000003,31.49569667364504,85.98
19632,42.99,27.92,15.07,35.05466387531984,85.98
22700,84.99,58.21,26.779999999999994,31.50958936345452,84.99
45871,8.49,5.66,2.83,33.33333333333333,84.9
11420,4.99,3.39,1.6,32.06412825651302,84.83000000000001
6343,4.99,3.44,1.5500000000000003,31.062124248496996,84.83000000000001
18853,6.49,4.41,2.08,32.04930662557781,84.37
108,6.49,4.77,1.7200000000000006,26.50231124807397,84.37
111,6.489999999999999,4.7,1.7899999999999991,27.580893682588588,84.37
25107,41.99,28.76,13.23,31.507501786139557,83.98
19824,41.99,27.27,14.720000000000002,35.0559657061205,83.98
3742,27.99,21.7,6.289999999999999,22.472311539835655,83.97
19430,20.99,13.99,6.999999999999998,33.349213911386364,83.96
38641,13.99,9.26,4.73,33.80986418870622,83.94
23899,13.99,8.1,5.890000000000001,42.10150107219443,83.94
22927,13.99,9.65,4.34,31.022158684774837,83.94
12575,13.99,9.14,4.85,34.66761972837741,83.94
12539,13.99,9.08,4.91,35.09649749821301,83.94
43919,11.99,7.89,4.1000000000000005,34.19516263552961,83.93
3719,10.656666666666666,7.36,3.296666666666666,30.935251798561147,83.93
10336,11.99,8.1,3.8900000000000006,32.44370308590492,83.92999999999999
41727,6.99,4.63,2.3600000000000003,33.76251788268956,83.88
667,6.99,5.18,1.8100000000000005,25.89413447782547,83.88
22234,6.99,4.79,2.2,31.47353361945637,83.88
23928,6.99,4.79,2.2,31.47353361945637,83.88
6456,5.99,4.02,1.9700000000000006,32.88814691151921,83.86
22101,8.29,5.72,2.5699999999999994,31.00120627261761,82.9
20680,40.99,26.97,14.020000000000003,34.20346425957551,81.98
17671,6.79,4.44,2.3499999999999996,34.60972017673048,81.48
15923,4.79,3.21,1.58,32.98538622129436,81.42999999999999
23041,40.49,22.57,17.92,44.25784144233144,80.98
19818,26.99,18.61,8.379999999999999,31.048536494998146,80.97
23659,26.99,17.53,9.459999999999997,35.05001852537976,80.97
18676,26.99,18.11,8.879999999999999,32.90107447202668,80.97
38649,26.99,17.53,9.459999999999997,35.05001852537976,80.97
8456,13.49,9.64,3.8499999999999996,28.53965900667161,80.94
23415,4.49,2.95,1.54,34.29844097995546,80.82
28272,4.49,2.92,1.5700000000000003,34.96659242761693,80.82
8848,0.99,0.77,0.21999999999999997,22.22222222222222,80.19
3065,0.99,0.71,0.28,28.282828282828287,80.19
37910,79.99,51.33,28.659999999999997,35.8294786848356,79.99
24924,79.99,53.68,26.309999999999995,32.89161145143142,79.99
15545,79.99,51.94,28.049999999999997,35.06688336042005,79.99
20669,79.99,51.94,28.049999999999997,35.06688336042005,79.99
22597,39.99,24.99,15.000000000000004,37.509377344336094,79.98
14389,39.99,25.8,14.190000000000001,35.483870967741936,79.98
37419,39.99,24.65,15.340000000000003,38.35958989747438,79.98
18110,39.99,25.97,14.020000000000003,35.0587646911728,79.98
44742,39.99,24.83,15.160000000000004,37.90947736934234,79.98
35957,19.99,13.69,6.299999999999999,31.515757878939464,79.96
3095,19.99,14.28,5.709999999999999,28.564282141070535,79.96
12353,19.99,13.07,6.919999999999998,34.617308654327154,79.96
23807,19.99,12.66,7.329999999999998,36.668334167083536,79.96
25426,19.99,13.33,6.659999999999998,33.316658329164575,79.96
19637,19.99,13.79,6.199999999999999,31.015507753876935,79.96
21342,15.99,10.52,5.470000000000001,34.20888055034397,79.95
23534,15.99,10.38,5.609999999999999,35.08442776735459,79.95
10766,15.99,9.58,6.41,40.08755472170106,79.95
7311,15.99,11.76,4.23,26.454033771106943,79.95
22454,9.99,6.45,3.54,35.43543543543544,79.92
19699,9.99,6.8,3.1900000000000004,31.931931931931935,79.92
832,9.99,7.24,2.75,27.52752752752753,79.92
4383,9.99,7.46,2.5300000000000002,25.325325325325327,79.92
20885,9.99,6.7,3.29,32.932932932932935,79.92
19547,9.99,6.75,3.24,32.432432432432435,79.92
46950,7.989999999999999,5.36,2.629999999999999,32.916145181476836,79.9
23666,7.99,5.36,2.63,32.91614518147684,79.9
39601,7.99,4.69,3.3,41.301627033792236,79.9
17399,78.99,53.37,25.619999999999997,32.43448537789593,78.99
21480,77.99,53.42,24.569999999999993,31.50403897935632,77.99
2959,38.99,29.54,9.450000000000003,24.23698384201078,77.98
16309,25.99,16.54,9.45,36.360138514813386,77.97
23157,25.99,17.21,8.779999999999998,33.78222393228164,77.97
22646,25.99,16.77,9.219999999999999,35.475182762601,77.97
613,25.99,20.46,5.529999999999998,21.27741439015005,77.97
10370,25.99,16.99,9.0,34.62870334744132,77.97
25083,25.99,17.1,8.889999999999997,34.20546363986148,77.97
40513,18.99,11.68,7.309999999999999,38.493944181147974,77.96
24560,12.99,8.6,4.390000000000001,33.795227097767516,77.94
44637,12.99,8.84,4.15,31.947652040030793,77.94
22197,12.99,8.49,4.5,34.64203233256351,77.94
23202,12.99,6.75,6.24,48.03695150115473,77.94
22866,12.99,8.78,4.210000000000001,32.409545804464976,77.94
39433,12.99,8.9,4.09,31.48575827559661,77.94
15968,12.99,8.38,4.609999999999999,35.488837567359504,77.94
10544,12.99,8.9,4.09,31.48575827559661,77.94
37733,12.99,8.84,4.15,31.947652040030793,77.94
46166,6.489999999999999,4.3,2.1899999999999995,33.74422187981509,77.88
12900,5.99,4.13,1.8600000000000003,31.051752921535897,77.87
24922,15.49,10.47,5.02,32.40800516462233,77.45
5250,10.99,7.14,3.8500000000000005,35.031847133757964,76.93
551,10.99,8.59,2.4000000000000004,21.83803457688808,76.93
21109,10.99,7.33,3.66,33.30300272975432,76.93
19108,10.99,7.09,3.9000000000000004,35.48680618744313,76.93
20181,6.99,4.66,2.33,33.33333333333333,76.89
2475,6.99,5.22,1.7700000000000005,25.321888412017174,76.89
8535,4.8025,3.7,1.1025,22.95679333680375,76.84
19867,4.49,3.1,1.3900000000000001,30.957683741648108,76.33
23170,75.99,52.41,23.58,31.030398736675878,75.99
23328,75.99,52.41,23.58,31.030398736675878,75.99
19633,37.99,24.51,13.48,35.483021847854694,75.98
20702,37.99,24.67,13.32,35.06185838378521,75.98
16584,37.99,26.02,11.970000000000002,31.508291655698873,75.98
1129,37.99,30.15,7.840000000000003,20.637009739405116,75.98
34021,18.99,12.66,6.329999999999998,33.33333333333333,75.96
34982,18.99,12.66,6.329999999999998,33.33333333333333,75.96
22439,18.99,12.25,6.739999999999998,35.49236440231701,75.96
41529,18.99,12.25,6.739999999999998,35.49236440231701,75.96
21259,18.99,12.66,6.329999999999998,33.33333333333333,75.96
2129,18.99,13.56,5.429999999999998,28.593996840442333,75.96
24015,18.99,12.33,6.659999999999998,35.07109004739336,75.96
1565,18.99,14.39,4.599999999999998,24.223275408109522,75.96
18263,18.99,12.58,6.409999999999998,33.75460768825697,75.96
15064,18.99,12.92,6.0699999999999985,31.964191679831483,75.96
31496,6.29,3.37,2.92,46.42289348171701,75.48
399,6.29,4.73,1.5599999999999996,24.801271860095383,75.48
8801,0.99,0.78,0.20999999999999996,21.21212121212121,75.24000000000001
23137,74.99,23.97,51.019999999999996,68.03573809841312,74.99
19825,74.99,51.36,23.629999999999995,31.510868115748764,74.99
40365,74.99,49.34,25.64999999999999,34.20456060808107,74.99
24365,24.99,17.12,7.869999999999997,31.492597038815518,74.97
18652,24.99,15.53,9.459999999999999,37.85514205682273,74.97
21711,24.99,16.66,8.329999999999998,33.33333333333333,74.97
23530,24.99,15.12,9.87,39.49579831932773,74.97
6774,24.99,19.99,5.0,20.008003201280513,74.97
39098,24.99,14.76,10.229999999999999,40.936374549819924,74.97
20418,14.99,10.34,4.65,31.02068045363576,74.95
18767,14.99,10.27,4.720000000000001,31.487658438959308,74.95
46135,4.99,3.28,1.7100000000000004,34.268537074148306,74.85000000000001
9219,0.99,0.78,0.20999999999999996,21.21212121212121,74.25
20275,36.99,24.99,12.000000000000004,32.44120032441201,73.98
90085,36.99,23.86,13.130000000000003,35.49608002162748,73.98
24275,18.49,11.64,6.849999999999998,37.04705246078961,73.96
18587,35.99,23.83,12.160000000000004,33.78716310086136,71.98
25086,35.99,24.82,11.170000000000002,31.03639899972215,71.98
21831,35.99,23.22,12.770000000000003,35.48207835509864,71.98
1516,23.99,14.59,9.399999999999999,39.182992913714045,71.97
14110,23.99,15.89,8.099999999999998,33.764068361817415,71.97
3441,23.99,18.04,5.949999999999999,24.802000833680697,71.97
45912,18.323333333333334,11.72,6.6033333333333335,36.037838821175185,71.96
17131,17.99,11.84,6.149999999999999,34.18565869927737,71.96
20724,17.99,10.13,7.859999999999998,43.690939410783756,71.96
8986,17.99,12.02,5.969999999999999,33.18510283490828,71.96
37314,17.99,11.03,6.959999999999999,38.6881600889383,71.96
814,17.99,14.39,3.599999999999998,20.011117287381868,71.96
15063,17.99,12.07,5.919999999999998,32.90717065036131,71.96
13831,11.99,8.16,3.83,31.94328607172644,71.94
35644,11.99,8.05,3.9399999999999995,32.860717264386984,71.94
15582,11.99,8.1,3.8900000000000006,32.44370308590492,71.94
19673,11.99,8.27,3.7200000000000006,31.025854879065896,71.94
16478,11.99,7.94,4.05,33.778148457047536,71.94
22865,11.99,7.99,4.0,33.361134278565466,71.94
874,8.99,6.71,2.2800000000000002,25.361512791991103,71.92
14100,5.99,4.02,1.9700000000000006,32.88814691151921,71.88
3271,5.99,4.47,1.5200000000000005,25.37562604340568,71.88
21318,5.99,3.94,2.0500000000000003,34.223706176961606,71.88
16163,5.99,3.97,2.02,33.7228714524207,71.88
14101,5.99,4.05,1.9400000000000004,32.3873121869783,71.88
26396,5.99,3.89,2.1,35.058430717863104,71.88
7375,5.99,3.97,2.02,33.7228714524207,71.88
39111,2.99,2.02,0.9700000000000002,32.44147157190636,71.76
26644,6.49,4.36,2.13,32.81972265023112,71.39
5603,0.99,0.79,0.19999999999999996,20.2020202020202,71.28
979,7.79,5.9,1.8899999999999997,24.26187419768934,70.11
24279,69.99,46.35,23.639999999999993,33.77625375053579,69.99
19436,69.99,46.35,23.639999999999993,33.77625375053579,69.99
13557,69.99,46.05,23.939999999999998,34.20488641234462,69.99
12655,34.99,23.17,11.82,33.78108030865962,69.98
19391,34.99,23.97,11.020000000000003,31.494712775078604,69.98
319,34.99,25.17,9.82,28.065161474707057,69.98
21016,34.99,23.97,11.020000000000003,31.494712775078604,69.98
19630,34.99,23.48,11.510000000000002,32.89511288939697,69.98
25076,34.99,23.48,11.510000000000002,32.89511288939697,69.98
22552,34.99,23.64,11.350000000000001,32.437839382680764,69.98
21407,13.99,9.14,4.85,34.66761972837741,69.95
24671,13.99,9.58,4.41,31.52251608291637,69.95
34532,13.99,9.2,4.790000000000001,34.23874195854182,69.95
21686,13.99,9.08,4.91,35.09649749821301,69.95
21592,11.59,6.7,4.89,42.19154443485763,69.94
23988,9.99,6.66,3.33,33.33333333333333,69.93
20504,5.79,3.94,1.85,31.951640759930918,69.48
46185,22.99,15.75,7.239999999999998,31.491953023053497,68.97
776,22.99,18.1,4.889999999999997,21.270117442366235,68.97
614,22.99,17.16,5.829999999999998,25.35885167464114,68.97
18610,22.99,15.33,7.659999999999998,33.31883427577207,68.97
6136,22.99,17.16,5.829999999999998,25.35885167464114,68.97
24792,22.99,15.43,7.559999999999999,32.88386254893432,68.97
21458,67.99,45.63,22.359999999999992,32.88718929254301,67.99
46766,33.99,21.56,12.430000000000003,36.5695792880259,67.98
12665,16.99,11.72,5.269999999999998,31.018246027074742,67.96
24449,16.99,10.34,6.649999999999999,39.140670982931134,67.96
8828,16.99,12.4,4.589999999999998,27.015891701000577,67.96
40607,16.99,11.25,5.739999999999998,33.78457916421424,67.96
17595,16.99,11.03,5.959999999999999,35.07945850500294,67.96
14635,16.99,11.56,5.429999999999998,31.95997645673925,67.96
24353,16.99,11.48,5.509999999999998,32.4308416715715,67.96
12052,16.99,8.55,8.439999999999998,49.67628016480282,67.96
16466,16.99,11.33,5.659999999999998,33.313713949381984,67.96
3151,7.49,5.51,1.9800000000000004,26.435246995994667,67.41
3809,9.49,7.19,2.3,24.23603793466807,66.43
3250,9.49,7.41,2.08,21.917808219178085,66.42999999999999
8151,0.9899999999999999,0.71,0.2799999999999999,28.282828282828277,66.33
16961,65.99,38.7,27.289999999999992,41.35475071980602,65.99
23983,65.99,44.59,21.39999999999999,32.429155932717066,65.99
2877,65.99,49.25,16.739999999999995,25.367479921200175,65.99
23233,32.99,21.85,11.14,33.767808426795995,65.98
19369,21.99,14.28,7.709999999999999,35.06139154160982,65.97
5098,21.99,16.79,5.199999999999999,23.64711232378354,65.97
22399,21.99,13.15,8.839999999999998,40.20009095043201,65.97
22440,21.99,14.86,7.129999999999999,32.42382901318781,65.97
47011,21.99,12.25,9.739999999999998,44.292860391086855,65.97
24602,21.99,15.17,6.8199999999999985,31.014097316962253,65.97
21385,21.99,11.99,9.999999999999998,45.47521600727603,65.97
1982,21.99,15.82,6.169999999999998,28.058208276489303,65.97
19836,21.99,15.06,6.929999999999998,31.514324693042283,65.97
34135,10.99,7.48,3.51,31.938125568698815,65.94
12134,10.99,7.33,3.66,33.30300272975432,65.94
19568,10.99,6.07,4.92,44.76797088262056,65.94
4415,10.99,8.72,2.2699999999999996,20.655141037306638,65.94
20793,10.99,7.43,3.5600000000000005,32.39308462238399,65.94
8028,10.99,8.39,2.5999999999999996,23.65787079162875,65.94
36846,10.99,7.33,3.66,33.30300272975432,65.94
3058,0.99,0.71,0.28,28.282828282828287,65.34
18564,32.49,18.61,13.880000000000003,42.720837180670976,64.98
21529,12.99,8.44,4.550000000000001,35.02694380292533,64.95
3131,12.99,9.28,3.710000000000001,28.560431100846813,64.95
23896,12.99,7.58,5.41,41.64742109314858,64.95
23042,12.99,8.9,4.09,31.48575827559661,64.95
16240,4.99,3.24,1.75,35.07014028056112,64.87
19621,63.99,42.66,21.330000000000005,33.33333333333334,63.99
90084,31.99,21.05,10.939999999999998,34.198186933416686,63.98
21460,31.99,20.64,11.349999999999998,35.479837449202876,63.98
3182,31.99,22.85,9.139999999999997,28.571428571428566,63.98
19612,31.99,21.19,10.799999999999997,33.76055017192872,63.98
24424,31.99,21.05,10.939999999999998,34.198186933416686,63.98
5363,15.99,12.3,3.6899999999999995,23.076923076923073,63.96
36749,15.99,10.38,5.609999999999999,35.08442776735459,63.96
22799,15.99,9.65,6.34,39.64978111319575,63.96
22207,15.99,10.73,5.26,32.89555972482802,63.96
37194,10.59,5.51,5.08,47.96978281397545,63.940000000000005
22975,5.29,3.62,1.67,31.568998109640827,63.48
33211,5.29,3.53,1.7600000000000002,33.270321361058606,63.48
45576,6.345555555555555,3.5,2.8455555555555554,44.84328488881106,63.4
1711,20.99,15.32,5.669999999999998,27.012863268222958,62.97
46190,20.99,14.18,6.809999999999999,32.44402096236303,62.97
21978,8.99,5.8,3.1900000000000004,35.483870967741936,62.93
4101,8.99,6.97,2.0200000000000005,22.469410456062295,62.93
37530,6.99,4.54,2.45,35.050071530758224,62.91
5683,0.49,0.39,0.09999999999999998,20.40816326530612,62.72
40246,5.49,3.56,1.9300000000000002,35.15482695810565,60.39
39718,59.99,40.53,19.46,32.43873978996499,59.99
704,59.99,47.61,12.380000000000003,20.636772795465916,59.99
24691,59.99,39.47,20.520000000000003,34.205700950158366,59.99
20853,59.99,38.95,21.04,35.072512085347554,59.99
21217,59.99,39.21,20.78,34.63910651775296,59.99
20602,59.99,37.41,22.580000000000005,37.63960660110019,59.99
24107,59.99,40.53,19.46,32.43873978996499,59.99
19833,59.99,40.81,19.18,31.971995332555426,59.99
33765,59.99,38.95,21.04,35.072512085347554,59.99
2252,29.99,22.05,7.939999999999998,26.4754918306102,59.98
608,29.99,23.43,6.559999999999999,21.87395798599533,59.98
22548,29.99,19.86,10.129999999999999,33.777925975325104,59.98
6090,29.99,22.72,7.27,24.24141380460153,59.98
22555,29.99,20.68,9.309999999999999,31.043681227075687,59.98
25085,29.99,19.99,10.0,33.344448149383126,59.98
5181,29.99,23.99,6.0,20.00666888962988,59.98
2271,29.99,23.8,6.189999999999998,20.64021340446815,59.98
22630,29.99,20.54,9.45,31.510503501167054,59.98
13950,29.99,19.86,10.129999999999999,33.777925975325104,59.98
3475,29.99,22.38,7.609999999999999,25.37512504168056,59.98
35480,19.99,13.42,6.5699999999999985,32.8664332166083,59.97
24366,19.99,13.07,6.919999999999998,34.617308654327154,59.97
16445,19.99,11.91,8.079999999999998,40.420210105052526,59.97
11263,19.99,13.69,6.299999999999999,31.515757878939464,59.97
2719,19.99,15.5,4.489999999999998,22.46123061530765,59.97
5080,19.99,12.02,7.969999999999999,39.869934967483736,59.97
33204,19.99,13.07,6.919999999999998,34.617308654327154,59.97
40608,14.99,9.67,5.32,35.49032688458973,59.96
34473,14.99,10.27,4.720000000000001,31.487658438959308,59.96
14627,14.99,9.93,5.0600000000000005,33.755837224816545,59.96
7458,11.99,9.52,2.4700000000000006,20.600500417014185,59.95
10127,11.99,8.1,3.8900000000000006,32.44370308590492,59.95
24881,11.99,8.21,3.7799999999999994,31.526271893244363,59.95
22450,11.99,6.7,5.29,44.12010008340283,59.95
43923,11.99,8.21,3.7799999999999994,31.526271893244363,59.95
4357,9.99,7.46,2.5300000000000002,25.325325325325327,59.940000000000005
830,9.99,7.35,2.6400000000000006,26.42642642642643,59.940000000000005
24123,9.99,6.53,3.46,34.63463463463463,59.94
21754,9.99,6.45,3.54,35.43543543543544,59.94
17339,9.99,5.4,4.59,45.945945945945944,59.94
11174,9.99,6.66,3.33,33.33333333333333,59.94
2833,9.99,7.24,2.75,27.52752752752753,59.94
6373,4.99,3.44,1.5500000000000003,31.062124248496996,59.88
39346,4.99,3.44,1.5500000000000003,31.062124248496996,59.88
41171,3.99,2.66,1.33,33.33333333333333,59.85
354,19.49,14.23,5.259999999999998,26.988199076449455,58.47
16689,57.99,37.66,20.330000000000005,35.0577685807898,57.99
17170,57.99,35.48,22.510000000000005,38.81703742024488,57.99
24872,57.99,38.4,19.590000000000003,33.78168649767201,57.99
21060,57.99,39.45,18.54,31.971029487842728,57.99
22657,28.99,19.59,9.399999999999999,32.424974129009996,57.98
45645,28.99,17.8,11.189999999999998,38.59951707485339,57.98
17282,28.99,19.59,9.399999999999999,32.424974129009996,57.98
15774,14.49,7.61,6.88,47.48102139406487,57.96
22781,56.99,37.74,19.25,33.77785576416915,56.99
12475,18.99,12.58,6.409999999999998,33.75460768825697,56.97
4824,18.99,14.72,4.269999999999998,22.48551869404949,56.97
22518,18.99,11.72,7.269999999999998,38.28330700368614,56.97
4077,18.99,10.29,8.7,45.813586097946285,56.97
4212,18.99,14.5,4.489999999999998,23.644023170089515,56.97
24430,9.49,5.74,3.75,39.51527924130664,56.94
14923,3.7900000000000005,2.54,1.2500000000000004,32.981530343007925,56.849999999999994
24658,55.99,38.09,17.9,31.969994641900335,55.99
957,27.99,21.37,6.619999999999997,23.65130403715612,55.98
926,27.99,20.58,7.41,26.47374062165059,55.98
2263,27.99,20.28,7.709999999999997,27.54555198285101,55.98
22778,27.99,19.04,8.95,31.97570560914612,55.98
3777,27.99,21.7,6.289999999999999,22.472311539835655,55.98
15859,27.99,18.79,9.2,32.86888174347981,55.98
22108,13.99,9.08,4.91,35.09649749821301,55.96
17433,13.99,7.79,6.2,44.31736954967834,55.96
22099,13.99,7.79,6.2,44.31736954967834,55.96
20605,13.99,9.65,4.34,31.022158684774837,55.96
21003,13.99,9.2,4.790000000000001,34.23874195854182,55.96
22418,13.99,9.58,4.41,31.52251608291637,55.96
12595,7.989999999999999,5.36,2.629999999999999,32.916145181476836,55.93
18756,7.989999999999999,5.36,2.629999999999999,32.916145181476836,55.93
1096,6.989999999999999,5.55,1.4399999999999995,20.600858369098706,55.92
21082,54.99,35.48,19.510000000000005,35.47917803236953,54.99
2762,54.99,40.73,14.260000000000005,25.9319876341153,54.99
23961,54.99,36.66,18.330000000000005,33.33333333333334,54.99
6040,10.99,8.39,2.5999999999999996,23.65787079162875,54.95
589,10.99,7.91,3.08,28.02547770700637,54.95
46802,4.99,3.26,1.7300000000000004,34.669338677354716,54.89
15239,53.99,36.23,17.760000000000005,32.89498055195407,53.99
19063,53.99,35.99,18.0,33.33950731616966,53.99
24555,26.99,18.24,8.75,32.419414597999264,53.98
21230,17.99,11.84,6.149999999999999,34.18565869927737,53.97
23185,17.99,8.78,9.209999999999999,51.19510839355197,53.97
16696,17.99,12.24,5.749999999999998,31.962201222901605,53.97
22924,17.99,12.16,5.829999999999998,32.40689271817676,53.97
20090,17.99,11.99,5.999999999999998,33.35186214563646,53.97
10618,11.323333333333332,6.84,4.4833333333333325,39.59375919929349,53.95
42439,8.99,6.16,2.83,31.47942157953281,53.94
22195,8.99,5.33,3.66,40.711902113459395,53.94
18906,5.989999999999999,3.92,2.0699999999999994,34.557595993322195,53.91
23344,4.49,2.97,1.52,33.85300668151447,53.88
19703,4.49,2.93,1.56,34.74387527839644,53.88
8274,4.49,2.97,1.52,33.85300668151447,53.88
8495,0.99,0.71,0.28,28.282828282828287,53.46
23024,52.99,35.33,17.660000000000004,33.327042838271375,52.99
2320,52.99,38.68,14.310000000000002,27.005095301000193,52.99
2572,52.99,36.42,16.57,31.270050953010003,52.99
21355,10.49,7.04,3.45,32.8884652049571,52.45
21026,7.49,4.9,2.59,34.57943925233645,52.43
90086,51.99,34.2,17.79,34.21811886901327,51.99
24994,25.99,17.44,8.549999999999997,32.89726818006925,51.98
4214,12.99,7.57,5.42,41.72440338722094,51.96
23587,12.99,8.21,4.779999999999999,36.79753656658968,51.96
41411,12.99,8.9,4.09,31.48575827559661,51.96
12774,12.99,8.38,4.609999999999999,35.488837567359504,51.96
13918,12.99,8.72,4.27,32.87143956889915,51.96
22279,6.489999999999999,4.45,2.039999999999999,31.432973805855152,51.92
19125,50.99,33.11,17.880000000000003,35.06569915669739,50.99
16587,16.99,11.4,5.589999999999998,32.90170688640376,50.97
5658,16.99,13.38,3.6099999999999977,21.24779281930546,50.97
16580,49.99,34.01,15.980000000000004,31.966393278655737,49.99
21519,49.99,32.89,17.1,34.20684136827366,49.99
248,49.99,39.36,10.630000000000003,21.264252850570116,49.99
22263,49.99,32.46,17.53,35.06701340268054,49.99
20250,49.99,34.48,15.510000000000005,31.026205241048217,49.99
2188,49.99,37.59,12.399999999999999,24.804960992198435,49.99
15476,49.99,33.11,16.880000000000003,33.766753350670136,49.99
37909,49.99,33.33,16.660000000000004,33.32666533306662,49.99
407,49.99,39.36,10.630000000000003,21.264252850570116,49.99
20913,49.99,32.89,17.1,34.20684136827366,49.99
20952,24.99,16.44,8.549999999999997,34.21368547418967,49.98
23048,24.99,16.89,8.099999999999998,32.41296518607442,49.98
34352,24.99,16.44,8.549999999999997,34.21368547418967,49.98
20360,24.99,16.66,8.329999999999998,33.33333333333333,49.98
3873,24.99,19.52,5.469999999999999,21.888755502200876,49.98
21155,24.99,15.12,9.87,39.49579831932773,49.98
24364,24.99,14.93,10.059999999999999,40.256102440976385,49.98
3934,24.99,18.11,6.879999999999999,27.53101240496198,49.98
40771,24.99,15.78,9.209999999999999,36.8547418967587,49.98
828,9.99,7.74,2.25,22.52252252252252,49.95
849,9.99,7.35,2.6400000000000006,26.42642642642643,49.95
5537,9.99,7.19,2.8,28.028028028028025,49.95
23380,9.99,6.57,3.42,34.234234234234236,49.95
45875,9.99,6.45,3.54,35.43543543543544,49.95
1034,4.99,3.81,1.1800000000000002,23.647294589178358,49.900000000000006
1932,0.99,0.71,0.28,28.282828282828287,49.5
45874,5.49,3.76,1.7300000000000004,31.51183970856103,49.410000000000004
22622,48.99,32.23,16.760000000000005,34.21106348234335,48.99
24359,48.99,32.44,16.550000000000004,33.78240457236171,48.99
22915,48.99,33.79,15.200000000000003,31.02674015105124,48.99
19914,6.99,4.66,2.33,33.33333333333333,48.93
41985,47.99,33.1,14.89,31.027297353615335,47.99
11259,47.99,31.16,16.830000000000002,35.06980620962701,47.99
19058,47.99,32.43,15.560000000000002,32.42342154615545,47.99
22661,47.99,30.82,17.17,35.77828714315483,47.99
2995,23.99,17.51,6.479999999999997,27.011254689453928,47.98
20413,23.99,15.99,7.999999999999998,33.347228011671525,47.98
21538,15.99,9.52,6.470000000000001,40.46278924327705,47.97
8580,15.99,12.59,3.4000000000000004,21.263289555972484,47.97
17512,15.99,10.2,5.790000000000001,36.210131332082554,47.97
24287,15.99,10.45,5.540000000000001,34.64665415884929,47.97
24347,15.99,10.13,5.859999999999999,36.647904940587864,47.97
15871,15.99,10.95,5.040000000000001,31.519699812382747,47.97
32669,15.99,10.8,5.1899999999999995,32.457786116322694,47.97
23897,15.99,10.66,5.33,33.33333333333333,47.97
43890,15.99,10.88,5.109999999999999,31.95747342088805,47.97
13144,15.99,8.55,7.4399999999999995,46.529080675422136,47.97
16061,15.99,10.06,5.93,37.08567854909318,47.97
45495,15.99,10.38,5.609999999999999,35.08442776735459,47.97
14711,11.99,6.57,5.42,45.20433694745621,47.96
22863,11.99,8.05,3.9399999999999995,32.860717264386984,47.96
2065,11.99,9.44,2.5500000000000007,21.267723102585492,47.96
20492,11.99,7.38,4.61,38.44870725604671,47.96
20728,11.99,6.2,5.79,48.29024186822352,47.96
826,11.99,9.59,2.4000000000000004,20.016680567139286,47.96
31788,7.99,5.4,2.59,32.41551939924906,47.940000000000005
420,7.99,5.88,2.1100000000000003,26.408010012515646,47.94
20778,7.99,5.36,2.63,32.91614518147684,47.94
14410,7.99,5.26,2.7300000000000004,34.167709637046315,47.94
46580,7.99,5.19,2.8,35.04380475594493,47.94
43541,7.99,5.26,2.7300000000000004,34.167709637046315,47.94
8235,7.99,6.24,1.75,21.90237797246558,47.94
16247,7.99,5.26,2.7300000000000004,34.167709637046315,47.94
46567,3.99,2.75,1.2400000000000002,31.077694235588975,47.88
42436,3.99,2.62,1.37,34.335839598997495,47.88
20050,3.99,2.62,1.37,34.335839598997495,47.88
14628,3.99,2.57,1.4200000000000004,35.58897243107771,47.88
3748,9.49,7.02,2.4700000000000006,26.027397260273975,47.45
636,9.49,6.98,2.51,26.44889357218124,47.45
21471,46.99,30.32,16.67,35.47563311342839,46.99
24426,46.99,30.91,16.080000000000002,34.220046818472014,46.99
16208,46.99,30.51,16.48,35.07129176420515,46.99
24921,15.49,10.4,5.09,32.859909619109104,46.47
43924,15.49,10.61,4.880000000000001,31.504196255648807,46.47
22625,9.29,6.19,3.0999999999999988,33.36921420882668,46.449999999999996
19835,3.2900000000000005,2.16,1.1300000000000003,34.34650455927052,46.059999999999995
23774,45.99,30.06,15.930000000000003,34.63796477495108,45.99
42104,45.99,30.87,15.120000000000001,32.87671232876712,45.99
20668,45.99,31.07,14.920000000000002,32.44183518156121,45.99
18425,45.99,31.5,14.490000000000002,31.506849315068497,45.99
2028,45.99,34.58,11.410000000000004,24.80974124809742,45.99
2671,22.99,16.78,6.209999999999997,27.011744236624608,45.98
18651,22.99,12.9,10.089999999999998,43.888647237929526,45.98
23964,22.99,13.99,8.999999999999998,39.14745541539799,45.98
25458,22.99,15.03,7.959999999999999,34.62374945628534,45.98
36307,22.99,15.64,7.349999999999998,31.970421922575028,45.98
21503,22.99,13.42,9.569999999999999,41.6267942583732,45.98
14712,3.79,2.53,1.2600000000000002,33.24538258575199,45.48
14922,3.79,2.6,1.19,31.398416886543533,45.48
16775,3.79,2.48,1.31,34.56464379947229,45.48
13702,6.49,4.45,2.04,31.432973805855163,45.43
22171,44.99,31.03,13.96,31.02911758168482,44.99
25066,44.99,30.61,14.380000000000003,31.96265836852634,44.99
21457,44.99,30.61,14.380000000000003,31.96265836852634,44.99
28538,14.99,9.8,5.1899999999999995,34.62308205470313,44.97
23830,14.99,8.21,6.779999999999999,45.23015343562374,44.97
44925,14.99,9.86,5.130000000000001,34.2228152101401,44.97
4289,14.99,10.78,4.210000000000001,28.085390260173455,44.97
36360,14.99,8.96,6.029999999999999,40.22681787858572,44.97
23520,14.99,10.2,4.790000000000001,31.95463642428286,44.97
174,14.99,9.41,5.58,37.22481654436291,44.97
75,14.99,10.94,4.050000000000001,27.018012008005343,44.97
11372,14.99,10.27,4.720000000000001,31.487658438959308,44.97
18452,14.99,9.93,5.0600000000000005,33.755837224816545,44.97
15056,11.323333333333332,6.53,4.793333333333332,42.33146894318516,44.96
457,8.99,6.66,2.33,25.917686318131256,44.95
21691,7.49,5.17,2.3200000000000003,30.974632843791728,44.94
401,7.49,5.9,1.5899999999999999,21.228304405874496,44.94
6265,4.99,3.39,1.6,32.06412825651302,44.910000000000004
20188,21.99,14.47,7.519999999999998,34.19736243747157,43.98
8508,21.99,16.05,5.939999999999998,27.012278308321957,43.98
19845,21.99,13.24,8.749999999999998,39.790814006366524,43.98
2710,21.99,15.93,6.059999999999999,27.557980900409273,43.98
25210,21.99,14.28,7.709999999999999,35.06139154160982,43.98
19368,21.99,14.96,7.029999999999998,31.96907685311504,43.98
3092,21.99,13.38,8.609999999999998,39.154160982264656,43.98
40137,21.99,13.07,8.919999999999998,40.56389267849021,43.98
15510,21.99,14.19,7.799999999999999,35.470668485675304,43.98
6935,10.99,7.23,3.76,34.212920837124656,43.96
122,10.99,7.96,3.0300000000000002,27.5705186533212,43.96
8563,10.99,8.72,2.2699999999999996,20.655141037306638,43.96
45993,10.99,6.49,4.5,40.94631483166515,43.96
15178,10.99,7.38,3.6100000000000003,32.84804367606915,43.96
5083,10.99,8.26,2.7300000000000004,24.840764331210195,43.96
21632,10.99,7.38,3.6100000000000003,32.84804367606915,43.96
20792,10.99,7.18,3.8100000000000005,34.667879890809836,43.96
17015,8.79,5.82,2.969999999999999,33.788395904436854,43.949999999999996
41831,5.489999999999999,3.76,1.7299999999999995,31.51183970856102,43.92
3752,14.49,11.06,3.4299999999999997,23.67149758454106,43.47
207,14.49,11.5,2.99,20.634920634920636,43.47
4427,14.49,10.58,3.91,26.984126984126984,43.47
16399,42.99,29.24,13.750000000000004,31.984182367992563,42.99
22540,42.99,28.1,14.89,34.63596185159339,42.99
18586,42.99,27.58,15.410000000000004,35.845545475692035,42.99
22567,10.74,3.21,7.53,70.11173184357543,42.96
1341,8.49,6.34,2.1500000000000004,25.323910482921086,42.45
20771,41.99,27.81,14.180000000000003,33.76994522505359,41.99
36269,41.99,27.81,14.180000000000003,33.76994522505359,41.99
21430,41.99,28.56,13.430000000000003,31.983805668016203,41.99
25353,13.99,9.58,4.41,31.52251608291637,41.97
17159,13.99,9.39,4.6,32.88062902072909,41.97
17093,13.99,9.2,4.790000000000001,34.23874195854182,41.97
21383,13.99,9.26,4.73,33.80986418870622,41.97
22867,13.99,9.52,4.470000000000001,31.95139385275197,41.97
18611,13.99,9.03,4.960000000000001,35.453895639742676,41.97
41231,13.99,6.53,7.46,53.32380271622588,41.97
23855,13.99,9.14,4.85,34.66761972837741,41.97
10380,13.99,7.09,6.9,49.32094353109364,41.97
19768,13.99,7.28,6.71,47.96283059328091,41.97
17266,13.99,9.03,4.960000000000001,35.453895639742676,41.97
46819,13.99,9.65,4.34,31.022158684774837,41.97
23528,13.99,9.08,4.91,35.09649749821301,41.97
8914,10.49,7.55,2.9400000000000004,28.026692087702575,41.96
42348,6.99,4.82,2.17,31.04434907010014,41.94
8419,6.989999999999999,5.3,1.6899999999999995,24.17739628040057,41.94
1062,6.99,4.57,2.42,34.620886981402,41.94
8699,6.99,4.63,2.3600000000000003,33.76251788268956,41.94
8705,6.99,4.76,2.2300000000000004,31.902718168812594,41.94
19396,6.99,4.6,2.3900000000000006,34.19170243204579,41.94
34474,6.99,4.57,2.42,34.620886981402,41.94
6798,6.99,4.63,2.3600000000000003,33.76251788268956,41.94
7271,6.99,5.18,1.8100000000000005,25.89413447782547,41.94
15294,5.99,3.86,2.1300000000000003,35.55926544240401,41.93
24878,40.99,28.08,12.910000000000004,31.49548670407417,40.99
18540,20.49,13.57,6.919999999999998,33.772571986334796,40.98
22672,6.790000000000001,4.56,2.2300000000000013,32.84241531664214,40.74
19860,4.49,2.93,1.56,34.74387527839644,40.410000000000004
10399,39.99,21.33,18.660000000000004,46.6616654163541,39.99
20655,39.99,27.58,12.410000000000004,31.032758189547394,39.99
20654,39.99,26.14,13.850000000000001,34.63365841460365,39.99
20776,39.99,23.33,16.660000000000004,41.66041510377595,39.99
25078,39.99,26.14,13.850000000000001,34.63365841460365,39.99
19785,39.99,25.97,14.020000000000003,35.0587646911728,39.99
5167,39.99,23.01,16.98,42.460615153788446,39.99
10398,39.99,22.87,17.12,42.810702675668914,39.99
935,39.99,30.07,9.920000000000002,24.8062015503876,39.99
16398,39.99,25.8,14.190000000000001,35.483870967741936,39.99
45602,19.99,13.07,6.919999999999998,34.617308654327154,39.98
3304,19.99,14.38,5.609999999999998,28.064032016007996,39.98
5866,19.99,15.74,4.249999999999998,21.260630315157574,39.98
222,19.99,15.99,3.9999999999999982,20.010005002501245,39.98
19660,19.99,13.24,6.749999999999998,33.76688344172085,39.98
16756,19.99,13.33,6.659999999999998,33.316658329164575,39.98
25513,19.99,13.79,6.199999999999999,31.015507753876935,39.98
4535,19.99,14.49,5.499999999999998,27.51375687843921,39.98
23997,19.99,13.24,6.749999999999998,33.76688344172085,39.98
24388,19.99,13.6,6.389999999999999,31.965982991495746,39.98
13424,9.99,6.7,3.29,32.932932932932935,39.96
14840,9.99,6.7,3.29,32.932932932932935,39.96
19245,9.99,6.7,3.29,32.932932932932935,39.96
21673,9.99,6.45,3.54,35.43543543543544,39.96
23954,9.99,6.49,3.5,35.03503503503504,39.96
10274,9.99,6.49,3.5,35.03503503503504,39.96
44172,9.99,6.03,3.96,39.63963963963964,39.96
364,7.99,5.83,2.16,27.033792240300375,39.95
22619,7.99,5.51,2.4800000000000004,31.03879849812266,39.95
143,38.99,29.59,9.400000000000002,24.108745832264688,38.99
18210,38.99,26.34,12.650000000000002,32.444216465760455,38.99
201,19.49,15.47,4.019999999999998,20.625962031811177,38.98
22864,12.99,8.72,4.27,32.87143956889915,38.97
23508,12.99,8.9,4.09,31.48575827559661,38.97
40667,12.99,8.6,4.390000000000001,33.795227097767516,38.97
24857,12.99,8.49,4.5,34.64203233256351,38.97
20941,12.99,6.75,6.24,48.03695150115473,38.97
42933,12.99,8.6,4.390000000000001,33.795227097767516,38.97
17490,12.99,8.78,4.210000000000001,32.409545804464976,38.97
5376,12.99,9.77,3.2200000000000006,24.788298691301005,38.97
16369,12.99,8.78,4.210000000000001,32.409545804464976,38.97
23533,12.99,8.49,4.5,34.64203233256351,38.97
369,12.99,10.23,2.76,21.247113163972283,38.97
15261,6.49,4.27,2.2200000000000006,34.2064714946071,38.94
15262,6.49,4.41,2.08,32.04930662557781,38.94
1771,2.99,0.75,2.24,74.91638795986623,38.870000000000005
22829,12.79,8.64,4.149999999999999,32.44722439405785,38.37
19589,37.99,26.02,11.970000000000002,31.508291655698873,37.99
15065,37.99,18.24,19.750000000000004,51.98736509607792,37.99
24346,37.99,24.99,13.000000000000004,34.21953145564623,37.99
18597,37.99,24.67,13.32,35.06185838378521,37.99
18948,37.99,24.83,13.160000000000004,34.64069491971572,37.99
23472,18.99,11.48,7.509999999999998,39.54713006845708,37.98
3587,18.99,14.95,4.039999999999999,21.27435492364402,37.98
3170,9.49,7.03,2.46,25.922023182297156,37.96
47075,9.29,6.23,3.0599999999999987,32.93864370290634,37.16
12133,6.19,4.24,1.9500000000000002,31.502423263327948,37.14
18426,36.99,24.18,12.810000000000002,34.63098134630982,36.99
18466,36.99,24.34,12.650000000000002,34.19843200865099,36.99
15126,36.99,24.83,12.160000000000004,32.873749662070836,36.99
18623,36.99,23.52,13.470000000000002,36.41524736415248,36.99
23109,36.99,24.83,12.160000000000004,32.873749662070836,36.99
20186,18.49,12.33,6.159999999999998,33.31530557057869,36.98
4815,18.49,13.5,4.989999999999998,26.987560843699292,36.98
13242,11.99,7.48,4.51,37.61467889908256,36.97
12084,35.99,23.52,12.470000000000002,34.64851347596555,35.99
16503,17.99,5.99,11.999999999999998,66.70372429127292,35.98
22970,17.99,11.68,6.309999999999999,35.07504168982768,35.98
22055,17.99,11.61,6.379999999999999,35.464146748193436,35.98
24256,17.99,12.07,5.919999999999998,32.90717065036131,35.98
11149,17.99,11.76,6.229999999999999,34.63035019455252,35.98
21046,17.99,9.73,8.259999999999998,45.914396887159526,35.98
15790,11.99,7.74,4.25,35.446205170975816,35.97
21123,11.99,7.99,4.0,33.361134278565466,35.97
42759,11.99,7.89,4.1000000000000005,34.19516263552961,35.97
20567,11.99,7.79,4.2,35.029190992493746,35.97
25544,11.99,7.94,4.05,33.778148457047536,35.97
22449,11.99,6.66,5.33,44.45371142618849,35.97
5654,11.99,9.52,2.4700000000000006,20.600500417014185,35.97
18378,11.99,6.57,5.42,45.20433694745621,35.97
24970,8.99,6.16,2.83,31.47942157953281,35.96
21108,8.99,5.88,3.1100000000000003,34.59399332591769,35.96
13260,8.99,5.8,3.1900000000000004,35.483870967741936,35.96
19678,8.99,6.12,2.87,31.92436040044494,35.96
15329,5.99,4.1,1.8900000000000006,31.5525876460768,35.94
6431,2.99,2.06,0.9300000000000002,31.103678929765888,35.88
46662,2.99,2.01,0.9800000000000004,32.77591973244148,35.88
46664,2.99,1.94,1.0500000000000003,35.1170568561873,35.88
22534,34.99,22.72,12.270000000000003,35.06716204629895,34.99
22547,34.99,22.57,12.420000000000002,35.49585595884538,34.99
22553,34.99,24.13,10.860000000000003,31.037439268362395,34.99
25145,34.99,22.57,12.420000000000002,35.49585595884538,34.99
22549,34.99,23.33,11.660000000000004,33.32380680194342,34.99
22544,34.99,23.33,11.660000000000004,33.32380680194342,34.99
22543,34.99,23.48,11.510000000000002,32.89511288939697,34.99
23473,17.49,10.66,6.829999999999998,39.050886220697535,34.98
11341,6.99,4.69,2.3,32.90414878397711,34.95
16241,4.99,3.3,1.6900000000000004,33.86773547094189,34.93
199,4.99,3.87,1.12,22.44488977955912,34.93
977,11.49,8.98,2.51,21.84508268059182,34.47
44220,33.99,21.47,12.520000000000003,36.834363047955286,33.99
21761,16.99,11.03,5.959999999999999,35.07945850500294,33.98
46018,16.99,6.7,10.29,60.56503825779871,33.98
15542,16.99,11.1,5.889999999999999,34.66745144202471,33.98
32296,16.99,10.38,6.609999999999998,38.905238375515,33.98
42871,16.99,11.48,5.509999999999998,32.4308416715715,33.98
14217,16.99,11.18,5.809999999999999,34.19658622719246,33.98
19866,16.99,11.48,5.509999999999998,32.4308416715715,33.98
16377,16.99,11.4,5.589999999999998,32.90170688640376,33.98
11770,16.99,9.33,7.659999999999998,45.08534432018834,33.98
23477,16.99,11.03,5.959999999999999,35.07945850500294,33.98
42097,8.49,7.68,0.8100000000000005,9.540636042402832,33.96
21168,8.49,5.86,2.63,30.977620730270907,33.96
8282,0.99,0.71,0.28,28.282828282828287,33.660000000000004
8065,0.99,0.77,0.21999999999999997,22.22222222222222,33.660000000000004
336,32.99,26.39,6.600000000000001,20.0060624431646,32.99
25459,32.99,21.42,11.57,35.071233707184,32.99
31522,32.99,21.28,11.71,35.49560472870567,32.99
16527,32.99,22.29,10.700000000000003,32.43407093058504,32.99
46453,10.99,7.33,3.66,33.30300272975432,32.97
29714,10.99,7.23,3.76,34.212920837124656,32.97
25652,10.99,7.38,3.6100000000000003,32.84804367606915,32.97
21776,10.99,7.58,3.41,31.028207461328485,32.97
3729,10.99,8.59,2.4000000000000004,21.83803457688808,32.97
317,31.99,24.23,7.759999999999998,24.257580493904342,31.99
129,31.99,24.99,7.0,21.88183807439825,31.99
967,31.99,24.8,7.189999999999998,22.47577367927477,31.99
23106,15.99,10.73,5.26,32.89555972482802,31.98
2539,15.99,12.3,3.6899999999999995,23.076923076923073,31.98
22358,15.99,11.03,4.960000000000001,31.0193871169481,31.98
18955,15.99,10.88,5.109999999999999,31.95747342088805,31.98
46418,15.99,9.67,6.32,39.52470293933709,31.98
28316,7.99,5.26,2.7300000000000004,34.167709637046315,31.96
19398,7.99,5.47,2.5200000000000005,31.539424280350442,31.96
18852,7.989999999999999,5.29,2.6999999999999993,33.79224030037547,31.96
21772,5.29,3.6,1.69,31.947069943289225,31.740000000000002
21564,15.49,10.4,5.09,32.859909619109104,30.98
18941,29.99,19.86,10.129999999999999,33.777925975325104,29.99
15322,29.99,19.17,10.819999999999997,36.078692897632536,29.99
23810,29.99,19.99,10.0,33.344448149383126,29.99
24539,29.99,19.99,10.0,33.344448149383126,29.99
21325,29.99,18.61,11.379999999999999,37.945981993998,29.99
20722,29.99,20.4,9.59,31.977325775258418,29.99
21080,29.99,14.86,15.129999999999999,50.450150050016674,29.99
19949,29.99,20.54,9.45,31.510503501167054,29.99
23167,29.99,15.89,14.099999999999998,47.01567189063021,29.99
41224,29.99,20.68,9.309999999999999,31.043681227075687,29.99
2974,29.99,21.73,8.259999999999998,27.542514171390458,29.99
19598,29.99,19.73,10.259999999999998,34.21140380126708,29.99
2396,29.99,20.15,9.84,32.810936978993,29.99
505,29.99,19.6,10.389999999999997,34.64488162720906,29.99
22559,29.99,19.6,10.389999999999997,34.64488162720906,29.99
25653,29.99,19.73,10.259999999999998,34.21140380126708,29.99
20423,29.99,20.13,9.86,32.87762587529176,29.99
12355,14.99,9.8,5.1899999999999995,34.62308205470313,29.98
21110,14.99,10.2,4.790000000000001,31.95463642428286,29.98
24591,14.99,9.67,5.32,35.49032688458973,29.98
36367,14.99,9.93,5.0600000000000005,33.755837224816545,29.98
37902,14.99,9.93,5.0600000000000005,33.755837224816545,29.98
4248,14.99,10.86,4.130000000000001,27.551701134089395,29.98
3673,14.99,11.36,3.630000000000001,24.21614409606405,29.98
33147,14.99,10.27,4.720000000000001,31.487658438959308,29.98
41309,14.99,9.45,5.540000000000001,36.95797198132089,29.98
13734,14.99,9.39,5.6,37.35823882588392,29.98
23984,14.99,9.86,5.130000000000001,34.2228152101401,29.98
23404,9.99,6.8,3.1900000000000004,31.931931931931935,29.97
19304,9.99,6.45,3.54,35.43543543543544,29.97
6986,9.99,6.45,3.54,35.43543543543544,29.97
5742,4.99,3.93,1.06,21.24248496993988,29.94
6395,4.99,3.28,1.7100000000000004,34.268537074148306,29.94
22119,4.99,3.24,1.75,35.07014028056112,29.94
6063,28.99,20.3,8.689999999999998,29.975853742669877,28.99
24532,28.99,19.2,9.79,33.77026560883063,28.99
22858,28.99,18.7,10.29,35.49499827526733,28.99
10642,28.99,19.86,9.129999999999999,31.493618489134185,28.99
46333,28.99,19.3,9.689999999999998,33.425319075543285,28.99
2181,0.99,0.73,0.26,26.262626262626267,28.71
852,9.49,7.41,2.08,21.917808219178085,28.47
455,27.99,21.25,6.739999999999998,24.080028581636295,27.99
17747,27.99,17.99,10.0,35.72704537334763,27.99
3449,27.99,22.21,5.779999999999998,20.65023222579492,27.99
4028,13.99,7.99,6.0,42.88777698355968,27.98
43490,13.99,9.08,4.91,35.09649749821301,27.98
22225,13.99,8.05,5.9399999999999995,42.45889921372408,27.98
13094,13.99,8.1,5.890000000000001,42.10150107219443,27.98
20114,13.99,9.26,4.73,33.80986418870622,27.98
6784,13.99,7.53,6.46,46.17583988563259,27.98
42080,13.99,9.39,4.6,32.88062902072909,27.98
44907,13.99,9.2,4.790000000000001,34.23874195854182,27.98
23552,13.99,7.53,6.46,46.17583988563259,27.98
14036,6.989999999999999,4.54,2.4499999999999993,35.05007153075822,27.96
6062,6.989999999999999,5.1,1.8899999999999997,27.03862660944206,27.96
16072,6.99,4.6,2.3900000000000006,34.19170243204579,27.96
19059,26.99,17.76,9.229999999999997,34.197851055946636,26.99
19143,26.99,18.24,8.75,32.419414597999264,26.99
19262,26.99,17.41,9.579999999999998,35.49462763986661,26.99
39013,26.99,17.64,9.349999999999998,34.64246017043349,26.99
2358,26.99,20.45,6.539999999999999,24.23119673953316,26.99
2505,26.99,16.78,10.209999999999997,37.828825490922554,26.99
22431,26.99,17.76,9.229999999999997,34.197851055946636,26.99
35977,13.49,7.79,5.7,42.25352112676056,26.98
6941,8.99,6.2,2.79,31.03448275862069,26.97
40825,8.99,6.07,2.92,32.48053392658509,26.97
29472,8.99,5.88,3.1100000000000003,34.59399332591769,26.97
576,8.99,6.92,2.0700000000000003,23.02558398220245,26.97
21272,8.99,6.2,2.79,31.03448275862069,26.97
43803,4.49,3.1,1.3900000000000001,30.957683741648108,26.94
12354,5.29,3.65,1.6400000000000001,31.001890359168243,26.45
4308,25.99,19.11,6.879999999999999,26.471719892266254,25.99
17753,25.99,17.92,8.069999999999997,31.050404001539043,25.99
24363,25.99,16.21,9.779999999999998,37.6298576375529,25.99
803,12.99,9.92,3.0700000000000003,23.633564280215552,25.98
19219,12.99,8.66,4.33,33.33333333333333,25.98
19693,12.99,8.44,4.550000000000001,35.02694380292533,25.98
15423,12.99,8.78,4.210000000000001,32.409545804464976,25.98
4676,12.99,10.07,2.92,22.4788298691301,25.98
22653,12.99,8.96,4.029999999999999,31.023864511162426,25.98
3015,12.99,10.23,2.76,21.247113163972283,25.98
22092,12.99,8.1,4.890000000000001,37.644341801385686,25.98
8119,12.99,10.39,2.5999999999999996,20.015396458814468,25.98
21833,12.99,8.78,4.210000000000001,32.409545804464976,25.98
22477,12.99,8.49,4.5,34.64203233256351,25.98
24694,12.99,8.96,4.029999999999999,31.023864511162426,25.98
18866,12.99,8.44,4.550000000000001,35.02694380292533,25.98
20991,12.99,8.96,4.029999999999999,31.023864511162426,25.98
23878,12.99,8.49,4.5,34.64203233256351,25.98
21107,12.99,7.53,5.46,42.032332563510394,25.98
742,12.99,10.39,2.5999999999999996,20.015396458814468,25.98
17486,6.49,4.41,2.08,32.04930662557781,25.96
17154,6.489999999999999,4.36,2.129999999999999,32.819722650231114,25.96
3888,0.99,0.76,0.22999999999999998,23.232323232323232,25.740000000000002
39665,8.49,5.06,3.4300000000000006,40.400471142520615,25.47
22345,24.99,14.83,10.159999999999998,40.656262505002,24.99
33930,24.99,17.23,7.759999999999998,31.052420968387352,24.99
21446,24.99,17.0,7.989999999999998,31.972789115646254,24.99
20178,24.99,16.33,8.66,34.65386154461785,24.99
25594,24.99,16.12,8.869999999999997,35.49419767907162,24.99
31157,24.99,15.23,9.759999999999998,39.05562224889955,24.99
19544,24.99,16.66,8.329999999999998,33.33333333333333,24.99
15404,24.99,16.21,8.779999999999998,35.13405362144857,24.99
7974,24.99,19.37,5.619999999999997,22.488995598239285,24.99
23525,24.99,17.0,7.989999999999998,31.972789115646254,24.99
4260,24.49,16.66,7.829999999999998,31.972233564720288,24.49
20935,24.49,16.33,8.16,33.31972233564721,24.49
19217,23.99,16.43,7.559999999999999,31.513130471029594,23.99
797,23.99,18.31,5.68,23.676531888286785,23.99
172,23.99,17.59,6.399999999999999,26.67778240933722,23.99
7439,11.99,9.37,2.620000000000001,21.85154295246039,23.98
24276,11.99,8.05,3.9399999999999995,32.860717264386984,23.98
23900,11.99,7.89,4.1000000000000005,34.19516263552961,23.98
17989,11.99,8.05,3.9399999999999995,32.860717264386984,23.98
21614,11.99,8.16,3.83,31.94328607172644,23.98
43013,11.99,7.94,4.05,33.778148457047536,23.98
20825,11.99,8.21,3.7799999999999994,31.526271893244363,23.98
11423,11.99,6.66,5.33,44.45371142618849,23.98
18831,7.989999999999999,5.26,2.7299999999999995,34.16770963704631,23.97
41531,7.989999999999999,5.29,2.6999999999999993,33.79224030037547,23.97
862,7.99,6.05,1.9400000000000004,24.280350438047563,23.97
23665,7.99,5.19,2.8,35.04380475594493,23.97
1888,7.989999999999999,5.34,2.6499999999999995,33.16645807259073,23.97
17381,5.99,4.1,1.8900000000000006,31.5525876460768,23.96
784,5.99,4.37,1.62,27.045075125208683,23.96
19787,4.79,3.24,1.5499999999999998,32.35908141962421,23.95
2626,1.99,1.42,0.5700000000000001,28.643216080402013,23.88
338,23.49,18.21,5.279999999999998,22.477650063856952,23.49
45859,22.99,14.83,8.159999999999998,35.49369290996085,22.99
43021,22.99,13.24,9.749999999999998,42.40974336668116,22.99
23131,22.99,14.93,8.059999999999999,35.05872118312309,22.99
18418,22.99,15.64,7.349999999999998,31.970421922575028,22.99
24135,22.99,15.43,7.559999999999999,32.88386254893432,22.99
2277,22.99,17.03,5.959999999999997,25.92431491953022,22.99
5408,11.49,8.84,2.6500000000000004,23.06353350739774,22.98
23078,21.99,14.19,7.799999999999999,35.470668485675304,21.99
19052,21.99,14.76,7.229999999999999,32.87858117326057,21.99
26886,21.99,14.86,7.129999999999999,32.42382901318781,21.99
8060,21.99,14.28,7.709999999999999,35.06139154160982,21.99
2616,21.99,14.95,7.039999999999999,32.014552069122324,21.99
23863,21.99,14.38,7.609999999999998,34.60663938153705,21.99
18662,21.99,14.76,7.229999999999999,32.87858117326057,21.99
993,10.99,8.33,2.66,24.203821656050955,21.98
20092,10.99,7.53,3.46,31.48316651501365,21.98
19019,10.99,7.53,3.46,31.48316651501365,21.98
24336,10.99,7.58,3.41,31.028207461328485,21.98
15747,10.99,6.16,4.83,43.94904458598726,21.98
12538,10.99,7.48,3.51,31.938125568698815,21.98
15328,10.99,7.53,3.46,31.48316651501365,21.98
23955,10.99,7.43,3.5600000000000005,32.39308462238399,21.98
19760,10.99,7.38,3.6100000000000003,32.84804367606915,21.98
6129,1.9899999999999998,1.45,0.5399999999999998,27.135678391959793,21.89
3359,0.99,0.77,0.21999999999999997,22.22222222222222,21.78
5635,21.49,16.53,4.959999999999997,23.08050255932991,21.49
22634,20.99,14.09,6.899999999999999,32.872796569795135,20.99
17369,20.99,13.54,7.449999999999999,35.493091948546926,20.99
610,20.99,14.48,6.509999999999998,31.01476893758932,20.99
16531,20.99,14.09,6.899999999999999,32.872796569795135,20.99
20653,10.49,7.04,3.45,32.8884652049571,20.98
42864,10.49,7.23,3.26,31.077216396568158,20.98
718,10.49,8.07,2.42,23.069590085795998,20.98
18002,6.989999999999999,4.57,2.419999999999999,34.620886981401995,20.97
46327,6.989999999999999,4.54,2.4499999999999993,35.05007153075822,20.97
11038,6.989999999999999,4.51,2.4799999999999995,35.479256080114446,20.97
43871,19.99,13.24,6.749999999999998,33.76688344172085,19.99
3196,19.99,14.81,5.179999999999998,25.912956478239114,19.99
18268,19.99,13.15,6.839999999999998,34.21710855427713,19.99
24274,19.99,12.9,7.089999999999998,35.46773386693346,19.99
9105,19.99,14.81,5.179999999999998,25.912956478239114,19.99
2729,19.99,19.99,0.0,0.0,19.99
14573,19.99,13.79,6.199999999999999,31.015507753876935,19.99
14407,19.99,13.33,6.659999999999998,33.316658329164575,19.99
16389,19.99,12.58,7.409999999999998,37.068534267133565,19.99
5178,19.99,14.49,5.499999999999998,27.51375687843921,19.99
25445,19.99,13.51,6.479999999999999,32.416208104052025,19.99
22618,19.99,13.6,6.389999999999999,31.965982991495746,19.99
23805,19.99,13.42,6.5699999999999985,32.8664332166083,19.99
46684,19.99,10.88,9.109999999999998,45.57278639319659,19.99
6872,9.99,6.62,3.37,33.733733733733736,19.98
13132,9.99,5.84,4.15,41.54154154154154,19.98
853,9.99,7.4,2.59,25.925925925925924,19.98
18557,9.99,5.91,4.08,40.84084084084084,19.98
22032,9.99,6.53,3.46,34.63463463463463,19.98
20662,9.99,6.89,3.1000000000000005,31.031031031031038,19.98
11022,9.99,6.16,3.83,38.33833833833834,19.98
24053,9.99,6.75,3.24,32.432432432432435,19.98
24147,9.99,5.91,4.08,40.84084084084084,19.98
4319,9.99,7.29,2.7,27.027027027027028,19.98
871,9.99,7.51,2.4800000000000004,24.82482482482483,19.98
19243,6.489999999999999,4.45,2.039999999999999,31.432973805855152,19.47
20607,18.99,12.74,6.249999999999998,32.91205897840968,18.99
19047,18.99,12.83,6.159999999999998,32.43812532912058,18.99
36088,18.99,11.56,7.429999999999998,39.12585571353343,18.99
20739,18.99,12.33,6.659999999999998,35.07109004739336,18.99
2918,18.99,13.86,5.129999999999999,27.014218009478668,18.99
17741,18.99,12.74,6.249999999999998,32.91205897840968,18.99
14718,18.99,12.41,6.579999999999998,34.649815692469716,18.99
2820,18.99,13.56,5.429999999999998,28.593996840442333,18.99
20374,18.99,12.83,6.159999999999998,32.43812532912058,18.99
19236,18.99,11.64,7.349999999999998,38.704581358609786,18.99
24470,18.99,12.33,6.659999999999998,35.07109004739336,18.99
3622,18.49,14.45,4.039999999999999,21.84964845862628,18.49
25236,17.99,12.24,5.749999999999998,31.962201222901605,17.99
9144,17.99,13.33,4.659999999999998,25.903279599777644,17.99
24883,17.99,12.41,5.579999999999998,31.01723179544191,17.99
24253,17.99,12.16,5.829999999999998,32.40689271817676,17.99
5521,17.99,10.84,7.149999999999999,39.74430239021679,17.99
12637,8.99,6.03,2.96,32.92547274749722,17.98
23044,8.99,5.88,3.1100000000000003,34.59399332591769,17.98
22010,8.99,5.99,3.0,33.37041156840934,17.98
22958,8.99,4.57,4.42,49.165739710789765,17.98
39512,8.99,4.69,4.3,47.830923248053395,17.98
33707,8.99,5.22,3.7700000000000005,41.935483870967744,17.98
2401,8.99,6.86,2.13,23.692992213570633,17.98
12390,5.99,3.86,2.1300000000000003,35.55926544240401,17.97
17819,2.99,1.97,1.0200000000000002,34.113712374581944,17.94
23920,8.79,5.86,2.929999999999999,33.33333333333333,17.58
330,16.99,13.59,3.3999999999999986,20.011771630370802,16.99
45494,16.99,10.66,6.329999999999998,37.257210123602114,16.99
4015,16.99,12.87,4.119999999999999,24.249558563861093,16.99
3030,16.99,13.07,3.919999999999998,23.07239552678045,16.99
22385,16.99,11.1,5.889999999999999,34.66745144202471,16.99
18428,16.99,11.4,5.589999999999998,32.90170688640376,16.99
3955,16.99,13.59,3.3999999999999986,20.011771630370802,16.99
15785,16.99,11.33,5.659999999999998,33.313713949381984,16.99
19890,16.99,11.03,5.959999999999999,35.07945850500294,16.99
19797,16.99,11.64,5.349999999999998,31.489111241906993,16.99
21860,16.99,10.96,6.029999999999998,35.49146556798116,16.99
18394,16.99,10.96,6.029999999999998,35.49146556798116,16.99
12496,8.49,4.83,3.66,43.109540636042404,16.98
23135,8.49,5.45,3.04,35.80683156654888,16.98
38255,16.49,10.85,5.639999999999999,34.20254699818071,16.49
1043,16.49,12.59,3.8999999999999986,23.650697392359,16.49
23206,5.49,3.54,1.9500000000000002,35.51912568306011,16.47
12340,15.99,9.2,6.790000000000001,42.46404002501564,15.99
21625,15.99,10.66,5.33,33.33333333333333,15.99
20689,15.99,10.32,5.67,35.45966228893058,15.99
20707,15.99,10.59,5.4,33.77110694183865,15.99
21031,15.99,10.38,5.609999999999999,35.08442776735459,15.99
14996,15.99,10.06,5.93,37.08567854909318,15.99
2000,15.99,11.67,4.32,27.01688555347092,15.99
12585,15.99,9.99,6.0,37.5234521575985,15.99
2108,15.99,12.59,3.4000000000000004,21.263289555972484,15.99
151,15.99,11.5,4.49,28.080050031269543,15.99
39988,15.99,10.95,5.040000000000001,31.519699812382747,15.99
863,7.99,5.83,2.16,27.033792240300375,15.98
29558,7.99,5.22,2.7700000000000005,34.6683354192741,15.98
16787,7.99,5.47,2.5200000000000005,31.539424280350442,15.98
16263,7.99,5.15,2.84,35.54443053817271,15.98
12519,3.99,2.73,1.2600000000000002,31.578947368421055,15.96
3671,1.99,1.54,0.44999999999999996,22.613065326633162,15.92
21298,7.79,4.6,3.1900000000000004,40.94993581514763,15.58
13379,14.99,10.13,4.859999999999999,32.4216144096064,14.99
6968,14.99,9.73,5.26,35.090060040026685,14.99
18089,14.99,8.61,6.380000000000001,42.561707805203476,14.99
24564,14.99,10.27,4.720000000000001,31.487658438959308,14.99
16365,14.99,10.2,4.790000000000001,31.95463642428286,14.99
189,7.49,5.76,1.7300000000000004,23.097463284379177,14.98
7222,7.49,4.9,2.59,34.57943925233645,14.98
18012,7.49,4.83,2.66,35.51401869158878,14.98
3371,0.99,0.71,0.28,28.282828282828287,14.85
5818,0.99,0.78,0.20999999999999996,21.21212121212121,14.85
3753,14.49,11.15,3.34,23.0503795721187,14.49
148,14.49,10.5,3.99,27.536231884057973,14.49
20768,14.49,9.72,4.77,32.919254658385086,14.49
204,14.49,10.6,3.8900000000000006,26.846100759144242,14.49
3750,14.49,11.59,2.9000000000000004,20.01380262249828,14.49
150,14.49,10.81,3.6799999999999997,25.396825396825395,14.49
19163,4.79,2.9,1.8900000000000001,39.45720250521921,14.37
20257,13.99,10.45,3.540000000000001,25.303788420300222,13.99
19087,13.99,9.2,4.790000000000001,34.23874195854182,13.99
23350,13.99,9.58,4.41,31.52251608291637,13.99
22478,13.99,9.58,4.41,31.52251608291637,13.99
17856,13.99,9.08,4.91,35.09649749821301,13.99
19706,13.99,8.44,5.550000000000001,39.67119370979271,13.99
44857,13.99,9.45,4.540000000000001,32.4517512508935,13.99
13960,13.99,7.28,6.71,47.96283059328091,13.99
21178,13.99,9.03,4.960000000000001,35.453895639742676,13.99
19795,13.99,9.52,4.470000000000001,31.95139385275197,13.99
24885,13.99,9.45,4.540000000000001,32.4517512508935,13.99
23237,13.99,9.52,4.470000000000001,31.95139385275197,13.99
22836,13.99,7.89,6.1000000000000005,43.60257326661902,13.99
7294,6.99,5.5,1.4900000000000002,21.316165951359086,13.98
28317,6.99,4.69,2.3,32.90414878397711,13.98
603,6.99,5.03,1.96,28.040057224606578,13.98
6066,6.99,5.38,1.6100000000000003,23.03290414878398,13.98
1056,13.49,9.18,4.3100000000000005,31.94959229058562,13.49
4576,12.99,10.23,2.76,21.247113163972283,12.99
14369,12.99,8.78,4.210000000000001,32.409545804464976,12.99
16330,12.99,7.14,5.8500000000000005,45.03464203233257,12.99
13478,12.99,7.99,5.0,38.49114703618168,12.99
17329,12.99,8.55,4.4399999999999995,34.18013856812932,12.99
23596,12.99,8.78,4.210000000000001,32.409545804464976,12.99
40590,12.99,8.66,4.33,33.33333333333333,12.99
24589,12.99,8.96,4.029999999999999,31.023864511162426,12.99
22421,12.99,8.72,4.27,32.87143956889915,12.99
43247,12.99,8.72,4.27,32.87143956889915,12.99
23989,12.99,8.96,4.029999999999999,31.023864511162426,12.99
15949,12.99,8.55,4.4399999999999995,34.18013856812932,12.99
20441,12.99,8.84,4.15,31.947652040030793,12.99
11319,12.99,7.18,5.8100000000000005,44.72671285604311,12.99
34333,12.99,6.45,6.54,50.34642032332564,12.99
25191,12.99,7.33,5.66,43.57197844495766,12.99
6204,12.99,9.92,3.0700000000000003,23.633564280215552,12.99
19663,12.99,7.89,5.1000000000000005,39.260969976905315,12.99
14137,12.99,7.94,5.05,38.876058506543494,12.99
18810,6.49,4.33,2.16,33.281972265023114,12.98
35663,6.29,4.31,1.9800000000000004,31.478537360890307,12.58
21850,1.79,1.23,0.56,31.28491620111732,12.530000000000001
19042,11.99,6.66,5.33,44.45371142618849,11.99
23517,11.99,8.27,3.7200000000000006,31.025854879065896,11.99
14826,11.99,7.74,4.25,35.446205170975816,11.99
31972,11.99,5.88,6.11,50.95913261050876,11.99
3853,11.99,8.82,3.17,26.438698915763137,11.99
38301,11.99,7.09,4.9,40.867389491242704,11.99
3277,11.99,8.82,3.17,26.438698915763137,11.99
24404,11.99,7.89,4.1000000000000005,34.19516263552961,11.99
22201,11.99,8.21,3.7799999999999994,31.526271893244363,11.99
20794,11.99,7.89,4.1000000000000005,34.19516263552961,11.99
22451,11.99,6.66,5.33,44.45371142618849,11.99
19347,11.99,6.57,5.42,45.20433694745621,11.99
38558,11.99,7.79,4.2,35.029190992493746,11.99
21282,11.99,7.99,4.0,33.361134278565466,11.99
7433,11.99,8.63,3.3599999999999994,28.023352793994995,11.99
13561,11.99,7.74,4.25,35.446205170975816,11.99
16752,11.99,7.99,4.0,33.361134278565466,11.99
17171,5.99,3.35,2.64,44.073455759599334,11.98
3514,5.99,4.5,1.4900000000000002,24.874791318864776,11.98
24000,5.99,3.92,2.0700000000000003,34.55759599332221,11.98
16850,5.99,4.07,1.92,32.053422370617696,11.98
6127,1.99,1.47,0.52,26.13065326633166,11.94
14675,11.49,6.99,4.5,39.1644908616188,11.49
20403,11.49,7.46,4.03,35.0739773716275,11.49
3473,10.99,8.2,2.790000000000001,25.386715195632405,10.99
8411,10.99,7.96,3.0300000000000002,27.5705186533212,10.99
12073,10.99,7.53,3.46,31.48316651501365,10.99
6457,10.99,7.09,3.9000000000000004,35.48680618744313,10.99
4460,10.99,8.45,2.540000000000001,23.111919927206557,10.99
15386,10.99,7.38,3.6100000000000003,32.84804367606915,10.99
19938,10.99,7.33,3.66,33.30300272975432,10.99
5116,10.99,8.26,2.7300000000000004,24.840764331210195,10.99
16612,10.99,7.33,3.66,33.30300272975432,10.99
37682,10.99,7.14,3.8500000000000005,35.031847133757964,10.99
15835,10.99,6.16,4.83,43.94904458598726,10.99
12259,10.99,7.18,3.8100000000000005,34.667879890809836,10.99
19754,10.99,5.8,5.19,47.224749772520475,10.99
19179,10.99,7.18,3.8100000000000005,34.667879890809836,10.99
8432,0.9899999999999999,0.74,0.2499999999999999,25.252525252525242,10.89
5114,10.49,7.83,2.66,25.357483317445183,10.49
23566,10.49,7.23,3.26,31.077216396568158,10.49
19255,3.49,2.28,1.2100000000000004,34.6704871060172,10.47
14836,10.29,6.81,3.4799999999999995,33.819241982507286,10.29
12443,9.99,6.7,3.29,32.932932932932935,9.99
19240,9.99,6.45,3.54,35.43543543543544,9.99
18626,9.99,6.49,3.5,35.03503503503504,9.99
36463,9.99,6.45,3.54,35.43543543543544,9.99
22001,9.99,6.7,3.29,32.932932932932935,9.99
42939,9.99,6.8,3.1900000000000004,31.931931931931935,9.99
11088,9.99,6.84,3.1500000000000004,31.531531531531538,9.99
19139,9.99,6.53,3.46,34.63463463463463,9.99
20477,9.99,6.53,3.46,34.63463463463463,9.99
3002,9.99,7.8,2.1900000000000004,21.921921921921925,9.99
4892,9.99,7.46,2.5300000000000002,25.325325325325327,9.99
23645,4.99,3.24,1.75,35.07014028056112,9.98
43317,4.99,3.44,1.5500000000000003,31.062124248496996,9.98
29205,9.49,6.41,3.08,32.45521601685985,9.49
3055,9.49,7.47,2.0200000000000005,21.28556375131718,9.49
3453,9.49,7.3,2.1900000000000004,23.07692307692308,9.49
20953,8.99,3.89,5.1,56.72969966629587,8.99
17842,8.99,5.84,3.1500000000000004,35.038932146829815,8.99
39834,8.99,6.03,2.96,32.92547274749722,8.99
888,8.99,7.19,1.7999999999999998,20.022246941045605,8.99
427,8.99,6.97,2.0200000000000005,22.469410456062295,8.99
44278,8.99,6.07,2.92,32.48053392658509,8.99
808,8.99,6.66,2.33,25.917686318131256,8.99
11868,8.99,4.63,4.36,48.49833147942158,8.99
19071,8.99,5.99,3.0,33.37041156840934,8.99
23160,8.99,6.03,2.96,32.92547274749722,8.99
15414,8.99,6.2,2.79,31.03448275862069,8.99
3096,0.99,0.72,0.27,27.272727272727277,8.91
23970,8.49,5.74,2.75,32.39104829210836,8.49
13890,8.29,5.64,2.6499999999999995,31.966224366706875,8.29
6290,7.99,5.4,2.59,32.41551939924906,7.99
34508,7.99,5.15,2.84,35.54443053817271,7.99
14133,7.99,5.51,2.4800000000000004,31.03879849812266,7.99
36045,7.99,5.15,2.84,35.54443053817271,7.99
6652,7.99,5.15,2.84,35.54443053817271,7.99
43547,7.99,5.51,2.4800000000000004,31.03879849812266,7.99
15297,7.99,3.97,4.02,50.312891113892356,7.99
25422,7.99,5.26,2.7300000000000004,34.167709637046315,7.99
21593,7.99,5.51,2.4800000000000004,31.03879849812266,7.99
3053,0.9899999999999999,0.79,0.19999999999999984,20.202020202020186,7.92
28323,7.49,4.83,2.66,35.51401869158878,7.49
17274,7.49,4.9,2.59,34.57943925233645,7.49
6389,6.99,4.72,2.2700000000000005,32.47496423462089,6.99
45293,6.99,4.69,2.3,32.90414878397711,6.99
650,6.99,5.07,1.92,27.467811158798284,6.99
4173,0.99,0.79,0.19999999999999996,20.2020202020202,6.93
42162,6.79,4.62,2.17,31.958762886597935,6.79
15014,6.49,4.19,2.3,35.43913713405239,6.49
557,6.29,4.84,1.4500000000000002,23.05246422893482,6.29
17908,5.99,3.99,2.0,33.3889816360601,5.99
714,5.99,4.31,1.6800000000000006,28.046744574290493,5.99
22363,5.99,3.56,2.43,40.56761268781302,5.99
29131,5.99,4.07,1.92,32.053422370617696,5.99
590,5.99,4.61,1.38,23.038397328881466,5.99
17172,5.99,4.1,1.8900000000000006,31.5525876460768,5.99
13888,2.99,1.93,1.0600000000000003,35.451505016722415,5.98
21616,1.99,1.31,0.6799999999999999,34.17085427135678,5.97
8527,1.99,1.32,0.6699999999999999,33.66834170854271,5.97
6120,1.99,1.45,0.54,27.1356783919598,5.97
13394,5.79,3.99,1.7999999999999998,31.088082901554404,5.79
11427,5.49,3.54,1.9500000000000002,35.51912568306011,5.49
17576,5.49,3.79,1.7000000000000002,30.965391621129328,5.49
5341,0.49,0.39,0.09999999999999998,20.40816326530612,5.39
27934,4.99,3.37,1.62,32.46492985971944,4.99
22120,4.99,3.24,1.75,35.07014028056112,4.99
105,4.49,3.35,1.1400000000000001,25.38975501113586,4.49
16935,4.49,3.1,1.3900000000000001,30.957683741648108,4.49
8268,4.49,3.03,1.4600000000000004,32.51670378619154,4.49
18627,4.39,3.01,1.38,31.435079726651484,4.39
13716,3.99,2.61,1.3800000000000003,34.58646616541354,3.99
20609,3.99,2.68,1.31,32.83208020050125,3.99
3697,1.99,1.58,0.4099999999999999,20.60301507537688,3.98
5456,0.99,0.79,0.19999999999999996,20.2020202020202,3.96
22407,3.29,2.25,1.04,31.61094224924012,3.29
2134,2.49,1.93,0.5600000000000003,22.48995983935744,2.49
8729,0.99,0.74,0.25,25.252525252525253,1.98
3407,0.99,0.73,0.26,26.262626262626267,1.98
3933,0.99,0.73,0.26,26.262626262626267,1.98
3623,0.99,0.73,0.26,26.262626262626267,1.98
2773,0.99,0.72,0.27,27.272727272727277,0.99
8872,0.99,0.78,0.20999999999999996,21.21212121212121,0.99
3303,0.99,0.74,0.25,25.252525252525253,0.99
5287,0.49,0.38,0.10999999999999999,22.448979591836732,0.98
