Brand,AvgDailyDemand,StdDailyDemand,TotalDemand,AvgLeadTime,StdLeadTime,SafetyStock,ReorderPoint
8111,475.73333333333335,398.16549096084447,28544,7.619962802231866,2.1806815231923773,2494,6119
1892,385.35,314.3515157013383,23121,7.678691275167785,2.159198721147734,1988,4947
4261,337.1,344.35174665409903,20226,7.343519338647771,2.2085170792190403,1970,4445
3606,320.0,259.7219504112499,19200,7.69620253164557,2.1526129722078275,1645,4108
5111,306.85,289.26580498255134,18411,7.5495207667731625,2.125983736498526,1697,4013
3837,234.28333333333333,190.1396535526121,14057,7.455844155844156,2.135743856610837,1190,2937
4135,207.95,165.62060227612113,12477,7.694620253164557,2.124793021026355,1052,2652
4157,201.7,152.9344935651663,12102,7.652615144418423,2.2479875964519263,1023,2567
3545,198.05,227.12293579931924,11883,7.364685425229212,2.2013172744800533,1246,2704
8068,186.48333333333332,173.46747769887307,11189,7.385106672102188,2.1932526348583097,1030,2407
5491,183.78333333333333,147.5151347209886,11027,7.771241830065359,2.158848704490061,943,2371
3609,172.58333333333334,140.30358025641527,10355,7.715604801477378,2.134655140358247,885,2216
4227,170.15,164.60140092490306,10209,7.581945190757657,2.0807299895631433,949,2239
1233,159.63333333333333,152.71120042244206,9578,7.442588092345079,2.224533442146482,903,2091
3858,156.3,167.64766321977427,9378,7.62077660110943,2.16807327880354,946,2138
3405,153.38333333333333,170.7557569485534,9203,7.557792806640024,2.158114654770815,948,2107
8910,151.73333333333332,124.95244745219588,9104,7.722371967654986,2.2682538798983476,807,1978
4798,150.98333333333332,131.4514141946952,9059,7.679162072767365,2.143740866841651,804,1963
3608,150.31666666666666,117.65253232116136,9019,7.7271825396825395,2.1686525359450903,762,1923
2120,145.53333333333333,115.9126595017488,8732,7.429733246584255,2.4082528770970617,779,1860
8053,141.71666666666667,114.0150289924894,8503,7.7820247933884295,2.1798663259408833,732,1834
6650,206.29268292682926,183.7146216149437,8458,7.7772241992882565,1.985214430490197,1082,2687
8064,140.88333333333333,116.26913426150944,8453,7.674971687429219,2.4368944388299236,777,1858
5138,140.3,155.52037307271985,8418,7.470233791275006,2.164496878945299,862,1910
6570,137.9,158.15972402949095,8274,7.081716738197425,2.135000017396237,848,1824
8236,137.61666666666667,111.17707538155281,8257,7.673175745118191,2.382219347476927,742,1798
3893,137.33333333333334,104.59877606741993,8240,7.81579681830868,2.1054825518198363,679,1752
6579,143.98181818181817,159.54802956280514,7919,7.726477789436866,2.232787801954835,904,2016
3802,131.91666666666666,121.96155155005687,7915,7.192271793914505,2.222078435017978,725,1673
7341,131.58333333333334,116.46753991180266,7895,7.8825688073394495,2.4846579393570742,763,1800
3876,127.9,132.07043575304806,7674,7.647485493230174,2.190008853522689,759,1738
14006,125.18333333333334,135.44746829183134,7511,7.458333333333333,2.242336029591337,766,1700
2127,124.98333333333333,94.2725028959128,7499,7.448989731699238,2.2320191971469603,626,1557
3512,124.53333333333333,108.13495439302648,7472,7.303917015017805,2.4180725971507484,692,1602
1376,122.7,120.50111470051965,7362,7.336332070707071,2.4250819189679627,729,1629
11219,122.84745762711864,151.29405184188585,7248,7.708556149732621,2.176507000565645,822,1769
8961,117.43333333333334,105.43427009627594,7046,7.490035169988277,2.1934509059233345,638,1518
2585,115.66666666666667,131.53844146074147,6940,7.51268115942029,2.160454308954706,724,1593
2114,114.3,98.40340699627515,6858,7.781366691560867,2.1227934837745988,604,1494
3102,110.95,112.26126080695025,6657,7.455625990491284,2.260964312834076,654,1481
9145,110.61666666666666,94.62953487181737,6637,7.7181146025878,2.122742573878828,582,1435
5399,109.06666666666666,95.54107585296099,6544,7.540197461212976,2.1778625465553296,584,1406
38546,116.26785714285714,127.02304602228378,6511,7.6899390243902435,2.0645032888728143,703,1597
8512,108.15,114.88827660686238,6489,7.532327586206897,2.169341301890793,648,1463
3607,107.11666666666666,95.66822820040962,6427,7.7349081364829395,2.259874359412029,594,1422
3726,105.8,81.52566404700475,6348,7.458955987717503,2.3746641072677837,554,1343
3180,105.66666666666667,121.59556005869914,6340,7.689142461964039,2.189053224687311,675,1487
4262,91.71666666666667,112.01771828170557,5503,7.407868020304568,2.183366002560024,602,1281
3246,90.05,68.33899177343903,5403,7.506263701847792,2.2074214345011405,451,1127
3522,89.9,73.54825465442306,5394,7.4805319660310845,2.225647580562615,468,1141
36378,89.51666666666667,83.85287593314783,5371,8.3173828125,2.0281883887353045,499,1244
8606,89.48333333333333,98.89139594570598,5369,7.61,2.2468608854096503,559,1240
8726,89.26666666666667,96.21002214728941,5356,7.471810089020772,2.157635896282737,538,1205
8822,88.9,73.25893246861217,5334,7.7936046511627906,2.2248732395944795,469,1162
8103,88.61666666666666,80.06461197305262,5317,7.6220839813374806,2.413992958854107,508,1183
18013,97.57407407407408,103.49197432229457,5269,8.159574468085106,1.9454936406040242,580,1376
2757,86.51666666666667,82.27269490957264,5191,7.519844000917642,2.239043667035413,491,1141
1366,86.46666666666667,70.76565926403462,5188,7.672014260249554,2.4044789396509287,471,1135
3896,83.75,61.62506231302932,5025,8.065367965367965,2.100457727882584,409,1085
6349,80.9,72.9775214985258,4854,7.544382371198013,2.126228218358383,436,1046
1232,80.1,84.93560871106206,4806,7.506024096385542,2.2292075914461016,484,1085
3769,78.86666666666666,78.04289708430059,4732,7.9232091690544415,2.1036901038666764,454,1079
3684,78.83333333333333,67.57046959716885,4730,7.4519636481661795,2.246687086166739,422,1009
19748,93.84,96.07020392209363,4692,7.711891208096142,2.0284696951642656,541,1264
5364,78.18333333333334,74.19888337290062,4691,7.4996546961325965,2.1626170098051682,436,1023
3012,78.08333333333333,59.62319298094438,4685,7.602409638554217,2.4655685728023498,418,1011
2589,77.48333333333333,114.37605113591886,4649,7.4854413102820745,2.200634319757936,588,1168
5952,74.1,67.38171053968753,4446,7.805714285714286,2.2483747564797363,415,993
6682,73.85,97.08668588571346,4431,7.651663405088063,2.0999049693445673,512,1077
3746,73.55,66.29682227729921,4413,7.594424750241702,2.2162743998359034,404,963
3315,73.48333333333333,64.33848300574256,4409,7.821649484536082,2.22847353217777,401,976
3878,72.93333333333334,74.60355484479429,4376,7.404322766570605,2.2266847252190023,429,969
3913,72.25,79.62680431928494,4335,7.706840390879479,2.0425209325612057,439,995
3243,71.78333333333333,54.02732882428122,4307,7.432933478735006,2.305705723130302,366,899
4241,71.71666666666667,64.2864594611999,4303,7.653696498054475,2.2068288383429513,393,942
8184,71.58333333333333,67.39996772786701,4295,7.828220858895706,2.2304831078290595,408,968
8159,71.06666666666666,64.47148013976745,4264,7.188764528626776,2.2017437804098803,385,896
6479,82.80392156862744,76.85961738334198,4223,7.81524926686217,1.9785136296728099,446,1093
4149,68.88333333333334,48.185408743925876,4133,8.016949152542374,2.1465139379224567,332,884
3489,68.65,57.753076079202636,4119,7.440079234070651,2.1964275541558544,360,871
5251,68.13333333333334,65.9489958717885,4088,7.872958257713249,2.3814079403274038,406,942
8680,68.59322033898304,67.88990038240868,4047,7.485816347972263,2.183798756268299,394,907
32831,70.71929824561404,87.00261785592697,4031,7.8373860182370825,1.891903885092544,459,1013
1476,68.05084745762711,88.52925168802597,4015,8.643598615916956,1.679420635714813,469,1057
5445,67.15254237288136,71.68557147165669,3962,7.723912206391991,2.2091214684917735,410,929
3500,65.41666666666667,54.43088968051533,3925,7.846037735849056,2.195606657336668,346,859
5365,65.31666666666666,64.54494995715585,3919,7.5879440885265,2.114955890063376,372,867
8172,66.2542372881356,57.87668020063151,3909,7.905405405405405,2.4934594771418848,383,906
18152,76.29411764705883,73.89459902256647,3891,7.60752688172043,2.1565256220043354,432,1013
2586,64.08333333333333,56.76155647782493,3845,7.734375,2.1646118193691923,347,842
36380,63.95,72.0361079421815,3837,8.284389489953632,2.2421767445821685,416,946
8033,63.36666666666667,58.68559337739116,3802,7.604529616724738,2.277911317484837,358,840
32907,67.82142857142857,70.90021339700085,3798,7.503605769230769,2.1834090373276833,403,912
41034,63.0,65.84264755679358,3780,7.0927195559908585,2.3293254186515098,377,824
3637,61.68333333333333,49.10400296660788,3701,7.926787741203178,2.1115036578700335,313,802
6983,73.78,78.31341793442186,3689,7.8142292490118574,2.241856754537893,453,1029
5191,61.3,68.75830920511179,3678,7.534545454545454,2.0831160599862226,376,838
3899,60.6,45.22306296270537,3636,7.499476439790576,2.1644660526452815,298,752
8112,60.483333333333334,60.42939336052368,3629,7.785858957834653,2.154354619061281,352,823
508,63.59649122807018,74.73282402979746,3625,7.803989592367737,2.190435063685149,414,910
8203,60.166666666666664,50.96564700993449,3610,7.506151142355009,2.152720384671582,314,766
32906,61.05084745762712,71.39313782556262,3602,7.474498567335243,2.1319859784476227,387,843
35914,87.7560975609756,71.51041199986366,3598,7.298051372896368,2.2626018313936997,457,1098
8746,59.96610169491525,69.08539595704148,3538,7.33943592281049,2.314520132562176,384,825
33149,57.65,60.63920111499166,3459,7.577993254637437,2.267308536559261,350,787
3505,56.916666666666664,55.499058372426376,3415,7.709151892668903,2.15084791474999,325,764
39335,59.91228070175438,69.90638656235576,3415,7.831364829396326,2.083241571196791,383,852
8171,56.86666666666667,47.731759908417395,3412,7.6128266033254155,2.3196319167889143,308,740
3826,56.18333333333333,48.37897416484706,3371,7.252534234394451,2.0271810652616544,286,693
3625,56.166666666666664,64.08843642667387,3370,7.528364849833148,2.1609833171886037,353,775
3804,55.13333333333333,45.53429203811594,3308,7.780769230769231,2.0771053108380997,282,711
6937,55.86440677966102,69.33861381980726,3296,7.427441761060056,2.2816402220792424,376,791
33874,54.85,52.92650004279201,3291,7.595806451612903,2.2535723663582106,315,732
11826,55.42372881355932,48.97015396095536,3270,7.598796033994335,2.159298562531865,298,719
8023,56.333333333333336,53.544818788073414,3211,7.41224590976698,2.3741016833511,326,744
3253,52.21666666666667,44.1096828858901,3133,7.514591643921898,2.421368884414652,289,681
8130,55.857142857142854,46.09532753738952,3128,8.026022304832713,2.2487884955739132,299,747
2704,53.89655172413793,57.288953546273675,3126,7.574468085106383,2.2020975421156965,326,734
1385,52.03333333333333,52.16595638584341,3122,7.6650755767700876,2.392287118728084,315,713
4113,51.833333333333336,38.307925748351884,3110,7.647058823529412,2.1664266972554374,255,651
8082,51.65,60.96256839867158,3099,7.512671002466921,2.1811230848468464,333,721
3276,51.5,44.004429669164836,3090,7.639502207948615,2.1967354529771073,274,668
11828,51.416666666666664,52.870898620166784,3085,7.75425199583478,2.1626573813195793,304,703
2443,50.833333333333336,45.77511968221279,3050,7.533293815451492,2.210361871545269,278,661
3783,52.58620689655172,56.23292239247884,3050,6.882978723404255,2.104048238227857,304,666
3423,52.55172413793103,43.964168988733704,3048,7.545042778057373,2.178045116441438,275,671
29248,65.5,60.303583825691675,3013,8.009244992295839,2.0300711552162056,357,882
5676,50.15,57.36792495427495,3009,7.417737789203085,2.044937629364521,308,680
2432,49.9,45.89808164079503,2994,7.605105105105105,2.199116554480849,276,656
2663,49.733333333333334,59.877520941704766,2984,7.790251107828656,2.217181726468364,330,718
22899,78.10526315789474,61.53170550505901,2968,7.739393939393939,2.2033137402329883,401,1005
13665,52.642857142857146,60.301192079707384,2948,7.886262924667651,2.201001668494272,339,754
3300,49.69491525423729,44.317916606269755,2932,8.020942408376964,2.2802541760058386,279,678
3696,48.8,39.244906827057264,2928,7.5054639380091395,2.408999577205832,263,629
5734,48.63333333333333,50.93996688248531,2918,7.499420625724218,2.095801737175882,285,650
5391,48.36666666666667,41.098462450792596,2902,7.5132457462847295,2.400628929271281,267,630
22143,67.13953488372093,65.55171763953102,2887,7.661830357142857,2.08922069836971,378,893
6451,62.608695652173914,62.410995562879464,2880,7.626482213438735,2.2902213915761664,370,847
5735,47.95,50.440239854804105,2877,7.602787456445993,2.1149584018602616,284,649
5877,47.85,48.2784385323163,2871,7.827848101265823,2.1423300037315722,280,654
34134,47.833333333333336,51.26837551243082,2870,7.4793786823781465,2.2020106858739066,289,647
4903,47.666666666666664,67.58263408138612,2860,8.27450980392157,2.458279328087425,375,769
38133,50.01754385964912,50.3230603302552,2851,7.232712765957447,2.4706736025915155,302,664
8678,55.72549019607843,64.39753983852877,2842,7.591527987897125,2.216915874598949,357,780
4243,48.94827586206897,65.30990156621911,2839,7.626062322946176,2.2249573245859047,348,721
3650,47.15,52.52338462250304,2829,8.325497287522603,1.991030215083858,294,687
2792,47.69491525423729,88.54031893520526,2814,8.23,2.467293595914805,462,854
8504,46.68333333333333,53.980690730588215,2801,7.7422124600638975,2.1111606897504,296,658
6565,59.319148936170215,54.11907418428639,2788,7.859598853868195,2.079031214242162,323,789
3310,46.35,34.32932481673477,2781,7.441860465116279,2.330882568972067,236,581
38370,46.15,48.670746094792165,2769,7.723037100949094,2.1704075179739086,278,634
35913,70.8974358974359,51.71113840709393,2765,7.389111747851003,2.2453817439696206,350,874
6256,50.660377358490564,53.34969663104086,2685,6.964643095396931,2.2995219338381983,302,654
3879,44.46666666666667,35.30615093415468,2668,7.644115974985787,2.1194385284914676,224,564
1883,44.38333333333333,36.91451033735011,2663,7.531702127659575,2.214515962862319,233,567
1180,44.333333333333336,44.06261594928046,2660,7.365118174409128,2.3033105412310806,259,586
6967,48.07272727272727,51.22024142185519,2644,7.711484593837535,2.1329696983800748,289,660
7715,43.733333333333334,44.602905836274246,2624,7.476446411634524,2.2523440076226944,259,586
14706,44.827586206896555,50.996091329762606,2600,7.63279078999603,2.1507273351573732,282,624
3636,43.233333333333334,48.49790023994456,2594,7.538391224862888,2.1439264132157887,268,594
5103,43.66101694915254,40.77465836110985,2576,7.4773299748110835,2.166562570773013,241,568
6857,45.892857142857146,46.65840217481191,2570,7.1828752642706135,2.3081861949611846,270,600
5299,41.55,38.67221005461771,2493,7.690295101916641,2.1290330253836838,229,549
8178,42.16949152542373,53.148507794400764,2488,7.391231964483906,2.1733816300013538,282,594
5270,41.79661016949152,48.25570527677743,2466,7.866419294990724,2.0767710627108755,265,594
8092,42.327586206896555,40.41815986290029,2455,7.867724867724868,2.1980134769960693,242,575
3612,40.8,39.2949731550263,2448,7.579166666666667,2.229118689430467,233,542
2143,40.68333333333333,32.2781826230401,2441,7.619926199261992,2.2575298636755328,211,521
34133,42.78947368421053,44.946292093256496,2439,7.678321678321678,2.2910725553194213,262,590
5316,40.813559322033896,37.32682985156884,2408,7.886,2.01919744369719,220,542
31465,40.66101694915254,38.56057043213226,2399,7.643888769131278,2.125519201802847,226,537
25269,46.8235294117647,45.77584772884187,2388,8.044058744993324,2.033305209596195,266,642
4245,39.766666666666666,46.44565501805844,2386,7.630108173076923,2.210425822034134,257,560
1375,39.46666666666667,40.727064530981544,2368,7.470672389127325,2.3945754488259334,241,536
497,40.327586206896555,38.08503317533178,2339,7.440789473684211,2.198702386228836,225,525
2465,38.6,41.01144941416784,2316,7.738944365192582,2.080943061907352,230,529
7878,38.583333333333336,30.279092561166422,2315,7.797235023041475,2.074203566419303,192,493
2015,38.46666666666667,44.43600108122237,2308,7.556844547563805,2.232929314914714,246,537
8101,38.94915254237288,31.765533115265352,2298,7.6967592592592595,2.156991257046888,201,501
14551,40.767857142857146,42.261519600708155,2283,7.227064220183486,2.6272316806692677,258,552
24829,41.41818181818182,50.37514485195272,2278,8.052919708029197,1.8820159795034466,269,602
15393,37.95,36.34459603595765,2277,7.717470760233918,2.1785563622825963,215,508
26383,54.166666666666664,47.008518515351334,2275,8.069111424541608,2.3178299136807867,302,739
1231,37.63333333333333,33.30188912372749,2258,7.563502673796791,2.2579428358928997,206,491
5457,38.08474576271186,40.13352203436081,2247,7.874396135265701,2.262157682976248,234,534
3349,37.86440677966102,34.662141539546276,2234,8.64406779661017,2.475832927517433,228,556
13430,37.74576271186441,42.94005172424289,2227,7.461118690313779,2.2446481227376727,239,520
16819,65.26470588235294,46.6296230617466,2219,7.402805611222445,2.249514035937562,320,803
3348,36.86666666666667,37.97388338330753,2212,7.730129390018484,2.214872472869489,220,505
482,37.775862068965516,32.9587957024537,2191,7.4286321155480035,2.254005283834677,204,485
3050,36.416666666666664,26.176902528540314,2185,7.535643070787637,2.196975723310365,177,452
4269,36.03333333333333,30.22680742330638,2162,7.479918137631108,2.401044295458185,197,467
8066,37.224137931034484,38.099151854743646,2159,7.37180106228875,2.387352287619173,225,499
43223,35.95,34.276752511168034,2157,7.267008387698043,2.296851416765751,204,466
6081,35.88333333333333,42.38167643186312,2153,7.458410351201478,2.022244001516739,225,493
3356,35.71666666666667,30.509288203212254,2143,7.787408759124087,2.0878615609398796,187,465
42764,36.23728813559322,40.49280011908921,2138,7.576099210822999,2.1604070200139867,225,499
5342,35.6,32.58584490443042,2136,7.530321046373365,2.121383948092858,193,461
5708,47.31111111111111,57.36875227311239,2129,7.43940990516333,2.121759397896003,307,659
5401,35.483333333333334,29.610174423304752,2129,7.911877394636015,2.1346004135289864,186,466
35916,52.45,39.10141318188529,2098,7.370398773006135,2.2314464664875397,261,647
3859,34.833333333333336,29.819324110306052,2090,7.5990654205607475,2.180146635034694,185,449
8202,34.71666666666667,32.30841400965403,2083,7.561542034370645,2.181803728455168,193,455
23095,34.65,30.395040295684286,2079,7.572176054170514,2.100120562696909,183,445
27461,35.758620689655174,35.32173444750293,2074,7.590671316477768,2.282170828877999,210,481
40425,37.017857142857146,46.616224671217246,2073,7.738414634146341,2.0922559613874734,249,536
12220,34.25,21.530919824163952,2055,7.964463397299218,2.106385193771836,156,428
3162,34.15,31.716340759716292,2049,7.472049689440993,2.202447819476214,189,445
22447,34.559322033898304,33.4056939119566,2039,8.493150684931507,2.2628836511223396,206,500
44038,35.10344827586207,33.343870082989966,2036,7.570940170940171,2.220775238738998,199,464
4252,35.10344827586207,36.105444822014356,2036,9.466666666666667,1.8332810859848756,212,544
1378,33.583333333333336,26.03732110635578,2015,7.447884416924665,2.397402641327334,177,427
8691,33.46666666666667,29.524747830646692,2008,7.261300043047783,2.1757799668622195,178,421
5356,33.46666666666667,34.44546988328401,2008,7.6682156133829,2.1692465681585436,198,454
24875,33.45,32.094365628327125,2007,7.56424957841484,2.1020690962948456,186,439
5197,33.36666666666667,33.145271752514304,2002,7.697810218978102,2.172544899006582,193,450
1346,33.79661016949152,35.79239933812617,1994,7.521709401709401,2.394409775150801,210,464
5739,34.310344827586206,39.90392272699282,1990,7.763915547024952,2.1935051034834228,222,488
5101,33.6271186440678,47.54123375630767,1984,7.544050862851953,2.1309651106635137,246,499
1867,34.172413793103445,32.53507577177121,1982,7.534435261707989,2.1812356217630873,192,449
4265,33.59322033898305,30.94829873552062,1982,7.580952380952381,2.1416962370515584,184,439
6879,32.86666666666667,37.241978622938554,1972,8.564814814814815,1.8254337502634548,205,487
3630,32.81666666666667,32.298654884447316,1969,7.800264200792602,2.1118937159810423,188,444
126,33.93103448275862,43.28237032981455,1968,7.7263005780346825,2.2447656275385284,235,497
3562,33.89655172413793,57.30548782855972,1966,7.4375,1.5926704301578216,273,525
2672,33.220338983050844,31.44292464494893,1960,8.05476673427992,2.1153337289674674,187,455
8513,33.0,37.45848276471543,1947,7.522370012091899,2.0720485455881517,204,452
14701,33.0,32.22282335282845,1947,7.717370441458733,2.1673316643873797,189,444
6542,39.69387755102041,38.93809407338817,1945,8.131944444444445,2.2332018811379375,234,557
5447,32.35,27.51444920862922,1941,7.790870488322717,2.1921028889319336,172,425
3040,32.333333333333336,38.92133163828256,1940,7.6073697585768745,2.1448629767582146,211,457
2418,32.2,32.91014989485303,1932,7.6398559423769505,2.2262309501709834,191,437
3568,32.11666666666667,45.81506364174533,1927,7.59047619047619,1.5423211658907425,224,468
8155,32.083333333333336,21.740606127756884,1925,7.647783251231527,2.0617071236452427,147,393
28147,33.12068965517241,34.08095500793476,1921,7.426460711887173,2.307391909645755,198,444
8670,31.9,31.268492833326594,1914,7.6350053361792956,2.1720904763241453,183,426
38899,37.529411764705884,41.53232617669108,1914,7.463788300835654,2.3051399908577963,235,516
24379,43.38636363636363,38.61570707601989,1909,7.946428571428571,2.1131901749659727,235,580
3727,33.31578947368421,28.738449788403713,1899,7.840616966580977,2.168256373412842,178,440
7345,33.29824561403509,33.688682347277094,1898,7.652987760979122,2.058009604163674,191,446
3452,32.706896551724135,27.7747889095771,1897,7.791202967673556,2.0574486952182487,169,424
6264,33.08771929824562,36.09129332171522,1886,7.6066597294484914,2.0359387818158887,198,450
6432,31.066666666666666,29.010732477310125,1864,7.65,2.5232814255533156,185,423
3745,30.983333333333334,24.872210118085455,1859,7.5075398535114175,2.2046305160529425,159,392
27854,30.95,23.90760817843473,1857,7.551274083281541,2.3145145370830895,160,394
3768,30.9,29.832697338800504,1854,7.855566700100301,2.1420225294386235,176,419
15094,33.089285714285715,37.956087922619346,1853,8.323711340206186,2.036214756748495,212,488
10727,31.35593220338983,31.959976431664735,1850,7.846153846153846,2.3403121705311865,191,437
42881,38.354166666666664,36.64928061372483,1841,7.429447852760736,2.5726397550498192,232,517
8781,37.55102040816327,36.702100998268136,1840,7.641914191419142,2.270651917724883,219,506
35472,30.6,35.153995360847794,1836,7.73943661971831,2.1008151822855545,193,430
5390,31.982456140350877,31.704827949197593,1823,7.219512195121951,2.1507230775015085,181,412
8475,36.44,39.32863110368573,1822,7.576100628930818,2.1145251272544714,219,495
32648,30.333333333333332,34.658462740693246,1820,7.1859205776173285,2.2324864351527576,190,408
4246,30.333333333333332,28.168781052589058,1820,7.6047966631908235,2.19964362632407,169,400
6595,30.316666666666666,39.136653965506795,1819,7.6257290991574855,2.0919477566082416,207,438
3728,30.2,27.0910580031274,1812,7.499489535477284,2.1590745719327136,163,389
32908,32.214285714285715,36.70110936431524,1804,7.581632653061225,2.0809835055081014,200,444
2037,47.23684210526316,53.290349113860174,1795,7.809756097560975,2.430989155375504,310,679
1261,47.078947368421055,55.76174295375279,1789,8.304347826086957,2.3501973548161974,322,713
811,30.322033898305083,29.157976774547276,1789,7.563421828908554,2.2176591470532605,173,402
19848,30.322033898305083,29.100563259133505,1789,7.282563025210084,2.2558362553495646,172,393
1789,30.28813559322034,40.076672571398575,1787,7.517857142857143,2.239642357832583,213,441
3085,29.716666666666665,27.88298288317226,1783,7.673846153846154,2.2545469839067707,169,397
5490,30.16949152542373,27.225845062957518,1780,8.23404255319149,2.4773232034357715,178,427
41714,31.087719298245613,33.45641124857963,1772,7.581132075471698,2.1085583593771835,187,422
4153,31.087719298245613,33.799450915739946,1772,7.988467874794069,2.0500278509727874,189,438
12771,30.53448275862069,32.079514979293485,1771,7.1208089409260245,2.202909341963098,180,397
6269,35.32,33.39707918305407,1766,7.371340523882897,2.418264776111799,206,466
6692,43.0,33.44697295720496,1763,7.463414634146342,2.3432908820349208,224,545
4264,29.233333333333334,25.211220710578733,1754,7.694850115295926,2.1088881122958165,154,379
1355,29.233333333333334,27.144538837500352,1754,7.529485570890841,2.359242779754597,167,388
26399,31.178571428571427,30.014001061842116,1746,7.741962077493817,2.2431108559525206,180,421
1389,30.086206896551722,32.382735536062235,1745,7.6031195840554595,2.4777181989730077,192,421
4221,30.086206896551722,31.140476555389988,1745,8.512738853503185,2.7015845809225683,201,457
1384,29.559322033898304,34.49801153012209,1744,7.42455242966752,2.1903006966304988,188,408
15527,29.559322033898304,33.311109872109455,1744,7.493407356002776,2.2919223145105514,187,409
28947,28.95,33.60257506274567,1737,7.688663745892661,2.0696586438267,183,405
23143,28.85,37.924914667568764,1731,7.746683921061146,2.0956615309942026,201,424
3687,28.666666666666668,15.94233960528991,1720,7.645231846019247,2.2186086900415884,128,347
2164,28.633333333333333,25.65347081725496,1718,7.738791423001949,2.246579627084225,159,380
3282,31.21818181818182,39.28843525493405,1717,7.792207792207792,2.2497816405016913,215,458
11825,28.616666666666667,26.892183771917797,1717,7.727611940298507,2.152556272774926,160,381
8815,29.53448275862069,22.838268528434693,1713,7.556366585563666,2.2750668175201376,152,375
4198,28.915254237288135,27.972454514614558,1706,7.841488628532047,2.141100301941276,165,391
3997,28.366666666666667,28.193019130338204,1702,7.44109396914446,2.423214031196617,170,381
3344,28.333333333333332,34.454424166321054,1700,7.497887748943874,2.2717338138982126,188,401
6270,28.283333333333335,24.798914455921057,1697,7.285714285714286,2.4249782433084794,158,364
3137,28.283333333333335,37.08126287624486,1697,7.046875,1.9676892999410152,187,386
21985,28.016666666666666,30.58552425225552,1681,7.349081364829396,2.3035259152515764,173,379
3485,28.0,22.05847390882789,1680,7.767434620174346,2.1507549869260005,142,359
3798,28.879310344827587,32.121522317711836,1675,7.47563025210084,2.1567647946801802,178,394
4066,28.338983050847457,30.85483819966156,1672,7.719238613188307,2.1626145594675283,174,393
3840,28.305084745762713,26.624628368646885,1670,7.443188951663528,2.1590027060050776,157,367
24325,27.7,28.615688478850974,1662,7.149951783992285,2.054534475927086,157,355
3982,28.56896551724138,31.710373569126034,1657,7.412605588044184,2.4485599190622094,183,395
5656,31.18867924528302,49.49516549964699,1653,7.878787878787879,2.2344639298717173,256,502
1737,28.912280701754387,29.45473567415069,1648,7.615795968737145,2.353454114586736,175,395
3511,27.433333333333334,24.929981042958296,1646,7.466089466089466,2.2058187253330104,150,355
8788,28.344827586206897,24.296813540367097,1644,8.116564417177914,2.1976004761468215,154,384
8498,27.4,30.36400634560486,1644,7.728895689875032,2.0651886383138702,168,379
3776,27.847457627118644,33.615377002364625,1643,7.2031309660175635,2.137190627013664,178,379
3295,27.366666666666667,26.22068446447024,1642,7.761560693641618,2.186373191323062,156,368
7535,27.661016949152543,25.194834014475052,1632,7.819047619047619,2.0600097274427487,150,366
5891,28.137931034482758,27.521250657438262,1632,7.572180203880302,2.1821951801701838,161,374
19357,30.166666666666668,30.359326067047057,1629,7.26873857404022,2.0940797609076776,171,390
44712,36.2,34.047827323553925,1629,7.475763016157989,2.235634717752359,204,474
2100,27.15,21.325424469715944,1629,7.9398523985239855,2.097230146185306,137,352
2117,27.066666666666666,21.277717051832724,1624,7.8244444444444445,2.0968742548664006,136,347
6725,27.05,21.839495399894975,1623,7.614130434782608,2.129078496748001,138,344
14622,31.764705882352942,35.822667815389806,1620,7.503743760399335,2.331367667321382,203,441
40545,29.87037037037037,31.557103853709744,1613,7.65034965034965,2.271226803510851,182,411
3847,28.785714285714285,40.02895056227285,1612,7.693181818181818,2.2576519064895617,212,434
43872,27.655172413793103,30.217661690473776,1604,8.0083857442348,2.1361073806447752,171,393
44334,35.55555555555556,36.19678260159417,1600,7.669801462904911,2.1039058273640174,206,479
18010,30.673076923076923,33.20862228802147,1595,7.436343852013057,2.210104078657777,187,415
11213,28.375,29.11454650482845,1589,7.690416141235813,2.124959725036305,166,384
39413,27.859649122807017,28.997806934620833,1588,7.692447679708827,2.273240089858497,169,383
6234,28.763636363636362,26.48826688985677,1582,7.601742377100186,2.123390918347262,157,376
3547,29.27777777777778,28.39041604609626,1581,7.631410256410256,2.1251912563730735,165,389
31489,26.316666666666666,24.321638316435013,1579,7.5255327704061115,2.2303155808397284,147,345
3488,26.3,28.746878975768084,1578,7.4670704012112035,2.0890801155366976,158,355
3960,26.166666666666668,22.49004801877945,1570,7.468176914778857,2.225137103281985,140,335
10421,26.610169491525422,28.815116332944456,1570,7.623229461756374,2.198533964508068,163,366
16794,29.60377358490566,32.065641582566165,1569,7.557416267942584,2.134474375869622,179,403
1295,27.928571428571427,31.91001959650528,1564,7.551020408163265,2.199742774640379,177,388
7716,29.471698113207548,33.797248279878154,1562,7.4988597491448115,2.2854605949167994,189,410
6174,39.97435897435897,31.369182983074985,1559,7.475925925925926,2.22345693383476,204,503
2834,26.372881355932204,23.951746250559655,1556,7.84921546115576,2.084599595018811,143,350
31915,25.9,18.209422034964692,1554,7.5788912579957355,2.342284969021231,130,326
3702,26.79310344827586,23.725594012632616,1554,7.672413793103448,2.1173234213895187,143,349
1663,40.76315789473684,53.2091407563442,1549,8.054455445544555,2.365171193933325,296,624
4932,27.105263157894736,23.777753866742096,1545,7.677243880326382,2.197816690384743,147,355
3038,25.75,25.165637723568583,1545,7.822958771220695,2.0489812783259707,145,347
46476,29.692307692307693,28.43054037373691,1544,7.97986577181208,1.9488235577556627,163,400
10058,25.733333333333334,23.143521747349876,1544,7.429840142095915,2.4140251993944934,146,337
6249,32.145833333333336,31.04834225425873,1543,7.85595567867036,2.1975426271247076,185,437
2752,26.586206896551722,35.010792562955025,1542,7.315621679064825,2.143088932269173,182,377
3529,27.5,28.48795598781416,1540,6.963157894736842,2.1280740368361752,157,349
8441,26.5,50.8948865180404,1537,7.566481994459834,2.1162699649314924,249,449
3835,26.050847457627118,28.305856423894372,1537,7.428897338403042,2.150024229296182,157,351
8590,26.859649122807017,25.325339228084268,1531,7.5252201761409125,2.13664898422087,149,351
19121,26.859649122807017,29.683111237399448,1531,8.078740157480315,1.5966547330928849,156,373
4152,25.516666666666666,22.097236322837855,1531,7.8223455933379595,2.046426504621076,133,333
8421,27.763636363636362,25.786131526938647,1527,7.318274111675127,2.2467675705305292,154,358
45822,26.649122807017545,24.731047020229283,1519,7.13023610053313,2.315893131395168,149,339
6574,26.155172413793103,26.213564002040055,1517,7.614412568306011,2.175560104015275,152,351
6876,25.233333333333334,23.716808504723332,1514,7.059074733096085,2.2682505019797965,140,319
4736,25.64406779661017,22.52413472781371,1513,7.639257294429708,2.1616452264928343,138,333
28069,30.24,29.55214001712629,1512,7.077464788732394,2.4697790850431747,179,393
4916,25.610169491525422,21.792925892047965,1511,7.652463382157124,2.2718134269770762,138,334
28138,36.75609756097561,28.797378776379002,1507,7.551578947368421,2.071244919980057,181,459
3351,25.066666666666666,24.23393521117049,1504,7.509365994236311,2.406279808503319,148,336
6526,31.3125,39.73644891457245,1503,8.154804270462634,2.192814398976719,219,474
857,25.016949152542374,23.703987388582107,1476,7.5266272189349115,2.12923235404085,139,327
39087,24.583333333333332,20.14127364281619,1475,7.6829648084708815,2.1490603738986676,127,316
10451,26.303571428571427,28.002545106963623,1473,7.154713114754099,2.0440378138085182,152,340
18893,26.303571428571427,26.76151894238996,1473,7.214542836573074,2.2450820788672776,153,343
44037,25.736842105263158,30.20083153762343,1467,7.711839166046166,2.2456252813121895,168,367
3857,25.70175438596491,30.6902525895442,1465,7.68440065681445,2.1528110943942,167,365
4225,25.666666666666668,29.011286801945932,1463,7.481230448383733,2.2755904948453427,163,355
4296,24.779661016949152,21.529504852491478,1462,7.482495667244367,2.3712598136314256,137,323
11141,29.775510204081634,28.002429437850004,1459,7.419560185185185,2.215492492998336,166,387
40337,25.526315789473685,24.46214660534421,1455,7.642441860465116,2.3158083442993354,148,343
5872,25.403508771929825,28.238689043531096,1448,7.720508166969147,2.122159388116156,157,353
3345,26.2,21.191717459632407,1441,7.977728285077951,2.127507597587355,135,344
18347,29.854166666666668,32.36953491757554,1433,7.691964285714286,2.2323085588863707,184,414
8761,25.12280701754386,25.507751045682596,1432,7.274725274725275,2.1655139227099305,145,327
35442,31.822222222222223,30.558653653773966,1432,8.01840490797546,2.1294357540896924,181,437
4413,24.1864406779661,31.734064464824346,1427,7.556768558951965,2.275847891851077,170,353
6281,23.766666666666666,17.9824459287918,1426,7.6073737131912855,2.135501597113061,117,298
41712,26.79245283018868,24.79094010269915,1420,7.683602771362587,2.112256322944473,147,353
8576,24.87719298245614,61.991955173761575,1418,7.487031700288185,2.227139205537157,294,481
6869,35.175,30.8585586349337,1407,7.14336917562724,2.1891370404623225,186,437
16610,26.547169811320753,32.361281493675705,1407,7.929100529100529,2.2137498230554664,179,389
5312,23.796610169491526,28.708871427761785,1404,7.823108993448481,2.162149111170585,157,344
5404,23.4,17.29622276781548,1404,7.634945397815913,2.2053122026317378,116,295
14240,33.357142857142854,28.641451649894435,1401,7.935443037974683,2.113900998954269,177,442
3762,24.50877192982456,31.41548913185156,1397,8.435435435435435,1.9588091583564322,170,377
4226,23.266666666666666,20.853700778475556,1396,7.598537005163511,2.2569007417618363,128,305
24002,27.352941176470587,26.79837571899593,1395,7.5,2.150524811981371,155,360
35412,26.264150943396228,39.899947437499705,1392,7.735278791036999,2.1815586485369614,206,409
19662,24.803571428571427,24.85259792006911,1389,7.4880636604774535,2.2855043128564327,146,332
1637,24.36842105263158,21.40313026083816,1389,7.3920402561756635,2.2854651170220674,133,313
5242,23.133333333333333,22.102585680985626,1388,7.545186640471512,2.2481051621721533,132,306
1955,23.52542372881356,23.5206116008062,1388,7.512406947890819,2.170203622847976,136,312
24378,44.70967741935484,53.41485033732791,1386,8.311827956989248,2.2016717690825582,302,673
39348,25.666666666666668,28.602678328212026,1386,7.543478260869565,2.267961739536564,161,355
4488,25.64814814814815,28.87458725174734,1385,7.6196078431372545,2.035884859620969,157,353
4181,23.066666666666666,20.010900984015944,1384,7.490513000702741,2.230893793551947,124,297
2797,27.11764705882353,28.50869836300741,1383,7.212121212121212,1.5563895671869838,144,340
5661,23.35593220338983,25.138075744441046,1378,7.528333333333333,2.174811576524132,141,317
1465,24.12280701754386,28.54136733099532,1375,7.480457578646329,2.3086812146174127,158,339
3227,23.10169491525424,20.021277401851012,1363,7.5298659081674115,2.223768029787449,124,298
3842,29.565217391304348,31.237905872273576,1360,7.2331491712707185,2.259641467777646,177,391
19948,34.64102564102564,37.70766163909928,1351,7.662731871838111,2.146078437384052,211,477
12213,22.516666666666666,13.420818215813853,1351,7.895335608646189,2.0351050288264543,98,276
29169,23.29310344827586,21.455795945928493,1351,7.65471965933286,2.1298829115906477,128,306
46447,24.017857142857142,24.444736240551457,1345,7.583126550868486,2.289100249374601,143,326
3894,23.155172413793103,17.66630425726057,1343,7.960506134969325,2.0759395885380747,114,299
41546,31.046511627906977,23.983082815831917,1335,7.96374269005848,2.0559720583398624,154,401
3244,22.52542372881356,20.298934855870534,1329,7.559865092748735,2.3312678462189216,126,297
4379,23.157894736842106,27.657851813134247,1320,8.5625,2.12818388929779,156,355
34903,22.724137931034484,22.60864072005904,1318,8.295176385889128,2.1319880322333105,134,322
8264,22.338983050847457,17.165131225320305,1318,7.59963325183374,2.3224420054054358,116,286
27351,21.95,18.02392477810479,1317,7.676056338028169,2.1460191957250303,113,282
538,22.271186440677965,22.366716735667886,1314,7.668679245283019,2.0766196293749064,128,298
6918,22.620689655172413,20.591113384011667,1312,7.641816920943135,2.134157798920971,123,296
5096,21.866666666666667,23.49934486404989,1312,7.498982706002034,2.392471011245462,137,301
3238,22.23728813559322,23.908834742117637,1312,7.753364859949072,2.147811364864544,135,308
41711,24.27777777777778,24.66562550921842,1311,7.562582345191041,2.032317177906544,138,322
31487,22.53448275862069,23.18893831666477,1307,7.622043010752688,2.286769514525989,136,307
14129,22.11864406779661,23.148757876680918,1305,7.56595744680851,2.1950537353522264,132,299
3326,22.5,20.845505216216235,1305,7.791429820725842,2.0389376774085486,122,298
8329,31.071428571428573,28.913152427143974,1305,8.125984251968504,1.9393651335871074,168,421
3827,22.120689655172413,17.659625461652805,1283,7.592853992059991,2.2183544144991925,114,282
8619,21.366666666666667,18.823863926073848,1282,7.568085106382979,2.4491943223358885,121,283
1379,21.333333333333332,17.400240273683607,1280,7.369269949066214,2.360170704365169,114,271
1396,21.333333333333332,16.300843969693524,1280,7.465307464649786,2.415995894793299,112,272
42188,31.95,57.87694727299485,1278,7.4603381014304295,2.0751004970937146,283,521
6960,22.29824561403509,25.24449367986774,1271,7.555633802816901,2.068694292156946,137,306
1962,21.896551724137932,22.909195009230725,1270,7.545706371191136,2.4412671201959353,136,301
5367,22.210526315789473,18.292989330522676,1266,7.475947521865889,2.2218670348406806,116,282
5153,21.016666666666666,26.558213429464175,1261,7.528343666961913,2.072317490352682,140,298
6647,29.952380952380953,24.128671722058137,1258,7.944151738672287,2.0572092137415168,151,389
40193,33.05263157894737,25.120194706188357,1256,7.695351137487636,2.2347764746014036,168,422
3951,21.28813559322034,20.041380336054722,1256,7.536184210526316,2.3558101573148083,123,283
31488,21.620689655172413,20.835889740311483,1254,7.682926829268292,2.332176162862474,127,293
41713,25.489795918367346,24.338003931591214,1249,7.668956043956044,2.120580494152015,143,338
10420,21.912280701754387,22.671001538903003,1249,7.709145427286357,2.2427926451307516,132,301
23739,20.766666666666666,16.68894556150275,1246,8.05530474040632,2.09338211134291,106,273
4380,26.97826086956522,30.759633815501896,1241,7.886676875957121,2.1664859655224777,172,385
8027,22.925925925925927,19.315505406964768,1238,7.704485488126649,2.2811061868390543,124,300
4218,21.310344827586206,22.02646486082078,1236,7.747763864042934,2.2078377131586406,128,293
2436,20.949152542372882,21.753655046684063,1236,7.461406518010292,2.1717024402754475,123,280
10957,21.25862068965517,21.88291037511187,1233,7.127218934911243,2.222973772491869,124,275
5382,21.120689655172413,16.371860310983205,1225,7.499554764024933,2.1216878932546255,105,263
20533,21.120689655172413,25.530908399948444,1225,7.813076923076923,2.276427669573957,142,307
4829,21.103448275862068,19.084934496688525,1224,7.541123370110331,2.304593885535118,118,277
3025,25.479166666666668,45.81971590099864,1223,7.632267441860465,2.3691256664170695,231,426
14342,22.21818181818182,21.212060605974024,1222,7.725682295311406,2.1751827026135864,126,297
4705,21.767857142857142,22.895804356756223,1219,9.0,0.4264014327112209,114,310
3694,23.0,21.887825910238853,1219,7.835473515248796,2.0689465473433217,128,308
5109,21.280701754385966,24.542058932404267,1213,7.536429143314652,2.0546602115481805,133,293
8451,20.559322033898304,21.447828590712277,1213,7.503860219422998,2.4104458758268854,127,281
5440,20.54237288135593,17.63648455264834,1212,7.847728407388916,2.1786537242243726,110,271
20357,21.24561403508772,26.297936299909264,1211,7.479343520090549,2.2842951980430524,143,302
26463,20.166666666666668,13.26798959988283,1210,7.705980066445183,2.1048803172768547,93,248
2760,20.82758620689655,21.5391426070497,1208,7.5885817852288175,2.2243228375552606,124,282
8627,21.553571428571427,25.39858238195563,1207,7.56858407079646,2.2794803708723976,141,304
8626,20.083333333333332,16.62068515859809,1205,7.612492033142129,2.1647765867362887,104,257
18988,20.775862068965516,14.974883186081344,1205,7.678998609179416,2.1230617790049426,100,259
27644,23.607843137254903,24.591932361140348,1204,7.782608695652174,2.099620293389245,140,323
8368,23.134615384615383,19.760357270480043,1203,7.848942598187311,2.2268656665131483,125,306
39593,21.105263157894736,19.598363826137476,1203,7.722662440570523,2.324051374901117,121,284
3706,20.724137931034484,21.05030991433174,1202,7.505134474327629,2.433378065608728,126,282
5105,21.035087719298247,19.66956034104538,1199,7.566172957477305,2.161288680335499,117,276
7254,19.966666666666665,17.90934484475526,1198,7.639153439153439,2.1584361793211935,108,261
4678,20.28813559322034,18.031630109202286,1197,7.561224489795919,2.4284820294648632,115,269
3316,28.476190476190474,32.40011901155355,1196,7.69935691318328,2.2395866533902904,182,401
44228,21.232142857142858,20.86405440545452,1189,7.5272277227722775,2.090694847260262,120,279
6688,20.152542372881356,16.39155960192679,1189,7.264705882352941,2.1492474478225065,102,248
5254,20.82456140350877,22.024436758662887,1187,7.781115879828326,2.328145536761051,129,291
5311,20.050847457627118,19.789777689341815,1183,7.663083765752409,2.0549318613496927,113,267
4330,20.033898305084747,22.564823174269094,1182,7.527053328143246,2.1703512099407902,125,276
6213,20.033898305084747,17.084946087625386,1182,7.81697247706422,2.064135942861889,104,261
8205,21.436363636363637,24.37193561847819,1179,7.411242603550296,2.0161346792380797,131,290
6654,21.4,23.031057935527613,1177,7.437142857142857,2.1730805735189427,129,288
812,19.6,15.874721404201615,1176,7.798076923076923,2.267428336843934,104,256
43809,20.57894736842105,24.562563971869476,1173,7.7432216905901115,2.120966344048429,134,293
6938,19.516666666666666,21.419531453409892,1171,7.660377358490566,2.047512562185564,118,267
8096,20.839285714285715,18.992607926352708,1167,7.735294117647059,2.131067688082404,114,275
2665,19.45,16.715389235316525,1167,7.748427672955975,2.307316061284144,107,257
4483,25.32608695652174,30.43831967024175,1165,7.665338645418327,2.342552835020068,170,364
12586,23.755102040816325,22.04874392893022,1164,7.550269299820466,2.181702254033789,132,311
11827,20.03448275862069,18.833495280075066,1162,7.693424423569598,2.1628051127200782,112,266
5308,19.93103448275862,19.541105634978447,1156,7.7745098039215685,2.0677000316039584,113,268
3089,19.576271186440678,20.550361511905756,1155,7.215762273901809,2.322333132340372,118,259
1373,19.913793103448278,19.38826239489462,1155,7.78,2.4385514483926873,120,275
14672,20.963636363636365,44.97734558821381,1153,7.719559585492228,2.191063168828749,220,382
1767,19.2,20.329322564517568,1152,7.562393162393162,2.2158819571126527,116,261
29212,28.8,23.26348519869161,1152,8.013196480938417,1.981886118546981,144,375
4359,19.183333333333334,12.829377921516981,1151,7.518064911206369,2.22387395462877,91,235
23355,21.71698113207547,26.16543327375802,1151,8.548076923076923,1.858487785376683,143,328
8214,19.406779661016948,17.503811057012104,1145,7.7887678122380555,2.2796829316881313,109,260
39146,21.98076923076923,23.829862945978782,1143,7.245770258236866,2.220100889118976,133,292
6420,20.375,21.47773688772124,1141,7.609375,2.0618490483959615,120,275
4762,19.322033898305083,16.83944535695477,1140,7.692384769539078,2.096125796394727,102,251
2373,19.655172413793103,24.6074811931556,1140,7.801692865779928,2.4533116497568797,139,292
3436,19.620689655172413,18.746534263283237,1138,7.759822910902048,2.2271061358843287,112,265
7221,19.94736842105263,15.905323741070811,1137,7.844140625,2.224487340281153,104,260
17876,27.071428571428573,24.591682965591016,1137,7.53997378768021,2.385303537328381,154,358
3938,20.303571428571427,18.708208837889263,1137,7.763652641002686,2.109375788272722,111,269
3834,18.883333333333333,15.542278770454839,1133,7.190072639225182,2.0505893128935937,94,230
2152,19.789473684210527,19.347145269397963,1128,7.660268714011516,2.29975881556304,116,268
10723,20.125,24.25550546689443,1127,7.685250079643199,2.093650837663004,131,286
3808,19.050847457627118,21.75999471413282,1124,7.207302709069493,2.1673811264229133,118,255
10266,21.596153846153847,23.164594023845805,1123,7.861435726210351,1.988890198796468,128,298
8653,18.516666666666666,18.5577355305705,1111,7.607361963190184,2.2965561148374016,110,251
12147,20.145454545454545,20.370110803366146,1108,7.474934036939314,2.096596760323398,115,266
3730,19.75,19.560860735848834,1106,7.666666666666667,2.275586643844486,116,268
7982,18.383333333333333,16.023385099800137,1103,7.721396731054978,2.2014736149751335,99,241
1550,20.054545454545455,20.294515024196564,1103,9.75,1.892969448600091,122,317
6599,21.470588235294116,21.60588155218525,1095,8.055900621118013,2.1337388273044042,126,299
3278,18.879310344827587,23.141879395852268,1095,7.59743824336688,2.1284039375793165,124,268
4959,19.210526315789473,20.53023627491314,1095,7.817610062893082,1.9121706994135128,112,263
42766,19.89090909090909,19.176251446219087,1094,7.642785065590313,2.2431817935261154,114,266
5921,18.82758620689655,17.338870165982236,1092,7.618299445471349,2.281679972312389,106,250
3701,19.8,19.44641259880503,1089,7.488888888888889,2.380051777723851,117,266
35413,20.14814814814815,20.392754361983666,1088,7.923395445134576,2.1606465296957453,119,279
14805,23.652173913043477,30.18109591656071,1088,7.424924924924925,2.0631920105871737,158,333
12666,24.177777777777777,29.82089634108704,1088,8.103626943005182,1.8595578847592495,159,354
3627,18.423728813559322,19.046407381238243,1087,7.603503184713376,2.066005049081138,107,247
8358,18.423728813559322,18.970215665825954,1087,8.014778325123153,2.2304955030813827,112,259
35664,19.745454545454546,18.591334283415765,1086,7.489878542510121,2.2441394017761094,111,259
5765,18.67241379310345,20.22712086859593,1083,7.208127208480565,2.1543820440183947,112,246
540,25.714285714285715,29.941638935774357,1080,8.761904761904763,1.091089451179962,153,379
6498,20.358490566037737,18.506853553400823,1079,7.560803474484256,2.123775809420299,110,264
6974,33.6875,24.241310381913312,1078,7.022123893805309,2.154983248742292,160,397
24805,34.74193548387097,28.183881613356576,1077,7.20122699386503,2.2873970413601707,181,431
34904,17.933333333333334,27.55571654165962,1076,8.18560606060606,2.123825370424146,144,291
38502,24.431818181818183,19.78418175664909,1075,7.846345514950166,2.134032107139532,126,317
37821,21.79591836734694,30.286809279396373,1068,8.1687306501548,2.0064270218487503,160,338
38850,17.8,12.313421091762065,1068,7.563206577595067,2.163426541077791,85,219
12216,18.084745762711865,19.21591306757126,1067,7.786299329858526,2.2410058531232746,111,252
5297,17.733333333333334,15.582331004956304,1064,7.645348837209302,2.17511887168848,95,231
36874,20.862745098039216,19.189600942013506,1064,7.7770562770562774,2.3306115293946985,119,282
32968,30.34285714285714,19.101805977358232,1062,7.61101243339254,2.095500909597205,136,367
7865,18.614035087719298,22.84947200543851,1061,7.496412263535551,2.154179595741991,123,262
35411,22.104166666666668,22.799999611173316,1061,7.836575875486381,2.2322605320449593,133,306
8819,19.272727272727273,17.306019660751474,1060,7.544496487119438,2.4263619429954617,110,255
8628,20.784313725490197,23.44466994904402,1060,7.7400318979266345,2.2176410052968145,132,293
8312,20.365384615384617,30.189615696918068,1059,7.684709066305818,2.2558377182117644,158,314
3851,18.24137931034483,20.63578083561911,1058,7.696534234995774,2.197147780073475,115,256
4304,22.51063829787234,28.244177807443812,1058,8.434782608695652,1.6740285366450525,149,339
5381,18.857142857142858,18.077035729876197,1056,7.8429752066115705,2.4324482333060042,113,261
28658,21.551020408163264,25.718071811220117,1056,7.905913978494624,1.980189224645782,139,309
8170,18.17241379310345,12.79547333751411,1054,7.7403508771929825,2.419685962711243,93,234
38181,23.42222222222222,19.018518354594303,1054,7.607339449541285,2.1752157779213728,121,299
3821,18.43859649122807,19.95353311344317,1051,7.533088235294118,2.1414576073365765,111,250
807,20.21153846153846,27.52990284268914,1051,7.516867469879518,2.3513114825739403,147,299
3502,18.086206896551722,18.51437040992053,1049,7.4299835255354205,2.3644712558194625,109,244
4679,19.425925925925927,26.22155375262794,1049,7.614080834419817,2.37803480063676,142,290
1348,18.03448275862069,17.856116468644654,1046,7.7846481876332625,2.40741005962829,109,249
16262,18.263157894736842,19.353410843523047,1041,7.501508295625943,2.1609740961154706,109,246
2122,17.35,14.02639763119792,1041,7.484742807323452,2.445654157383854,94,224
8838,17.913793103448278,17.344076781282975,1039,7.536437246963563,2.3332335192627394,105,240
3042,20.352941176470587,26.062097789250778,1038,7.633103448275862,2.2442084816025747,141,296
8837,18.535714285714285,17.974693610451624,1038,7.643524699599466,2.2973540624435778,108,250
3871,17.283333333333335,21.654522889731854,1037,7.581497797356828,2.1302829244959516,116,247
3703,22.0,22.303246010585443,1034,8.153846153846153,2.444558706594079,138,317
4233,19.12962962962963,27.879150454217875,1033,7.765787860208461,2.2088126564487354,146,294
2932,17.79310344827586,18.448371411685553,1032,7.7568359375,2.2263094378449786,107,245
4878,19.074074074074073,18.091853531930457,1030,7.956326987681971,2.033160287322604,106,258
24369,18.70909090909091,18.193072274574156,1029,8.204152249134948,2.189744893580514,109,263
14539,21.851063829787233,29.293847642691606,1027,7.352226720647773,2.276029451085801,155,315
32915,20.137254901960784,18.905046530324263,1027,7.69945945945946,2.0341725613729658,110,265
8288,17.67241379310345,20.76382475924869,1025,7.377521613832853,2.207704062450933,113,244
3787,17.338983050847457,15.808782117906233,1023,7.161365399534523,2.1214001289024824,92,217
18107,17.620689655172413,18.121255897577992,1022,7.675401521555368,2.214273452871718,105,240
4703,17.894736842105264,18.980896609228594,1020,9.8,0.8366600265340757,101,276
2753,17.87719298245614,24.197897027456296,1019,7.430290872617854,2.1852043678106607,126,259
16370,21.1875,19.125182518945504,1017,8.333333333333334,1.0327955589886444,98,275
32263,16.933333333333334,13.051224589165423,1016,7.80501274426508,2.16818364895115,85,218
1220,17.82456140350877,17.100671255640336,1016,7.4934383202099735,2.206434243976283,101,234
7978,18.472727272727273,16.420238805335398,1016,7.821651090342679,2.1815777431676344,101,245
15035,18.4,20.604386444171077,1012,8.016194331983806,2.02613274122881,114,262
8480,16.833333333333332,17.225490243365897,1010,7.948212083847102,2.1859933460441536,101,234
2656,18.685185185185187,16.41998790484476,1009,7.159611380985427,2.2309828088344466,100,234
3549,17.06779661016949,25.621155325897806,1007,7.523709902370991,2.278528354178441,133,261
1545,17.344827586206897,17.286595277426425,1006,7.6400839454354665,2.243465954442832,102,234
31494,17.928571428571427,15.654052211786908,1004,7.451020408163266,2.164440238226068,95,229
3747,16.93220338983051,18.858698173137658,999,7.710344827586207,2.322577453912036,108,239
3389,18.163636363636364,15.88006394749186,999,7.777525539160045,2.1439917781238216,97,239
3724,17.189655172413794,16.715846979135847,997,7.444787644787644,2.1771971113500572,97,225
16289,17.137931034482758,17.917401397447836,994,7.765873015873016,2.2065561455753344,103,236
36770,19.01923076923077,29.12548266678429,989,7.758019308626596,2.1624796113279303,150,298
2149,16.45,14.342570272928706,987,7.731364275668073,2.2980979816608174,91,218
28889,17.29824561403509,13.709961071478416,986,7.69223602484472,2.283836113602166,90,224
24419,18.528301886792452,17.92999611049864,982,8.518867924528301,2.0379220941621696,106,264
27735,16.879310344827587,22.39053495690494,979,7.763905325443787,2.2035009316413405,120,251
46764,21.755555555555556,20.18342654433848,979,7.960431654676259,2.1145573724998923,121,294
4563,16.844827586206897,15.155106514918458,977,7.376654632972323,2.3746369791014676,95,219
4683,16.844827586206897,17.561722454924155,977,7.538461538461538,2.222031211732061,101,228
1479,18.39622641509434,15.289940914814537,975,7.4689119170984455,2.193862258339887,96,233
3779,16.74137931034483,20.166465428743013,971,7.3576248313090415,2.0567060451983763,107,230
35414,18.634615384615383,30.952860329770306,969,7.747160012982798,2.180048078979051,157,302
5337,16.15,15.226899703362834,969,8.031796502384738,2.1404034853910505,91,221
31349,18.92156862745098,17.38947168519492,965,7.590740740740741,2.0187220666504935,101,245
36523,19.6734693877551,19.67484408568257,964,7.895384615384615,2.074569029261256,113,269
3456,18.18867924528302,18.74326197266386,964,7.528678304239402,2.273206010817732,109,246
3668,18.132075471698112,17.77751143769204,961,7.479338842975206,2.087734546765859,102,237
8345,18.46153846153846,21.298496254073108,960,7.678544914625093,2.0757944733084797,116,258
5536,16.271186440677965,17.39384602675819,960,7.8347107438016526,2.0035118852879066,97,224
4222,16.82456140350877,30.914122296993703,959,7.521805661820964,2.194614133155119,153,279
3571,16.80701754385965,15.850235010077506,958,7.817021276595745,2.210244132098759,95,227
4429,16.75438596491228,16.740968462507077,955,7.392291446673706,2.276400836558752,98,222
5849,17.30909090909091,16.21484542390744,952,7.406652360515022,2.2765037063420426,98,226
3272,18.666666666666668,17.225175374046753,952,7.765288293535236,2.0281255458613687,101,246
44494,16.033898305084747,17.70735878754534,946,8.159582999198076,2.105035425779761,100,231
35918,27.0,18.529785243668382,945,7.594847775175644,2.2657423542274926,131,337
5292,15.733333333333333,13.449045919997156,944,7.515409139213602,2.1195710544276296,82,200
1281,17.12727272727273,14.4786618798717,942,7.503634475597092,2.0306224477476573,87,216
31277,21.86046511627907,17.999446281627186,940,8.590551181102363,1.787764102850001,108,296
8200,16.43859649122807,17.49695641273857,937,7.86,2.1765208723486724,100,229
1269,17.036363636363635,19.12140901785961,937,7.64920744314266,2.282836497620603,108,239
4291,16.137931034482758,14.205815804163697,936,7.457617411225659,2.420467132497739,91,211
32108,18.313725490196077,17.397114928721294,934,7.47515923566879,2.2078725114706197,103,240
5315,16.350877192982455,14.579206361985667,932,7.684729064039409,2.1827532015661646,89,215
8339,17.25925925925926,17.1301182244708,932,7.741040462427746,2.175195037972919,100,234
2894,15.779661016949152,14.13856037714879,931,7.580011229646266,2.2533182023900085,87,207
3766,15.483333333333333,16.30897815197451,929,7.3093126385809315,2.191878302416374,92,205
1395,15.483333333333333,13.919248551052918,929,7.614993646759848,2.4208443511992095,89,206
3133,15.661016949152541,17.18019124927825,924,7.649100257069409,2.008093139488218,94,214
23256,21.46511627906977,20.12975626991438,923,8.0,1.1639753904947556,103,274
3216,15.89655172413793,14.800058860921848,922,7.599286563614744,2.2293086587285407,89,210
4478,15.525423728813559,15.734166570307618,916,7.5301016419077405,2.198767453636118,91,208
38457,15.474576271186441,19.8645030247627,913,8.216776625824693,2.1421513996272132,109,236
8000,16.90740740740741,14.738306549400274,913,7.579472140762463,2.208801419732302,91,219
20862,20.704545454545453,18.96579484775653,911,7.416793893129771,2.15500813027535,113,266
800,17.51923076923077,21.93796099754978,911,7.407628128724673,2.1963821358873465,117,247
5438,16.563636363636363,16.540369959098207,911,7.537803138373752,2.1415108874787765,95,220
8040,15.423728813559322,16.52396732631277,910,7.588628762541806,2.219654568317599,94,211
36771,16.509090909090908,28.88731153424921,908,7.759075907590759,2.174928831426438,145,273
6575,17.132075471698112,17.628689178383077,908,7.327252625760089,2.0640017254204817,98,224
77,15.929824561403509,14.384837812684687,908,7.292161520190024,2.156242014866258,86,202
5392,15.372881355932204,14.359783766843723,907,7.457142857142857,2.1035895135474387,84,199
26092,17.423076923076923,18.58878657754022,906,7.8601756954612005,2.097319684554164,105,242
3219,21.547619047619047,18.431418537778104,905,10.0,2.23606797749979,125,340
32749,15.338983050847459,10.441314109215087,905,7.669616519174041,2.216341222312017,74,191
8506,17.056603773584907,18.093151163162883,904,7.479937467430954,2.176634092138954,102,230
3257,15.305084745762711,12.305387434229266,903,7.4838990426457785,2.325991627033978,81,195
11488,20.522727272727273,16.36145304908395,903,7.280176211453744,2.2251773931539174,105,254
1345,16.071428571428573,18.6292606039357,900,7.477142857142857,2.4019462418195454,105,226
4174,16.29090909090909,18.125767138067133,896,7.269328802039082,2.1972506726584395,100,218
3041,15.701754385964913,20.4065508672029,895,7.638027452974073,2.0574499948828193,107,227
16328,14.916666666666666,11.044274023246837,895,7.717352415026833,2.1594213562172366,73,189
5054,17.173076923076923,40.79875101598767,893,7.8125,1.8060919370581283,195,329
33582,16.444444444444443,21.69050454510876,888,7.642095914742451,2.2039892424906253,116,241
10239,18.872340425531913,20.200750116589617,887,7.918918918918919,2.065793417116348,114,263
4734,15.275862068965518,15.467898964196984,886,7.644137931034483,2.1659065591379068,89,206
3150,15.0,16.19812675419067,885,7.65288035450517,2.0545183584888993,90,205
1415,14.966101694915254,15.02866927104477,883,7.560640732265446,2.3694519308650963,90,203
10236,16.641509433962263,20.65848153220017,882,7.6380952380952385,2.210864100902907,112,239
35666,15.43859649122807,15.770697900876224,880,7.653308480894688,2.2861994212542567,93,211
8526,14.616666666666667,13.559775592696722,877,7.492307692307692,2.279651146735716,82,192
4194,14.616666666666667,14.147038579327186,877,7.501176470588235,2.276264063758495,84,194
19494,16.22222222222222,17.376699500612627,876,8.248275862068965,2.2096098024147177,101,235
38178,19.42222222222222,16.71483947233292,874,7.580310880829016,2.1586493869615206,103,250
2690,14.516666666666667,11.309950121526287,871,7.8577981651376145,2.1325793502425316,73,187
3158,14.982758620689655,14.812857595725417,869,7.611612903225806,2.4487241203901395,91,205
4881,18.847826086956523,21.698916912350306,867,7.975,2.4857284956016725,127,278
7302,15.192982456140351,17.552409883882884,866,7.685161290322581,2.30693241144044,99,216
415,14.931034482758621,15.063447182379402,866,7.158536585365853,2.255106377284028,87,194
3877,14.661016949152541,15.957497610291734,865,7.583216783216783,2.2259604672946964,90,201
5170,14.879310344827585,16.427488287801513,863,7.638504155124654,2.0427638889034516,90,204
44511,16.28301886792453,25.070191738159856,863,7.788903924221922,2.252089969471542,130,257
523,16.576923076923077,16.599487535021655,862,7.734782608695652,2.158253471373247,96,225
16806,15.88888888888889,19.113036810005596,858,7.269419862340216,2.2853045933461207,104,220
5060,14.793103448275861,16.323224892814267,858,7.607387140902873,2.1288366201745172,91,203
2508,15.581818181818182,18.62066843400883,857,8.738636363636363,2.0142841527098123,105,241
39384,14.508474576271187,9.5490979558749,856,7.392156862745098,2.399215649775016,72,179
46379,16.11320754716981,16.880416939526395,854,7.370064279155188,2.3813506608916493,99,217
1001,18.955555555555556,54.084090903785096,853,7.283870967741936,2.1129005075183107,250,388
1886,15.472727272727273,13.43551753052823,851,7.510155316606929,2.253960809312105,84,200
18950,18.456521739130434,16.69824544574021,849,8.440944881889763,2.140514488321829,103,259
46021,14.637931034482758,14.756144454194498,849,8.274736842105263,2.1185352128443986,87,208
37731,14.894736842105264,10.854038436266011,849,7.645179063360882,2.142072808952997,72,186
8693,14.87719298245614,13.987328673071257,848,7.503807106598985,2.2091954582281566,83,195
3154,14.620689655172415,17.144205287928276,848,7.504573170731708,2.2137620497602013,94,204
37826,17.666666666666668,17.564874684865686,848,7.653409090909091,2.2542874055478612,104,239
5725,14.35593220338983,15.01006870330989,847,7.502976190476191,2.3480624545347615,88,195
38131,23.5,16.517523162646736,846,7.462809917355372,2.2930724224197667,116,291
40096,15.666666666666666,15.241452909498259,846,7.763659877141934,2.068384212467575,88,210
2105,14.066666666666666,12.77161400504201,844,7.84006734006734,2.085769012426345,76,187
45503,17.872340425531913,17.753893659011933,840,7.03972602739726,2.2854726829191514,103,229
8462,15.218181818181819,14.977379127266746,837,7.361519607843137,2.1279189164421846,86,198
4201,14.431034482758621,16.230912751155806,837,7.400933955970647,2.333370656325487,92,198
4945,14.68421052631579,12.12900581065436,837,7.461146496815287,2.321446419753603,78,188
41213,14.169491525423728,12.422383221806102,836,8.486368593238822,1.9953766450707406,76,196
8620,15.735849056603774,13.754930505369597,834,7.55978835978836,2.168454488896459,84,203
24455,19.80952380952381,22.481686959572222,832,7.692793931731985,2.0556648884075157,123,275
8599,15.660377358490566,14.053391865730676,830,7.818051575931232,2.0142578406696323,83,206
4670,14.785714285714286,12.24702455250296,828,7.642538975501114,2.148410786776036,77,190
4783,14.508771929824562,15.067849888110336,827,7.48711943793911,2.26592238922799,87,196
8840,15.314814814814815,13.622711438850619,827,7.428353658536586,2.336237580483298,85,199
597,14.491228070175438,14.460689085311772,826,7.4222222222222225,2.212122190128859,84,191
1178,13.75,9.67720543776693,825,7.320872274143302,2.3365153584026976,68,169
8032,15.25925925925926,15.3046856620623,824,7.521231422505308,2.279855732042394,90,205
11957,13.716666666666667,12.067734915413935,823,7.490566037735849,2.2830987086446846,75,178
6524,15.807692307692308,14.490075659200386,822,7.996884735202492,2.1213180537196723,87,214
3579,18.266666666666666,23.47087169624976,822,7.538461538461538,2.2250506436195714,126,263
34460,16.098039215686274,16.15085744096676,821,7.73738680465718,2.237715318422417,95,220
7159,16.38,16.941544155340356,819,8.007211538461538,2.1846077698354813,99,230
3980,14.068965517241379,13.507453522609534,816,7.498028909329829,2.401863606908764,83,188
43434,16.958333333333332,18.424034179869317,814,7.715355805243446,2.0731166241507526,102,233
5616,14.280701754385966,12.335712362840944,814,7.568726355611601,2.1748503450799133,76,184
32989,14.517857142857142,12.343553446569251,813,7.572402044293015,2.139895430163196,76,186
6861,15.615384615384615,14.711811775968432,812,7.070378151260504,2.24797092226103,87,197
13497,21.342105263157894,19.751532702469657,811,7.626760563380282,2.3080378273336355,121,284
676,13.982758620689655,12.776748864822732,811,7.585944115156647,2.3406008703241916,79,185
17345,14.210526315789474,15.926995100530762,810,7.697712418300654,2.1773669641995603,89,198
8450,14.709090909090909,12.120800498061366,809,7.747273893521488,2.2883342476661954,79,193
31493,14.672727272727272,13.503160872008952,807,7.7057256990679095,2.300714491773954,83,196
31454,13.913793103448276,9.686823176598633,807,7.6875,2.132539945878809,66,173
408,14.140350877192983,12.840280644033598,806,7.509193776520509,2.106475326445669,76,182
8018,13.89655172413793,11.9863806561497,806,7.51241134751773,2.311160039590997,76,180
27596,14.6,15.561824133769488,803,8.329803328290469,2.020389579306605,89,210
45460,20.025,16.695596686490386,801,7.140659340659341,2.2493257933578152,105,248
4723,15.403846153846153,14.490374919552654,801,8.714285714285714,0.7559289460184545,73,207
31909,13.637931034482758,13.70580396441412,791,7.941841680129241,2.001579594862675,78,186
9109,16.102040816326532,21.45173351382818,789,7.282242990654206,2.436604943094004,115,233
2889,17.108695652173914,23.410565763602996,787,7.277697841726619,2.127561794192527,120,245
19507,14.290909090909091,16.016973320307248,786,7.9425675675675675,2.1588732880071366,90,204
8517,13.517241379310345,14.161030514724535,784,7.398158803222095,2.1284329965576636,79,179
32969,25.258064516129032,12.787931138213832,783,7.793774319066148,2.1360649778258534,107,304
6455,15.979591836734693,19.031213172836143,783,8.120750293083235,2.184710721982886,106,236
5221,13.964285714285714,16.34065124518858,782,7.471238938053097,2.298647156755855,91,195
5444,13.946428571428571,18.260159954349835,781,7.704081632653061,2.284797046910225,99,206
5403,13.46551724137931,12.607732961540787,781,7.588794926004228,2.089794102973015,74,176
3161,13.68421052631579,13.768698837187662,780,7.612662942271881,2.1166688715825157,79,183
12747,15.294117647058824,13.461491919764406,780,7.733918128654971,2.2764865622177166,84,203
28457,15.235294117647058,15.206035953257663,777,8.87962962962963,2.186268072730984,93,228
41253,13.152542372881356,12.919930552981437,776,7.401750972762646,2.2834822073927117,76,174
4368,13.543859649122806,12.956066112937485,772,7.543125,2.2053752593144993,77,179
45496,16.76086956521739,16.182548601102766,771,7.678200692041522,2.1219923475147437,94,223
8823,13.258620689655173,11.593344044506798,769,7.572398190045249,2.4076055679028783,74,175
37401,16.361702127659573,16.011443641176164,769,8.376782077393075,2.0118502579904094,94,231
6855,13.0,12.876067079985093,767,8.412908242612753,1.9752841933484708,75,184
16326,12.983050847457626,9.793543836460852,766,7.694630872483222,2.1973297008688006,65,165
8497,13.678571428571429,12.465380631401285,766,7.770514603616133,2.3351304323160402,78,184
17176,12.983050847457626,18.25253078855163,766,7.233609958506224,2.158658854561825,93,187
24686,13.927272727272728,11.993600987462631,766,8.740863787375416,2.095858913361682,76,198
23395,23.875,14.432825489588073,764,9.4,2.701851217221259,129,353
2131,14.96078431372549,17.27421290167946,763,9.2,2.3944379994757297,105,242
14393,15.551020408163266,15.3093942081458,762,7.623139377537212,2.0588972722922714,87,206
3882,12.898305084745763,12.902412117780251,761,7.5251396648044695,2.1118564724227773,74,171
2956,14.037037037037036,12.21036207483637,758,7.52225020990764,2.1753315925031718,75,180
19896,14.30188679245283,13.312205078943936,758,7.746736292428198,2.0684829028255245,78,189
24429,18.48780487804878,16.03296908127049,758,9.588235294117647,2.0318322386430694,103,280
16260,13.727272727272727,14.025709918593739,755,7.4901036757775685,2.2405243002887953,81,184
6459,14.5,16.294471575401538,754,7.744270205066345,2.262855193640135,92,205
6396,12.982758620689655,10.616920258025642,753,7.711048158640226,2.0938483772079852,66,166
37904,15.306122448979592,16.619772463385104,750,7.830075187969925,2.2123008031766034,95,215
567,13.636363636363637,15.235635172994236,750,7.455424274973147,2.144485327484707,84,186
2756,13.140350877192983,12.840280644033596,749,7.911725955204216,2.229889794299534,77,181
4130,12.483333333333333,10.62694315896885,749,7.295104895104895,2.0582323829448645,64,155
4634,13.375,12.755836453810609,749,8.004232164449819,2.1398433228555653,76,183
19645,16.282608695652176,15.700903078737943,749,7.058156028368795,2.0555549747038295,88,203
12465,22.636363636363637,20.41723870565352,747,7.829493087557604,2.044291107141798,121,299
27350,12.45,9.485805631288061,747,7.8291554184342464,2.1523131981114663,62,160
8730,16.954545454545453,15.300029708824393,746,7.713625866050808,2.1121665765618953,92,222
305,12.862068965517242,13.03093253231813,746,7.602453987730061,2.142696609812249,75,172
3680,14.326923076923077,14.294824449190784,745,7.8534278959810875,2.1482117655375403,83,196
14416,20.10810810810811,17.18976404689686,744,7.795698924731183,2.1011771612561496,106,262
46424,14.307692307692308,13.810394581318246,744,7.958620689655173,2.180377071992055,82,196
4722,14.307692307692308,14.273983548219526,744,7.638121546961326,2.2813169791605583,84,194
2973,14.568627450980392,13.545855309962207,743,7.493702770780857,2.084983522033323,79,188
8118,13.0,10.498299181976368,741,7.739638682252923,2.1994224283313044,67,168
1623,12.35,11.284945724282418,741,7.56781914893617,2.1058985144433775,67,160
388,13.685185185185185,13.572758613493194,739,7.498064516129032,2.173883953402461,79,181
34905,12.525423728813559,10.250914058828911,739,8.448067632850242,2.0032521648681785,64,170
8472,13.685185185185185,14.328786271097604,739,7.109938434476693,2.0792523235720077,79,176
1397,13.196428571428571,12.502246551367033,739,7.969534050179211,2.2582313342883324,76,181
2645,13.418181818181818,13.51773993422321,738,7.752199413489736,2.211676960875039,79,183
46202,15.375,19.482261435426274,738,7.7228953091022055,2.1751193944869307,105,224
3643,14.192307692307692,13.48352438586638,738,7.715406562054208,2.156848763105354,80,189
20863,14.450980392156863,14.229987667584533,737,7.580065359477124,2.343752432719804,85,195
12123,14.134615384615385,13.567592365422408,735,7.584367245657568,2.2688172493450907,81,188
3782,15.291666666666666,16.34463713639943,734,7.660194174757281,2.258569247303255,94,211
41252,12.620689655172415,13.725156294392608,732,7.291608063759963,2.2346642032917186,77,169
24840,16.22222222222222,15.63633427293461,730,7.325068870523416,2.0836391568905896,89,208
4042,16.976744186046513,21.88007178983285,730,8.35,1.843195166294832,116,258
3054,12.789473684210526,11.902485997989276,729,7.299239222316145,2.1350490104219215,70,163
8562,12.116666666666667,10.8769569315317,727,7.473225946887244,2.3312940167569782,68,158
8654,12.5,11.67731343772218,725,7.814285714285714,2.2095012265130096,71,168
24606,24.96551724137931,17.236760465065625,724,7.347305389221557,2.3514367402771006,124,307
6867,16.40909090909091,16.90922162308248,722,8.05072463768116,2.2395534092739964,100,232
24188,13.884615384615385,12.298021275804933,722,7.6147186147186146,2.1984037907867204,75,181
5480,12.448275862068966,10.301034548270882,722,7.604863221884498,2.263893158681942,66,161
31231,16.044444444444444,15.123665313846791,722,7.663570691434469,2.0820772083316634,88,211
858,13.090909090909092,11.918352992219102,720,7.613207547169812,2.489381109381051,76,176
4267,13.090909090909092,11.774537385380821,720,7.781477627471384,2.1478680401568244,71,173
36750,15.955555555555556,13.421413615351533,718,7.405555555555556,2.127410243067585,82,200
6385,13.547169811320755,11.201933277059211,718,8.21911421911422,1.9753948736519853,69,180
5353,13.277777777777779,26.91735546366382,717,7.307359307359308,2.0324669399381103,128,225
1212,12.803571428571429,20.85396813589651,717,8.421052631578947,2.100599386113124,109,217
40097,12.152542372881356,11.311900293606016,717,7.627027027027027,2.081008756433304,66,159
8370,12.785714285714286,13.289386449636874,716,7.499576271186441,2.1576288517931848,75,171
28856,13.73076923076923,15.353501720550797,714,7.570458404074703,2.119847084168249,85,189
38888,15.755555555555556,14.283104379198198,709,7.623059866962306,1.889103360141227,82,202
5587,12.660714285714286,14.100002302661686,709,7.174231332357247,2.162219930196126,77,168
14439,13.576923076923077,12.441779952487652,706,7.762282091917591,2.371237140701177,78,183
12775,17.65,15.81552304638608,706,7.144429160935351,2.335448157540418,97,224
26732,14.408163265306122,13.800541002902351,706,8.420982735723772,1.997188340389755,81,203
17875,16.022727272727273,14.729323128741077,705,7.484033613445378,2.249802954083217,89,209
2132,13.055555555555555,12.410307138441024,705,7.737774030354132,2.2179641943593285,74,175
8016,12.571428571428571,15.724742683666799,704,7.45068928950159,2.392366010766569,86,180
8790,16.0,13.926718506959672,704,7.496607869742198,2.0956222225290384,84,204
8232,12.781818181818181,12.588488140759143,703,7.561780506523408,2.0840216993440985,72,169
34428,13.784313725490197,14.273491129349113,703,7.721331689272503,2.3916059385181,85,192
2783,11.7,10.201860913661532,702,7.520666666666667,2.254394468255549,63,151
2170,13.0,11.644093166081134,702,7.715151515151515,2.2019777255969357,71,172
23218,16.27906976744186,16.554851945082085,700,9.264705882352942,1.9432684670718727,98,249
44145,15.533333333333333,12.952009321126413,699,7.746527777777778,2.2635550095934645,83,203
1634,11.65,13.786292627344729,699,7.481481481481482,2.241589837030192,76,163
32826,13.169811320754716,17.704558136532786,698,7.954828660436137,2.2018606623065837,95,200
3836,12.228070175438596,11.066386595483722,697,7.828843106180666,2.2123445351056694,68,164
5828,12.017241379310345,11.875806719501607,697,7.688568856885689,2.104102561574371,69,161
32368,11.728813559322035,14.972193201323044,692,7.2733485193621865,2.3020853559669225,80,165
4939,12.357142857142858,10.915257997081753,692,7.47462353597323,2.173436344084983,66,159
1238,13.307692307692308,13.906605091048318,692,8.086614173228346,2.0566046005395355,79,187
3754,13.056603773584905,12.692237322230923,692,7.719153936545241,2.1375846156858542,74,175
4370,15.333333333333334,15.465504136038312,690,7.923491379310345,2.2031574595854737,91,212
3610,12.74074074074074,11.618438801993463,688,7.592039800995025,2.152662645081558,70,166
5750,12.454545454545455,13.970628159766157,685,7.404440154440154,2.01145021235961,75,167
37678,14.574468085106384,12.836335453044601,685,7.871794871794871,2.2623951664795054,81,195
41072,11.810344827586206,13.845585649739451,685,7.864596273291926,2.206458462672371,77,170
3045,12.685185185185185,12.432192044111256,685,7.603151862464183,2.4474602729199977,76,173
7198,13.153846153846153,13.573885850186985,684,7.850526315789474,2.177942438796553,79,182
1770,12.418181818181818,10.802418983369229,683,7.610970464135021,2.2272986501586427,67,162
3614,12.418181818181818,10.416672727270967,683,7.568103021297672,2.1744285824884413,65,159
3967,12.574074074074074,12.300639424784404,679,7.591312931885489,2.1524881167356824,72,167
12994,12.555555555555555,11.778885276832435,678,7.481178396072013,2.0520016423613847,68,162
38179,16.51219512195122,12.458173925619098,677,7.386996904024768,2.101925608570755,80,202
3580,12.071428571428571,11.073074867126433,676,7.826475849731664,2.1948816957790456,67,162
11970,11.655172413793103,11.77650310611552,676,7.632716049382716,2.2717286870174216,69,158
42579,16.463414634146343,13.81321389281946,675,7.9506578947368425,2.036131510222938,85,216
5847,12.053571428571429,12.60940434445965,675,7.6413690476190474,2.0941227602119796,71,163
4224,11.824561403508772,13.230272115516994,674,7.383304940374787,2.2517422972573384,74,161
6976,15.318181818181818,14.913350858430123,674,7.587947882736156,2.212507385387715,88,204
822,11.807017543859649,10.815726969311248,673,7.557268722466961,2.2598606728456603,66,155
25934,15.651162790697674,14.03207842075441,673,7.396021699819168,2.124849205109811,84,199
5394,12.017857142857142,10.683021485139307,673,7.562403697996919,2.1204918229845484,64,155
5285,12.660377358490566,13.321387367437511,671,7.463022508038585,2.4039430851808814,78,173
2587,11.982142857142858,11.89574571995242,671,7.648648648648648,2.097827140453554,68,160
1520,15.604651162790697,18.03058187118515,671,7.799283154121864,2.3557368034568795,103,225
4806,12.2,10.47289269884312,671,7.555714285714286,2.3939485128722526,68,160
7993,11.964285714285714,10.147931783398992,670,7.711148648648648,2.274558181719832,65,157
4438,12.37037037037037,14.325457345653032,668,7.427318295739348,2.3499604794329976,80,172
8342,11.928571428571429,14.8872821170007,668,7.316742081447964,2.2351339055036017,80,167
17748,11.875,10.255043105268212,665,7.855818743563336,2.0438024558289474,62,155
12495,13.26,12.455324244708216,663,7.784246575342466,2.114563999151187,74,177
1278,11.631578947368421,11.083500573483363,663,7.526450511945392,2.412283544557351,68,156
4195,12.471698113207546,10.382314425511716,661,7.4104803493449785,2.3223911008300804,67,159
31186,11.186440677966102,8.567127584192617,660,7.7492434068309555,2.1531502204806476,56,143
14818,18.82857142857143,14.98525886307198,659,7.526785714285714,2.3137716823018453,99,241
5219,13.708333333333334,11.516793165751263,658,7.572098475967175,2.097622156942428,71,174
39479,13.97872340425532,14.63689406602687,657,7.673862760215883,2.2493215622515983,85,192
10874,12.39622641509434,12.868177240239268,657,7.2188612099644125,2.19303713866784,73,162
24151,11.310344827586206,11.532116703731434,656,8.470355731225297,2.082645284461482,68,163
38946,13.387755102040817,12.001417149880348,656,7.352671755725191,2.345381571567829,75,173
3503,12.596153846153847,13.40070178932639,655,7.464872944693573,2.1144018966458042,75,169
5233,11.491228070175438,12.097996892959394,655,7.668181818181818,2.084520749482179,68,156
1595,11.275862068965518,11.911653005102801,654,7.396396396396397,2.1864779863388994,67,151
23353,13.893617021276595,14.102472867570903,653,9.294117647058824,0.9195587176978519,74,203
40098,11.241379310344827,11.044265551538398,652,7.695759368836292,2.0385146428159,63,150
42420,15.162790697674419,13.154630241420046,652,7.661327231121281,2.1714771270534707,81,197
3987,18.083333333333332,27.446961840715893,651,7.15210355987055,2.043242848975589,136,265
42422,17.594594594594593,18.308254755497373,651,7.3561643835616435,2.2987953546738424,106,235
8413,12.018518518518519,10.996553046108449,649,7.856416772554002,2.0053284919012104,65,159
24768,16.225,20.207243560359544,649,7.875,1.8699718906429772,106,234
44719,12.0,14.737962788995343,648,7.6393831553973905,2.3586834765534515,82,174
6523,13.224489795918368,11.137895720845808,648,7.549421193232413,2.1557052610933454,69,169
33143,11.553571428571429,11.358488444342395,647,7.333333333333333,2.1089144564311764,65,149
6864,11.535714285714286,10.117427423131716,646,7.783333333333333,2.1887440844941732,62,152
29835,12.647058823529411,11.003315008508602,645,7.668609492089925,2.104777616489801,67,164
24936,18.37142857142857,14.955002535617846,643,9.0,2.309401076758503,102,267
37840,11.446428571428571,9.86991690645163,641,6.978468899521531,2.278460406232999,61,141
661,11.392857142857142,10.76641000592047,638,7.963680387409201,2.337149956039903,67,157
6854,11.392857142857142,9.55306437542629,638,7.72,2.245472889885359,61,149
42099,11.192982456140351,8.34402822487699,638,7.644467213114754,2.125936789340024,55,140
31866,11.796296296296296,10.707746498697258,637,7.8050682261208575,2.32702651207807,67,159
4410,10.96551724137931,10.749076691873015,636,7.415718717683557,2.28345409501224,64,145
824,11.357142857142858,10.23084208998115,636,7.755892255892256,2.2994993138966344,64,152
7977,11.339285714285714,9.588395990067246,635,7.823924731182796,2.2386030985710725,61,150
23382,11.75925925925926,13.933718008993797,635,8.397260273972602,2.163541053611489,79,177
15105,12.192307692307692,16.181614429670727,634,7.194485842026825,2.1254887923572396,83,171
3830,13.1875,14.523138178547756,633,7.670225385527877,2.2072872876097565,82,183
5680,11.49090909090909,11.671225660465502,632,6.818181818181818,1.0970247050377688,54,133
3887,10.89655172413793,7.290199273315242,632,7.884955752212389,2.1571779784754863,51,137
13215,26.291666666666668,53.70651257299829,631,7.540229885057471,2.0954246819442477,260,458
32988,10.879310344827585,10.333182092057141,631,7.662878787878788,2.226284429490383,62,145
28579,11.90566037735849,13.662503643385252,631,7.710327455919395,2.0667838796356137,75,166
5713,11.666666666666666,10.448435831298132,630,7.4888705688375925,2.3468080549472115,65,153
4346,10.677966101694915,9.002759496429706,630,7.495426095329803,2.157480885353904,56,136
41159,13.977777777777778,14.643473397091043,629,7.7325905292479105,2.114282827287968,83,191
8621,11.214285714285714,11.819420514504985,628,7.336448598130841,2.324530983395335,68,150
6824,15.317073170731707,33.30123047605767,628,7.131041890440387,2.123096969347857,156,265
10626,11.830188679245284,10.810848982986782,627,8.4901185770751,1.9699844933721515,65,165
2788,12.27450980392157,11.389606545219284,626,7.742616033755274,2.455203939831698,72,167
4196,10.982456140350877,12.23357678696244,626,7.75,2.237780783555226,69,154
7718,13.020833333333334,12.817025882874292,625,7.675637393767706,2.3040885532544144,77,177
4187,11.345454545454546,11.105917978330927,624,7.356578947368421,2.1858230196138906,64,148
7262,11.555555555555555,9.545653296414336,624,7.5811209439528024,2.2623494500398054,61,149
8985,11.98076923076923,11.466046012527059,623,7.885844748858448,2.0852408017948667,67,162
115,12.215686274509803,12.638534290795269,623,7.402730375426621,2.1223487283331437,71,161
4247,10.912280701754385,12.691786857416302,622,7.761104441776711,2.2434358800672323,71,156
15548,16.36842105263158,16.7403397760596,622,7.193321616871705,2.311458986142717,97,215
44943,12.693877551020408,16.327640268412758,622,8.111524163568774,2.2249050584246275,90,193
20216,15.948717948717949,12.993821847625401,622,9.4,1.9493588689617927,83,233
3970,10.724137931034482,8.979104600083339,622,7.477862595419848,2.2725018234681422,57,137
26181,15.146341463414634,29.216913744960944,621,7.581466395112017,2.1960446995721417,144,258
26948,16.342105263157894,16.94709783938859,621,7.4842342342342345,2.142020477050327,96,218
4422,11.071428571428571,9.417309291178361,620,8.309734513274336,2.0601013045308156,59,151
3420,12.4,15.42327951573232,620,7.564444444444445,2.1474753971906693,83,176
11196,12.156862745098039,14.12851379164788,620,7.443864229765013,2.0430850562233616,76,166
8120,12.4,9.797958971132713,620,7.632911392405063,2.1158731090857925,62,157
4494,11.69811320754717,11.981692614568884,620,7.892825509300266,2.1757919986699914,70,162
4089,10.316666666666666,9.546481589280067,619,7.307981220657277,2.2070849177667533,57,132
3397,11.679245283018869,11.239993130482539,619,7.561917443408788,2.1586634256352526,66,154
14838,14.068181818181818,16.782324210897066,619,7.6125,2.187566229715039,92,199
27042,13.434782608695652,12.330003467446652,618,7.872727272727273,2.083203086436306,73,179
17707,11.425925925925926,13.09846865866223,617,8.195154777927321,2.067168120727926,73,167
3364,11.407407407407407,12.44689628437171,616,7.51227495908347,2.1187737470834054,69,155
24779,10.440677966101696,9.146831345901607,616,7.393501805054152,2.398656283920075,58,135
6649,10.789473684210526,11.215004047679772,615,7.348030018761726,2.2286821856298937,64,143
4437,11.181818181818182,10.346033251464252,615,7.515759312320917,2.271156474359935,63,147
45604,13.063829787234043,12.823897961498272,614,8.34,2.0957683311757482,76,185
18106,12.03921568627451,11.288863156781954,614,7.454963839579224,2.2324115210573217,67,157
7374,11.145454545454545,11.931002537457678,613,7.628352490421456,2.2062119519338093,68,153
273,13.02127659574468,10.602479943087406,612,7.49812734082397,2.4876444925950674,72,169
2121,10.551724137931034,9.226530042454714,612,7.295511221945137,2.368900628511894,58,135
6660,11.528301886792454,9.410721736371736,611,7.723929471032745,2.2770233547169383,61,150
16843,11.314814814814815,9.44662078759818,611,7.775444264943457,2.2832536374348456,61,149
23271,12.448979591836734,10.872482897376361,610,7.671428571428572,2.255343407237167,68,163
14054,14.523809523809524,13.189497106184659,610,7.155555555555556,2.186880141552272,78,182
8623,12.97872340425532,27.941312223474004,610,7.846534653465347,2.2814878778122214,138,240
46830,11.50943396226415,8.898190484823813,610,8.434615384615384,2.051258800075724,58,155
1365,10.875,11.223453527809928,609,8.880239520958083,1.900546513694901,65,161
29128,11.471698113207546,12.037767128731693,608,7.098827470686767,2.3049817323870165,69,150
25522,13.217391304347826,13.730603358885357,608,7.168429617575264,2.265758257134583,78,173
16695,13.818181818181818,14.432316333730737,608,7.8930817610062896,2.1364562962838853,83,192
24631,11.433962264150944,12.312453723399583,606,8.282296650717702,1.936919264837423,69,164
3329,10.448275862068966,8.54948939440369,606,8.299750623441396,2.0615346437741247,54,141
8537,11.0,11.94896555262328,605,7.5042573320719015,2.1391531446209586,67,149
3736,11.185185185185185,10.419636893094083,604,7.499274310595065,2.0882595530684247,61,145
13708,10.23728813559322,8.075802475447441,604,7.676953125,2.0901750324847033,51,130
33963,12.06,15.05826778123661,603,7.985074626865671,2.6243082142559997,88,184
3534,11.823529411764707,12.237166146380364,603,7.919730392156863,2.085611664609792,70,164
38772,12.808510638297872,11.497898291639407,602,7.806282722513089,2.4255574082465907,74,174
4297,10.0,8.671011514117952,600,6.8431372549019605,2.452484808263422,55,124
8123,13.953488372093023,12.478464283511078,600,7.832923832923833,2.1840435792935207,76,186
24327,11.538461538461538,12.648275924458508,600,7.202392821535394,2.0039666894047476,68,151
25021,18.75,14.602253471694459,600,7.625,1.9819866366949561,90,233
3682,11.283018867924529,11.751231291444386,598,7.409067490984029,2.0817320816751645,65,149
17954,13.906976744186046,11.953907417537804,598,7.4765625,2.0128756967324337,71,175
6216,11.5,10.016652800877813,598,7.707470747074708,2.12957044114139,61,150
39708,16.16216216216216,13.448489203693546,598,8.11864406779661,1.853871738316822,80,211
33873,11.72549019607843,12.672929308368365,598,7.795053003533569,2.2695468139142854,73,164
1394,10.310344827586206,9.848335680127965,598,7.685305591677503,2.3842593498563764,61,140
39254,13.266666666666667,13.412002765501436,597,7.603911980440098,2.1646863541495813,77,178
2445,10.836363636363636,10.764763568241282,596,7.5829903978052124,2.1461789073560946,62,144
4689,12.659574468085106,14.113324872099447,595,7.106971153846154,2.116202911372896,76,166
14975,11.666666666666666,11.100750725363877,595,7.3826086956521735,2.4020266149252523,68,154
4868,12.122448979591837,24.21486514266704,594,7.540983606557377,2.225412100352077,118,210
5626,10.781818181818181,9.536850379004338,593,7.599462365591398,2.124851284463246,58,139
2952,10.403508771929825,9.946032319334334,593,7.414872798434442,2.2915218706763487,60,137
14078,10.033898305084746,7.743665045332695,592,7.672975352112676,2.1180506527049623,50,127
43292,15.179487179487179,10.075691944037743,592,7.474017743979721,2.1547719925287385,71,184
966,10.944444444444445,9.205036903919273,591,8.484931506849316,1.9274688429925178,56,149
16327,10.189655172413794,6.747207080546722,591,7.8108108108108105,2.166820563639229,48,127
5539,10.0,7.501723939799806,590,7.667808219178082,2.378273151048003,52,129
19545,12.53191489361702,11.496409768176187,589,7.666666666666667,2.1271554330750533,69,165
44208,9.816666666666666,8.363544108599966,589,7.72092084006462,2.1066663118991484,51,127
8107,10.137931034482758,8.285367096573625,588,7.462177121771218,2.0972323277936957,51,127
2723,10.88888888888889,10.038917980232556,588,7.540466392318244,2.284817918108776,61,143
8673,10.88888888888889,11.49022006894143,588,7.441762854144806,2.3606138458920083,67,148
23229,12.48936170212766,12.702057930535325,587,7.439205955334987,2.20653740691692,73,166
3917,13.340909090909092,28.04310899213979,587,8.818181818181818,1.8340219092574561,143,261
6285,11.26923076923077,9.349667886762619,586,7.663563829787234,2.197287290425629,59,145
8102,12.208333333333334,13.471732949122847,586,7.524744027303754,2.166881064276303,75,167
4404,10.10344827586207,9.2900430667187,586,7.317073170731708,2.336405398091718,57,131
8609,13.0,12.752896284231424,585,7.9787878787878785,2.131577262639184,75,179
4025,11.037735849056604,14.00818752915449,585,8.60655737704918,2.4102467959705582,81,176
39356,10.263157894736842,7.3473180621752645,585,7.720742817098809,2.129231073657578,49,129
28260,11.68,10.773057853284003,584,7.627234042553192,2.107164809754337,64,153
37433,11.89795918367347,12.15052279046596,583,7.249077490774908,2.1519773560888176,69,155
8338,10.051724137931034,8.73673915201114,583,7.694763729246488,2.231502117950319,54,132
42462,10.410714285714286,9.924765691237956,583,7.753846153846154,2.1313535874979213,58,139
15295,14.55,11.533563062777993,582,7.3389021479713605,2.1127749360955272,72,179
4303,12.933333333333334,10.34935219755763,582,7.528130671506352,2.398224333502393,69,167
15892,11.857142857142858,11.047247017545443,581,7.686382393397524,2.024810022614113,64,155
24907,10.0,9.617235989107028,580,7.888135593220339,2.2018928055868296,57,136
4103,10.527272727272727,12.635714442059836,579,7.59662775616083,2.1446251851153835,68,148
25832,11.333333333333334,10.83082022132519,578,7.5245346869712355,2.056570391365739,62,148
5410,10.321428571428571,10.242704086958046,578,7.601217656012176,2.2630108323312923,60,139
4349,11.54,9.815044678493132,577,7.429942418426104,2.4137797117131434,64,149
31558,17.454545454545453,12.752673516489857,576,7.748917748917749,2.26642529244818,88,223
13458,10.648148148148149,10.828260382953221,575,7.552929085303186,2.219564186290791,63,143
23523,11.235294117647058,11.355330440447988,573,7.216634429400387,2.2532220443656725,65,146
21951,13.642857142857142,12.229156340825902,573,7.608187134502924,2.1913567056078045,74,178
6873,12.170212765957446,10.048402747692466,572,7.875685557586837,2.2358822933872458,65,161
8922,10.381818181818181,9.121587965007357,571,7.805721096543504,2.112329294683713,55,137
25649,11.895833333333334,10.549255460938554,571,7.97,2.214825389283932,66,160
3464,11.176470588235293,11.912524304030514,570,7.0012422360248445,2.153615136560583,65,144
17175,9.483333333333333,9.847122382150003,569,7.20554272517321,2.2041633271055088,56,124
13638,12.931818181818182,15.287017941625134,569,7.201072386058981,2.2263811534517397,83,176
4416,10.160714285714286,10.601503813935226,569,7.475409836065574,2.333327354681388,62,138
4223,11.854166666666666,13.659989070948766,569,7.687184661957619,2.2377666187263063,76,167
4502,9.64406779661017,8.394913714338369,569,7.700520833333333,2.289567562715674,53,127
8166,10.142857142857142,10.026199445686055,568,7.664343786295006,2.2319027637399076,59,137
5031,9.775862068965518,10.137723720158053,567,7.659400544959128,2.373580954890284,60,135
3679,10.309090909090909,10.31696324698943,567,7.618065433854907,2.3190225481080398,61,140
46023,11.34,9.168735697232979,567,8.269679300291545,2.073506613932893,58,152
27835,15.297297297297296,12.648813876901363,566,7.827505827505828,2.000721500253873,77,197
5165,10.679245283018869,11.809014784844637,566,7.3515625,2.358159980744977,67,146
3781,10.290909090909091,10.606903285426775,566,7.407114624505929,2.124880608108699,60,136
5232,9.894736842105264,8.041597679135826,564,7.672918229557389,2.2903689770681903,52,128
4105,11.75,25.671824111104563,564,8.777777777777779,3.3082388735465345,141,244
3221,10.641509433962264,10.575905743395152,564,7.772784019975031,2.427098754592469,65,147
41251,11.26,10.557539138125948,563,7.505012531328321,2.222695739108436,63,148
3123,10.236363636363636,11.095483960141816,563,7.604078164825828,2.229117077738631,63,141
34175,9.542372881355933,7.132543275907983,563,8.009954751131222,2.2660239586738755,49,125
31971,12.217391304347826,11.319428810635005,562,7.289036544850498,2.2225014590156484,67,157
5489,9.842105263157896,9.542741208606472,561,7.590733590733591,2.412586082983496,58,133
4737,9.824561403508772,11.320213916166487,560,7.555223880597015,2.2308667356554444,63,137
39256,11.428571428571429,9.600347215943112,560,7.831632653061225,2.0541132488462437,59,148
26966,12.444444444444445,10.739806066379147,560,7.756653992395437,2.215857023656409,67,164
4199,10.351851851851851,9.695666037058327,559,7.387096774193548,2.464783200123468,61,137
6828,12.422222222222222,10.601219674445888,559,7.553623188405797,2.349701843415268,68,162
32924,14.710526315789474,13.552516261300049,559,7.885416666666667,2.176224674235778,82,198
39750,9.789473684210526,10.274338425182808,558,7.726943942133816,1.9816954639164157,57,133
21231,14.282051282051283,12.995846943803802,557,7.620901639344262,2.2469997351150623,79,188
5502,16.38235294117647,17.54650048141751,557,6.778625954198473,2.7662167653470378,106,217
19276,11.346938775510203,10.178717626351897,556,7.027397260273973,1.8406867886420217,56,136
4145,10.296296296296296,9.43424038723505,556,7.031830238726791,2.0884965400268882,54,127
8778,9.928571428571429,8.954140013235406,556,7.510376633358955,2.174875755151519,54,129
2646,10.296296296296296,9.029573277344252,556,7.561482820976492,2.202491219734549,55,133
5505,10.882352941176471,10.479784461187224,555,7.172463768115942,2.209963860195647,61,139
22903,14.205128205128204,13.700133474531295,554,7.493212669683258,2.0728108046415503,79,185
8737,11.04,11.710731168026868,552,7.632135306553911,2.284519582178122,68,152
6293,10.823529411764707,9.52828606277738,552,8.42384105960265,1.9836848458367613,58,149
24088,10.823529411764707,9.993409593032684,552,7.564516129032258,2.219121364631567,60,142
27831,14.5,11.619531553101163,551,7.993548387096774,2.0621312825457307,73,189
8847,13.414634146341463,14.028498867940392,550,7.464716006884681,2.0688688722556017,78,178
8470,9.821428571428571,10.408226017490628,550,7.506072874493927,2.1486816630149432,59,132
32367,11.680851063829786,11.271561720000054,549,7.317518248175182,2.272124364928648,67,152
10596,9.803571428571429,7.8795930740734965,549,7.721587492483463,2.156078219969222,50,126
903,10.148148148148149,10.060960244143786,548,7.758620689655173,2.190296292410683,59,138
26817,9.431034482758621,7.914259990155272,547,7.558415841584158,2.0895273316206753,48,120
19164,18.233333333333334,14.644484270203229,547,8.264150943396226,2.4350687358733167,101,252
23253,10.12962962962963,13.829209306714427,547,7.924418604651163,2.0887017734945332,73,153
46762,15.6,11.075144402192313,546,8.018181818181818,2.027253839995495,73,199
24766,14.0,17.14489336277868,546,9.571428571428571,1.902379462422684,98,232
4362,22.666666666666668,18.80949498123954,544,8.325396825396826,2.06596153232765,118,307
5629,11.081632653061224,15.295474187230838,543,9.583333333333334,1.2401124093721454,81,188
16828,13.575,17.228312267594397,543,7.230547550432276,2.253806155123184,92,190
26821,13.897435897435898,9.155943918670284,542,7.86908077994429,2.042048755332422,63,173
21308,14.263157894736842,12.408985869067616,542,7.398425196850393,2.2297806632725523,77,182
16318,16.424242424242426,12.262825691470704,542,7.5537459283387625,2.191683025498041,81,205
7996,9.642857142857142,9.671755639120393,540,7.679405520169851,2.1380992918973654,56,130
26456,10.568627450980392,9.602614023193444,539,7.454918032786885,2.1461049176829397,57,136
18027,11.0,11.410886614690959,539,7.662182361733931,2.0552449384717075,64,148
2794,9.981481481481481,10.132128500590623,539,8.37719298245614,2.1467833557644993,60,144
5368,9.607142857142858,8.307014716881962,538,7.445530726256983,2.466807823243799,54,126
17041,11.425531914893616,11.06648815284247,537,7.203846153846154,2.1993133924593535,64,147
3368,9.084745762711865,8.120404558448408,536,7.306584362139918,2.4157562649616913,51,118
18857,9.907407407407407,11.644528261576813,535,7.75049115913556,2.2759061435032555,65,142
3780,9.727272727272727,10.153369346719794,535,7.26824034334764,2.1379670562262416,57,127
8296,9.907407407407407,9.852245254147332,535,7.860991379310345,2.3998983904980755,60,138
6651,12.159090909090908,10.672597342636655,535,7.342696629213483,2.338312326109399,67,156
11214,11.866666666666667,15.248844963710292,534,7.707948243992607,2.245099941086032,83,174
8500,10.470588235294118,10.080382812525466,534,8.594594594594595,2.420507975376007,64,154
8258,10.877551020408163,7.915261242954504,533,7.498847926267281,1.963625054334339,50,132
32545,15.228571428571428,12.276437771998355,533,8.175324675324676,1.9608358791284255,76,201
23712,10.857142857142858,9.70609773973729,532,7.36624775583483,2.1286354673581696,58,138
6859,13.275,11.070838339460186,531,7.562130177514793,2.144550555536272,69,169
32649,9.654545454545454,7.9190772512827845,531,7.486292428198434,2.184308409382087,50,122
4896,10.192307692307692,9.422622884373338,530,7.510726072607261,2.2412064259337323,57,133
14930,9.464285714285714,12.10404032576694,530,7.67603305785124,2.1653667960973437,65,137
6586,10.392156862745098,9.29748015619834,530,7.597689075630252,2.2724322623404536,58,136
38652,12.902439024390244,14.03175840379384,529,8.023668639053254,2.084388293052189,79,183
6162,11.478260869565217,11.691856863142508,528,7.7287234042553195,2.3104883572772654,69,158
3427,9.777777777777779,9.287172461360026,528,7.77264858626659,2.1886257964792577,55,131
13661,11.191489361702128,20.312384632846793,526,7.5243553008595985,2.264467581754464,101,185
4268,10.115384615384615,10.260630730438812,526,7.720779220779221,2.1496734582707075,59,137
6356,9.924528301886792,8.516610594786053,526,7.823991031390134,2.1966627560160585,53,131
2398,8.915254237288135,8.198587211333134,526,7.837772397094431,2.2091439453246204,50,120
3689,10.096153846153847,9.105610456185179,525,7.9034267912772584,2.1181970894156024,55,135
4178,10.294117647058824,10.791281884275028,525,7.6601769911504425,2.076017217257382,61,139
6231,10.875,12.177106178957997,522,7.708628005657709,2.2309874619717607,69,152
5694,9.321428571428571,7.468983484097034,522,7.573821339950372,2.1899572229730486,48,118
25808,10.875,9.370903360254763,522,7.626746506986028,2.385456600655893,60,143
6429,12.731707317073171,10.176011965018276,522,7.620493358633776,2.1617565522314273,65,162
37604,15.352941176470589,9.63227640088788,522,7.2948328267477205,2.1628805993886493,70,182
21609,11.863636363636363,11.637131647488246,522,7.79445727482679,2.2122657009722992,69,161
3343,9.49090909090909,9.138588770362999,522,7.583596214511041,2.1979702688467992,54,126
27817,11.085106382978724,11.078435353412546,521,8.443514644351465,1.8459442798872625,63,157
22079,11.577777777777778,10.558255901273073,521,7.1103074141048825,2.2345570062142133,63,145
5348,10.63265306122449,10.043019710124996,521,7.650526315789474,2.067422297082721,58,140
13303,10.4,9.154011053486167,520,7.775568181818182,2.241330169745397,57,138
38180,13.68421052631579,8.5869330747454,520,7.941391941391942,2.0837803872852874,62,170
4938,9.4,7.432660657156658,517,7.832929782082324,2.147177055616112,48,121
3583,9.178571428571429,7.422587499976353,514,7.5951690821256035,2.112268630482801,47,116
3335,9.518518518518519,14.798955522477064,514,7.544303797468355,2.227091310260875,76,147
3385,8.711864406779661,8.17070217608395,514,7.332236842105263,2.3461045642959824,50,114
539,14.657142857142857,13.505865516927988,513,7.33983286908078,2.1627498983533036,80,187
4882,8.55,12.482428327419008,513,7.618479880774963,2.0370929130834727,64,129
3667,9.0,7.454624643228428,513,7.524347826086957,2.3212077565294846,48,116
1024,12.8,22.138491830131976,512,7.355555555555555,1.73835857844798,106,200
6694,13.81081081081081,12.582699405307446,511,7.766536964980545,2.2167616247957995,77,184
171,9.444444444444445,8.899155496644562,510,7.664959016393443,2.266691160884393,54,126
8440,9.807692307692308,9.775997941213282,510,7.465909090909091,2.1256051724973974,56,129
6958,9.107142857142858,7.754596458473274,510,7.560975609756097,2.1004217294767447,47,116
6933,8.627118644067796,7.67418041245593,509,7.551525144270404,2.2820923029703444,48,113
28092,11.568181818181818,11.194678402004808,509,7.839050131926121,2.1816830416688715,66,157
37842,11.311111111111112,9.666771159309846,509,7.020316027088036,2.287491639208423,60,139
13163,10.16,12.196285818030915,508,7.848780487804878,2.2589528246166344,68,148
25046,11.813953488372093,10.684336140335997,508,7.656934306569343,2.2774759976922017,66,156
24086,9.96078431372549,9.05971475116899,508,7.9126637554585155,2.2225847851768394,56,135
8187,8.894736842105264,8.867444893957245,507,7.491566265060241,2.171244039942265,51,118
3396,9.218181818181819,7.922520430161728,507,7.43796835970025,2.1361235612665435,48,117
7994,9.528301886792454,7.767297752027424,505,7.693069306930693,2.2360350645416496,50,123
28163,10.08,15.685480091928513,504,7.468039003250271,2.282111694439111,80,156
3693,10.285714285714286,8.937281465859739,504,7.644876325088339,2.173704533879121,55,134
8387,8.964285714285714,8.480918230119544,502,7.6175710594315245,1.995721146165851,49,117
3354,9.090909090909092,8.551094206077495,500,7.505219206680585,2.1266081544663757,50,118
12203,11.904761904761905,8.795257934651488,500,7.618290258449304,2.3028045758750726,60,151
2898,9.615384615384615,7.292633527796325,500,7.835365853658536,2.3136761682098492,50,125
24493,14.676470588235293,12.506290752173348,499,7.9763779527559056,2.180230681435331,79,196
24664,31.125,16.45549553593976,498,9.095238095238095,0.3007926037591189,83,366
6351,9.96,13.068047962531375,498,7.116758241758242,2.0759564009418616,67,138
6319,9.94,11.334271669838971,497,7.605363984674329,2.030811123958997,61,137
3486,8.857142857142858,8.06209666261839,496,7.545197740112994,2.0817409608811026,48,114
26949,11.272727272727273,12.570477847688961,496,7.47316384180791,2.1892401506116244,70,154
41940,15.5,23.265646833489182,496,8.397849462365592,1.8867376961233069,121,251
3910,9.339622641509434,9.122970577753414,495,7.575187969924812,2.335126549519281,55,126
2148,8.53448275862069,6.948975734801167,495,8.222222222222221,2.2009534641738164,45,115
5415,8.981818181818182,7.0880465602593254,494,7.6023916292974585,2.2718188896025615,47,115
46201,10.977777777777778,9.357760243117834,494,7.67612293144208,2.321662279145387,60,144
3656,10.061224489795919,8.305139380892678,493,7.979002624671916,2.1119077088609157,52,133
8448,9.283018867924529,8.321375067791859,492,7.621664050235479,2.2970520607899085,52,122
12943,10.020408163265307,10.794461920969722,491,8.25609756097561,2.0734142192279514,62,144
26744,10.673913043478262,8.186857619450787,491,7.600536193029491,2.1285816702156257,53,134
8265,9.8,9.876792009967774,490,7.449304174950298,2.0879359680067964,56,129
5296,9.423076923076923,8.548239478983099,490,7.819322459222083,2.1716487594294858,52,126
2755,9.20754716981132,13.95233436570884,488,7.669338677354709,2.1464647696986052,72,142
32546,13.135135135135135,13.984440087631844,486,8.23448275862069,1.9436999121929814,78,187
38549,9.68,10.112509932892879,484,8.391379310344828,1.992280827493663,58,139
45848,13.444444444444445,12.182996217080463,484,7.412024756852343,2.203777220665604,73,173
14184,11.0,10.081066757875586,484,7.336363636363636,2.2050395694012,60,141
10579,8.344827586206897,7.575472248930319,484,7.592198581560283,2.1854442750356817,46,109
4179,10.5,10.387492478938313,483,7.708551483420593,2.080194858915611,60,141
36524,13.8,12.316416591162337,483,8.022988505747126,2.014267097994616,74,184
2426,10.020833333333334,9.431702049264452,481,7.557817589576548,2.1615471366012455,56,131
2668,8.907407407407407,7.258744936785048,481,7.678714859437751,2.1101685347336416,45,114
8970,9.411764705882353,8.241787356121815,480,7.524096385542169,2.1804521299795803,50,121
6995,10.212765957446809,8.246042977808168,480,7.548511047070125,2.2165895911293183,53,130
1869,9.979166666666666,9.790333016163233,479,7.526170798898072,2.191835242619184,57,132
253,13.685714285714285,12.869872316591886,479,8.370967741935484,2.2244382537844785,79,194
6273,9.73469387755102,8.164392991837792,477,7.5963302752293576,2.077556248162731,50,124
23191,10.148936170212766,9.324998480951631,477,8.398809523809524,2.059416465669446,56,142
2520,9.153846153846153,8.610036586164018,476,7.322654462242563,2.1165933211438253,50,117
26530,11.30952380952381,8.068269966697743,475,7.214814814814815,2.0296753331988397,52,134
3725,8.962264150943396,8.911881145093165,475,7.278863232682061,2.2205840950646962,51,117
1388,8.636363636363637,8.060795926980845,475,7.366336633663367,2.432122217165796,50,114
41321,9.693877551020408,12.50867046231109,475,7.755047106325707,2.1586092199896587,67,142
28081,11.046511627906977,8.858553811811854,475,7.222493887530562,2.039291168804379,54,134
43245,9.875,9.875016832735453,474,7.181347150259067,2.245518306802833,57,128
19934,10.085106382978724,8.704895642143594,474,7.530685920577618,2.40477912477832,56,132
41212,8.464285714285714,7.69406922887371,474,8.702090592334494,2.0363440751692217,47,121
1323,8.446428571428571,7.3926736284394,473,7.552699228791774,2.2851052119539776,46,110
3388,8.75925925925926,7.412216293683463,473,7.551020408163265,2.1011351631984874,45,111
1276,10.488888888888889,20.260375817906944,472,7.611111111111111,2.219714347150493,100,180
3805,10.727272727272727,12.318191569861098,472,7.351851851851852,2.123807262031614,67,146
21019,8.0,6.108219448217804,472,7.56048166392994,2.039863778946289,39,99
23889,10.042553191489361,8.755017063049225,472,7.2297551789077215,2.0777209339976768,52,125
6499,8.88679245283019,10.075981298572,471,7.332644628099174,1.9333855644811675,53,118
438,9.235294117647058,8.25490941269283,471,7.904191616766467,2.2984347707101853,52,125
38441,10.930232558139535,9.830456436715075,470,7.705463182897862,2.1422492822572607,59,144
5058,8.867924528301886,8.669215508490721,470,7.627397260273972,2.1431472807590013,50,118
5890,8.685185185185185,8.878262778554113,469,7.433684210526316,2.0585629807310357,50,114
1244,10.195652173913043,10.179761108782664,469,7.274390243902439,1.9452575979413678,56,130
1734,8.849056603773585,7.751913476969843,469,7.418918918918919,2.2610831032742307,48,114
782,10.659090909090908,15.770067587441524,469,7.553370786516854,2.2007832518066275,81,162
24837,17.333333333333332,19.295276424754643,468,7.558011049723757,2.3201405105719854,110,241
45322,9.34,8.603772309817575,467,8.124137931034483,2.08099909003899,52,128
10472,11.675,12.92460880725265,467,7.791475409836066,2.0068271238953335,71,162
39411,10.377777777777778,8.560716008948,467,7.488524590163935,2.1750754948071216,54,131
5826,8.175438596491228,6.500337373160893,466,7.5473684210526315,2.3360929983021457,43,105
4550,9.117647058823529,7.651528105740785,465,7.584782608695652,2.362420695611178,50,119
22194,14.090909090909092,8.49398182672457,465,7.242424242424242,2.2041028816780734,64,166
3305,9.893617021276595,8.393149490618995,465,7.967136150234742,1.9604220197515183,51,129
16317,14.06060606060606,9.86451783521182,464,7.58477508650519,2.177993637741816,68,174
1535,8.923076923076923,16.72598794391079,464,7.496296296296296,2.3336412969002156,83,150
5396,10.08695652173913,7.381135374743499,464,7.248,2.182664437813608,49,122
3592,8.140350877192983,8.249325938894357,464,7.255154639175258,2.1348224518890384,47,106
5094,14.96774193548387,11.484725714233788,464,7.885964912280702,2.1317605501101076,75,193
8893,8.267857142857142,7.532936337851918,463,7.73019801980198,2.2163343443513672,46,110
2713,10.065217391304348,6.740926985093183,463,7.457723577235773,2.2697109901610424,48,123
8323,8.232142857142858,8.040784836023208,461,7.415774099318403,2.111756855593291,46,107
24205,13.142857142857142,11.468993640509634,460,8.6,2.2211108331943574,73,187
28474,8.679245283018869,8.6819299186158,460,7.708835341365462,2.1748429599394936,51,117
6567,9.18,11.015184325025421,459,8.014115092290988,2.134299728299103,61,134
11888,11.76923076923077,8.282707218439919,459,7.841549295774648,2.0607982589259994,55,148
44148,11.475,9.209770452887074,459,7.630813953488372,2.1826999169342796,59,146
6748,11.195121951219512,8.885998852675826,459,7.476744186046512,2.3385562523589516,59,143
3595,9.0,6.861486719363377,459,7.407608695652174,2.246922627963626,45,112
3104,8.178571428571429,6.8890087500627795,458,7.311827956989247,2.1167630243010764,42,102
24456,12.052631578947368,16.800816209936254,458,7.80379746835443,2.0204002770455256,87,181
13141,12.722222222222221,10.798441980505762,458,7.75886524822695,2.130613027984147,67,166
2975,9.74468085106383,9.758982673963116,458,7.927297668038409,2.323183083168518,59,136
13154,12.052631578947368,10.029543840294094,458,7.9868421052631575,1.8366158811076532,59,156
8612,9.956521739130435,8.159402270425698,458,7.702928870292887,2.032106636306938,50,127
4294,8.622641509433961,8.5669903500281,457,7.666666666666667,2.2936849260063035,51,117
3981,8.60377358490566,8.67432024080608,456,7.125,2.2188914095675063,50,111
5597,8.444444444444445,8.334213789965753,456,7.297805642633229,2.3491930301897583,50,111
23250,14.25,16.343095612323523,456,10.0,1.224744871391589,90,233
3362,7.982456140350878,7.152649928698193,455,8.036529680365296,2.111001760481384,44,108
3524,8.425925925925926,8.640846071108903,455,7.098,2.377330309148816,50,110
46934,11.973684210526315,11.75076039426929,455,7.489473684210527,2.2182725782679693,69,158
34996,8.92156862745098,7.599587192091163,455,8.230283911671924,2.106491830160158,47,121
2749,8.425925925925926,7.489872034203864,455,7.632390745501286,2.2099761388712187,46,110
17504,10.318181818181818,10.41415121143079,454,7.077798861480076,2.2922460827653466,60,133
6478,12.27027027027027,8.639858051330885,454,7.3522727272727275,2.0882564182836343,57,148
34439,8.407407407407407,8.738374527225147,454,7.946332737030412,2.039216757939638,50,116
19940,8.711538461538462,7.421052561203078,453,7.824534161490683,2.189034015867705,47,115
36543,11.048780487804878,10.37051401694293,453,8.386206896551725,2.0110327877892047,62,154
3584,7.9298245614035086,8.957956656998944,452,7.536115569823435,2.07764761536498,49,109
6312,9.617021276595745,7.441228251494629,452,7.443561208267091,2.2542410217688107,49,121
4176,7.775862068965517,5.956105826143471,451,7.502608695652174,2.3305822002045575,40,99
24592,8.351851851851851,11.130711224131028,451,7.6494201605709184,2.0760587064849005,58,122
20398,9.204081632653061,11.354110107204816,451,7.832214765100671,2.1142539643511435,61,134
3072,8.2,12.264673751153033,451,7.618357487922705,2.1200086444732773,63,125
5195,8.823529411764707,8.317946579181527,450,7.695481335952849,1.9450115919096156,47,115
8469,8.823529411764707,8.315541791977095,450,7.076347305389222,2.1583165351738196,48,111
6288,8.035714285714286,6.404442451680169,450,7.71876923076923,2.155082996250387,41,103
35471,8.823529411764707,9.313873270241421,450,7.622670807453416,2.138046450012818,53,120
1868,9.553191489361701,9.73074131551606,449,7.475945017182131,2.111016603905113,55,127
3924,8.98,8.624809965371728,449,7.324137931034483,1.9446543621624106,48,114
3444,8.452830188679245,7.69256893605733,448,7.4795180722891565,2.339005885396942,48,111
7404,8.784313725490197,7.733857318286122,448,7.928571428571429,2.550876053655877,52,121
26143,12.444444444444445,8.72907929834673,448,8.31578947368421,1.7606534852531486,55,159
5630,9.53191489361702,8.430924091466942,448,7.771653543307087,2.0437467583581994,50,124
8701,7.964285714285714,6.774187064852167,446,7.717548076923077,2.2472402644911122,43,104
3811,10.348837209302326,20.997600453532822,445,8.368421052631579,3.4027852368936022,116,202
32832,9.88888888888889,11.255750494388156,445,8.88679245283019,2.2181964132922265,66,154
3919,8.88,8.09545097759305,444,7.324110671936759,2.445779426599245,51,116
24612,10.547619047619047,9.627709959842363,443,8.029411764705882,2.1954921449447116,59,144
40332,9.229166666666666,8.303394802623018,443,7.3293413173652695,2.1051719916395997,49,117
821,8.51923076923077,6.7924132550997145,443,7.505732484076433,2.088667247845263,42,106
8674,8.666666666666666,7.287432103743175,442,7.40952380952381,2.1311665881248456,45,109
3818,8.166666666666666,9.015186348914835,441,7.043153526970954,1.9803343824407524,48,105
27813,8.166666666666666,8.167468834945824,441,7.536,2.303951499786613,48,110
22758,9.8,13.096842089880779,441,8.278761061946902,1.961221901544879,70,151
29996,12.941176470588236,9.5725022107062,440,7.610909090909091,2.1302198857813637,63,161
2679,8.461538461538462,9.506368429846484,440,7.458333333333333,2.302723655127566,54,117
10062,8.979591836734693,8.138104293789716,440,7.10062893081761,2.3924855158839877,50,114
3527,8.78,7.418372119134978,439,7.985037406483791,2.2127257776074836,47,117
8386,8.588235294117647,8.027892551817658,438,7.642156862745098,2.386363234892613,50,115
1639,10.658536585365853,8.422023973183528,437,7.037267080745342,2.2224798777380035,54,129
22801,9.71111111111111,7.463919949336341,437,8.101293103448276,2.0130455871477557,48,126
3209,8.568627450980392,8.32167026974942,437,8.007510729613735,2.154840534270218,49,118
42678,12.823529411764707,10.0105114095598,436,7.556451612903226,2.2162536115083267,65,162
20968,10.634146341463415,10.338655854512654,436,7.6683168316831685,2.1863179566513145,61,142
17177,7.517241379310345,6.050203358363746,436,7.28280701754386,2.138634180981656,38,93
3367,7.649122807017544,6.272078796625382,436,7.47119341563786,2.496635553757588,42,99
7293,8.529411764705882,6.780421642277038,435,7.503321033210332,2.1972076839958588,44,108
3487,8.877551020408163,8.012055117813679,435,7.749174917491749,2.072996229543221,48,117
24634,9.456521739130435,9.70156120709819,435,7.432885906040268,2.3720863524978206,57,128
28775,11.153846153846153,8.034591207425885,435,7.373068432671082,2.3319403192162222,56,138
4278,8.346153846153847,8.84481595234006,434,7.62844702467344,2.063273265304513,49,113
24605,16.692307692307693,12.447551504675065,434,7.716814159292035,2.354589085126686,86,215
42122,8.68,7.998571300997626,434,7.840670859538784,2.077233022073736,47,115
3194,9.622222222222222,12.896949760750141,433,7.680555555555555,2.2156984028110958,69,143
8898,7.4655172413793105,5.870579388727033,433,7.6882494004796165,2.171778179541847,38,95
27145,8.66,7.8288060444510075,433,7.936532507739938,2.0155972561356625,46,115
6173,8.018518518518519,5.371099254134464,433,7.8311170212765955,2.3157976143901444,39,102
5668,9.212765957446809,8.407905623029581,433,7.674666666666667,2.139711943562971,50,121
3525,13.090909090909092,12.225392724682807,432,7.771513353115727,2.21158107644917,74,176
19302,10.285714285714286,8.088792952509753,432,7.388211382113822,2.089081121159893,51,127
46458,9.170212765957446,11.10095794717964,431,7.555133079847908,2.0995733575535946,60,129
10443,9.170212765957446,8.86448495018224,431,7.426229508196721,2.3747627652744177,54,122
6168,8.795918367346939,9.219498341008794,431,7.398148148148148,1.5578148966962189,47,112
5228,8.979166666666666,7.396058706984626,431,7.904494382022472,2.3772409052790557,49,120
3220,9.148936170212766,7.6271218670018675,430,7.762921348314607,2.0704619299761946,47,118
37786,7.288135593220339,5.311181592859725,430,8.121777777777778,2.2508038193355775,37,96
7860,9.148936170212766,7.034012780780613,430,7.17965367965368,2.2712428127589552,46,112
6553,8.58,8.194298665062488,429,7.728506787330317,2.4352945290589565,51,117
1174,7.526315789473684,6.341769872266097,429,7.6686507936507935,2.0944266528219617,39,97
4662,10.725,9.139902653355806,429,7.640038498556304,1.9926102395895704,55,137
5134,7.660714285714286,9.167683926239416,429,7.767045454545454,2.0965972480951183,50,109
10453,8.58,8.361940015111717,429,7.116207951070336,2.0058075939289313,46,108
7991,8.916666666666666,6.872186722915054,428,7.68009768009768,2.1604880346588704,45,113
7261,8.372549019607844,6.587748581461577,427,7.651785714285714,2.3314207108885596,44,108
25036,9.26086956521739,9.298589576701513,426,8.099489795918368,2.117470803453067,54,129
2492,21.3,81.15229347863254,426,8.434782608695652,2.085144140570747,396,575
3961,10.65,9.651756848181074,426,7.569131832797428,2.3081900428815456,60,140
2751,7.589285714285714,7.126842436653353,425,7.544117647058823,2.0915138572073535,42,99
984,8.018867924528301,8.551856672086645,425,8.53641456582633,1.9233390573263232,48,117
15255,13.709677419354838,8.768099559908814,425,7.565315315315315,2.1093716800389783,62,166
8078,8.333333333333334,7.913701198975524,425,8.096491228070175,2.1444295144989005,47,115
37822,10.897435897435898,14.350490312171567,425,8.655759162303665,1.9530748884522668,78,172
19656,13.67741935483871,9.41412802396552,424,8.0,1.632993161855452,57,167
8515,7.851851851851852,8.71867959409167,424,7.5,2.224562957505621,49,108
37235,8.134615384615385,8.48303692880356,423,7.535168195718654,1.9964274578162875,47,108
4064,7.981132075471698,7.262894543864556,423,7.4831275720164605,2.3272973831768096,45,105
27867,7.962264150943396,9.413497396641418,422,7.757246376811594,2.074090485218848,51,113
6226,9.790697674418604,8.69471141812759,421,7.862994350282486,2.0911717349041314,53,130
15922,8.75,7.504608513185098,420,7.833052276559865,2.16173423224124,47,115
3915,7.5,6.35895932023186,420,7.3810975609756095,2.385300278680852,41,96
15356,10.24390243902439,8.080162398754364,420,7.271356783919598,2.1834582300007237,52,126
443,7.7592592592592595,8.11226694042106,419,7.820245979186376,2.149666714840113,46,107
11529,12.696969696969697,11.846636781395091,419,7.833333333333333,1.7224014243685084,66,165
5137,7.482142857142857,6.458232438815302,419,7.234887737478411,2.314904273135735,40,95
19926,10.21951219512195,9.285774591066572,419,7.467065868263473,2.2522179422320576,57,133
42948,7.6,5.720657822831735,418,7.413793103448276,1.918553592617219,35,92
25373,10.45,7.571708475025252,418,7.743362831858407,2.189723555524843,51,132
810,7.581818181818182,7.754785640925243,417,8.095959595959595,2.3252932435308,47,108
6448,8.176470588235293,6.492167226290281,417,7.22020202020202,2.3296182984761895,43,102
35103,9.69767441860465,8.919040317051333,417,7.626943005181347,2.0323869868397653,52,126
13258,8.32,7.385700469730102,416,8.467583497053045,1.9805725369739189,45,115
37984,9.244444444444444,8.552393486237309,416,7.850253807106599,2.165050272744178,52,124
79,7.5636363636363635,7.78356206269587,416,7.270161290322581,2.2009173418486325,44,99
32054,10.4,11.017003175744254,416,7.135399673735726,2.3353499083809806,63,137
4889,7.545454545454546,7.122780828721795,415,8.70516717325228,2.0633275987818136,43,109
8135,7.830188679245283,7.032167433293194,415,7.997674418604651,1.9233552137774887,41,104
24096,13.387096774193548,15.437351714493948,415,7.494642857142857,2.2034222563237087,85,185
3513,7.980769230769231,8.374776285254091,415,7.704,2.031104284714257,47,108
8361,7.830188679245283,6.541982318534897,415,7.5662551440329215,2.2083443038105393,41,100
3788,7.392857142857143,10.54803483882372,414,8.345050878815911,1.878310909410088,55,117
8346,8.28,9.87687466060112,414,7.900826446280992,2.0739832691282585,54,119
6655,8.625,6.353504645201397,414,7.5796407185628745,2.272622454435043,43,109
16816,12.875,12.878464144053723,412,7.7482993197278915,2.275068981085664,76,176
24101,10.564102564102564,8.26149875467002,412,9.0,2.2088896522065657,56,151
8921,9.581395348837209,11.035079472256893,412,7.458928571428571,2.0655862206551414,59,131
37828,8.22,8.586391701348104,411,7.768647281921618,2.096249007650746,49,113
21208,8.934782608695652,10.495294551820287,411,7.241773962804006,2.139189587694477,56,121
5042,7.754716981132075,7.242783305781956,411,7.615533980582525,2.0183379764233362,42,101
24552,14.172413793103448,10.866294431856838,411,7.46078431372549,2.2221164123529205,71,177
41530,9.55813953488372,8.290276362736204,411,8.123616236162361,2.1074279828099356,51,129
2476,7.735849056603773,8.879862575591657,410,7.773134328358209,1.9658447384760787,48,108
41254,6.932203389830509,6.604242123581241,409,7.374545454545455,2.205657420453155,39,90
3683,7.716981132075472,6.328742001895813,409,7.935897435897436,2.1125083394166184,40,101
5714,8.680851063829786,14.889603000779237,408,7.221953188054883,2.186380754198658,73,136
13930,12.75,12.228997796090006,408,7.403118040089087,2.176393044625936,71,166
14279,9.951219512195122,8.203509064760626,408,7.358056265984655,2.0894663702914986,50,123
40051,9.465116279069768,10.152055473809236,407,7.784982935153583,2.132152688088785,57,131
3663,7.537037037037037,6.717234839232197,407,7.341232227488152,2.2728713824673856,41,97
5805,8.479166666666666,7.446231613925727,407,7.290987124463519,2.207522939836141,45,107
15252,9.69047619047619,7.356722809744789,407,7.378048780487805,2.239019628625472,49,120
8438,10.175,27.04212051691365,407,7.666666666666667,2.229281716090851,129,207
17865,7.4,5.455544240766723,407,7.2358757062146895,2.3164160353932717,37,91
7279,8.12,7.0757995149318775,406,7.629401408450704,2.089828100967333,43,105
6368,10.41025641025641,9.78376191967817,406,7.631944444444445,2.308132955239604,60,139
4343,8.458333333333334,7.723846283972753,406,7.537037037037037,2.3495703321344346,48,112
4358,6.982758620689655,5.808316419146288,405,7.301745635910224,2.200277697277586,36,87
3820,7.769230769230769,6.61138466887376,404,7.661574618096357,2.1963963774948834,41,101
4385,8.08,8.171228768786046,404,7.422203532380151,2.186593261183441,47,107
8473,7.087719298245614,6.387154244917758,404,7.178070175438597,2.0848657703576734,37,88
23307,9.372093023255815,8.39507581239756,403,8.051383399209486,2.259312312680843,53,128
13807,9.159090909090908,9.265949622685632,403,7.874301675977653,2.0966450294041,53,125
294,12.96774193548387,10.9132453803249,402,7.8,2.080903344742069,67,168
5298,6.931034482758621,5.97909242941534,402,8.208020050125313,1.9834328496179843,36,93
3639,7.711538461538462,5.6057972040209725,401,7.1547344110854505,2.2611005977389746,38,93
6569,8.911111111111111,11.192168979453735,401,7.676136363636363,2.2941305018150753,61,130
1921,10.552631578947368,8.63586915897107,401,7.952080706179067,2.222525598026338,56,140
3791,8.183673469387756,6.476474958737698,401,7.280193236714976,2.194291118103165,41,101
426,7.862745098039215,9.978015048782273,401,8.356164383561644,2.1519509224867757,55,121
3704,7.6923076923076925,8.50729435926804,400,7.730684326710817,2.1114644332275128,47,107
5218,8.16326530612245,6.628055706538653,400,7.4523809523809526,2.031347736448299,40,101
2924,7.6923076923076925,7.724517781861377,400,7.485714285714286,2.1270236305562418,44,102
3889,7.388888888888889,8.6992011488947,399,8.36231884057971,1.8468655042973061,47,109
2759,7.823529411764706,5.870965448213576,399,7.543589743589743,2.118134132191849,38,97
10296,8.48936170212766,9.011761253388073,399,7.566860465116279,2.2577771062535854,52,116
3422,7.254545454545455,5.58840791552505,399,7.705738705738706,2.098457644130345,36,92
13792,9.068181818181818,7.939883799960237,399,7.40377358490566,2.4197703891941518,51,118
6157,8.291666666666666,7.9196989340298645,398,7.375,1.7449261995455476,43,104
4309,7.107142857142857,6.2919243231551745,398,7.750741839762611,2.1234674547468875,38,93
6590,7.37037037037037,5.607596923501548,398,7.661300708306504,2.1115545179619506,36,93
18868,8.446808510638299,8.075213042386315,397,7.786618444846293,2.258968028019806,49,114
1692,7.490566037735849,5.760016831937994,397,7.622920517560074,2.211533649848354,38,95
4258,7.634615384615385,8.179431031925951,397,7.592334494773519,2.125473470208511,46,104
40559,9.404761904761905,7.793241361432209,395,7.5018587360594795,2.1171378442632944,48,119
8534,8.404255319148936,12.284064570335735,395,7.463182897862233,2.2817491906100633,64,126
1956,8.061224489795919,7.890944607759016,395,7.926657263751763,2.2474675571632936,47,111
34427,8.777777777777779,8.229351263752338,395,7.549425287356322,2.333727540043249,50,117
8110,8.208333333333334,6.696961309440413,394,7.769047619047619,2.1838051770625078,43,106
16814,11.909090909090908,11.724343362113176,393,7.725714285714286,2.4992346940271988,73,165
6225,8.543478260869565,9.842552789323916,393,7.5911330049261085,2.2217021832669217,55,119
3591,7.86,7.406588352298793,393,7.347740667976424,2.2489936077221624,44,102
8379,8.0,6.925195544772245,392,7.254794520547946,2.0145788079884763,41,99
10283,19.6,18.82998728232793,392,7.855491329479769,2.0564522442238284,110,264
15575,8.71111111111111,10.524046539024596,392,8.84375,2.713281253628219,65,142
39410,8.909090909090908,8.836547210092554,392,7.747252747252747,2.1638409133723235,52,121
28890,7.377358490566038,6.165120296706237,391,7.774839743589744,2.3282598393800855,40,97
3743,8.145833333333334,7.491809949008097,391,7.889204545454546,2.062194621973555,44,109
3197,6.964285714285714,5.012581572999489,390,6.7901639344262295,2.406522449923223,35,82
14475,7.8,6.3887656499993986,390,7.163551401869159,2.221120358829194,40,96
23595,6.5,5.344092255369316,390,7.7156398104265405,2.1948709489721017,34,84
27830,9.725,9.894280917368116,389,7.767857142857143,1.9879071963715509,56,131
14690,15.56,11.161989070053778,389,7.8231292517006805,2.3834494407484774,80,202
31320,7.320754716981132,6.290327082438865,388,7.403041825095057,2.39805664481999,40,95
16837,8.818181818181818,11.801207520542867,388,7.552212389380531,2.279149140770434,63,130
5317,8.434782608695652,7.38362203773563,388,7.695238095238095,2.4460478701673405,48,113
2623,7.4423076923076925,6.050161111251215,387,7.617378048780488,2.3421011934526588,40,97
1359,7.588235294117647,6.242360036358798,387,7.64171974522293,2.4838832791855325,42,100
19036,11.057142857142857,13.161760245997085,387,8.135135135135135,2.0112704555103584,72,162
3016,7.568627450980392,10.907345968586098,386,7.7612456747404845,2.302267867081383,58,117
4751,9.625,12.24679445238526,385,8.714285714285714,2.138089935299395,69,153
4796,8.953488372093023,11.661808828847086,385,7.51527224435591,2.183129941622315,62,129
16431,9.390243902439025,14.451432539337558,385,7.442028985507246,1.9142878683597537,71,141
2374,8.191489361702128,7.412205849790396,385,8.064467766116941,2.19822064476898,46,112
3936,7.403846153846154,7.252476562498684,385,7.803757828810021,2.2198954119451653,43,101
8485,7.7,6.984677106761219,385,7.6298076923076925,2.366664413156061,44,103
4565,7.12962962962963,6.650425710011995,385,7.04093567251462,2.284518356854901,40,90
3738,11.606060606060606,10.157938379475045,383,8.461538461538462,1.7134460703206962,59,157
1060,7.66,11.821132926816675,383,6.931464174454828,2.3799239823981284,60,113
4229,7.092592592592593,7.0691157102729,383,7.59877800407332,2.165882834835569,41,95
3760,7.64,7.230208736084107,382,7.741877256317689,2.1355885847586813,43,102
14250,10.324324324324325,8.847642668009415,382,7.965317919075145,2.188489852475067,56,138
2468,8.26086956521739,7.540806861068783,380,7.464285714285714,2.132353240526739,45,106
20693,11.875,16.241623151047595,380,9.0,2.82842712474619,98,205
23076,9.717948717948717,7.511215186389504,379,8.833333333333334,2.5166114784235836,55,140
26091,7.269230769230769,8.270228639501022,378,8.314487632508834,1.9194881490332594,46,106
8694,7.54,7.6803752034198265,377,7.654784240150094,2.459629037142117,47,104
37313,7.25,6.373582118370161,377,7.213213213213213,2.297105212001752,39,92
1758,8.02127659574468,6.957914985365283,377,7.602760736196319,2.163130174440332,43,104
5142,7.54,6.519077185226355,377,7.4603174603174605,2.0661074267855923,39,95
35294,12.533333333333333,14.241109345914694,376,7.693931398416886,2.055123962980794,78,174
2254,6.4655172413793105,8.079029638713196,375,7.759887005649717,2.4705577328359354,46,96
39691,8.720930232558139,8.72687578797969,375,7.292517006802721,2.115152176175209,49,113
25932,12.064516129032258,8.053717501340474,374,7.220820189274448,2.1645464537581955,56,143
24665,12.064516129032258,16.79868146387481,374,8.695652173913043,1.3959285801180927,86,191
3890,6.642857142857143,6.145001135967264,372,7.7356608478802995,2.127193015381604,37,88
4327,6.888888888888889,6.187835500084067,372,7.380102040816326,2.152952410443077,37,88
4050,6.888888888888889,7.000449221883987,372,7.629699248120301,2.181954216559842,40,93
3366,7.571428571428571,7.662136342648395,371,7.54524627720504,2.068345628194785,43,100
1380,7.134615384615385,5.9870083077127445,371,7.535714285714286,2.185812841434001,37,91
4857,7.4,8.24621125123532,370,7.714285714285714,2.1498485387337865,46,103
6735,8.409090909090908,7.63808749293191,370,7.741554054054054,2.2580773496207267,47,112
2890,7.115384615384615,6.46454537519801,370,7.895777178796047,2.05279029106313,38,95
42413,8.043478260869565,7.029956604067515,370,7.767381974248927,2.1079053696191603,43,105
15619,8.222222222222221,10.202247722235459,370,7.453804347826087,2.1301102515331847,54,116
2142,7.38,7.953666847846383,369,8.018987341772151,2.246363805478194,46,105
2287,7.530612244897959,7.552874841234094,369,7.413684210526315,2.1800953433929484,43,99
42421,10.514285714285714,9.83203476209402,368,7.489711934156379,2.547664851911825,63,141
35976,8.761904761904763,6.63622550598744,368,7.222222222222222,2.2083954901535336,43,107
31201,9.68421052631579,7.4764685375061015,368,7.380846325167038,2.113875966929819,48,119
16320,9.2,9.190853870658312,368,7.677361853832442,2.0365422795336174,52,123
3410,7.645833333333333,7.329594872358758,367,7.487804878048781,2.1559215178403464,43,100
3020,6.4035087719298245,7.225598465383846,365,7.4348925410872315,2.4215271271820336,41,89
19270,8.295454545454545,13.894251020349765,365,7.211895910780669,2.1690856567088206,68,128
1515,9.578947368421053,8.845923107215926,364,7.788636363636364,2.3936814993467217,56,130
8233,11.030303030303031,11.097535899031959,364,7.182291666666667,1.8821562098441247,60,139
3373,8.088888888888889,7.491881127479456,364,7.625,2.319758911403333,46,108
20446,9.333333333333334,7.550996216370997,364,7.659453302961276,2.287035629342217,49,121
4234,6.7407407407407405,7.8263830176566,364,7.642307692307693,2.158225396205649,43,95
4382,6.980769230769231,7.837792768063795,363,7.3133380381086805,2.3465442061070374,44,95
21329,8.25,8.084222359806212,363,8.036923076923078,2.031812517990306,47,113
4682,7.723404255319149,6.619149188921405,363,7.741935483870968,2.3502169461434095,43,102
23049,8.227272727272727,8.941316786546512,362,7.525510204081633,2.0962389384502016,49,111
809,7.387755102040816,5.544578156972405,362,7.486187845303867,2.0182209735641936,35,90
27233,9.282051282051283,8.935289934178256,362,7.241379310344827,2.174962472949823,52,119
44452,8.418604651162791,7.6663536938381265,362,7.691588785046729,2.1424009827652353,46,111
24604,8.595238095238095,6.54090142146651,361,7.574626865671642,2.27138811745142,44,109
27361,8.395348837209303,8.006365131163488,361,8.052805280528053,1.9608377006904067,46,114
8523,7.659574468085107,6.454781159341199,360,7.435897435897436,2.045418359098272,39,96
8442,6.923076923076923,7.348058710809013,360,7.098984771573604,2.1408064839688636,41,90
33682,8.0,6.9084927970775745,360,7.3615702479338845,1.9696061164238345,40,99
42874,8.372093023255815,13.338135901409686,360,7.757847533632287,2.431001797304872,70,135
5747,7.0588235294117645,7.452279556500501,360,7.5355587808418,2.0257710310296604,41,94
3352,7.326530612244898,7.5315662246254185,359,7.711325966850829,2.2703413161157675,44,101
39631,8.75609756097561,9.974418498852145,359,7.686274509803922,2.3040884378451634,56,124
35862,8.325581395348838,9.443367363071891,358,7.512820512820513,2.196425177322842,52,115
6096,7.16,8.711615515962535,358,7.348314606741573,2.13805821391652,46,99
8424,6.62962962962963,6.576964650291273,358,7.0014450867052025,2.144895517246345,37,83
45332,9.944444444444445,6.440694037333219,358,7.571428571428571,2.21796700878325,47,122
3147,8.325581395348838,13.726444637706683,358,9.285714285714286,2.627691364061218,78,155
37656,10.2,7.193951707960695,357,7.728971962616822,2.302915750676862,51,130
32294,12.75,15.920229386026563,357,7.27027027027027,2.095659117312065,83,176
31500,8.5,7.126898548936225,357,7.61864406779661,2.2295810600182073,45,110
18743,10.5,9.863461805465604,357,7.498249708284714,2.239786625810976,59,138
5758,6.980392156862745,7.2566940023083,356,7.263036809815951,2.130575998676039,41,91
1738,6.980392156862745,7.355243561102329,356,8.0088161209068,2.090915402912264,42,98
39717,9.128205128205128,7.887963806296698,356,7.723905723905724,2.0346328021858495,47,118
7985,7.574468085106383,5.648180472125373,356,7.791348600508906,2.176457162150884,38,97
28114,9.621621621621621,10.502252010749755,356,8.263636363636364,2.0483928483205744,59,139
43553,8.682926829268293,9.095160868259132,356,7.516666666666667,2.1649183606731897,52,117
24146,9.102564102564102,11.697491570496442,355,7.435897435897436,1.1875421719907089,56,123
4701,7.717391304347826,9.248815043568822,355,7.722132471728594,2.0949186424167365,50,110
8905,7.695652173913044,6.4113426058558005,354,7.571810883140054,2.271812764210873,41,99
8892,8.428571428571429,10.136008877175877,354,7.551020408163265,2.0378120953858483,54,118
8689,8.634146341463415,6.556508589031879,354,7.693193717277487,2.1341551481058967,43,109
26945,7.51063829787234,12.098998054861605,353,7.460159362549801,2.1269308568668412,61,117
3231,6.788461538461538,6.7775191784441295,353,7.470167064439141,2.2901793082395816,40,91
3651,7.204081632653061,7.2254745860183665,353,7.533742331288344,2.328784477592022,43,97
7282,6.921568627450981,6.085534117084225,353,7.722602739726027,2.115667964125151,37,90
904,6.921568627450981,6.861029477432385,353,7.630541871921182,2.1537112847924664,40,93
5628,6.921568627450981,6.596493423796924,353,7.6266318537859,2.169281225261178,39,92
8036,7.51063829787234,5.376568893074806,353,7.579449152542373,2.223474804278,37,94
23521,12.607142857142858,6.9193196289074645,353,7.54375,2.1598010477906846,55,150
14004,7.844444444444444,8.969533168037522,353,7.807339449541284,2.0994173785138184,49,111
6581,7.183673469387755,8.778936603664276,352,7.825704225352113,2.243448120175419,48,105
15229,7.6521739130434785,9.834671979626973,352,7.56734693877551,2.121454395477545,52,110
28262,7.333333333333333,6.04709648397682,352,7.803053435114504,2.1027119132460066,38,95
21469,9.777777777777779,8.141993827807996,352,7.7366255144032925,2.127296069143317,51,126
31618,8.585365853658537,8.291488436210043,352,8.104089219330856,2.0489217239358317,49,118
18592,7.6521739130434785,6.922483148904005,352,7.768361581920904,2.3104294475599176,43,103
23255,7.163265306122449,6.552184555473053,351,7.304347826086956,2.0991807635255615,38,91
5333,7.3125,6.109484255838656,351,7.824267782426778,2.127968081150537,38,95
19755,9.236842105263158,7.419602271435265,351,6.90625,2.458403953787904,49,113
43043,9.486486486486486,7.4558762120954025,351,7.8311688311688314,2.1972468785471397,49,123
14623,7.9772727272727275,6.9866605003496405,351,7.739234449760765,2.3983290321263984,45,107
31542,8.333333333333334,8.449755853498953,350,7.402912621359223,2.544777773063681,52,113
2522,7.142857142857143,7.112196097783957,350,7.462264150943396,2.294334783877389,42,95
24094,11.666666666666666,10.678154733180593,350,7.432624113475177,2.3985727328107114,67,153
35464,8.948717948717949,9.851392415471873,349,7.600806451612903,2.1239184662675332,55,123
16429,8.30952380952381,9.04322437434708,349,7.9421487603305785,2.2960020349190926,53,119
13695,8.923076923076923,6.779941838690977,348,7.5,2.2624095804753366,45,112
45769,8.285714285714286,8.51193054908661,348,8.439490445859873,1.9962827423610017,49,119
802,6.547169811320755,6.857242206758343,347,7.769406392694064,2.232334693161655,40,91
8124,9.378378378378379,8.317823404364042,347,7.912350597609562,1.9514832442502912,49,123
3761,10.205882352941176,22.4995345564851,347,7.370892018779343,2.2446794929253655,108,183
3325,8.046511627906977,6.743439451553364,346,7.815040650406504,2.3372345571478825,44,107
6727,7.863636363636363,7.5992377496905155,346,7.454756380510441,2.3431581497906033,46,104
8474,6.290909090909091,4.744090777630346,346,7.245508982035928,2.061602441480361,30,76
23392,11.931034482758621,13.530207036961931,346,9.833333333333334,2.786873995477131,89,206
43590,7.840909090909091,7.757796324053425,345,7.419417475728156,2.1242557979265926,44,103
7740,10.147058823529411,11.486836611085241,345,7.4935064935064934,2.075910390912325,62,138
1135,8.846153846153847,7.617633496104394,345,7.754201680672269,2.18426988723736,47,116
21965,8.023255813953488,7.304559476606842,345,7.5582329317269075,2.1881329706251713,44,105
2615,7.840909090909091,6.958157941943522,345,7.6923076923076925,2.2873774263807403,43,104
3462,6.615384615384615,6.736362683385719,344,7.696470588235294,2.1565196814578305,39,90
40114,9.8,8.910667763978186,343,7.439169139465875,2.102296765104442,53,125
44233,9.527777777777779,9.687948658325414,343,7.211320754716981,2.174373854260196,55,124
32675,7.795454545454546,8.275993709616191,343,8.020935960591133,2.0063536834688103,46,109
19336,8.55,14.156542385331678,342,7.470588235294118,2.1369519104304286,71,134
3268,6.0,4.358898943540674,342,7.078125,2.4833599762526473,31,74
16477,7.6,6.880142704651092,342,7.809018567639257,2.1747152765888207,42,101
23074,10.6875,12.46786191153725,342,8.75,2.4167972796469903,74,168
16761,7.434782608695652,15.116807678744054,342,7.743732590529248,2.1549108513937276,74,132
8452,7.434782608695652,6.784466486559306,342,7.730769230769231,2.368613921778971,43,100
12505,10.029411764705882,7.525654281905759,341,7.331818181818182,2.0615830162768716,48,121
46098,7.104166666666667,5.3841358117822695,341,7.6025236593059935,2.266535156304267,36,90
13052,7.75,6.598537540578109,341,7.637894736842105,2.252854679801957,42,101
35578,7.7272727272727275,6.377152664782033,340,7.800578034682081,2.3879163704878072,42,103
15917,9.444444444444445,6.040077787788803,340,7.873076923076923,2.126148600288294,43,118
2917,6.519230769230769,6.140480867084816,339,7.280373831775701,2.3350363722676977,37,85
8131,7.0625,5.825133547916633,339,7.3604651162790695,2.1062278099385114,36,88
2676,6.277777777777778,4.724151782372481,339,7.89119804400978,2.1541899697674878,31,81
24673,10.903225806451612,8.553185912121391,338,7.371024734982332,1.9222866138084478,52,132
16175,6.627450980392157,7.172059074808923,338,7.498550724637681,2.231024164756552,41,90
14008,7.681818181818182,6.876900083385756,338,7.8506024096385545,2.058760795487823,41,101
5731,6.877551020408164,9.83537970174772,337,7.656742556917688,2.019519458716132,50,103
37607,10.53125,5.20535936598351,337,7.602112676056338,2.299207677626451,46,127
25711,10.53125,8.393485857420007,337,7.420245398773006,2.349092381435269,56,134
8223,7.466666666666667,8.362796400508842,336,7.632516703786192,2.160091172908773,46,103
28548,8.195121951219512,6.285775656969958,336,7.279863481228669,2.4558088772485474,43,103
24755,10.5,7.34407814984071,336,8.25,1.6025547785276542,45,131
4804,7.304347826086956,6.098705018161701,336,7.74364406779661,2.373768954482322,40,97
21233,7.636363636363637,7.310683196181189,336,7.7789757412398925,2.2043421588909418,44,103
4673,6.979166666666667,9.242569375042974,335,7.135288552507095,2.029062922101727,47,97
24003,8.81578947368421,7.647134291576141,335,7.690962099125365,2.162439859899492,47,115
5897,6.203703703703703,5.707921108621787,335,7.457516339869281,2.2291839463965646,34,81
26395,10.151515151515152,11.211381527607369,335,7.345132743362832,2.1072147451792578,61,136
31541,8.121951219512194,9.927726632898441,333,7.37,2.4726994205205015,55,115
44547,9.25,11.512415658136838,333,8.003533568904594,2.1379685347145343,63,137
3831,7.928571428571429,7.572069527797397,333,7.6438356164383565,2.016277642442225,43,104
3458,6.529411764705882,7.253558964195359,333,7.482014388489208,2.151347801288837,40,89
8978,7.0638297872340425,5.708133995407626,332,7.704918032786885,2.0928421843696023,36,90
47014,7.0638297872340425,6.555463222179979,332,7.9361702127659575,2.079257895118365,39,95
12479,9.194444444444445,11.47374504670665,331,7.698895027624309,2.319482437022078,63,134
21232,8.487179487179487,7.129891838228074,331,7.453125,2.337618613956033,46,109
44035,7.6976744186046515,7.6455243170072436,331,7.91254752851711,2.2606732371857374,46,107
5767,6.470588235294118,6.891597612096839,330,7.154564315352697,2.037032516052782,37,84
3989,6.875,5.556767007394507,330,7.57841726618705,2.2040950422613466,36,88
15875,7.4772727272727275,6.6734065648440755,329,7.471698113207547,2.420499520244595,42,98
14363,9.13888888888889,8.046837099232672,329,7.761437908496732,2.312889731320272,51,122
5255,7.311111111111111,7.763030752524846,329,7.35480093676815,2.027216722284065,42,96
28312,10.580645161290322,9.935707300936983,328,7.45721271393643,2.2137611186454134,59,138
22019,6.9787234042553195,8.429991391253862,328,7.946875,2.1754764016957058,47,102
6946,7.604651162790698,6.0597797181546245,327,8.010498687664041,2.145961939409226,39,100
3945,6.54,4.878984504578628,327,7.322077922077922,2.3071798812249136,33,81
40053,6.653061224489796,5.242260248881851,326,7.573170731707317,2.1292610826447467,33,84
25186,10.516129032258064,6.254976513368832,326,8.333333333333334,1.7320508075688772,42,130
12520,7.558139534883721,9.35109447523809,325,7.8882352941176475,2.029104559455951,50,110
15290,9.558823529411764,6.111048992284079,325,7.189814814814815,2.0564335718214646,42,111
15355,7.2,9.328840910170607,324,7.938337801608579,2.2140689986413293,51,108
44717,7.363636363636363,7.37718326876678,324,7.4164305949008495,2.0647564055658076,42,96
17756,9.0,7.123402076455964,324,7.869047619047619,2.0556777572246325,45,116
15916,8.972222222222221,7.9047403901026785,323,7.434959349593496,2.0147004128263934,46,113
6984,8.075,10.540246433162503,323,7.2176470588235295,2.0436924458240204,54,112
23516,9.228571428571428,6.278280554633495,323,7.420382165605096,2.2328577042893367,44,113
44072,5.962962962962963,5.572719816171074,322,7.826415094339622,2.2390376463168904,34,81
38681,8.473684210526315,7.314320799804085,322,6.903225806451613,2.16933302416552,44,102
41033,7.318181818181818,6.822577864001217,322,7.170081967213115,2.28056839195689,41,93
16877,8.675675675675675,7.280316133452105,321,7.306569343065694,2.094925496535251,44,108
41970,7.829268292682927,7.105991975172748,321,7.881188118811881,2.282475433326442,44,106
7992,7.295454545454546,10.806069667045863,321,8.425531914893616,1.9613128094978196,57,118
1064,7.2727272727272725,7.883936085671918,320,7.9411764705882355,2.1284756925271573,45,102
41537,8.421052631578947,8.27118599603097,320,8.14396887159533,2.1683745638213057,49,118
7423,6.4,6.256425268702339,320,7.812760055478502,2.0715408273290468,36,86
2598,6.808510638297872,6.539639326154671,320,7.660777385159011,1.9727169486489329,37,89
4626,7.804878048780488,12.04205030755793,320,7.646362098138748,2.0390632937994666,61,121
40054,6.645833333333333,6.695471900593057,319,7.55794701986755,2.1077806796581164,38,88
2212,5.5,5.449126760880165,319,7.5481758652946676,2.253330648227406,32,74
2290,7.2272727272727275,6.7198547754367315,318,8.069868995633188,2.4087578658816646,43,101
3863,6.0,4.536179347967085,318,7.595291479820628,2.368162429642626,31,77
5339,6.625,6.972972137154423,318,8.372222222222222,2.1008924827521325,40,96
4522,6.891304347826087,6.06347264223166,317,7.832826747720365,2.0893206031380185,37,91
1237,6.74468085106383,7.9658730930802655,317,7.513888888888889,2.229162599029602,44,94
8725,6.215686274509804,6.1198487742433505,317,7.6400778210116735,2.2479856249874937,36,84
2658,6.74468085106383,5.63941133647978,317,7.3760683760683765,2.119707226226863,35,84
39654,7.044444444444444,6.11241492060349,317,7.143459915611814,2.284354695700359,38,88
7224,6.096153846153846,6.892051731807191,317,8.361344537815127,2.3169643071542323,40,91
22509,8.342105263157896,11.78931333715383,317,7.333333333333333,1.7320508075688774,58,119
44362,8.102564102564102,7.943202561723589,316,8.164429530201343,2.01086522830292,46,112
15251,10.193548387096774,8.05985671848952,316,7.407407407407407,2.0671427258896404,50,126
1358,6.583333333333333,5.701188130494447,316,7.533969010727056,2.382509327565351,37,86
43092,9.875,9.56724924231182,316,8.245125348189415,2.0294128890366476,56,138
19947,7.523809523809524,6.443897075823723,316,7.723076923076923,2.211266028563837,40,98
8467,12.6,34.78864757359791,315,7.090909090909091,0.9438798074485388,154,243
44340,10.5,6.431334928731144,315,7.601769911504425,2.1910517941394656,48,128
12772,8.513513513513514,8.84314430512141,315,7.098802395209581,2.243267887187783,50,110
20255,7.682926829268292,6.604691606692336,315,8.302752293577981,1.8282990838277104,39,103
44337,9.84375,7.800369614898531,315,7.321428571428571,2.09887444539496,49,121
4897,6.702127659574468,6.483808910150633,315,8.303370786516854,2.2074486217742955,39,95
24788,12.076923076923077,15.689290811054722,314,7.909090909090909,2.092606336703043,84,179
1727,6.680851063829787,5.279601364146002,314,8.21938775510204,2.2200738755600717,35,90
1725,6.1568627450980395,5.434602281748344,314,8.337423312883436,2.1753674804380063,34,85
1258,6.541666666666667,7.391652374313543,314,7.792332268370607,2.4881137932615216,43,94
19175,8.694444444444445,7.062251540790431,313,7.465346534653466,2.394010678487645,47,112
7728,8.694444444444445,10.161044503240078,313,8.427762039660056,1.9615682009174114,56,129
35130,8.432432432432432,9.154660441972046,312,7.702702702702703,2.3528990543682498,53,118
12944,6.638297872340425,4.940628070947068,312,8.442396313364055,2.0966573417884082,33,89
25994,8.210526315789474,8.380020946683626,312,7.861486486486487,2.2813324577684004,50,114
2183,7.404761904761905,5.4774906298837776,311,7.548895899053628,2.3723700385665367,38,94
44234,8.885714285714286,7.638029575637902,311,7.213709677419355,2.1779846077988707,47,111
1382,6.326530612244898,5.910399574415565,310,7.6685236768802225,2.422324297061806,37,86
29407,8.378378378378379,8.769743919203595,310,7.838323353293413,2.083548193715634,50,115
36473,7.948717948717949,6.704078562018944,310,7.9753086419753085,2.1873526886425476,42,106
3699,6.458333333333333,6.33785765983365,310,7.63941605839416,2.274295651656849,38,87
8143,7.357142857142857,18.771828176846423,309,7.680851063829787,2.314140998961281,90,147
45535,6.0588235294117645,4.764081295300835,309,7.561111111111111,2.265733828928231,31,77
3437,6.3061224489795915,5.192960305518796,309,7.881136950904393,2.201349268145979,33,83
8050,6.416666666666667,6.286877022420231,308,7.510028653295129,2.135640970645222,36,85
6572,7.512195121951219,7.848955189130308,308,7.654228855721393,2.3512811867819834,46,104
2136,7.0,11.808550311749377,308,7.471337579617835,2.2168697084416715,59,111
2026,5.923076923076923,5.625035612422881,308,7.778501628664495,2.1835227509131916,34,80
2085,6.14,5.126999361125334,307,7.69964664310954,2.2069120661240533,32,80
3234,6.673913043478261,6.17541486802875,307,7.847082494969819,2.178988867948137,37,90
8097,6.531914893617022,5.919206262262546,307,8.40521327014218,1.9383052878963993,35,90
17967,8.297297297297296,7.6661770309764075,307,7.311046511627907,2.030179029041192,44,105
41751,7.487804878048781,7.629292074693143,307,7.912825651302605,2.0533056332982995,44,103
6206,6.244897959183674,6.189812235456265,306,8.20949263502455,1.95657150067171,36,87
4282,5.773584905660377,6.479676836178347,306,7.710213776722091,2.182531339850312,36,81
8660,6.48936170212766,5.2123279470114925,305,7.928571428571429,2.1514731419566497,33,85
23259,7.82051282051282,8.659864454001196,305,8.5,3.872983346207417,65,132
6438,8.216216216216216,9.153430246923024,304,7.332236842105263,2.221589297423572,51,111
4249,5.62962962962963,5.331629706940994,304,7.533464566929134,2.115235939932532,31,74
21813,19.0,18.19890106572372,304,7.637362637362638,2.128556087336874,106,252
5810,6.468085106382978,5.87126778335853,304,7.1479958890030835,2.1034677893240525,34,81
6932,6.7555555555555555,6.201742993837795,304,7.658536585365853,2.242741626844787,38,90
9129,6.446808510638298,5.922721578574945,303,7.517006802721088,2.0046149536959845,34,83
32652,7.214285714285714,7.266816373698955,303,7.7639344262295085,2.2412133100062333,43,99
3593,5.826923076923077,4.341867104685624,303,7.463375796178344,2.241467124388906,29,73
31497,7.046511627906977,5.232469545207907,303,7.556851311953353,2.3339083472750226,36,89
2517,7.390243902439025,7.0458429189859455,303,8.059681697612731,2.1112216221558695,42,101
8476,5.826923076923077,6.626509902215712,303,7.231927710843373,2.0894943419474457,36,78
5286,6.711111111111111,6.081350860033344,302,7.359872611464968,2.293437223213087,37,87
41143,5.490909090909091,4.682009410628317,302,7.635883905013193,2.0143348573916966,28,70
5187,7.023255813953488,6.3113215433439365,302,7.579268292682927,2.178529527060851,38,91
25883,9.151515151515152,12.45773156548076,302,7.6647058823529415,2.3980863121080986,67,138
5146,6.543478260869565,5.07589738859218,301,7.333333333333333,2.347127821191041,34,82
28736,6.543478260869565,7.932231076757186,301,7.591304347826087,2.1972418286781283,43,93
3320,6.688888888888889,8.1681816776558,301,7.08,2.284028396120704,44,91
24453,10.379310344827585,8.829390017369136,301,7.776744186046511,2.1039390303901913,54,135
5215,8.108108108108109,6.769144799848893,300,7.33943661971831,2.2005242914979024,42,102
3883,6.25,6.278975387345742,300,7.658461538461538,2.265610613717957,37,85
7340,5.882352941176471,6.638213792349656,300,7.767543859649122,2.362220847607103,38,84
8085,5.98,4.722892576135338,299,7.4005641748942175,2.168808081600686,30,74
7969,6.229166666666667,4.799111546026585,299,7.589333333333333,2.223331155276909,32,79
16394,7.666666666666667,7.230539520283806,299,8.054794520547945,2.482362061130214,46,108
28682,6.229166666666667,8.069484371022996,299,7.728395061728395,2.156112343455071,43,91
41786,14.238095238095237,13.220834927888486,299,7.54066985645933,2.32451846359555,81,188
29431,8.08108108108108,7.46613978192501,299,7.819004524886878,2.100606169002691,44,108
12945,6.5,5.8147322475855345,299,8.403508771929825,2.0738680750157807,36,90
37601,9.030303030303031,5.282547021116143,298,7.732456140350878,2.167724628302025,40,110
8021,6.208333333333333,5.546547069769004,298,7.901515151515151,2.359879225304606,35,84
4197,5.518518518518518,7.3040199341023015,298,7.787096774193548,2.136103874830817,39,82
3784,8.054054054054054,7.011680516371497,298,7.647382920110193,2.1739702037723028,43,105
15428,6.456521739130435,7.609077975211597,297,7.477715877437326,2.14116310303679,41,89
24771,7.0476190476190474,5.963107640264801,296,6.979020979020979,2.5604481657350404,40,89
43798,8.705882352941176,5.807672103215454,296,7.503787878787879,2.026437631842158,39,105
2062,5.6923076923076925,4.582740260545641,296,7.474278544542033,2.1896069955431985,29,72
5027,6.040816326530612,5.46183418395883,296,7.26158940397351,2.1038916930536073,32,76
3999,7.023809523809524,5.082193185288219,295,7.3689839572192515,2.333507074160585,35,87
18568,8.676470588235293,6.128525395999577,295,7.2796934865900385,2.1488658685624835,41,104
8189,6.555555555555555,6.081101707733393,295,7.822761194029851,2.3466668799957207,38,89
4140,6.8604651162790695,8.897783018014033,295,7.752380952380952,2.0555081463626994,47,100
6535,6.681818181818182,6.064662138148694,294,7.724852071005917,2.160758221275977,37,88
34647,5.653846153846154,5.840643986064011,294,6.993103448275862,2.18738984396973,33,72
17754,6.837209302325581,8.793748408625136,294,7.169675090252707,2.1577508341249954,46,95
4232,9.766666666666667,13.67777793339994,293,7.7272727272727275,2.194680700380667,72,147
6552,6.659090909090909,4.931829142338343,293,7.577712609970675,2.4633529051871976,35,86
43450,6.104166666666667,4.5440612790543895,293,7.469594594594595,2.259685168794029,31,76
1468,6.659090909090909,19.885653566302146,293,7.530952380952381,2.4380621530564297,94,144
23257,7.146341463414634,6.068611767157939,293,8.75,1.5,34,97
3662,6.488888888888889,5.971988484972695,292,7.453608247422681,2.1214215878190275,35,84
38542,7.891891891891892,12.560484296625098,292,7.72189349112426,1.9789502298940866,63,124
18856,6.928571428571429,7.661728955812421,291,7.7405063291139244,2.3749496362161007,44,98
6278,6.767441860465116,9.104779512254945,291,8.030581039755353,1.9905406590534462,48,102
3498,7.097560975609756,7.889248627241951,291,7.555555555555555,2.1229565338094987,44,97
6670,5.596153846153846,4.912008556008291,291,7.6841121495327105,2.379537830551217,31,74
3517,6.0625,5.92652260712519,291,8.266666666666667,2.0998084203800245,35,85
32479,6.767441860465116,6.30131206783962,291,8.26036866359447,2.0443005551648152,38,94
15292,6.0625,6.560378329775444,291,7.476394849785407,2.1537058796027444,37,82
18951,8.314285714285715,7.498123014428064,291,7.675324675324675,2.180407626723162,45,109
31160,7.25,5.956035508151288,290,7.883161512027492,2.017191194508648,37,94
13723,6.041666666666667,4.850787754991103,290,7.5997150997151,2.2876334235372884,32,78
5125,6.304347826086956,5.553255562550239,290,7.403743315508021,2.4527900398348086,36,82
39523,7.631578947368421,8.461106734303412,290,7.3315649867374,2.110985940277056,46,102
2944,6.744186046511628,6.164773286897765,290,7.674897119341564,2.1754802570641645,37,89
24928,9.0625,8.893410028525834,290,7.836477987421383,2.272215819878762,53,124
13968,6.880952380952381,8.106613924120865,289,8.25077399380805,2.1902432623207533,46,103
18641,6.568181818181818,9.010066017549038,289,7.754295532646048,2.178557373357056,48,99
14895,5.254545454545455,3.8692433072945627,289,7.4419595314164,2.2091076246517387,26,65
19191,9.03125,7.1684090780086915,289,7.680722891566265,2.0568854260942344,45,114
58,6.0,4.366214583278523,288,7.758389261744966,2.0666247616254596,29,75
6329,7.783783783783784,5.921407186054939,288,7.69959266802444,2.089822880249102,38,98
46582,9.89655172413793,20.678395951168472,287,7.491379310344827,2.228259955387972,100,174
4414,5.857142857142857,5.168010577904551,287,7.316561844863732,2.325054965206243,32,75
43365,5.958333333333333,5.0611508796863935,286,7.518556701030928,2.317022300709018,32,77
14991,7.944444444444445,8.109762879903084,286,7.8062015503875966,1.8031115440565726,44,106
756,5.836734693877551,5.724024439353219,286,7.5,2.2649602299045632,34,78
16758,6.355555555555555,4.666883111863631,286,7.68503937007874,2.249096148520116,32,81
21254,6.355555555555555,6.164987486367731,286,8.05,2.438567237024956,39,90
3969,6.4772727272727275,5.258387038766875,285,7.43236074270557,2.1366390881294985,33,81
16441,5.377358490566038,4.5582824662464665,285,7.8293601003764115,2.1738019475755723,29,71
22584,7.675675675675675,6.429334050765783,284,7.700934579439252,1.9655003461519742,39,98
3515,5.461538461538462,4.016932487151712,284,7.597333333333333,2.0940486165241503,26,68
17163,7.675675675675675,6.595680632277689,284,7.2006578947368425,2.301355511325538,41,97
25039,7.888888888888889,6.0227083503201335,284,7.180094786729858,2.395587608703279,41,98
18368,6.926829268292683,6.149757084236902,284,7.6279863481228665,2.034337521282522,36,89
10609,6.431818181818182,6.101458945899656,283,7.851620947630923,2.1391490522227694,36,87
11440,5.4423076923076925,4.207432552968949,283,7.809815950920245,2.2790545919373844,28,71
23230,6.288888888888889,11.875532949231491,283,7.4,0.5477225575051661,54,100
5160,6.0212765957446805,5.334422105949277,283,7.192419825072887,2.1502755783846936,32,75
2951,6.558139534883721,4.968003937490749,282,7.47808764940239,2.250419771950753,33,82
2531,5.875,10.405859642221639,282,7.355769230769231,2.3240315663108855,52,95
24666,10.071428571428571,10.088235067269537,282,9.05,0.22360679774997888,50,141
4044,5.73469387755102,5.231218429630271,281,7.637254901960785,2.311354734059422,32,76
26787,6.2444444444444445,6.407224457791787,281,7.258215962441315,2.264156848842212,37,82
599,5.714285714285714,4.873397172404482,280,7.67003367003367,2.033223458943368,29,73
2494,6.086956521739131,5.4521192085953425,280,7.546325878594249,2.1313494502857173,33,79
1005,6.086956521739131,7.896063961680941,280,7.709677419354839,2.795157102169117,46,93
12901,7.153846153846154,5.132653266552872,279,7.590286425902864,2.1956100596002934,35,89
4270,5.673469387755102,5.956046490409419,278,7.493472584856397,2.1389761713070143,34,76
5358,5.791666666666667,4.6583639413348825,278,7.220913107511046,1.9884856728675768,28,70
757,5.914893617021277,4.999259889719515,278,7.51984126984127,2.4224224759515405,33,77
2514,6.155555555555556,5.604201165828248,277,7.8,2.309804782919573,35,83
21859,7.2894736842105265,7.11263776187999,277,7.275,2.309265271290842,42,95
854,6.133333333333334,6.051295879246181,276,7.4147727272727275,2.2887571061405994,36,81
6266,5.872340425531915,5.387655056889399,276,7.6971544715447155,2.330125044178415,33,79
5566,6.2727272727272725,4.304479204992824,276,7.457399103139013,2.19473704172995,30,77
1961,5.729166666666667,5.445042966570736,275,7.609326424870466,2.2572419328322493,33,76
5148,5.288461538461538,4.991508626762126,275,7.654808959156785,2.178559455811427,30,70
8929,7.051282051282051,6.265816693728457,275,7.986486486486487,1.9920196661919005,37,94
23778,7.4324324324324325,6.478771062051389,275,7.521551724137931,2.2194459756595726,40,96
23357,7.051282051282051,9.662593958006356,275,9.0,1.5374122295716148,51,115
5815,6.395348837209302,5.345846339888661,275,7.557195571955719,2.160986973271007,33,82
8173,5.978260869565218,5.658775409082321,275,8.302272727272728,2.029844371242306,34,83
13963,6.372093023255814,6.117979964684709,274,7.838650865998177,2.1757709438437027,36,86
39923,5.708333333333333,4.911810921118879,274,7.040462427745664,1.9510235283494508,28,68
4062,6.372093023255814,5.826962190721082,274,7.30728051391863,2.2839226735326874,35,82
19190,8.303030303030303,7.418241235650336,274,7.645833333333333,2.143926850097488,45,108
6896,6.85,10.577067598080244,274,7.157894736842105,2.2025878390780442,53,102
2246,5.372549019607843,3.768080595283097,274,7.634020618556701,2.1349987006483535,26,67
8144,6.5,5.333968458117756,273,8.197226502311247,1.9636963632269788,33,86
23895,6.066666666666666,5.197901674539621,273,8.210884353741497,2.315023277249189,34,84
39412,8.029411764705882,6.4830094681949895,273,7.397540983606557,2.268443860833625,42,101
46734,6.066666666666666,7.753005282410872,273,7.931034482758621,2.143750323664643,42,90
15827,6.9743589743589745,6.666835355490638,272,7.533950617283951,2.2454815608858283,40,92
7725,7.555555555555555,10.960824902336618,272,8.528301886792454,1.991500300780557,58,123
33032,8.774193548387096,8.868331964239779,272,7.813186813186813,2.2195121056230955,52,121
24846,8.0,6.405490069487503,272,7.8765432098765435,2.0931769285268094,41,104
5706,5.333333333333333,5.4393627077688675,272,7.665048543689321,2.295157521045669,32,73
24648,9.033333333333333,7.51313026885476,271,7.716981132075472,2.2550825879145315,48,118
8218,5.313725490196078,6.3670721562691,271,7.653932584269663,2.3214169416687085,35,76
21277,7.131578947368421,9.62589708738059,271,8.620689655172415,2.320926432998073,54,116
15911,7.324324324324325,7.1182631076456895,271,7.731343283582089,2.0802554378169913,41,98
4204,6.3023255813953485,6.37156960448571,271,7.565573770491803,2.2918038228683284,37,85
12368,7.9411764705882355,6.799916115661695,270,8.59656652360515,1.9849403417801317,42,110
33278,6.428571428571429,7.902277711606881,270,8.147540983606557,2.122964289464032,43,96
3347,6.585365853658536,5.9328560144170766,270,7.917948717948718,2.173108112292937,36,88
31200,7.105263157894737,6.817265337775331,270,7.586538461538462,2.0925936887842447,40,93
42212,7.472222222222222,5.090529644692394,269,7.511278195488722,1.9833264884783215,34,90
21129,6.560975609756097,4.722545820253123,269,7.873362445414847,2.1918184300570736,32,84
6681,7.472222222222222,5.964112249164574,269,7.554285714285714,2.3162986551135236,39,96
16669,5.723404255319149,5.3230512974828335,269,7.8229571984435795,2.2052962587388856,32,77
45333,6.897435897435898,6.451417109910494,269,7.2176470588235295,2.472268750379643,40,90
36161,5.254901960784314,5.3473101172641995,268,7.594080338266385,2.2332537944625193,31,71
8359,6.871794871794871,7.3383616670763185,268,7.735849056603773,1.9978801379762854,41,94
39775,5.36,4.801190328598582,268,7.693581780538302,2.1014962578660574,29,70
16428,6.871794871794871,11.012384146423248,268,8.185185185185185,2.2471088305258085,58,114
19260,5.955555555555556,4.6998817952038845,268,7.675810473815462,2.2626617962015505,31,77
26755,4.944444444444445,4.461223567954249,267,7.6156941649899395,2.175559617250663,27,65
20864,6.846153846153846,6.838507306878805,267,7.6434108527131785,2.336642473388274,41,93
3172,5.134615384615385,4.481022494282803,267,7.400447427293065,2.0505494782103306,27,65
2696,5.34,4.264758289200706,267,7.431932773109244,2.4169690780174378,29,68
8808,5.448979591836735,3.8136882000335097,267,7.47112462006079,2.4319868445083164,28,69
2145,6.487804878048781,4.388177020241504,266,7.345744680851064,2.130158533610539,30,78
5606,19.0,13.8619567938241,266,6.795238095238095,2.14341680243774,90,219
3731,5.520833333333333,3.7415981528738027,265,7.7272727272727275,2.144492772665325,26,69
34137,6.309523809523809,4.539732963233417,265,7.316017316017316,2.1324926585639834,30,76
28070,5.3,4.953868824114201,265,7.007125890736342,2.42652927838831,30,67
42765,5.739130434782608,4.697208545076749,264,7.566037735849057,2.2806364170243674,30,74
4211,5.617021276595745,5.75043738030029,264,7.36060606060606,2.345588810004143,34,75
20557,6.285714285714286,5.06198512243872,264,7.637254901960785,2.3248039937985654,33,81
8267,6.285714285714286,6.447861109855427,264,7.912650602409639,2.397422374279196,39,89
168,5.076923076923077,4.427393133069519,264,7.279620853080568,2.086809332185481,26,63
34431,8.0,7.0133800695527695,264,7.2946058091286305,2.22680917790444,43,101
1398,5.739130434782608,6.526645497441648,264,7.27810650887574,2.000882701577328,35,76
35375,7.333333333333333,6.594369893000717,264,7.964,2.1922426213454047,41,99
20419,6.921052631578948,5.488964747304818,263,7.320987654320987,2.2940764146209096,36,87
22583,8.766666666666667,10.314647547201432,263,8.2,2.0139861843809137,57,129
38635,9.068965517241379,10.481040823733512,263,8.464285714285714,2.2890331971434543,61,138
38348,6.894736842105263,6.00355513451826,262,7.571428571428571,2.1962246533370267,37,89
22387,6.717948717948718,7.115397381175404,262,7.538461538461538,2.057049830688288,39,90
44734,5.22,4.929254611034833,261,7.047058823529412,2.224979247994571,29,66
7990,5.4375,3.319229915815196,261,7.827464788732394,2.1054747537515417,24,67
5090,5.117647058823529,3.983200014177192,261,7.381333333333333,2.206255892318157,26,64
40621,5.909090909090909,5.084487039678597,260,7.697270471464019,2.18945175758739,32,77
26236,7.222222222222222,5.116422361159972,260,7.4972972972972975,2.3353634010358686,36,90
21596,7.222222222222222,9.341493031817349,260,8.476190476190476,1.8901296282568556,50,111
1424,4.980769230769231,3.8475374585208346,259,7.679352997145576,2.0731714743216507,24,63
31456,5.18,4.089259201411244,259,7.893305439330544,2.0769063518997544,26,67
15444,8.35483870967742,7.552255235344269,259,7.923766816143497,2.128426263649923,46,112
8696,5.886363636363637,5.678256811983143,259,7.847222222222222,2.0863566912510785,33,79
16314,7.166666666666667,6.087457832062811,258,7.207692307692308,2.01038290920895,36,88
17432,7.371428571428571,5.698739356392854,258,7.788844621513944,2.1723800449647284,37,95
6183,6.615384615384615,8.656045604435834,258,7.898412698412699,2.180816205154665,47,99
12111,5.48936170212766,5.199800750469998,258,7.7973856209150325,2.137439795717567,31,74
17168,6.2926829268292686,5.2356656808806274,258,7.3232323232323235,2.0712781247191074,32,78
3039,6.425,5.443827367786051,257,8.021604938271604,1.980437426610236,33,85
3707,7.5588235294117645,16.30800356855973,257,8.428571428571429,1.9023794624226837,82,145
1748,4.672727272727273,3.2492423359262945,257,7.815699658703072,2.228433768405765,23,59
8700,6.425,10.04576068261173,257,7.475138121546961,2.1612786324604194,51,99
6296,5.711111111111111,4.855279330145421,257,7.773242630385488,2.0972515905771814,30,74
41405,5.354166666666667,4.48396473183187,257,7.989010989010989,2.107573847992153,28,71
16918,5.953488372093023,5.336101164405181,256,7.726775956284153,2.1691376696162914,32,78
2692,5.425531914893617,4.857735565014987,255,7.486156351791531,2.063136426316617,29,69
4412,5.543478260869565,4.430733682606479,255,7.8,2.0515351072541477,28,71
44041,7.083333333333333,6.1985021232091695,255,7.447761194029851,2.2015480542147,38,91
3617,5.521739130434782,5.256695753184304,254,7.551282051282051,2.1574874507510446,31,73
16393,5.906976744186046,6.159831295959686,254,7.461883408071749,2.2435352662371044,35,79
34870,5.291666666666667,4.227359385702441,254,6.980769230769231,2.290050395448751,27,64
46380,6.195121951219512,7.416938425641412,254,7.742990654205608,2.421407348879577,42,90
1239,5.644444444444445,5.498576491633398,254,7.642737896494157,2.3856966161333975,34,77
19671,5.7727272727272725,5.308455897614044,254,7.481792717086835,2.3362865790362735,33,76
3626,4.618181818181818,3.396571850660653,254,7.508823529411765,2.4197890699000117,24,59
25802,6.837837837837838,6.668805963062126,253,7.445086705202312,2.0975183616174182,38,89
2830,5.382978723404255,4.618268033578415,253,7.698245614035088,1.9929886988003302,28,69
37792,5.883720930232558,6.669794393652557,253,8.129390018484289,2.104203332444502,37,85
46428,6.837837837837838,6.517129197198178,253,7.914027149321267,2.2354240149314597,39,94
6593,4.96078431372549,5.18829754086531,253,7.43265306122449,2.364473025119389,30,67
2499,4.773584905660377,4.62285921112915,253,7.575520833333333,2.2586126982538777,28,64
46060,6.487179487179487,5.310722990089286,253,7.463815789473684,2.2246755788880828,34,82
653,6.023809523809524,4.045401455782068,253,7.458937198067633,2.2987383982238856,29,74
3139,7.0,11.055703117783663,252,7.662790697674419,2.340360468675126,57,111
13498,6.146341463414634,5.663748650892604,252,7.631868131868132,2.2986125587453636,35,82
11238,7.2,8.302373863221643,252,7.580110497237569,2.2361777878410383,46,101
32796,5.122448979591836,4.313895441193611,251,7.572340425531915,2.240849873772108,27,66
2721,6.972222222222222,12.39236195890981,251,7.679425837320574,2.0503512375016624,61,115
43124,6.972222222222222,8.033807533919612,251,7.785087719298246,2.2958200844388568,45,100
1760,6.275,3.9352939485556173,251,7.904458598726115,2.16092013348071,29,78
18642,6.097560975609756,7.161720736138697,250,7.6079664570230605,2.08411255366267,39,85
9037,5.319148936170213,4.433598906074443,250,7.008064516129032,2.059282807780955,26,64
39599,5.9523809523809526,5.240333172020143,250,7.773381294964029,2.063603968555226,31,78
17910,6.073170731707317,6.302341802466918,249,7.841176470588235,2.18211092183297,36,84
8727,5.413043478260869,4.740258253426574,249,8.036809815950921,2.1910012035748236,30,73
37926,7.323529411764706,6.158121458127319,249,7.174603174603175,1.9314109991091797,36,88
33037,4.788461538461538,5.788211611988487,249,7.046153846153846,2.1675351532730427,31,64
37312,4.788461538461538,3.560879702179458,249,7.1440677966101696,2.1088483243131857,23,57
16655,5.636363636363637,4.9560435696928105,248,6.867647058823529,2.12501441748281,29,68
6566,6.2,6.005126015458665,248,8.065217391304348,2.1142772288825444,35,85
37310,6.526315789473684,6.99318912713306,248,7.149659863945578,2.3389312086043796,40,86
4313,4.75,4.981829729224031,247,7.3196902654867255,2.3864256004500124,29,64
13268,6.861111111111111,5.060506907290034,247,7.494318181818182,2.209064854744544,34,85
4787,5.880952380952381,4.306559834419257,247,7.32725321888412,2.0844644953240983,28,71
11152,6.675675675675675,5.8644600682323595,247,8.009803921568627,1.9851423397698984,35,89
10238,5.613636363636363,5.815840074457875,247,7.430939226519337,2.173561772671621,33,75
5128,5.369565217391305,4.668374428723909,247,7.4941176470588236,2.1534501136053508,28,69
3510,5.590909090909091,6.089709894255596,246,8.073170731707316,2.412366513430733,36,81
26557,7.0285714285714285,6.951452299745014,246,7.508064516129032,2.302949939744808,41,94
42172,7.424242424242424,8.481709376027569,245,7.782312925170068,2.3886633128080397,49,107
33334,7.0,5.67243074776901,245,7.4245416078984485,2.3653611948184095,37,89
3757,7.903225806451613,19.511287055974684,245,9.294117647058824,2.443478715948661,103,177
17011,5.833333333333333,4.953031427843281,245,7.103139013452915,2.228630050953194,31,72
10298,5.568181818181818,4.627509889792441,245,7.736462093862816,2.288726097202206,30,73
23373,14.411764705882353,12.44517388151634,245,7.598684210526316,2.2793628377189545,78,188
3218,5.191489361702128,4.941564168280343,244,7.316596931659693,2.3780691713987303,30,68
46310,6.256410256410256,4.5056569631259915,244,7.458762886597938,2.17161397810725,30,77
859,5.282608695652174,3.7633498285924945,243,7.6891891891891895,2.147552603627119,25,66
8744,6.075,5.254485263526331,243,7.329166666666667,2.192604375395022,32,77
16656,7.147058823529412,7.679695199685421,243,6.982142857142857,2.4125313459508435,44,94
22963,6.05,5.476991500580945,242,7.334600760456274,2.0495346083908386,32,76
419,5.148936170212766,4.572976974453366,242,7.686792452830189,2.201070481283865,28,68
43308,6.05,7.4212100748030965,242,7.602564102564102,2.0687521162394003,40,86
13932,22.0,18.846750383023593,242,7.601449275362318,2.2589315188595873,119,286
34429,6.722222222222222,6.385748020222672,242,8.0,2.3872420763682087,40,94
8520,6.05,3.9739536600604306,242,7.63972286374134,2.2287041403559877,29,75
14624,6.513513513513513,6.517589967079778,241,7.387878787878788,2.344136116261063,39,87
21032,5.239130434782608,3.61592024622407,241,7.5583941605839415,2.188519573742583,25,65
43920,6.342105263157895,7.939896914673844,241,7.884816753926701,2.114444021220644,43,93
2912,5.5813953488372094,4.578586588621172,240,7.578231292517007,2.1996747201913363,29,71
33683,5.558139534883721,5.513197696184067,239,7.339534883720931,2.10915857623667,31,72
35393,5.558139534883721,4.505564419911362,239,7.81941309255079,2.0322919363341545,28,71
6398,5.431818181818182,5.226932611418755,239,7.609065155807365,2.1781788365600545,31,72
5202,4.979166666666667,4.412215072270574,239,7.70464135021097,2.1680703895504934,27,65
18860,5.829268292682927,6.659213313238999,239,7.836956521739131,2.2511920425961494,38,83
29477,6.2894736842105265,5.234541693647306,239,8.127659574468085,2.1581039536905022,33,84
16826,6.2631578947368425,4.6189048106744,238,7.443661971830986,2.122238373678559,30,77
269,5.666666666666667,6.993609161634003,238,7.347517730496454,2.3603444530795468,38,80
20731,5.288888888888889,5.852824579257058,238,7.285,2.0987584347462547,32,70
3868,7.4375,10.373469572314846,238,7.960629921259843,2.102159036781711,55,114
2926,5.534883720930233,4.452654837869749,238,7.497584541062802,2.375978241018706,30,71
1023,6.405405405405405,11.243416492081685,237,8.25,1.7669445444766552,56,109
33348,6.970588235294118,6.24007232921196,237,7.275956284153006,2.2410420859413605,38,89
2366,5.1521739130434785,4.921460448572141,237,8.377358490566039,1.9620830631897161,29,72
7818,6.771428571428571,7.058935573340461,237,7.5,2.288143809781377,41,92
43808,5.619047619047619,6.917465985186605,236,7.748344370860927,2.0596375614017575,37,81
46311,7.151515151515151,4.899752622079584,236,7.63125,2.188080560875331,34,89
4345,5.363636363636363,5.225567329123708,236,7.590909090909091,2.3594576210795566,32,72
3695,5.363636363636363,4.319188710916368,236,7.405994550408719,2.2400397708151543,28,67
28258,6.742857142857143,5.152628439149555,236,7.674955595026643,2.134080712472828,33,85
33212,9.833333333333334,9.314162506012325,236,6.991071428571429,2.322487867221312,55,124
18877,5.363636363636363,4.046766777696182,236,7.490787269681742,2.25445097781728,27,67
25846,5.222222222222222,4.3998392991773985,235,7.822714681440443,2.1269786471869936,27,68
4283,5.340909090909091,5.025253351559232,235,8.417910447761194,1.9925553495506942,30,75
10895,6.714285714285714,6.492400211339538,235,7.790816326530612,2.0030966683744866,37,90
17457,6.184210526315789,5.627419662917358,235,7.389908256880734,2.27980292438467,34,80
11089,7.121212121212121,5.3371198679483,235,7.868852459016393,2.5057984432560367,38,94
2965,5.7073170731707314,6.950697455791845,234,7.417307692307692,2.108083456341387,37,79
36579,6.324324324324325,6.320399310759364,234,7.572815533980583,2.425884567851077,38,86
46985,7.3125,5.687776934058939,234,7.494949494949495,2.243428021304983,37,92
8496,7.090909090909091,6.658470340305442,234,7.669201520912548,2.140325769168239,39,94
37311,7.090909090909091,5.198338895524923,234,7.28,2.2859893102192723,35,87
31787,6.685714285714286,4.831096749012518,234,7.763948497854077,2.391499841740688,34,86
23383,7.516129032258065,4.863955644959053,233,11.333333333333334,1.0327955589886442,30,115
1862,5.825,4.82454993250998,233,7.39261744966443,2.289680964050573,31,74
38898,5.4186046511627906,5.1280394385023005,233,7.563706563706564,2.350737012664047,31,72
8408,5.4186046511627906,5.737232442727295,233,7.466666666666667,2.2163262194063456,33,73
18449,7.03030303030303,6.602484610379871,232,8.058510638297872,2.045415354676955,39,96
15748,6.628571428571429,5.765443273023661,232,8.080645161290322,2.390544125568001,38,91
11915,7.733333333333333,7.588254687041171,232,7.340314136125654,2.1991380861264154,44,101
8671,5.948717948717949,6.992284160900115,232,7.6728110599078345,2.0066666496556103,38,83
16829,5.948717948717949,6.0172940147926,232,7.687134502923977,2.184672943581936,35,81
31203,5.775,4.938013199554489,231,7.4940711462450595,2.206808644115643,31,74
12069,5.133333333333334,4.087675489699605,231,7.584487534626039,2.141957263160331,26,65
25419,5.775,6.124718727188987,231,7.708502024291498,2.142307229897782,35,79
38322,6.243243243243243,4.542425963473002,231,7.4630872483221475,2.0746979263448306,30,76
43131,5.609756097560975,3.872196074454958,230,8.285714285714286,2.0917408872060923,27,73
8262,4.2592592592592595,4.243464165065573,230,8.574193548387097,1.950735008792136,25,61
13489,6.735294117647059,5.4289282581450236,229,7.470370370370371,2.206637787765175,35,85
12663,8.178571428571429,9.321633823684406,229,8.666666666666666,2.0688237773667257,53,124
3476,4.978260869565218,4.348635190415916,229,7.981851179673321,2.2626687829747874,28,67
3690,5.088888888888889,4.127635368752155,229,7.660759493670886,2.214707284431845,26,65
23795,8.142857142857142,7.914891196062183,228,7.655172413793103,2.3796137452020822,48,111
19453,5.846153846153846,7.19114390116673,228,7.371052631578947,2.201391727548668,39,82
6975,5.066666666666666,5.029006769821361,228,7.592592592592593,2.215844226415483,29,68
27303,5.846153846153846,5.58917403529011,228,7.147435897435898,2.5011081084307216,34,76
31452,5.536585365853658,4.365189348559864,227,7.706666666666667,2.2797254111162433,29,72
2640,6.135135135135135,4.308661574615087,227,7.5978021978021975,2.2748373627289062,30,77
3425,4.450980392156863,4.225227688492993,227,7.570441988950276,2.0381586143949346,24,58
46381,5.27906976744186,4.610162590849072,227,8.097938144329897,2.313666510442387,30,72
42386,7.793103448275862,9.221013696772124,226,6.917721518987341,2.121590268697959,48,102
8113,5.947368421052632,6.062500458271601,226,7.5027932960893855,2.064614395740975,34,79
5462,4.431372549019608,4.001274306821688,226,7.4903474903474905,2.0522440128554966,23,57
25603,7.0625,5.315452215763445,226,7.341121495327103,2.278804285384131,36,87
26426,5.947368421052632,5.326869007978797,226,7.651162790697675,2.065891327428476,32,77
35605,6.108108108108108,5.075998991899601,226,8.084967320261438,2.232969796205742,33,82
21317,6.457142857142857,3.9432955547273876,226,7.694871794871795,2.1752816462680418,29,79
20447,6.848484848484849,6.093650445962236,226,7.7441016333938295,2.3374105059420422,38,92
5253,4.913043478260869,5.4153119822161955,226,7.6048667439165705,1.9814275595230648,29,67
17978,6.457142857142857,6.482296511825642,226,7.479166666666667,1.891694682534638,36,84
17377,5.947368421052632,4.471817868583942,226,7.222222222222222,1.0929064207170003,23,65
8423,5.255813953488372,5.39882272553058,226,8.021097046413502,2.065551302006332,31,73
46422,5.769230769230769,4.361684479415689,225,7.490196078431373,2.2157262295821223,29,72
35670,5.921052631578948,6.104413905715289,225,7.524390243902439,2.2779812567867586,35,80
13744,7.758620689655173,7.600071298602557,225,7.576158940397351,2.4288188791885807,46,105
16703,5.357142857142857,6.00739961832206,225,7.768656716417911,2.2001851566119623,34,75
16670,4.5,4.277372834737105,225,7.933717579250721,2.095601989967278,25,61
24842,5.769230769230769,4.798363418705977,225,7.703389830508475,2.237876328017186,31,75
5741,5.232558139534884,8.479210456568312,225,7.448275862068965,2.124770620409692,42,81
21001,6.617647058823529,6.315035957489476,225,7.662790697674419,2.4572125054324516,39,90
3790,5.209302325581396,4.301484458797937,224,7.467261904761905,2.1205402968063765,27,66
28681,4.869565217391305,4.256282653793743,224,7.554179566563468,2.1538654098342724,26,63
5185,4.666666666666667,4.308987803014163,224,7.966019417475728,2.3024505883549904,27,64
5373,6.054054054054054,5.136719369975927,224,7.7407407407407405,2.122998470824345,32,79
15528,6.588235294117647,5.8781446622409455,224,7.6521739130434785,1.9647930932577866,34,85
7995,5.6,5.913045117712409,224,8.6,1.7002122366000476,33,81
19821,5.743589743589744,4.464585492152003,224,7.851851851851852,2.2425683565421135,30,75
4833,5.6,4.198900955103517,224,8.420118343195266,1.9717824870881957,27,74
6596,5.333333333333333,4.486655915134679,224,7.529569892473118,2.187119073453262,28,68
15824,5.309523809523809,4.491119124140904,223,7.648083623693379,2.1150943092539807,28,68
19258,4.955555555555556,4.166727272286507,223,7.6863636363636365,2.199376303153365,26,64
36992,7.193548387096774,6.764709182409888,223,7.347560975609756,2.3591474809239803,41,94
37071,5.439024390243903,5.07961012523503,223,7.967948717948718,2.095531524542652,30,74
17867,4.955555555555556,4.63659139864403,223,7.337037037037037,2.1935437791142487,27,64
23279,7.193548387096774,7.382047389167451,223,7.222222222222222,1.3017082793177757,36,88
26427,6.529411764705882,5.1946084760308295,222,7.785123966942149,2.0881273214795852,33,84
5212,6.9375,4.031628983185893,222,7.410714285714286,2.1917565456261747,31,82
20855,4.933333333333334,5.646398691362325,222,7.492063492063492,2.1428233702168074,31,68
43918,5.414634146341464,7.158825356705168,222,7.712418300653595,2.275941686580637,39,80
2161,5.6923076923076925,4.6912788412107735,222,7.8860103626943,2.313335691317927,31,76
5780,5.238095238095238,4.725692742143473,220,7.829268292682927,2.1377908975582023,29,70
26462,5.641025641025641,5.411912685952894,220,7.705035971223022,2.0762746649236794,31,75
1817,4.680851063829787,3.575924222149177,220,7.713080168776371,2.3177679824824344,24,60
44620,4.313725490196078,2.963040304001492,220,8.494071146245059,1.9772928289522678,20,57
12181,6.470588235294118,5.795689590144725,220,7.547344110854503,2.371356584382682,36,85
4411,4.659574468085107,3.5032692541624653,219,7.939655172413793,1.9766160051360284,22,59
5330,4.659574468085107,4.541004465326649,219,7.732413793103448,2.093824211470191,26,62
5817,4.866666666666666,3.7453000850763254,219,7.57421875,2.2665696416199332,25,62
3763,5.317073170731708,4.1136299322511,218,8.486988847583643,1.9212135283504932,26,71
20699,6.606060606060606,4.696670322815103,218,7.582010582010582,2.190378909194679,32,82
28888,5.069767441860465,5.248107817005547,218,7.8328125,2.2975495340693635,31,71
38369,5.45,7.45568102101877,218,7.516908212560386,1.8639279191134714,38,79
30602,4.2745098039215685,5.440876515314602,218,7.509216589861751,2.3446972916498416,30,62
1282,4.113207547169812,3.729613185544594,218,7.651282051282052,2.1473388829403626,22,54
11854,6.055555555555555,4.309089691368,218,7.272237196765499,2.1632708237988023,29,73
20791,5.425,4.90884862995335,217,7.601063829787234,2.113212557082697,29,71
2722,4.34,3.5202620496149413,217,7.817757009345795,2.181755897239293,23,56
13422,4.822222222222222,5.890241887643453,217,7.878571428571429,2.2077343911424387,32,70
680,5.2926829268292686,5.2689842590342995,217,8.319444444444445,2.0672966811601143,31,75
1556,5.425,8.076199601297631,217,6.976190476190476,2.462575397458597,42,79
27512,5.425,4.695264936136493,217,7.757446808510639,2.169302605731966,29,71
29616,6.382352941176471,5.482836613123102,217,7.753554502369668,2.192177471659958,34,84
22344,6.382352941176471,5.9544468021926775,217,7.635294117647059,2.5319125723313767,38,87
15761,27.0,8.48528137423857,216,7.098360655737705,1.9891783733725077,96,288
3654,4.595744680851064,9.071358592625678,216,8.686486486486487,1.9778889385779466,47,87
3201,4.695652173913044,4.381118909428358,216,7.561549100968188,2.13206981515275,26,61
17073,5.2682926829268295,5.5902790191720415,216,7.2508710801393725,2.1368702051204105,31,69
12110,7.413793103448276,6.115070618557953,215,7.105555555555555,2.1831634947420393,38,91
2854,4.777777777777778,10.565572068341265,215,7.979423868312757,2.1212201378716555,52,90
12227,5.095238095238095,5.0789355703034715,214,7.564102564102564,2.394143840213634,31,69
6742,5.631578947368421,5.956695313776458,214,7.695035460992908,1.9584410330354167,33,76
39979,4.553191489361702,3.8831212828493142,214,7.678383128295255,2.143670716711566,24,59
2155,4.458333333333333,3.3767561756075235,214,7.597585513078471,2.362986211538006,23,57
5375,5.219512195121951,4.558026958684817,214,7.787307032590052,2.1352973959481365,28,69
15315,5.631578947368421,4.784101218261569,214,8.393129770992367,1.8698122445417518,29,76
10927,5.35,3.8799286274165086,214,7.593283582089552,2.334136761450079,27,68
16351,6.65625,7.000504014113048,213,7.369230769230769,2.481367657202114,42,91
23998,6.870967741935484,6.601726721012065,213,9.0,2.449489742783178,43,105
12343,4.176470588235294,3.4796889651400815,213,7.651006711409396,2.1589803617564733,22,54
3079,4.346938775510204,3.224586668655918,213,8.0,2.014235055087379,21,56
8455,6.264705882352941,6.60719912019486,213,7.44672131147541,2.0044265592628006,36,83
8780,5.461538461538462,3.8240661319303197,213,7.837962962962963,2.2092076909783045,27,69
5076,5.605263157894737,14.213696237773167,213,7.253164556962025,2.2556991161206064,67,107
36558,5.325,3.818897008165363,213,7.761670761670762,2.020121453293523,25,66
34504,6.870967741935484,6.059383552165852,213,7.933333333333334,2.0637171733133814,37,91
28214,6.235294117647059,5.365765914598528,212,7.70566037735849,2.080793763747348,33,81
11414,5.578947368421052,5.233114823306651,212,7.491039426523297,2.2677973963328504,32,73
19870,5.72972972972973,6.974750687096073,212,7.762282091917591,2.1006937088368622,38,82
21033,5.578947368421052,6.096660933469697,212,7.4036697247706424,2.346167641088977,35,76
10264,6.057142857142857,5.471545953937555,212,8.0,2.41522945769824,35,84
25691,7.571428571428571,6.80102699994407,212,9.181818181818182,1.9400093720485898,42,111
3495,4.51063829787234,4.5005909777423865,212,7.527027027027027,2.1221447693972597,26,60
42642,6.59375,7.8529196337536495,211,7.118181818181818,2.3529478609530727,43,90
30656,5.861111111111111,5.6777902028255305,211,7.730769230769231,1.9518427984062419,32,77
5155,5.702702702702703,3.872014009852301,211,7.664150943396226,2.3201272120640466,28,72
37735,5.146341463414634,3.8050031248985596,211,7.2140350877192985,2.2154577465917806,25,62
12078,6.393939393939394,7.114858545411294,211,7.344827586206897,2.101093769460887,39,86
38483,5.861111111111111,6.392642099779482,211,7.153846153846154,2.417882099307956,37,79
2035,4.795454545454546,3.534412522839795,211,7.3050108932461875,2.2396284367759702,24,59
1271,5.023809523809524,5.602647872421229,211,7.572895277207392,2.365371849615395,32,70
2628,4.688888888888889,5.057947042311563,211,7.826855123674911,2.400144721597048,30,67
3183,4.48936170212766,3.9555813095880428,211,7.246153846153846,2.2252116644415993,24,57
15743,5.702702702702703,4.6359996217097015,211,7.7405063291139244,2.0384219566145023,29,73
2226,4.375,4.250782155812058,210,7.442352941176471,2.423760939556511,26,58
23479,6.0,5.950778495783754,210,7.830357142857143,2.2295654360125954,35,82
8077,4.883720930232558,3.7809629809246905,210,7.646551724137931,2.3495206832715767,26,63
11698,5.25,4.48787540391059,210,8.583850931677018,2.152205282411451,29,74
5458,4.375,3.387241393127917,210,7.5,2.3324940802414127,23,56
5525,5.25,4.721744571116886,210,8.476114649681529,1.9681035973567511,28,73
8550,210.0,0.0,210,9.5,3.5355339059327378,1225,3220
15265,5.833333333333333,4.481708857758867,210,7.8283582089552235,2.279447629313235,30,76
4280,6.0,7.267979733857595,210,7.593800978792822,2.209551622409068,40,85
45770,5.9714285714285715,7.759190809408333,209,8.13125,2.2009771272017815,42,91
33731,4.75,3.692386887940179,209,7.225721784776903,2.37120218593926,25,59
6755,5.5,5.2388878539195645,209,7.70756062767475,2.2919268028306052,32,74
23129,5.225,4.736587000178125,209,7.461811722912966,2.240014994247377,29,68
33055,4.8604651162790695,4.728743895172913,209,7.91358024691358,1.950935630700137,27,65
33214,6.966666666666667,7.8366219558021895,209,6.901477832512315,2.2138510381370793,42,91
23870,7.172413793103448,6.525055913921577,208,7.567251461988304,2.0835159878649905,39,93
19224,6.5,4.332919748666838,208,7.297169811320755,2.1983655007881917,30,78
13991,4.7272727272727275,3.955353371821927,208,7.4,2.1712222659446234,25,60
33579,4.9523809523809526,4.515298552927299,208,7.85,2.062544072332629,27,66
33210,7.172413793103448,9.535905700925621,208,7.003787878787879,2.3342353777929024,50,100
7413,5.175,3.9281201872050966,207,7.813868613138686,2.262537150258673,26,67
2258,3.980769230769231,4.582534552634985,207,7.579868708971554,2.3737114658432565,26,56
11354,4.704545454545454,4.747481807180913,207,7.844660194174757,1.9790930857904314,27,64
6360,5.447368421052632,3.957185516493861,207,7.712749615975422,2.162364865742136,27,69
1875,4.291666666666667,3.5427981087999223,206,7.384615384615385,2.2505684470775855,23,54
11067,6.242424242424242,9.069282989266236,206,7.376,2.3371612226470733,47,93
4200,4.382978723404255,5.391431170362361,206,8.007936507936508,1.9859346685972599,29,64
28580,5.5675675675675675,4.787370773077735,206,7.9,2.1622397875528065,30,74
33982,6.645161290322581,4.743756507921924,206,8.505,2.0884884293665587,32,89
3940,3.8867924528301887,3.417491080166687,206,8.822222222222223,2.102908039411667,22,56
4480,3.8679245283018866,3.951814266156051,205,7.4875,2.1198035158020407,22,51
32138,5.857142857142857,4.312382016410673,205,8.183544303797468,2.0652990024115763,29,76
17162,5.694444444444445,4.7257316557904225,205,6.928934010152284,2.4139175302736624,31,70
5334,3.8679245283018866,3.0886749452267397,205,7.593406593406593,2.152177532609272,20,49
16151,6.833333333333333,6.649258881872544,205,7.47093023255814,2.3003364248776,40,91
2879,5.666666666666667,4.47213595499958,204,8.023952095808383,1.966441639251705,28,73
31458,4.0,2.5298221281347035,204,7.892857142857143,2.043373757673149,18,49
6105,4.636363636363637,4.8517122802923875,204,8.556420233463035,2.21450465910867,29,69
12473,4.744186046511628,5.5295441268043835,204,7.3108108108108105,2.3900341595240553,31,66
1464,4.511111111111111,4.121022722920645,203,7.393129770992366,2.334570799599792,25,59
6224,4.72093023255814,3.844139518523456,203,7.8655462184873945,2.1599514361937864,24,62
15009,5.638888888888889,3.825872656963583,203,7.725806451612903,2.10663832249297,26,70
3921,4.511111111111111,3.513753640548046,203,7.265625,1.9875139909964858,22,54
18801,6.766666666666667,6.693709519125907,203,7.307228915662651,2.209252342064254,39,88
22192,7.0,4.559135256352271,203,7.059006211180124,2.210058344888607,32,82
658,7.214285714285714,8.288131375233002,202,7.496598639455782,2.112450171991022,45,99
6362,7.769230769230769,5.798673588383415,202,7.393665158371041,2.154014361416755,38,95
3314,4.590909090909091,3.545833990645608,202,7.612947658402204,2.218492278323438,23,58
361,4.6976744186046515,4.4375823733249495,202,7.442413162705667,2.332763583627826,27,62
8907,6.483870967741935,3.3153277137354564,201,7.671296296296297,2.273280729754676,29,78
14663,4.785714285714286,4.1878786427178625,201,8.55072463768116,2.188464994719171,27,68
22275,6.483870967741935,5.470350188314794,201,7.952702702702703,2.2110866582594135,35,86
2958,4.568181818181818,4.211820173686869,201,7.555900621118012,2.1132233052274954,25,59
5230,4.466666666666667,5.154874127728753,201,7.634285714285714,2.0771645622104145,28,62
4075,4.1875,5.265933268803295,201,7.4953789279112755,1.9546897297221038,27,59
4390,4.545454545454546,4.128486098196542,200,7.4522417153996106,2.107964770272394,24,58
6322,5.555555555555555,3.7905479773053874,200,7.494736842105263,2.0746577927061938,26,67
485,4.444444444444445,5.553686554301956,200,7.621621621621622,2.3311128562068513,31,64
26779,5.2631578947368425,6.58287791547672,200,8.506172839506172,1.9565496210812252,36,81
21145,5.882352941176471,4.878926272104083,200,8.393939393939394,2.5107693450340487,34,83
8280,5.405405405405405,5.712848382080225,200,7.574257425742574,2.3219591909497534,33,74
2957,5.405405405405405,5.0851606522172785,200,7.3469945355191255,2.2262024265114966,30,70
15266,5.882352941176471,3.788057036804224,200,7.454545454545454,2.1346161881874655,27,71
18142,5.882352941176471,7.819031583384273,200,7.651428571428571,2.084062598141449,41,86
1845,6.0606060606060606,3.5876471567326846,200,8.434782608695652,2.3919838158176328,29,81
1715,4.545454545454546,4.474499038892357,200,8.321663019693654,2.206308507054376,27,65
46600,5.527777777777778,5.256213254594773,199,6.784403669724771,2.2808226469629136,31,68
23212,4.627906976744186,4.429464418951764,199,7.614942528735632,2.164956887611804,26,61
31233,5.527777777777778,5.090529644692393,199,7.124352331606218,2.246543112995881,30,70
34393,4.738095238095238,3.609334266089387,199,7.140161725067386,2.2581453705009453,24,58
7485,11.705882352941176,12.687418501621758,199,7.896825396825397,2.0931483084745435,71,164
5760,6.419354838709677,6.227756115693608,199,7.5,2.390457218668787,38,86
23356,5.6571428571428575,11.822070230624377,198,8.475862068965517,2.0106755312466555,60,108
10680,6.1875,5.479801621085532,198,7.732718894009216,2.299856774780219,34,82
25197,198.0,0.0,198,7.6875,1.8154430129677257,593,2115
23173,5.794117647058823,7.815212096095146,197,10.0,1.0,42,100
24286,5.324324324324325,5.390599090876501,197,7.130434782608695,2.2036957410924276,31,69
20992,6.566666666666666,5.7034976161537285,197,8.225641025641025,2.146769083841843,36,90
12494,14.071428571428571,8.98258388142372,197,7.914893617021277,2.1728498787869994,65,177
12589,16.416666666666668,10.816303631205267,197,7.962616822429907,2.227297345438492,79,209
18812,3.843137254901961,2.8310602185019507,196,8.187096774193549,1.8391186040588532,18,49
16948,6.125,5.059325468236689,196,7.882352941176471,2.089724091527751,32,80
18742,5.764705882352941,5.913819580616706,196,7.333333333333333,2.430337848134445,35,77
13940,5.0256410256410255,5.887038302322267,196,7.761542957334892,2.039193385795974,32,71
46498,8.125,24.804123955854422,195,7.647540983606557,2.3738316174264003,118,180
29649,5.27027027027027,5.93318655552838,195,7.921282798833819,2.032538409158178,33,74
6980,3.979591836734694,5.991277673690754,195,8.193353474320242,1.9365897687050397,31,64
3800,4.534883720930233,5.077254775721406,195,7.661641541038526,2.154148327980825,28,63
10254,5.27027027027027,5.876736852713079,195,7.326190476190476,2.105970546930595,32,71
4764,4.7560975609756095,4.856853342468136,195,7.6688311688311686,2.090945875780213,28,64
15889,4.239130434782608,5.321590332926576,195,7.861788617886178,2.179808177183022,29,62
5220,5.416666666666667,3.628262079051858,195,7.7272727272727275,2.555101020745686,28,70
33148,4.875,5.407437897506047,195,7.873684210526315,1.9585228493947235,30,68
13662,5.735294117647059,8.711917381169771,195,7.821428571428571,2.1377905625910425,45,90
5124,4.239130434782608,3.51621502697745,195,7.63768115942029,2.290708274195439,23,55
21510,5.571428571428571,4.989905777052864,195,8.07981220657277,2.020698544087344,30,75
23692,5.0,5.448321808255803,195,7.636363636363637,2.1970464234997364,31,69
21055,4.431818181818182,3.8843617731588815,195,7.632241813602015,2.1498809602856443,24,58
19041,6.724137931034483,3.9360654005540128,195,8.013698630136986,2.5846402644862687,34,88
1094,4.409090909090909,8.012543021161381,194,7.89587852494577,2.107441354693556,40,75
44182,6.466666666666667,4.946146764511942,194,7.748466257668712,2.2507709468837356,33,83
4290,4.511627906976744,4.40979479612879,194,8.654545454545454,2.756931881761572,30,69
10603,5.388888888888889,4.752609976350004,194,7.452830188679245,2.116295395132947,29,69
2859,4.85,4.270050741306634,194,8.04,1.968078589216735,25,64
35668,4.825,3.720266739816463,193,7.648829431438127,2.2511198483154717,25,62
27460,5.078947368421052,4.276785727543198,193,7.755868544600939,2.0981856091781994,26,66
2017,4.020833333333333,3.104489428219894,193,7.568627450980392,2.107661223591125,20,50
4989,5.216216216216216,5.7161327988574735,193,7.724137931034483,2.3209425122985774,33,73
5773,4.948717948717949,5.052090333133707,193,7.213740458015267,2.064377848493477,28,64
2448,4.923076923076923,4.857899781119492,192,7.229166666666667,2.28346740412237,28,64
2689,3.9183673469387754,3.2776816927382635,192,7.916666666666667,2.3532698077098573,22,53
6460,4.8,5.089959951482163,192,7.349775784753363,2.258833998013611,29,64
435,4.363636363636363,4.092482666587771,192,7.418544194107453,2.0303087564097098,23,56
35800,4.923076923076923,4.054786744892844,192,7.62962962962963,2.002793297450605,25,62
42399,5.787878787878788,5.577620324551366,191,7.111111111111111,2.420358428133098,34,75
40175,5.026315789473684,3.759577622231225,191,7.851162790697674,2.2073112659297216,25,65
8622,5.0,8.661814303425524,190,7.426294820717131,2.1383173325546565,43,80
2496,4.130434782608695,3.3771039246482184,190,7.650918635170604,2.1996244766094017,22,53
19120,6.551724137931035,4.6026871568725385,190,7.857142857142857,2.0760364545871584,31,82
36344,6.333333333333333,5.844734342998824,190,8.034883720930232,2.0545068099215795,35,86
9388,4.75,5.642103626603586,190,7.342592592592593,2.073698048948114,30,65
44266,4.846153846153846,5.1172487547327385,189,7.481343283582089,2.174853489764251,29,65
36262,6.3,6.374247758187519,189,7.573394495412844,2.141670918446358,37,84
3672,4.973684210526316,3.324656796798838,189,7.5588235294117645,2.698946780781384,27,64
23973,5.25,9.320867525534918,189,7.9748427672955975,1.9452951535988254,47,88
6734,4.846153846153846,4.374197439401472,189,7.801556420233463,2.3937413327453294,28,66
15321,4.177777777777778,4.5691101624679265,188,7.610344827586207,2.077202808341082,25,57
2008,4.086956521739131,3.132809083494107,188,7.540084388185654,2.142061811995112,20,51
23764,5.371428571428571,6.566786815150181,188,7.353383458646617,2.293586211134461,36,75
5075,4.372093023255814,3.192425975678725,188,7.650602409638554,2.218018416404452,22,55
29077,5.696969696969697,5.604043453641578,188,7.78740157480315,2.1343415319154446,33,77
38644,5.696969696969697,4.6333360584251855,188,8.053254437869823,2.1526847994052227,30,76
43820,5.696969696969697,4.275547103038748,188,7.59349593495935,1.8145016855287337,26,69
18551,4.372093023255814,3.9941818151021895,188,7.589743589743589,1.7980222341599232,22,55
5259,4.82051282051282,4.303436783681979,188,7.7323076923076925,2.24963012682138,27,64
829,37.4,29.202739597510366,187,7.2,2.179449471770337,187,456
8057,4.794871794871795,4.105064184250366,187,7.383606557377049,2.0885953104920754,25,60
2607,4.155555555555556,3.680140533109346,187,7.816326530612245,1.9053652012624027,21,54
13694,5.666666666666667,4.92231314187412,187,7.6421052631578945,2.15492932880442,30,73
11821,5.666666666666667,4.6345621871614435,187,8.067073170731707,1.9190075961606823,28,74
21690,6.678571428571429,7.029322560629556,187,9.0,3.0,48,108
36284,5.194444444444445,6.902667991206401,187,7.369158878504673,2.059942622609165,36,74
13614,6.678571428571429,10.363945950330677,187,7.942675159235669,2.0731557705416805,53,106
18835,4.4523809523809526,3.820371460373728,187,7.66412213740458,2.451406776723868,25,59
19169,5.636363636363637,4.872231148420235,186,9.8,2.280350850198276,33,88
27368,6.0,5.69795284875776,186,8.05464480874317,1.8977336858412857,33,81
1393,6.2,9.83098549800929,186,12.0,0.0,56,131
5977,4.043478260869565,3.470232280020271,186,7.672489082969432,2.3060149050266046,22,53
3959,4.133333333333334,3.4811178977710333,186,7.495495495495495,2.5277038745151077,23,54
15620,5.636363636363637,3.830944578512767,186,7.6608187134502925,2.204710845893558,27,70
11499,5.967741935483871,9.847110814744061,185,7.258823529411765,2.364195153973188,50,93
21864,4.868421052631579,3.197727678275571,185,7.279475982532751,2.1946041655614303,23,58
19223,4.743589743589744,4.865117236202772,185,7.8088235294117645,2.3630406620867035,29,66
13341,6.851851851851852,4.73695539758888,185,8.011363636363637,2.748016288419904,38,93
22047,5.935483870967742,3.3954428662642107,184,6.967032967032967,2.3307154335599254,27,69
19122,5.257142857142857,5.392494005248281,184,8.0,2.1408720964441885,31,73
5759,4.0,4.33076847170979,184,7.59020618556701,2.0521890899078556,24,54
24772,7.666666666666667,8.676137523047947,184,8.303921568627452,2.1003970189828323,49,113
13445,5.935483870967742,4.69705924929608,184,7.25,2.2103130708041654,30,73
35049,6.133333333333334,5.469245256720614,184,7.86896551724138,2.0043534993088343,32,81
45457,5.935483870967742,4.265641677957864,184,7.920634920634921,2.171094376956192,29,76
3658,4.487804878048781,4.489554271971285,184,8.586440677966102,1.9739336764146593,26,65
38950,4.6,3.6989256929615775,184,7.049180327868853,2.3477594923702694,24,57
2580,4.255813953488372,3.4578621475167624,183,7.736442516268981,2.267399973541172,22,55
18875,4.255813953488372,3.244724826954947,183,7.587341772151898,2.3030198167398277,22,54
15168,4.815789473684211,5.050315821849831,183,7.539823008849558,2.3262300825511364,29,66
13461,4.066666666666666,4.223311927428951,183,7.675561797752809,2.052768969814444,24,55
22515,6.1,6.919986047424643,183,7.576512455516014,2.0236150309765706,37,84
13278,6.535714285714286,12.01998996381273,183,7.310344827586207,2.3862424276544556,59,107
29619,5.083333333333333,4.045279435871607,183,8.133333333333333,2.123182465090725,26,67
32203,6.066666666666666,4.409498629200325,182,7.785185185185185,2.1661754769163575,30,77
1273,3.7916666666666665,3.0032488318651334,182,7.674698795180723,2.550319848360425,21,50
978,5.2,8.744073623284047,182,8.109375,2.545566874840595,47,89
8252,4.232558139534884,3.7596682306917244,182,7.783475783475783,2.1853696382627037,23,56
39598,5.055555555555555,4.50361406900499,182,7.774736842105263,2.1351473244880523,27,67
8637,3.9565217391304346,2.756459256519175,182,7.74468085106383,2.1390556777654175,19,49
32090,5.6875,5.70476597580564,182,7.359223300970874,2.382269337978796,34,76
8154,4.209302325581396,3.467935707750318,181,7.833333333333333,2.1877489237021357,22,55
23270,4.7631578947368425,3.69392642873162,181,7.695740365111562,2.2115555054284575,24,61
36199,4.414634146341464,3.787978417019411,181,8.003663003663004,2.0246607713286493,23,58
3235,3.9347826086956523,3.3025389149901256,181,7.599078341013825,2.110511408609607,20,50
45276,6.033333333333333,5.714369868017449,181,8.203007518796992,1.9453105948791576,33,83
4664,4.390243902439025,4.652300768332202,180,7.274368231046932,1.977361012577,25,57
21201,3.9130434782608696,3.031875744716621,180,7.702732240437158,2.1110170450120505,19,50
775,10.0,10.180719956050721,180,7.161676646706587,2.1349568017679412,57,129
5246,3.6,4.421653583012047,180,7.559105431309904,2.156409274341596,24,51
8630,4.864864864864865,4.3535564144103445,180,7.145669291338582,2.146428448347483,26,61
8191,5.0,3.3036776044713734,180,7.408602150537634,2.3205936555255513,24,61
23388,4.5,3.0127932350101756,180,8.565217391304348,2.4192649316196326,23,62
6150,4.090909090909091,6.839754455738828,180,8.19205298013245,2.0466818841054195,35,69
15980,5.0,4.8047595450463785,180,7.23121387283237,2.4810343926436893,30,66
3755,4.261904761904762,4.373197322323425,179,7.8977272727272725,2.378802648267709,26,60
32084,5.424242424242424,11.087803837523186,179,8.12448132780083,2.343666607552839,56,100
32107,4.837837837837838,3.7602712188936103,179,7.49746192893401,2.214572252156788,25,61
27330,5.59375,3.757653480221314,179,7.760273972602739,2.1182451895477166,26,69
3321,5.114285714285714,4.22716306321689,179,6.946808510638298,2.2533018970106005,26,62
23235,7.16,8.740137298692739,179,7.4916201117318435,2.1603389119359737,47,101
5776,4.475,4.679401123198873,179,7.288659793814433,2.0649960115647357,26,58
3237,4.564102564102564,4.6328056282563574,178,7.312629399585921,2.242682036401731,27,60
3793,4.564102564102564,3.5747276068097817,178,8.627450980392156,1.9074672664423422,23,62
2795,3.9555555555555557,4.342996219387735,178,7.6050955414012735,2.1565581605390767,24,54
15503,4.238095238095238,3.8114687253560158,178,8.603015075376884,1.9721886632660073,23,59
18787,4.341463414634147,3.644240360469936,178,8.068027210884354,1.8567162940295352,22,57
18369,4.684210526315789,2.97834765688823,178,7.621621621621622,2.0661788843511735,21,57
15156,4.944444444444445,4.282485556272495,178,7.440677966101695,2.1528256893895836,26,63
13492,4.944444444444445,4.063386655378873,178,7.305605786618445,2.1949186302889774,25,62
2435,5.205882352941177,4.484176974346006,177,7.681647940074907,2.1555489461031705,28,68
27429,3.847826086956522,3.3860326920017103,177,7.7712765957446805,1.9665177203564794,20,50
9118,5.205882352941177,4.095669640476582,177,8.185185185185185,2.2877102599801034,28,70
6267,3.6666666666666665,3.1375104192983447,176,7.174242424242424,1.9633909447307143,18,45
8579,4.190476190476191,3.4938140123764194,176,7.230769230769231,2.4222448234885436,23,53
40786,5.176470588235294,4.634982842865137,176,7.225806451612903,2.265665428013822,28,66
8655,4.512820512820513,3.5605424991129095,176,7.653846153846154,2.1519145467636784,23,57
5662,4.631578947368421,3.996086278804915,176,7.626168224299065,2.339297562113926,26,61
22441,5.303030303030303,4.2682318388652485,175,8.345588235294118,2.0525636236652693,27,71
1895,7.608695652173913,8.711221240105841,175,7.324675324675325,2.0158947376396807,46,102
8298,4.487179487179487,2.972432947070684,175,7.506607929515418,2.3935200945355968,22,56
41827,5.833333333333333,4.601973589617853,175,7.341584158415841,2.1035751290904483,29,72
3062,5.2727272727272725,11.306172891590922,174,7.9787234042553195,2.129390580410576,56,98
46297,4.702702702702703,6.0638494597302035,174,7.2846153846153845,2.2661465957788183,32,66
8482,4.702702702702703,2.9894710128945783,174,8.707920792079207,2.0609703152789614,22,63
11367,4.833333333333333,4.292851200376205,174,8.528301886792454,1.9480965093016778,26,67
1136,7.25,22.37671538238684,174,7.255474452554744,1.4804073221299798,101,154
19962,4.833333333333333,4.50079358081915,174,7.264437689969605,2.0272487671573485,26,61
36648,5.4375,6.44549104713595,174,7.647058823529412,2.132056667791671,35,77
40801,5.612903225806452,4.536352568270671,174,7.086206896551724,2.078943285032064,28,67
12155,5.4375,4.031628983185893,174,7.595744680851064,2.3206486882650945,28,69
22569,3.702127659574468,2.7812641293594886,174,7.525439407955597,2.1661431881044932,18,46
29118,4.9714285714285715,7.602188981531857,174,7.906666666666666,2.106446561657124,39,79
5875,3.702127659574468,3.4635674849032743,174,7.442424242424242,2.007123928953876,20,47
21795,17.4,5.966573556070519,174,7.428571428571429,2.2420156963247573,70,199
16878,5.580645161290323,4.842686537783114,173,8.116788321167883,1.7576124072104893,28,73
35606,5.580645161290323,3.8190242518946045,173,8.17361111111111,1.9941518031838534,26,71
4299,4.325,6.556998609823764,173,7.731958762886598,2.2626293289348065,34,68
5168,3.6808510638297873,3.636209104445019,173,7.97029702970297,2.0802575689383898,21,50
4817,3.9318181818181817,2.8562272015087453,173,7.453642384105961,2.0205349390179586,18,48
10372,4.648648648648648,3.481827555052537,172,7.539877300613497,2.396616438903459,24,59
7986,3.8222222222222224,4.190296631336004,172,8.601880877742946,2.029994323715887,24,57
37657,5.548387096774194,4.6176379941655545,172,7.591489361702128,2.3156684611349045,30,72
46763,4.3,6.140241371685978,172,7.758064516129032,2.5329661474181124,33,67
5015,4.095238095238095,3.497800868765652,172,7.720524017467249,2.077567674830252,21,53
34947,5.931034482758621,5.384707410029408,172,7.709677419354839,2.076359645096558,32,78
19126,5.212121212121212,3.620752474948886,172,7.604026845637584,2.202022387231573,25,65
8072,5.029411764705882,8.986472305191764,171,7.307070707070707,2.258284457131647,44,81
35088,5.516129032258065,4.42621710374247,171,7.169381107491857,2.101347359869721,27,67
14386,4.275,4.6848774715116,171,7.6239316239316235,1.9814941059302025,26,58
23258,10.058823529411764,14.484779029360848,171,11.0,0.816496580927726,80,191
25163,13.153846153846153,14.135334884879535,171,7.684549356223176,2.056528422201397,79,180
24098,8.55,6.7158492820303355,171,7.342007434944238,2.3022825435624266,44,107
2125,4.621621621621622,2.947233649744483,171,8.34061135371179,2.0576295707376704,21,60
10242,5.862068965517241,6.5831176826519915,170,7.142857142857143,1.3451854182690988,32,74
13854,5.666666666666667,4.844715096661113,170,8.091503267973856,1.9813587746138381,29,75
2153,4.473684210526316,3.1685689676867064,170,9.0,2.289405885889355,23,63
38771,5.0,15.346502908322519,170,7.726315789473684,2.100871679591532,72,111
21752,5.151515151515151,4.272888456018453,170,8.093457943925234,2.32775743004991,28,70
28239,4.358974358974359,4.653731832949708,170,8.209944751381215,2.011110941532777,26,62
2678,4.0476190476190474,4.958128979089479,170,8.222591362126245,2.1198163275289845,27,61
6361,8.095238095238095,9.137312306716685,170,7.646739130434782,2.271272293938915,52,113
46628,4.473684210526316,3.4776261094374785,170,7.621848739495798,1.9872116426087039,22,56
8246,4.25,4.960097186806333,170,7.742268041237113,2.3203463673704414,28,61
5107,4.358974358974359,3.352039281009472,170,7.661290322580645,2.39563400709256,23,56
26250,4.333333333333333,3.975804012254584,169,7.476712328767123,2.344652587256798,25,57
21319,4.694444444444445,3.655285366576885,169,7.308474576271187,2.3276866662392877,24,59
15392,4.828571428571428,3.6580749862519246,169,7.421800947867299,2.2248164350600663,24,60
13931,4.828571428571428,4.204239556935456,169,7.552941176470588,2.3759439474637727,27,63
13637,5.121212121212121,6.872761343510226,169,7.775,2.1826762541091846,37,76
2648,4.3076923076923075,3.4039748140097856,168,7.675767918088737,2.1897941607606572,22,55
5130,4.097560975609756,9.202730241751032,168,7.333333333333333,1.8932205111068114,43,73
45885,5.419354838709677,6.8545566039357455,168,7.627027027027027,2.220537617120723,37,78
43801,4.8,4.344029032510501,168,7.528138528138528,2.2023377890887352,26,62
19556,4.8,5.21761721591041,168,8.023364485981308,2.332544981748128,31,69
6236,5.25,3.741657386773941,168,7.703389830508475,2.447078572306373,27,68
1039,4.3076923076923075,3.5773692638868617,168,6.5,1.6903085094570334,19,47
14625,8.842105263157896,10.662828256740728,168,7.753623188405797,2.0103101684993883,57,126
8617,4.3076923076923075,7.619759100190719,168,7.634241245136187,2.1844788754296616,38,71
33988,4.073170731707317,3.7642412509192273,167,7.274618585298197,2.329647541329112,23,53
46062,4.638888888888889,4.511273357001026,167,7.968085106382978,2.162496206272137,27,64
5822,3.9761904761904763,3.639137496568586,167,7.538071065989848,2.0441110874365425,21,51
6530,5.0606060606060606,11.354898155475114,167,7.1440677966101696,2.2664075002272193,54,90
5268,4.911764705882353,3.9952065753002857,167,7.236180904522613,2.2018122672102547,25,61
7266,4.638888888888889,3.657889928655417,167,7.482142857142857,2.274495967816463,24,59
29942,4.882352941176471,3.188660836819089,166,7.491883116883117,2.35332645232109,24,60
18562,4.742857142857143,4.306922315521,166,7.923076923076923,2.1803043120770496,26,64
26390,5.928571428571429,5.134693697298736,166,7.357142857142857,2.008348085731663,30,74
4767,4.048780487804878,3.2089812987316955,166,7.402243589743589,2.153065998193091,20,50
6314,3.772727272727273,2.7011077517716244,166,7.910377358490566,2.1703974097767396,18,48
20475,4.611111111111111,4.16980833939662,166,7.885964912280702,2.3110307700238217,26,62
44708,4.256410256410256,4.271804430263441,166,7.009615384615385,2.231700959139273,24,54
32137,4.15,3.641287458986775,166,7.732142857142857,1.9635514012966673,21,54
28887,3.9523809523809526,3.0198722388770913,166,7.580968280467446,2.259806958339307,20,50
3189,3.6666666666666665,3.3439225741362764,165,7.767676767676767,1.889475434567265,19,48
4351,4.125,4.170639131983342,165,7.317647058823529,2.0652765461248883,23,54
43225,3.8372093023255816,4.151478408827273,165,7.721603563474387,2.375564052115109,24,54
45294,5.15625,3.8946561817692644,165,7.392857142857143,2.3318562272360563,26,65
5223,4.45945945945946,3.5165844745102266,165,7.3125,2.191442300139045,22,55
2826,5.0,3.5355339059327378,165,7.588235294117647,2.3945528228011908,25,63
463,4.583333333333333,6.52194099066484,165,7.598765432098766,2.1634735187123924,34,69
18423,4.45945945945946,3.5792193018605056,165,7.673076923076923,2.509757632658944,25,59
15401,5.290322580645161,4.838688171995221,164,8.0,2.103111248383433,29,71
3390,3.9047619047619047,2.852551479277454,164,7.672473867595818,2.163647414568502,19,49
8273,5.655172413793103,4.79043587391262,164,7.432539682539683,2.112024811781156,29,71
17296,4.205128205128205,3.7709379482360483,164,7.8,2.1103692891495,23,56
601,4.685714285714286,6.914483641864622,164,7.626168224299065,1.9644163014483143,35,71
18758,4.315789473684211,3.449287142630871,164,8.193333333333333,2.07476582867751,22,57
11456,4.315789473684211,3.5114119987194705,164,7.731182795698925,2.1366292470567014,22,56
2686,4.0,3.478505426185217,164,7.737226277372263,2.279933399813547,22,53
2780,4.0,5.248809388804284,164,7.653696498054475,2.211633824382271,28,59
8464,4.555555555555555,4.087922591134904,164,7.714285714285714,2.3040622368897536,26,61
4263,4.075,5.234929529562665,163,7.580152671755725,2.2186419909945685,28,59
6375,4.6571428571428575,2.5546135559352354,163,7.4,2.2522715805886446,21,55
5740,4.075,3.791944903851604,163,8.603988603988604,1.9242471002256711,22,58
16647,5.620689655172414,6.883799786991859,163,10.222222222222221,1.6414763002993507,39,97
892,3.3958333333333335,2.7578868207945115,163,7.635235732009925,2.1667889283944075,17,43
870,4.2894736842105265,3.278990407714447,163,8.452954048140043,2.146620411963707,22,58
62,3.6,2.6233219744854384,162,7.331569664902998,2.2414600014632047,18,44
3598,3.5217391304347827,3.87435517464825,162,7.115384615384615,2.013952163959011,21,46
22362,3.857142857142857,3.3609771268764623,162,7.735042735042735,2.3525829559633986,21,51
22361,8.526315789473685,7.705470070401153,162,9.5,4.949747468305833,80,161
17612,5.0625,4.310059501123599,162,8.292929292929292,1.9179736610123854,26,68
6659,4.378378378378378,4.674703504271993,162,7.726190476190476,2.1851496090201628,27,60
16129,5.4,7.863490494597212,162,8.505154639175258,2.2319820757018407,43,89
3174,4.378378378378378,4.32917333237441,162,7.871794871794871,2.123874239250922,25,60
513,3.951219512195122,3.2011811844395424,162,8.407809110629067,2.03519675750108,20,53
21685,4.5,4.632185537858221,162,6.533333333333333,1.8143742786394723,24,53
34430,4.378378378378378,4.5847049544675755,162,7.682352941176471,2.233217567344885,26,60
19458,4.153846153846154,3.4833322033458707,162,7.275229357798165,2.2355360598043807,22,52
6214,4.378378378378378,3.5928273557754498,162,7.781544256120528,2.1184985488169663,23,57
5147,4.378378378378378,7.3384503032215775,162,7.413793103448276,2.192497043753355,37,69
23403,3.425531914893617,3.1742488385721566,161,8.142857142857142,1.0690449676496976,16,44
23393,5.75,6.664583007710735,161,10.666666666666666,1.5275252316519465,39,100
12685,4.2368421052631575,3.8233578741539365,161,7.879746835443038,2.269592951345866,24,57
40055,5.03125,4.9153110031883545,161,7.581673306772909,2.237029903431025,29,67
13958,4.735294117647059,3.855801009650907,161,7.259090909090909,2.2535935971880203,25,59
3363,3.3541666666666665,3.3738013369184774,161,7.283333333333333,2.30040119637424,20,44
3794,3.926829268292683,3.371870726336043,161,7.211946050096339,1.9809351631580254,20,48
45266,4.472222222222222,3.492736226686228,161,7.188888888888889,2.379589394393363,23,56
6529,4.2105263157894735,3.610479452602817,160,7.828125,2.2457966846291098,23,56
5655,4.324324324324325,2.7085672109689902,160,6.93287037037037,2.0868904924486853,19,49
8749,4.2105263157894735,6.464697876500023,160,7.519434628975265,2.1176756205406067,33,64
5318,4.0,3.1378581622109447,160,7.880208333333333,2.0949262962539934,20,52
33039,3.6363636363636362,3.846417294603945,160,7.126016260162602,2.2049050106199535,21,47
23866,5.714285714285714,4.987815842461195,160,7.815950920245399,2.025270181042096,30,75
28156,3.975,3.377812218672818,159,7.908333333333333,2.016719331673373,21,52
25995,3.975,3.1662280397975127,159,7.532786885245901,2.1341218690426427,20,50
6126,4.96875,5.561877003894604,159,8.392543859649123,1.948081416897997,31,73
18381,4.96875,4.223470328166544,159,8.110132158590309,1.8981205143197843,25,66
6193,3.697674418604651,3.2258987948058766,159,8.178571428571429,1.8489898123640414,19,49
45063,3.697674418604651,3.120858274203323,159,8.086021505376344,2.139971119159518,20,50
28238,4.9375,6.805773166003755,158,7.478260869565218,1.9524396175959082,35,72
6782,3.8536585365853657,3.5816265551405277,158,7.399521531100478,2.3951789629427083,22,51
20729,4.157894736842105,3.635607059532549,158,7.538265306122449,2.129698668939162,22,53
19283,4.647058823529412,4.5784895811741,158,7.275862068965517,2.3045050384398245,27,61
39971,5.266666666666667,4.1434063392279095,158,7.846153846153846,1.9983414874003018,26,67
16469,5.448275862068965,3.065781267201743,158,7.011811023622047,2.274592928814904,24,63
450,4.787878787878788,3.871026799810159,158,7.57027027027027,2.2419219475478944,25,61
15399,4.514285714285714,3.4672537748909864,158,8.127659574468085,1.9138339187394133,22,58
17100,5.642857142857143,4.038832667017701,158,9.666666666666666,4.041451884327381,43,98
896,3.2916666666666665,3.1485108491755085,158,7.64367816091954,2.0056722557638285,18,43
15549,4.361111111111111,3.8704210016687757,157,9.0,2.4899799195977463,26,65
25689,6.28,5.711975723571194,157,8.857142857142858,1.2149857925879115,31,86
15291,3.5681818181818183,2.6711005246311847,157,7.6625,2.1520890645538233,18,45
31466,5.233333333333333,4.272472701902934,157,7.80794701986755,2.247117358715619,28,69
2967,4.0256410256410255,3.2402662292113185,157,8.043343653250774,2.098056767919176,21,53
23360,3.8292682926829267,3.891673412713291,157,7.880952380952381,2.053707448911428,22,52
44081,5.413793103448276,8.516862439467241,157,7.505154639175258,2.3017169142109752,44,84
23075,4.361111111111111,5.885346343869798,157,9.5,2.3804761428476167,34,76
7358,3.8292682926829267,3.2241467012559326,157,7.857142857142857,2.2439760630248657,21,51
37435,5.064516129032258,5.284792546360218,157,8.743243243243244,2.2698790675095672,32,76
15047,4.617647058823529,4.1779704068055095,157,7.5220994475138125,2.3970914996455233,26,61
45600,4.588235294117647,3.5600276391404395,156,8.26984126984127,2.2985172084736374,24,62
13663,4.875,9.153705401674513,156,8.031496062992126,2.3228916293727035,47,86
39357,3.466666666666667,2.4550504531012654,156,7.780203784570597,2.2196481386215132,17,44
19381,3.9,2.6389586135637986,156,7.826530612244898,2.2750348822706155,19,50
43922,4.333333333333333,3.80225497003329,156,7.586206896551724,1.871150150823987,22,55
18593,4.428571428571429,3.759581596602553,155,7.558620689655172,2.278754112780361,24,57
6648,4.078947368421052,3.9550281301994,155,7.666666666666667,2.061129938850451,23,54
7265,4.078947368421052,3.459273310247817,155,7.453333333333333,2.0873111912095292,21,51
376,3.6904761904761907,2.627138805677639,155,7.340298507462687,1.9783627557329597,17,44
5667,4.428571428571429,4.9721915767225076,155,7.582417582417582,2.2394702938519586,28,61
5192,3.4444444444444446,3.340900501603746,155,7.7942857142857145,2.00659012777565,19,46
46568,3.85,4.4234225060089685,154,7.875226039783001,2.084444890456374,24,55
12773,4.529411764705882,4.208471212509843,154,7.7272727272727275,2.2010394771695148,25,60
31202,4.967741935483871,4.362597628078498,154,7.72680412371134,2.355151578190317,28,66
2115,5.310344827586207,3.616464811662094,154,8.4,2.509980079602227,28,73
39716,3.422222222222222,2.2812365953667326,154,7.490322580645161,1.938561998631654,15,41
33965,5.310344827586207,3.5466629010931037,154,7.0625,2.288702229372978,25,63
1168,3.5,3.0765429103247963,154,7.459016393442623,2.4938174919308165,20,46
45845,4.935483870967742,5.644675862385532,153,8.08695652173913,2.133342657694883,32,72
5361,6.12,15.93559955989524,153,8.0,2.2088896522065657,78,127
3532,3.825,3.11232043040855,153,7.933665008291874,2.043280292253224,19,50
42255,4.78125,4.563066138096747,153,7.881481481481481,2.175343005555373,27,65
3472,4.026315789473684,3.514347750834856,153,7.934010152284264,2.3213100321160307,22,54
14471,5.1,3.6041164204855805,153,8.326086956521738,2.2216545168568698,25,68
41965,4.135135135135135,4.4607059864888985,153,7.361563517915309,2.1654343777069083,25,55
39652,9.5625,9.266202026720547,153,7.2885906040268456,2.224845278596897,54,124
22027,3.825,3.7750021226008643,153,7.73224043715847,2.2143736940950336,22,52
27808,4.935483870967742,5.092055798797232,153,8.054285714285715,2.059271139473827,29,69
25992,3.558139534883721,2.657445296497365,153,8.026819923371647,2.006539559057601,17,46
4239,3.8,3.352763880893739,152,7.311953352769679,2.235820159872292,21,48
8322,3.8974358974358974,4.134545553815099,152,7.348837209302325,2.506028169664885,25,53
446,5.428571428571429,4.818395087259991,152,7.857142857142857,2.40075356446403,31,74
1049,7.6,18.465900294440303,152,9.192307692307692,2.7425423354140683,99,168
27515,4.222222222222222,4.567657174470526,152,7.7665505226480835,2.1083905678915853,26,58
6585,4.314285714285714,3.562644660191346,151,7.60427807486631,2.2224617968342386,23,55
2280,3.973684210526316,3.3570163885088387,151,7.644796380090498,2.232126301741379,21,52
18881,3.871794871794872,3.2701157808207664,151,8.47787610619469,2.1468304923968042,21,54
8367,3.775,3.067509638878969,151,7.777777777777778,2.4141745419642744,21,50
16159,3.973684210526316,4.090112283565867,151,7.832684824902723,2.0895998490579206,23,54
24587,5.033333333333333,5.041095483936098,151,8.5,2.8809720581775866,34,77
5669,3.871794871794872,3.994598241964998,151,7.756923076923077,2.0441099689234514,23,53
25622,6.291666666666667,5.7216535058127835,151,7.917808219178082,2.0733321587452074,34,84
39648,3.973684210526316,3.590429034856217,151,7.653992395437262,2.164524265895827,22,52
1336,5.033333333333333,6.099651393845126,151,6.805555555555555,2.273201593098607,32,67
18304,4.870967741935484,3.2118731345210483,151,8.0,1.4142135623730951,19,58
44828,3.775,4.19087837314107,151,7.649122807017544,2.1697129051972883,23,52
8897,4.545454545454546,6.787354552267165,150,7.276978417266187,2.1155029118225324,34,67
3758,4.166666666666667,3.290679478249352,150,7.592039800995025,2.1619027668153987,21,53
46093,4.411764705882353,3.862152383563872,150,8.018292682926829,2.040784645453951,23,59
2518,4.027027027027027,3.3705133674798504,149,7.302040816326531,2.2279585964584427,21,51
25260,4.257142857142857,4.5136580778452275,149,6.703703703703703,1.7870564986647697,23,52
178,2.8653846153846154,3.1748326876023683,149,7.36318407960199,1.9868489848812028,17,38
2034,3.4651162790697674,2.3026779152533146,149,7.996047430830039,1.9890534235034798,16,43
38651,4.382352941176471,3.7498663077772796,149,8.019047619047619,2.047423110141475,23,58
23275,3.5476190476190474,3.2922850019800056,149,7.654135338345864,2.1392618125785567,20,47
1006,7.45,24.396882889763646,149,9.5,2.6457513110645907,128,199
9136,4.65625,3.561527173341741,149,7.945945945945946,2.1336711444251555,23,60
20800,3.9210526315789473,3.061368524107853,149,7.825174825174825,2.1634436728417366,20,51
38541,5.103448275862069,5.170968599417099,148,7.7368421052631575,1.9418658647794207,29,68
2630,4.111111111111111,2.8663344214995248,148,7.59882005899705,2.106231616269112,19,51
5378,4.0,2.5927248643506746,148,8.134782608695652,2.160403628722543,19,51
2675,3.7,3.428388273496185,148,7.443609022556391,2.2026177696124734,20,48
34825,3.6097560975609757,3.72073950163464,148,7.559907834101383,2.30319709330492,22,49
20395,5.481481481481482,7.459482196766384,148,8.166666666666666,2.007010186232359,40,84
26827,3.2888888888888888,3.1595614067190216,148,7.34757281553398,2.4306667777532915,19,43
6584,3.8947368421052633,3.327116060528637,148,8.047619047619047,1.9894428251888774,20,51
43362,5.103448275862069,11.107734845548608,148,7.857142857142857,2.096527741631045,54,94
2158,4.484848484848484,3.5099965466615153,148,7.601351351351352,2.176110244169129,23,57
20725,4.0,3.9370039370059056,148,7.284722222222222,2.1210341666946193,22,52
6950,3.769230769230769,3.681114951675565,147,7.871720116618076,2.0861249262654313,21,51
31163,3.8684210526315788,3.3464063228159615,147,8.258241758241759,1.9280749815814238,20,52
3928,4.083333333333333,6.556893863931086,147,7.722222222222222,1.8725746841481163,33,64
15837,4.454545454545454,3.2700430911811877,147,7.47741935483871,1.8840943391570752,20,54
2208,4.454545454545454,4.3667129305899905,147,7.5,2.285218200133681,26,59
8351,3.5853658536585367,2.6170174794610905,147,7.531034482758621,2.1378051192682057,17,44
44138,3.8684210526315788,3.4809990227378065,147,9.137614678899082,1.9122794712276836,21,57
35607,4.741935483870968,3.010733486881935,147,7.525252525252525,2.186897132522093,22,58
2986,4.741935483870968,4.2502371850324145,147,7.931407942238267,2.3279156184145577,27,64
4054,3.0625,3.0970559115309713,147,8.516363636363636,1.8370441622746339,18,44
17016,4.9,3.397260559678169,147,7.285714285714286,2.365871467320118,24,60
5194,3.675,4.078634135376254,147,7.563131313131313,2.1129029266982213,23,50
5962,3.972972972972973,3.032110435603178,147,8.54653937947494,1.9526956475871589,19,53
37121,3.3181818181818183,2.947389284448245,146,8.227272727272727,2.2718456988882383,19,46
10422,3.5609756097560976,2.5889069169033956,146,7.584541062801932,2.129622934172212,17,44
16180,4.709677419354839,4.481023308628636,146,7.204081632653061,2.4304022403117123,27,61
25484,6.636363636363637,9.058253035323537,146,8.363636363636363,1.3618169680781096,46,101
15138,4.709677419354839,3.8746487874136992,146,7.55440414507772,2.279527039391299,25,61
13097,3.7435897435897436,2.9084083974242385,146,7.2635983263598325,2.297599501269201,19,46
1744,4.171428571428572,3.6257714334186812,146,7.3354037267080745,2.2993045127246687,23,53
10357,4.866666666666666,5.62465835488658,146,7.503289473684211,2.2115782266431574,31,68
1330,4.866666666666666,8.439371333561946,146,8.033132530120483,2.2533194997339345,43,83
11926,4.866666666666666,4.040598567243372,146,8.18421052631579,1.9301849743192279,25,64
8491,3.7435897435897436,3.1599296187860757,146,7.904580152671755,2.1889784035950064,20,50
825,4.027777777777778,3.6838342688881816,145,7.836065573770492,2.2392466846403525,23,54
2534,3.918918918918919,2.8711048819649974,145,7.679577464788732,2.303662431481289,20,50
11080,3.4523809523809526,5.415435846938939,145,7.122222222222222,2.4486996217794603,28,52
4702,3.717948717948718,2.928523230758195,145,7.650246305418719,2.198297594792601,19,47
23464,4.833333333333333,3.8692718136383344,145,7.382352941176471,2.210389865134887,25,60
7353,3.6,4.087504410724509,144,7.164251207729468,2.1689147250276197,22,48
23381,5.76,11.906860767361536,144,8.0,3.082207001484488,63,109
12534,5.333333333333333,4.08562206919677,144,7.483333333333333,2.4970010023230347,29,69
8658,4.235294117647059,3.5934184242138434,144,7.326612903225806,2.1638774940055177,22,53
8567,3.789473684210526,3.059393110077792,144,7.566233766233767,2.1142873595992198,19,48
818,72.0,67.88225099390856,144,7.739130434782608,2.178769279460891,405,962
2841,3.9722222222222223,3.6291369388099586,143,8.457207207207206,1.8706398133713662,21,55
16329,3.6666666666666665,3.1733539731010927,143,8.327433628318584,2.0807041986003982,20,50
4228,3.9722222222222223,3.9168946235587567,143,7.629343629343629,2.1516326849438223,23,53
7851,5.958333333333333,8.441508038911916,143,7.5,0.7071067811865476,39,83
11320,3.6666666666666665,3.0203984865483995,143,7.888268156424581,2.3911886037960515,20,49
25984,4.085714285714285,4.461412520791176,143,7.589285714285714,2.0859678238625605,25,56
5087,3.108695652173913,2.433363112781844,143,7.969387755102041,2.0428942848643317,15,40
17194,5.296296296296297,11.313078934832681,143,8.4,1.8165902124584952,56,101
2030,4.333333333333333,3.6026610535362145,143,7.421511627906977,2.16914542560323,22,55
24029,4.612903225806452,3.6758438428460543,143,7.651612903225806,2.4457584497733253,25,60
743,4.333333333333333,3.3695944365259547,143,7.5831435079726655,2.3903894630989573,23,56
21699,5.2592592592592595,4.719783181074453,142,10.0,1.0,26,79
4431,3.9444444444444446,4.020976743063055,142,7.751243781094527,2.0464141675803638,23,53
15007,4.4375,3.8094746060570546,142,7.852348993288591,2.2642218367530558,24,59
1226,3.9444444444444446,4.465387165709435,142,7.771289537712895,2.1336452356409206,25,55
23239,5.461538461538462,3.797164934324231,142,7.536082474226804,2.3260714536897895,27,68
37827,3.6153846153846154,5.655064728632223,141,8.020833333333334,2.3077862104151796,30,59
13451,4.548387096774194,5.761010962654729,141,7.58252427184466,2.036549715094665,30,65
5705,3.810810810810811,2.7772672203468676,141,7.387755102040816,2.2978518246630597,19,47
689,4.548387096774194,3.8283043215625665,141,7.82,2.2758281875822566,25,60
31790,4.7,4.120177431733435,141,8.258823529411766,2.2262125704800937,26,65
17330,4.862068965517241,4.290555557858899,141,8.051724137931034,2.3366079890641687,27,67
21287,5.035714285714286,4.417827041340094,141,8.307692307692308,1.601281538050872,25,67
26428,4.862068965517241,5.026530597958869,141,7.911764705882353,2.0778864867940676,29,67
5359,3.9166666666666665,3.9233731842455595,141,8.228915662650602,1.8565986550601619,22,54
19895,4.2727272727272725,3.8751832801230774,141,8.464454976303317,2.0242381427780427,23,60
13836,3.810810810810811,3.949949632856361,141,7.470967741935484,2.0010051935632114,22,50
8446,4.0285714285714285,2.706046761537992,141,8.024316109422493,2.1511521807273954,19,51
17814,4.40625,4.492713635037472,141,7.536144578313253,2.187129199783631,26,59
106,3.525,3.121369686203273,141,7.961038961038961,2.2386647714627523,20,48
46199,5.423076923076923,4.383360144209709,141,7.330645161290323,2.2513655267091672,28,68
3412,3.0,2.2360679774997894,141,7.6,2.01372535872181,14,37
36200,4.117647058823529,2.8259051205667953,140,7.650602409638554,1.922332768088524,18,50
4363,4.117647058823529,2.749817689630207,140,7.583783783783784,2.1183817407956296,19,50
2083,3.6842105263157894,3.2888448901153056,140,7.681818181818182,2.445504003228147,21,49
23840,4.242424242424242,3.8081352312377175,140,8.866666666666667,2.2635833370586385,25,62
14704,4.666666666666667,3.7077117521163383,140,7.3544303797468356,2.20743484198953,24,58
976,4.666666666666667,3.9333528150696186,140,7.283018867924528,2.256421251677481,25,59
24310,3.58974358974359,6.360726326938445,140,7.11864406779661,2.1424563016986045,31,56
41759,4.117647058823529,2.879022412812366,140,8.023255813953488,2.383095139070294,21,54
6241,6.086956521739131,12.54052718725921,140,7.032967032967033,2.228355394807517,59,102
13979,4.827586206896552,4.668044600696171,140,8.164912280701754,2.1372362062797734,28,67
5836,3.9714285714285715,2.7060467615379915,139,7.182352941176471,2.077193277108151,18,47
46785,3.6578947368421053,2.430396650860121,139,8.475,2.0123830486741823,17,48
14280,3.3902439024390243,3.1454574292182675,139,7.870689655172414,2.0915156659966585,19,45
6015,3.5641025641025643,3.0847235805094666,139,7.578740157480315,2.109572757871259,19,46
46621,4.088235294117647,4.002784235994828,139,7.654205607476635,2.3039482568177303,24,55
12140,4.212121212121212,4.998484618846844,139,7.729166666666667,2.184557211379507,28,60
21321,4.212121212121212,2.6428863927245314,139,7.682758620689655,1.8992083448544426,18,50
33038,3.861111111111111,3.490008414052713,139,7.139204545454546,2.1969799118268547,21,48
4686,3.7567567567567566,4.06479058778217,139,7.514285714285714,2.4943653242569552,24,52
860,7.722222222222222,5.355651831098407,139,8.050420168067227,2.1700923181791856,37,99
23161,3.5641025641025643,2.403887988839744,139,7.84841075794621,2.118199306357315,17,45
5346,3.5384615384615383,2.4262398224646637,138,8.221590909090908,2.2982701004332475,18,47
2893,3.45,2.7358025119908387,138,7.452747252747253,2.124295201043479,17,43
4150,6.9,15.262268576632476,138,9.5,1.9578900207451218,81,146
1112,3.942857142857143,4.465178062076632,138,7.888888888888889,2.292686253374032,26,57
33819,4.928571428571429,3.3436348753854954,138,7.9391891891891895,2.0478173260080252,23,62
5507,4.6,4.190300787491893,138,7.626086956521739,2.245701037597607,26,61
12109,5.52,5.6282027918925115,138,7.212996389891697,2.1773148709105827,32,72
982,3.7027027027027026,2.221921901628619,137,7.592233009708738,2.3154929734033027,17,45
16484,4.029411764705882,3.4066360739684916,137,7.6223776223776225,2.2945256216107306,22,52
3457,3.425,2.3846464017833884,137,7.438620689655172,2.1441551739070444,16,42
33953,4.029411764705882,3.2332111265657093,137,8.41304347826087,2.1967257144974424,21,55
5697,3.341463414634146,2.7713693014244867,137,8.294554455445544,2.0270797118805097,17,45
5149,3.1136363636363638,2.253843323116885,137,7.2982731554160125,2.225964599216914,15,38
15729,4.029411764705882,5.248291462929378,137,8.0,1.7974340685458343,27,59
1340,3.425,6.368542481080999,137,8.290322580645162,2.7103941704371683,34,62
2595,3.341463414634146,3.7457292754386358,137,7.565819861431871,2.314594463894226,21,47
46217,5.708333333333333,5.409164258091493,137,7.574074074074074,2.469449956720955,34,77
28690,4.857142857142857,7.3268369493622325,136,7.6716417910447765,1.949266060026825,37,74
23397,5.44,7.059745037889116,136,9.75,0.9574271077563383,37,90
2412,3.238095238095238,3.1219875143070266,136,7.342105263157895,2.237369454810087,18,42
21595,22.666666666666668,36.263847929676004,136,8.571428571428571,2.5727509827124,200,394
1728,3.5789473684210527,3.045879617746522,136,7.796407185628743,2.2220271083716767,19,47
31384,4.121212121212121,3.0898783932136364,136,7.373983739837398,2.1931277686376376,20,51
45921,4.689655172413793,3.140785255267292,136,7.731182795698925,2.2990536093860947,23,59
6145,4.121212121212121,2.891340257536025,136,7.705479452054795,2.2110867419285807,20,52
272,5.1923076923076925,4.849900871310512,135,7.741573033707865,2.113420804630818,29,69
2045,3.9705882352941178,3.4155197849038315,135,7.396039603960396,2.1130901131378432,21,50
29352,3.857142857142857,2.3657215929737343,135,7.621301775147929,2.20087011149577,18,47
24020,3.13953488372093,2.841708032226537,135,7.1477272727272725,2.423732149797145,18,40
31070,4.655172413793103,4.4100199389650125,135,7.775,2.204569477761697,26,63
6721,4.354838709677419,5.535030184180114,135,7.859649122807017,1.8765293040883135,29,63
18747,4.655172413793103,4.134142354216423,135,6.887755102040816,2.0452744279921076,24,56
428,9.571428571428571,10.952444656607215,134,7.32824427480916,2.348298068132301,61,132
15232,4.620689655172414,4.776533359661648,134,7.871794871794871,2.3064320166037526,28,65
6402,3.4358974358974357,2.6337373065152296,134,7.6997319034852545,2.18029418281799,17,44
24294,6.380952380952381,13.581149400828306,134,8.095238095238095,2.0097296324729106,67,119
5831,4.962962962962963,4.807698005694629,134,8.5,2.1213203435596424,29,71
13837,4.962962962962963,2.8485013803683006,134,7.271084337349397,2.3183081668493655,23,59
4724,3.4358974358974357,3.3070488656398918,134,8.495049504950495,2.003100891522109,20,49
1158,6.7,19.213756037085293,134,7.415384615384616,1.6383328768551937,88,138
44915,4.466666666666667,4.717782451996682,134,7.060790273556231,2.1575054719208757,26,58
47090,3.8285714285714287,4.08358056760251,134,7.155963302752293,2.212966863660848,23,50
15334,5.153846153846154,3.759705389440058,134,8.011904761904763,2.170414693699721,25,67
2838,3.1666666666666665,2.0943206205804827,133,7.826923076923077,2.218494207141067,15,40
27503,3.325,2.3684626627024086,133,7.5042194092827,2.2310946702112155,16,41
44986,3.5,2.6278138072179704,133,7.244274809160306,2.484077302938845,18,44
24882,12.090909090909092,13.538497298109164,133,8.283018867924529,2.0789916055123947,77,177
41030,3.8,3.1697095803132207,133,6.826086956521739,2.196944409767397,19,45
8398,3.5945945945945947,3.2357332971012878,133,7.1571125265392785,2.2842539976125047,20,45
14852,4.433333333333334,4.376136962281194,133,7.6647727272727275,2.1290126362224355,25,59
5106,3.1666666666666665,1.9744300402242256,133,7.766233766233766,2.0831157325411924,14,39
45525,3.8823529411764706,3.944806373727766,132,7.735294117647059,2.3204918844731277,23,53
24595,4.714285714285714,3.9520940802374147,132,7.0,0.7559289460184544,18,51
16352,4.125,4.455876873262705,132,7.2362204724409445,2.317828392901992,25,55
10581,3.5675675675675675,3.7752155239472427,132,7.772277227722772,2.120760185022398,21,49
36100,4.888888888888889,7.38675182770496,132,8.152380952380952,2.187292638000019,39,79
6378,4.4,4.239388374884218,132,7.477611940298507,2.1819134420633457,25,58
7269,3.6666666666666665,4.11269810638779,132,7.653333333333333,2.3135470602518544,23,51
42751,66.0,76.36753236814714,132,7.842105263157895,2.9676619659017183,478,996
39983,2.8085106382978724,1.895512984052194,132,8.091703056768559,2.197560684957201,14,36
15332,9.357142857142858,7.682218658466024,131,7.775147928994083,2.097980351520888,48,121
159,3.358974358974359,3.460203671273363,131,8.479452054794521,1.4823928576713008,19,47
4696,3.5405405405405403,3.5558605349681733,131,8.146341463414634,2.525479910925408,22,51
45823,4.851851851851852,4.311912869318279,131,7.559139784946237,2.3749707805589204,27,64
7320,4.09375,3.604292915310136,131,7.5306372549019605,1.9080822828997408,21,52
63,3.1951219512195124,2.60978459068102,131,7.324427480916031,2.099279366586464,16,39
23168,5.24,10.580170130957253,131,7.8046875,2.08503703303655,52,93
14383,4.225806451612903,3.1592159092550673,131,7.936781609195402,2.4141976463680814,22,56
14811,4.517241379310345,5.27541934457193,131,7.258064516129032,2.278935801442589,29,62
5277,3.5405405405405403,2.754739295938654,131,7.715976331360947,2.207086616508241,18,45
6658,3.8529411764705883,4.127750527911947,131,7.698863636363637,2.2437720443514273,24,53
24357,4.517241379310345,3.169279882776126,131,7.580043859649122,2.228484591950189,22,56
3705,130.0,0.0,130,11.0,0.0,0,1430
43618,4.333333333333333,3.516790595408549,130,6.9113924050632916,2.32704210521184,23,53
381,7.222222222222222,22.691163233490013,130,6.870917573872473,2.0340888331254914,101,151
1386,3.25,2.4045896286167587,130,7.607142857142857,2.375893893858014,17,42
1099,4.333333333333333,6.166278335085688,130,7.620738941712323,2.2088896522065657,32,65
21576,3.909090909090909,3.93194955114219,129,7.9855072463768115,2.2087167580249494,23,54
14710,4.161290322580645,3.5033010546582912,129,7.683333333333334,2.0870193380786204,21,53
27567,4.03125,4.075769272332565,129,7.650943396226415,2.2691559020540915,24,55
27807,4.961538461538462,4.983819974523713,129,7.957446808510638,2.2062898899806656,29,69
17837,5.863636363636363,11.646767197260624,129,7.171428571428572,2.2160605519136656,56,98
5627,3.5833333333333335,2.950786820009683,129,7.960352422907489,2.3278262599445574,19,48
37049,4.03125,3.938923833706605,129,7.72093023255814,2.029900252731575,23,54
3168,3.4864864864864864,3.9059898562024906,129,7.414330218068536,2.1168181317995334,21,47
15466,4.607142857142857,3.9472380002588934,129,7.480225988700565,2.238836943086709,25,59
27802,3.3947368421052633,3.2511077004964934,129,7.465116279069767,2.227933636914187,19,45
5683,128.0,0.0,128,9.0,2.2088896522065657,467,1619
13505,4.413793103448276,3.4175726701366607,128,7.666666666666667,2.5903045032109335,24,58
33446,3.4594594594594597,3.594707487671552,128,7.361963190184049,2.204994571504671,20,46
981,3.657142857142857,3.3950037437634832,128,7.655737704918033,2.23521248730137,21,49
24291,4.413793103448276,4.22168924703396,128,7.590909090909091,1.7636296692870674,23,57
26818,3.657142857142857,4.721308748908612,128,7.891304347826087,2.104190072782987,25,54
2654,3.764705882352941,2.310172806463171,128,7.711111111111111,2.040746545910703,17,46
22675,4.571428571428571,7.203026994507093,128,9.25,1.5,38,80
25141,5.333333333333333,3.534508964932527,128,7.560283687943262,2.1393216358938276,25,65
11441,4.703703703703703,4.222784487978144,127,7.7637795275590555,2.3280780714060434,27,63
2619,3.175,2.4587624571139073,127,7.511278195488722,2.113953432891831,16,40
34850,3.3421052631578947,2.528500418627329,127,7.213872832369942,2.168868938434608,16,40
40483,4.233333333333333,4.492778368811928,127,7.628930817610063,2.2824411180157145,26,58
3497,3.6285714285714286,4.715966087076303,127,7.713855421686747,2.16663540031218,25,53
1746,2.8222222222222224,3.2910960379960246,127,7.152974504249292,2.1144385784857955,18,38
1835,3.0238095238095237,3.5919156872478686,127,7.756880733944954,2.175215332344076,20,43
25690,5.7727272727272725,5.388981864983917,127,8.818181818181818,1.2504544628399556,29,80
22413,127.0,0.0,127,7.0,2.2088896522065657,463,1352
211,2.8636363636363638,2.5112853105939745,126,7.5656108597285066,2.1009647309289656,15,37
46429,3.6,3.574418916164597,126,7.802197802197802,2.0342608825362936,20,49
15482,3.9375,4.47889315243931,126,7.24223602484472,2.155737685560119,24,53
12450,4.2,3.284236120706263,126,7.071428571428571,2.3176789274543714,22,51
12951,3.5,2.6349301969610397,126,8.142857142857142,2.0357627309947532,17,46
43685,4.5,3.4264764322465053,126,7.65625,2.1496657861458335,22,57
8242,4.344827586206897,5.1773949742328735,126,8.251162790697675,1.9934908203815354,28,64
33573,3.3157894736842106,3.272368042126289,126,7.243243243243243,2.3338533649446154,19,43
19035,3.9375,6.3038006968658555,126,7.635658914728682,2.1863853749400937,32,62
644,2.8,1.7658374268832957,126,7.55,2.011959193915174,12,33
39062,3.787878787878788,2.8805118442472137,125,7.174242424242424,2.263201178501296,19,46
29691,4.310344827586207,3.106484557408699,125,7.185185185185185,2.140609347032031,21,51
3597,3.787878787878788,3.130071642127139,125,6.885714285714286,3.0075535159429005,23,49
24299,3.4722222222222223,3.0658125104458605,125,7.923913043478261,1.9171504475416934,18,45
19419,4.310344827586207,3.8831453403124314,125,7.2265625,2.2734858030896943,24,55
36991,3.787878787878788,3.577338184299673,125,7.093896713615023,2.495393932042405,22,49
3648,4.275862068965517,3.104105020822518,124,7.551724137931035,2.354118077153792,22,54
22593,3.5428571428571427,2.60477905964783,124,7.76595744680851,1.9969090734512975,17,44
60,4.0,2.54296414970142,124,7.65979381443299,2.657091917311984,21,52
22289,4.0,4.9396356140913875,124,7.354838709677419,2.2909619313919682,27,56
34060,4.769230769230769,3.4445051001000686,124,7.40625,2.4700967496751836,25,60
19199,3.263157894736842,3.6144171563062355,124,7.409252669039146,2.2677363973956957,20,44
6495,3.1,2.6292243177067474,124,8.046332046332047,2.0416629635568526,16,41
4639,4.96,8.01810451416044,124,7.67741935483871,2.256650863177459,41,79
23438,3.5428571428571427,2.715346984033068,124,6.957446808510638,2.2924482870800325,18,43
18813,3.3513513513513513,5.558857877379211,124,7.95045045045045,1.8936126919054743,28,55
3294,3.4444444444444446,2.8530128881031254,124,8.233333333333333,2.1444930810596343,18,47
10702,5.125,5.511351921262151,123,7.503703703703704,2.336836980992137,32,70
20509,3.967741935483871,4.490611472600303,123,6.627450980392157,1.7545459163410397,22,49
8295,4.241379310344827,4.188889832587705,123,7.358333333333333,1.823266222987733,23,54
13397,3.5142857142857142,3.0522068059937584,123,7.20873786407767,2.0742606932669982,18,43
27146,3.967741935483871,2.983106557128457,123,8.09433962264151,1.8002580044089003,18,50
21267,4.555555555555555,4.069902033722994,123,8.0,1.2649110640673518,21,58
3785,3.236842105263158,3.2083860599264833,123,8.692307692307692,2.015961945102775,19,47
4302,3.4166666666666665,2.3949351318384986,123,8.818181818181818,1.8106377580590467,16,46
8420,3.727272727272727,5.724250645678039,123,7.2926829268292686,1.981924114671366,28,55
33960,4.357142857142857,3.057647191748314,122,8.011111111111111,2.2410593624817925,22,56
42735,3.588235294117647,3.0661163576610355,122,7.30827067669173,2.3001332343749246,19,46
13709,3.210526315789474,3.155072233180417,122,7.950704225352113,2.0223133470357753,18,44
3288,3.935483870967742,4.999569873972278,122,8.026277372262774,2.06669744151509,27,59
21251,4.206896551724138,4.4189471139694705,122,7.953271028037383,2.080380850338369,25,59
2582,3.361111111111111,2.84004806576808,121,7.533333333333333,2.161310798523917,18,43
13981,3.78125,2.684896525909092,121,8.353846153846154,2.1125741616688827,18,50
20483,3.361111111111111,2.6742451835213803,121,7.25,2.4031520269854894,18,42
934,3.361111111111111,2.6635398334630636,121,8.297935103244837,1.9558050103165967,17,45
2862,3.1842105263157894,2.5453217622531956,121,7.473988439306359,2.1796267922178663,16,40
19340,4.172413793103448,3.684610519417616,121,7.365079365079365,2.245436858864657,23,53
2661,4.033333333333333,10.63657753270268,121,8.0,2.437570013930992,52,84
3286,3.1025641025641026,3.4166378656499794,121,7.4004576659038905,2.114237401537847,19,42
758,2.951219512195122,2.1673857468410547,121,7.714285714285714,2.237178791268006,15,38
25531,4.033333333333333,4.230295769665589,121,8.511848341232227,2.0268676033850843,24,59
25985,4.84,5.071817557181383,121,8.094736842105263,2.124195388148763,29,68
16458,3.75,3.2626923376749115,120,7.659574468085107,1.9868015658683207,19,48
2054,3.3333333333333335,3.014251861692099,120,7.345864661654136,2.28647244773954,18,43
37765,3.870967741935484,3.922090730582954,120,9.5,2.0701966780270626,24,61
8075,3.5294117647058822,2.9256990267300074,120,7.442396313364055,2.195882040274741,18,45
38263,4.615384615384615,3.950462485096377,120,7.267441860465116,2.2461701711483255,25,58
2992,3.4285714285714284,2.5004201327649187,120,7.851010101010101,2.2025357055164676,17,44
34635,4.444444444444445,5.879124302487791,120,7.302469135802469,2.1729263154404044,31,63
18507,3.6363636363636362,4.4287285267485474,120,7.279220779220779,2.221395525712814,24,50
4521,4.0,6.888270890584151,120,7.438356164383562,2.063459576112161,34,64
41157,3.6363636363636362,3.647072300302856,120,7.7272727272727275,2.087786309621066,21,49
19174,3.5294117647058822,4.336143336818233,120,8.122222222222222,2.1349303479298474,24,53
3125,3.6363636363636362,2.815339475735806,120,8.0,3.0237157840738176,22,51
45330,4.25,4.812214397489726,119,7.8076923076923075,2.1625963971169417,27,60
14620,4.407407407407407,5.638188874911321,119,10.0,2.2088896522065657,34,78
2954,2.975,3.377812218672818,119,7.264705882352941,2.1930265651030925,18,40
23379,4.407407407407407,3.177556623707294,119,8.157894736842104,2.072060012834139,21,57
5276,4.76,3.0859898466024376,119,7.50251256281407,2.4055373239175837,23,59
23851,6.2631578947368425,7.03832449492821,119,7.4655172413793105,2.17009594129715,39,86
46096,4.103448275862069,3.4469948359425744,119,7.82051282051282,2.2947913338835986,22,54
21181,3.3055555555555554,2.627540342976346,119,8.395348837209303,1.9899303104593953,17,44
17459,4.25,3.8453916623716027,119,7.977528089887641,2.411984886551321,25,59
6461,4.576923076923077,8.295411150379838,119,7.0,2.2088896522065657,40,72
13994,3.71875,3.4940906334608304,119,7.728155339805825,2.2060263929112924,21,50
2101,4.25,3.2389412993663127,119,7.25,2.220769727328383,21,52
9115,3.838709677419355,3.7867908506064283,119,8.375,1.883855897747559,22,54
46788,3.4,3.6957845620939227,119,8.423645320197044,2.114970802952574,21,50
21834,4.72,4.036500134192161,118,7.695035460992908,2.088583651984259,25,61
5417,4.538461538461538,6.388932738608346,118,8.157303370786517,2.28084352620061,35,72
31910,4.214285714285714,4.3915503282684,118,7.801801801801802,2.1011677265049107,25,58
8275,3.4705882352941178,4.806783679391393,118,7.544474393530997,2.046761563706643,25,51
25703,3.5757575757575757,3.010713194476342,118,7.941964285714286,1.9912876782506466,18,47
22222,3.774193548387097,3.9808682253946803,117,7.892857142857143,2.134161933890877,23,53
23389,3.65625,2.80102947664466,117,8.51937984496124,1.9925673419995371,18,49
3153,3.0,2.2124052165246,117,7.608247422680412,2.2946511402745458,15,38
31796,3.4411764705882355,3.5521327479168803,117,7.923076923076923,2.1199096900616055,20,48
31501,3.25,4.487283619932473,117,7.319672131147541,2.2906731393095545,23,47
12946,3.4411764705882355,2.3637563386526326,117,8.491525423728813,1.8980230952989694,16,45
29621,3.1621621621621623,2.882066325799305,117,8.227272727272727,1.9811019383873534,17,43
44107,5.318181818181818,5.987179665445188,117,7.7006369426751595,1.926418785023951,32,73
24858,11.6,13.793718377097115,116,8.214285714285714,1.9286731759891873,75,170
8393,3.625,5.103762053306776,116,7.556818181818182,2.2385279786072614,27,54
5169,3.135135135135135,3.1372507617884713,116,7.615384615384615,2.0223114472661203,18,42
29081,3.3142857142857145,4.247985187269431,116,7.546153846153846,2.042613990486793,22,47
36511,3.411764705882353,3.542962696703386,116,7.935483870967742,1.982615237155089,20,47
6987,3.625,3.0240967726451116,116,8.2375,2.2960822439290096,20,50
17341,4.461538461538462,3.754791810268785,116,8.073170731707316,1.8841803261246028,22,58
970,3.515151515151515,3.0012623606702156,116,7.578947368421052,2.4674264845410305,20,46
3230,3.515151515151515,2.61152747593736,116,8.294117647058824,1.7235394498804246,16,45
41927,3.411764705882353,4.342305260257739,116,7.18018018018018,1.9642171616572999,22,47
28919,3.135135135135135,3.1986295864371717,116,7.4576271186440675,2.118549304506279,18,41
4818,2.761904761904762,2.4575371749615984,116,7.525597269624574,1.931230373378849,14,35
47009,3.8666666666666667,4.099901877154971,116,8.025157232704403,2.2131645409340877,24,55
32508,4.833333333333333,6.485211717013775,116,7.7936507936507935,1.952324752853428,34,71
32650,3.7419354838709675,3.2758484085346384,116,7.061643835616438,2.4161028829993154,21,47
18817,3.3142857142857145,2.4104115900844496,116,7.142857142857143,2.57390753524675,18,41
21098,3.515151515151515,2.762711667470161,116,7.630434782608695,2.295324398554821,18,45
17937,3.625,2.859618742916389,116,6.59375,2.6256719570057587,20,44
35941,4.296296296296297,4.631122266502304,116,8.008771929824562,2.279169286777347,27,61
12416,3.7419354838709675,3.687526198193796,116,7.21978021978022,2.2647158163747014,22,49
23796,4.423076923076923,5.0292987735713375,115,8.148148148148149,2.567604446286965,30,66
29646,3.026315789473684,1.8378430675182895,115,7.853881278538813,2.2085366080604847,14,38
2886,4.107142857142857,4.094615124266628,115,7.470731707317073,2.0685967158513088,23,54
19320,5.0,6.0226843909279575,115,7.115384615384615,2.365220597876955,33,68
18972,5.2272727272727275,5.975599736243401,115,8.333333333333334,3.32665998663324,40,84
4091,3.8333333333333335,1.9666764075348093,115,7.52760736196319,2.245194823506642,17,46
1896,3.026315789473684,2.4216014592231154,115,8.343915343915343,2.3642401133914563,17,42
46489,3.2857142857142856,2.4201534780139164,115,7.694835680751174,2.245713232134733,16,42
31083,3.484848484848485,3.6238895895951018,115,7.932584269662922,2.3241026377678433,21,49
23820,3.8,5.573335533189908,114,8.944444444444445,1.7311071677235326,30,64
4250,2.7142857142857144,2.0156184584476406,114,8.281553398058252,1.884905615035027,13,35
24971,3.5625,3.2817923898873587,114,8.39090909090909,1.9256618285405793,19,49
8962,3.3529411764705883,2.911652170172684,114,7.5948717948717945,2.164203840019732,18,43
46298,3.3529411764705883,4.54527628883982,114,7.329411764705882,1.941944504712674,23,48
22914,4.222222222222222,4.03192389020555,114,7.6,2.0399240972596617,23,55
33672,3.9310344827586206,3.432315279419987,114,7.828282828282828,2.1382827557836483,21,52
9191,3.5625,6.662061581532329,114,9.5,3.5355339059327378,40,74
3677,3.0,2.1435005469079296,114,7.3076923076923075,2.362527981112279,15,37
878,3.6774193548387095,2.5480331862594667,114,7.713414634146342,2.395715101056196,19,47
3376,3.257142857142857,2.119140463140895,114,7.695522388059701,2.3718302412608603,16,41
42350,2.825,4.005685062572046,113,8.087264150943396,2.045394646404398,21,44
32065,4.913043478260869,3.9532845202468936,113,8.5,2.6457513110645907,29,70
39358,3.054054054054054,2.2966877834774966,113,7.665105386416862,2.172766820871884,15,39
20184,5.136363636363637,7.052830938171156,113,6.5,0.7071067811865476,30,64
6942,3.4242424242424243,3.051949203278773,113,7.777777777777778,2.5334365304058384,20,47
18884,3.53125,2.299850976939383,113,7.821428571428571,1.8958465336555692,15,43
20422,4.035714285714286,7.015760790598514,113,9.4,1.1401754250991376,36,74
24874,5.136363636363637,7.0797864814820946,113,7.397435897435898,1.8610131550770843,35,73
15915,4.185185185185185,3.84344634047098,113,9.0,2.9439202887759492,28,66
2241,2.8974358974358974,1.9840796858317196,113,7.245353159851301,2.2935720458033035,14,35
4624,3.323529411764706,4.117373303861474,113,7.512437810945274,2.105016514748324,22,47
13147,4.185185185185185,4.557639715036696,113,7.54054054054054,2.3694409919326147,26,58
19039,4.035714285714286,2.7145989794162264,113,8.074074074074074,1.93138772918522,18,51
2440,3.4242424242424243,3.031401316123277,113,8.03225806451613,2.1830234533438846,19,46
16261,3.054054054054054,3.22271405586749,113,7.355400696864112,2.102071180519712,18,40
20030,4.3076923076923075,2.37939876051461,112,7.935483870967742,2.0684296270406772,18,53
4141,4.869565217391305,6.210726409176648,112,6.862068965517241,1.7776545812517028,30,64
23241,4.0,7.403702777314526,112,7.76595744680851,2.2571736368183375,37,68
23401,4.666666666666667,6.799403213368877,112,9.5,2.3804761428476167,39,83
40561,4.0,3.3774853674601473,112,7.397058823529412,2.0670817693705943,20,50
32074,3.6129032258064515,2.076494150482791,112,7.784,2.3299730027509735,17,45
23797,3.8620689655172415,4.933298939213528,112,8.6,2.3576727274274463,28,61
3121,3.6129032258064515,2.6163259143926583,112,9.2,2.6997942308422114,21,54
13766,3.7333333333333334,3.3726417900035215,112,7.493055555555555,2.3174513604563107,21,49
2245,2.9473684210526314,2.6298429551411524,112,7.743119266055046,2.3269900671642194,17,39
23649,3.2941176470588234,3.6724148752616146,112,7.6894409937888195,2.211436255142573,21,46
37527,3.7,3.495317064203238,111,7.400990099009901,2.2422001920867856,21,48
21353,3.46875,2.590109911729367,111,8.080357142857142,2.105463287884726,17,45
13711,3.8275862068965516,2.91632064567228,111,8.448979591836734,1.6963345838625594,18,50
2822,3.46875,2.651650429449553,111,7.7967914438502675,1.970587591626032,17,44
44921,3.5806451612903225,3.106704508514739,111,7.278846153846154,2.106193966529497,19,45
855,3.0833333333333335,2.1957751641341994,111,7.491803278688525,2.180389497465014,15,38
7788,3.0833333333333335,2.102719327782139,111,7.642335766423358,2.3631273716554584,15,39
23400,3.9642857142857144,3.437076092188253,111,9.5,0.7071067811865476,18,56
895,2.8461538461538463,2.9606050371900032,111,7.794117647058823,2.0987474838288582,17,39
21836,3.9642857142857144,4.3502417374903635,111,6.576923076923077,2.370952930340117,24,50
7828,2.707317073170732,2.874403437576434,111,7.4186046511627906,2.1737892978406212,16,36
34763,4.111111111111111,3.7655659839507765,111,7.758620689655173,2.32688591558027,23,55
45526,5.55,5.817170590949737,111,6.671428571428572,2.048126953233892,31,68
23067,4.4,3.829708431025353,110,7.5607476635514015,2.371917344376867,24,58
39282,3.9285714285714284,3.3876526498728405,110,6.2,0.8366600265340756,15,39
27581,5.238095238095238,5.761117616441813,110,7.0638297872340425,2.3970600026980873,33,70
10452,3.793103448275862,3.331444456611529,110,7.214876033057851,2.206832615500656,20,48
2694,3.0555555555555554,1.9848633554183372,110,7.512195121951219,2.121445314565881,14,37
1022,3.142857142857143,2.579818246480544,110,8.625,1.454876856186346,15,42
21861,5.5,13.104840407470178,110,8.28888888888889,2.0956906240948814,65,111
9028,2.8205128205128207,1.9717984693620896,110,7.472222222222222,2.1972204663569332,14,35
13745,10.0,6.928203230275509,110,7.786885245901639,2.3030035033868317,50,127
22297,2.8947368421052633,2.4249767196899867,110,7.7292817679558015,2.0598473603506453,15,37
26943,4.230769230769231,3.8084925344045755,110,8.555555555555555,2.7888667551135855,27,63
37785,2.725,2.8283138040816778,109,8.158904109589042,2.306693295728756,17,39
43489,4.037037037037037,3.8578738811929663,109,6.731958762886598,2.1961873398267096,22,49
3870,2.945945945945946,1.9140699213099983,109,7.888392857142857,2.126292612850932,14,37
3404,3.7586206896551726,3.3021115799893117,109,7.7407407407407405,2.7954990278686944,23,52
7898,4.037037037037037,2.3774822086446097,109,7.620738941712323,2.2088896522065657,18,49
22416,3.40625,2.803907124226892,109,7.966292134831461,2.0695269453002543,17,45
2549,2.945945945945946,3.1618028080506533,109,7.622641509433962,2.5099277443909673,19,41
35048,3.40625,3.300629216650433,109,7.946666666666666,1.8519043035614853,19,46
4447,2.7948717948717947,2.273178706239201,109,8.912037037037036,1.9758174095374252,14,39
2769,3.40625,2.1829157033064597,109,7.725925925925926,2.28272852332932,16,43
15092,3.7586206896551726,3.4294436493172427,109,8.409090909090908,2.3617466925808124,22,54
1186,3.303030303030303,2.74413976143764,109,7.554770318021202,2.437808762092362,18,43
24489,4.5,2.6539552107881486,108,8.440298507462687,2.0056731344497267,20,58
3138,3.6,2.2682212383731217,108,9.0,2.138089935299395,17,49
45601,4.153846153846154,3.402261691196698,108,8.257425742574258,1.9113004229923387,21,55
2787,3.085714285714286,2.1333683470516007,108,8.337142857142856,1.9135160082835234,14,40
2902,2.918918918918919,2.9942387121713367,108,7.4603174603174605,2.2130507102144183,17,39
17187,4.32,5.793099343184096,108,7.8933333333333335,2.6499250759743007,33,67
1133,3.0,2.378474901516275,108,7.231132075471698,2.0786371404408985,15,36
21552,3.857142857142857,4.274942370972067,108,8.59016393442623,2.099799669156406,25,58
4760,4.5,12.093836015310336,108,8.142857142857142,1.6761634196950517,58,95
27331,3.962962962962963,2.7939699007447816,107,6.594827586206897,2.004249608146182,18,44
20204,2.675,2.5559132042564174,107,6.930348258706467,2.0261106529776334,14,33
8152,2.9722222222222223,3.093644278296217,107,6.557377049180328,2.276873515473462,17,37
22842,4.458333333333333,5.785883620965973,107,7.25,2.0,30,62
36153,3.566666666666667,3.125902168625259,107,8.12962962962963,2.438371574701063,21,50
19557,3.1470588235294117,3.358682578497349,107,7.9869281045751634,2.188447323009287,19,44
24778,3.34375,3.1377963810662184,107,7.472972972972973,2.327620731725736,19,44
16427,3.1470588235294117,2.388512316766239,107,7.72987012987013,2.1395984421163,16,40
6563,3.8214285714285716,3.49659698509715,107,7.347593582887701,2.224504798236667,21,49
36383,3.689655172413793,2.508605877429905,107,7.193693693693693,2.2698806665975937,18,44
3764,2.5238095238095237,2.2871656251745858,106,8.764705882352942,1.7306111507599267,13,35
44911,3.212121212121212,3.0078810622842926,106,7.240223463687151,2.254421860990425,18,41
1870,3.0285714285714285,2.4069227887334423,106,7.308411214953271,2.211413903936014,15,38
20405,3.533333333333333,3.8750602516635775,106,7.957142857142857,2.017572901800249,22,50
5771,2.65,1.8612099731364449,106,7.941964285714286,2.1535719996004694,13,34
6687,3.533333333333333,3.170264139254595,106,7.5476190476190474,2.254265797485799,19,46
19668,3.925925925925926,5.993110954869676,106,7.71875,2.1694617916452925,31,61
29650,4.24,2.681417535558384,106,7.155963302752293,2.245053459425383,20,50
3797,4.24,3.5270384177096794,106,7.188622754491018,2.357733913869377,23,53
38011,3.533333333333333,2.861556525236997,106,7.7,2.157368139223251,18,45
2202,2.9166666666666665,2.600824045237531,105,7.748091603053435,2.1780143089534265,16,38
686,3.088235294117647,3.768832686886867,105,8.12290502793296,1.9332921351140078,20,45
34907,2.6923076923076925,2.1539907412429433,105,7.973684210526316,1.6682543409895387,12,34
42053,3.088235294117647,2.9477022079232094,105,7.862068965517241,2.108523200776246,17,42
2339,3.0,2.413198999619531,105,8.5,2.9387690682262932,19,44
41899,3.75,3.038335314194515,105,7.25,2.1378986615419593,19,46
1836,3.5,2.285637313974919,105,7.705521472392638,2.4818663709349997,18,45
18768,4.2,5.155902766086006,105,8.446153846153846,2.007974560748468,28,64
37217,3.888888888888889,3.0676141234282395,105,8.034883720930232,1.8752108864533208,19,50
8149,3.3870967741935485,2.8481270963545935,105,7.644295302013423,2.328071425205026,18,44
11745,4.333333333333333,2.929114225312413,104,8.1,2.047417688679863,20,55
19215,3.466666666666667,2.556038601690775,104,7.928571428571429,2.142343542558415,17,45
36138,3.25,2.396233603777179,104,6.771428571428571,2.24687498650213,16,38
17167,3.586206896551724,3.630399834131913,104,7.433179723502304,2.0290495699624347,20,47
8664,3.1515151515151514,2.61152747593736,104,7.545454545454546,2.1107024743115588,16,40
16315,2.9714285714285715,2.202748474142278,104,7.133333333333334,2.2723636072680713,15,36
25966,3.7142857142857144,3.567934799034132,104,6.886363636363637,2.240852763487151,21,46
17202,3.0588235294117645,2.9535923322090563,104,7.604395604395604,2.1337453814523775,17,40
25918,4.521739130434782,4.357538558921782,104,7.887096774193548,2.12791623394295,26,61
21076,4.0,4.049691346263318,104,7.133333333333334,2.244937324235042,23,52
5014,3.466666666666667,2.7384029240987604,104,6.462809917355372,2.2137499193075443,17,40
3176,3.0294117647058822,2.6797251568437077,103,7.788819875776397,2.1892062999184163,16,40
3518,4.291666666666667,3.9505549050697946,103,8.857142857142858,2.3532562814216433,26,64
4320,3.3225806451612905,2.914184811963642,103,7.6103896103896105,2.1861622504216327,18,43
25704,2.942857142857143,2.5889227505669923,103,7.742063492063492,1.8769243797837984,15,38
8741,4.291666666666667,2.9558956071856985,103,7.926229508196721,2.201307022668054,21,55
1065,2.5121951219512195,2.6088498540497893,103,6.816901408450704,1.5884391184423747,13,30
44761,3.6785714285714284,3.4324548113188658,103,7.72093023255814,2.061702111139055,20,49
6358,3.433333333333333,3.6453402786470344,103,7.364161849710983,2.29769576622265,21,46
2767,2.942857142857143,2.113581531608445,103,7.785714285714286,2.1068104581923044,14,37
38822,3.3225806451612905,2.5480331862594663,103,8.48076923076923,1.9752426965836984,16,45
16540,3.21875,3.087272258807117,103,7.255,2.346809017115383,19,42
26551,2.7837837837837838,1.548029843509613,103,7.225,2.215094039540991,12,32
17458,3.433333333333333,2.528231402183848,103,7.17037037037037,2.35169275566048,17,42
3107,2.7567567567567566,2.92883561813873,102,7.909090909090909,2.2973916293821546,17,39
43379,3.7777777777777777,2.621410855206576,102,7.552238805970149,2.404779589665911,19,48
8395,3.4,5.775095162673169,102,7.6,2.328566559543064,29,55
15146,4.25,3.124239037784624,102,7.791666666666667,2.194312814072663,21,54
4628,3.642857142857143,3.357846374557996,102,6.989473684210527,2.161041596979239,20,45
18865,3.090909090909091,2.776729600218083,102,7.4033613445378155,2.1005218388396356,16,39
2609,3.4,2.415467399618693,102,8.100456621004566,2.1522230392606416,17,44
44217,3.5172413793103448,3.042798167748754,102,7.467889908256881,2.066347678515967,18,44
3377,3.090909090909091,1.9261950245827326,102,7.4188481675392675,2.1404526655984895,14,37
33684,3.0,1.9694638556693238,102,7.401315789473684,2.0787791514597567,14,36
598,2.8333333333333335,2.6349301969610397,102,8.092436974789916,2.243603323948209,16,39
5371,3.923076923076923,7.807294419569827,102,8.666666666666666,1.5275252316519465,39,73
41412,3.607142857142857,4.3829576156195555,101,8.509803921568627,2.0135437360569477,24,55
24558,4.590909090909091,5.577668832979384,101,8.515151515151516,1.8221075043958732,30,69
25915,3.8846153846153846,3.1915754489207746,101,9.333333333333334,2.081665999466133,21,57
17471,3.3666666666666667,3.5182610647222052,101,7.46078431372549,2.3236688667974574,20,46
18778,3.4827586206896552,2.6406261386157808,101,7.2317073170731705,2.4710610530891275,18,44
25375,3.740740740740741,3.6856540239210713,101,7.975,2.272426907654658,22,52
14415,7.214285714285714,5.116768382614039,101,8.69281045751634,2.0909612677062714,35,98
27528,5.05,5.394685493978992,101,7.709677419354839,2.194759792547826,31,70
13731,3.607142857142857,2.7800784123538635,101,7.378109452736318,2.0799803864364197,18,44
1890,2.9705882352941178,2.380288932266316,101,7.658064516129032,2.234437404648239,15,38
17209,3.4827586206896552,3.5012313105042305,101,7.359550561797753,2.370496644411136,21,46
41990,4.166666666666667,3.0880789957606285,100,7.912280701754386,2.16390912863027,21,54
25581,3.4482758620689653,3.728138245602639,100,7.225806451612903,2.2117156996816294,21,46
2740,7.6923076923076925,18.843144710055764,100,8.72,1.9901799734020569,95,162
22938,3.5714285714285716,2.807774542871611,100,7.769911504424779,2.4127964272274336,19,47
1781,5.2631578947368425,12.635233389495326,100,7.955882352941177,2.1401201216768944,62,104
2590,2.380952380952381,1.4642467630297062,100,7.390845070422535,2.0878380767121896,11,28
39491,3.0,1.8371173070873836,99,8.006666666666666,2.49427980935135,15,39
4317,2.911764705882353,2.137226283149083,99,8.004347826086956,1.9231929102905296,14,37
5560,3.3,2.3363691253000183,99,7.668384879725086,2.073933909732818,16,41
5702,3.09375,2.6683252570515754,99,7.963800904977376,2.095135499241277,16,41
21627,3.09375,2.1902919970310046,99,7.320610687022901,2.2438537439397876,15,38
7902,6.1875,8.51836251870041,99,8.0,0.0,40,89
25187,4.5,6.609877169091434,99,7.875,1.8850918886280927,34,69
22475,4.304347826086956,6.85190605603948,99,10.2,1.9235384061671343,39,83
44292,3.96,3.155418619877031,99,7.481481481481482,2.4778702095458502,22,51
3365,2.6052631578947367,2.0206966110084683,99,8.849056603773585,1.965042829980424,13,36
22531,4.125,9.190318630044288,99,7.2,2.1019868277068747,43,73
41912,3.5,3.0731814857642954,98,7.305882352941176,2.1986117341229146,19,44
162,2.8823529411764706,2.114376559483697,98,8.0625,2.26093832407325,15,38
16460,3.2666666666666666,3.2369987518595416,98,8.142857142857142,1.8594507080903773,18,45
3918,2.8823529411764706,1.7712297710801908,98,7.038327526132404,2.0057421042733905,12,33
33213,19.6,17.686152775547317,98,6.636363636363637,2.3410509350544855,107,237
8443,2.8,2.311098541946716,98,7.814285714285714,2.538359947196632,16,38
23423,3.161290322580645,1.881431621461848,98,8.037037037037036,2.214557010627488,15,40
23943,5.764705882352941,5.911106196862669,98,7.4714285714285715,2.393962384963707,35,78
16400,3.3793103448275863,3.5397113795119375,98,7.543478260869565,2.0457033153581365,20,45
43784,3.6296296296296298,3.8043310151634375,98,7.818181818181818,2.0708455408162374,21,50
13793,2.7222222222222223,2.6034165586355513,98,7.808421052631579,2.1006159011377625,15,37
2960,3.2666666666666666,2.362542951017462,98,6.868131868131868,2.139906494620534,15,38
22389,3.5925925925925926,3.016101141683763,97,7.918367346938775,2.2183558013995857,19,48
27799,3.730769230769231,3.317320512795739,97,8.067415730337078,1.9644439000816303,20,50
14130,4.217391304347826,5.1430139884483586,97,7.503597122302159,2.432789597934384,29,60
25337,3.3448275862068964,3.05047844103377,97,7.037037037037037,2.4413344629759273,19,43
2880,3.03125,3.805635676628256,97,8.6,1.8484227510682365,21,47
21573,3.730769230769231,1.9709427654336857,97,7.684684684684685,2.0971084681712795,16,44
36370,4.217391304347826,3.515634195200974,97,7.75,1.7525491637693282,20,53
541,8.083333333333334,5.177895910561167,97,6.916666666666667,2.2923073304415933,38,94
31347,3.4642857142857144,5.073402998916801,97,7.495238095238095,1.9666635624238242,26,51
3395,2.9393939393939394,2.79440729336511,97,7.205882352941177,1.9034165735346582,15,37
6472,10.777777777777779,3.6666666666666665,97,8.724137931034482,1.8302332350225967,37,131
16380,5.705882352941177,6.898955590181322,97,7.758064516129032,2.7501742649462613,41,85
45392,3.6923076923076925,2.604138717798739,96,7.241758241758242,2.315842344186185,18,45
45240,3.5555555555555554,2.3588350014578308,96,8.487603305785123,2.133524870878154,17,47
5954,96.0,0.0,96,8.5,0.7071067811865476,112,928
14962,96.0,0.0,96,7.777777777777778,2.4888640871780128,394,1141
43788,2.823529411764706,2.235669355876603,96,7.58421052631579,2.2040758679398134,14,36
6990,2.742857142857143,1.8042899392486649,96,6.707692307692308,2.3961106305523856,13,32
43224,3.0,4.242640687119285,96,6.9245283018867925,2.309987039832461,22,42
33879,3.5555555555555554,2.8465003254108545,96,7.858333333333333,2.3381952148494998,19,47
14329,2.526315789473684,1.8561343454590251,96,7.896907216494846,2.069040317406006,12,32
190,48.0,33.94112549695428,96,8.88888888888889,2.3154073315749675,248,675
46551,4.173913043478261,5.407504666606178,96,7.733333333333333,2.3144897375227313,29,62
759,2.526315789473684,1.9275645199740716,96,8.379310344827585,1.9898233401269987,12,34
22014,3.0,3.1622776601683795,96,7.451923076923077,2.185032081665825,18,40
5633,3.310344827586207,4.59116736070361,96,8.607476635514018,2.140168435206146,25,54
19376,2.878787878787879,3.228366225329537,95,7.625,2.3989581071790327,19,41
3414,3.6538461538461537,1.787563877287918,95,7.620738941712323,2.2088896522065657,16,43
20400,3.392857142857143,3.5832871905482384,95,8.0,2.1010507881568254,20,48
31581,3.5185185185185186,2.4237664645431236,95,8.042372881355933,2.2164654537425936,17,45
27176,3.064516129032258,1.8785718666222264,95,7.464174454828661,2.272002149970463,14,37
15264,3.1666666666666665,2.422357548330556,95,7.818840579710145,2.3154054279040515,16,41
23249,3.8,3.3166247903554,95,7.921052631578948,1.9166857359844662,20,50
25963,3.5185185185185186,3.0302369845172477,95,7.982456140350878,2.0950107446462423,19,47
10606,2.878787878787879,2.2604973976646123,95,7.530612244897959,2.1025980042192893,14,36
43129,3.1666666666666665,2.24504563095218,95,7.298136645962733,2.1384711843303337,15,38
21735,3.9583333333333335,3.3294361275651814,95,7.7696969696969695,1.901938171984499,20,50
13225,3.5185185185185186,3.5558226395413253,95,7.126436781609195,2.030430904470784,20,45
44733,2.7142857142857144,4.1200473196270915,95,7.388888888888889,1.9926519196560304,21,41
9066,2.9375,4.0475998463446246,94,8.833333333333334,1.4719601443879742,21,47
25777,3.1333333333333333,2.687561814311836,94,8.386363636363637,2.212185167098509,17,43
14061,4.476190476190476,4.069632017996807,94,8.6875,1.990602923739438,25,64
1483,18.8,39.802009999496256,94,8.26923076923077,2.613479089806077,206,361
36268,3.76,4.841487374764082,94,7.679611650485437,2.219404584669314,26,55
18617,3.875,3.455461964962767,93,7.765625,1.9415440386373557,20,50
10715,3.206896551724138,2.2737525676546815,93,7.666666666666667,2.0717824283001978,15,40
6635,3.206896551724138,2.4695186104760753,93,7.557823129251701,2.421731667603232,17,41
14433,2.5833333333333335,2.297514184628993,93,7.604060913705584,2.1584158392316573,14,34
2047,2.5833333333333335,1.5376233980678478,93,7.949238578680203,2.2423252164802663,12,32
6481,3.4444444444444446,3.250246538972477,93,7.608695652173913,2.150358323795388,19,45
34123,4.043478260869565,5.076490026400356,93,7.595959595959596,2.203518484750371,27,58
366,3.1,3.871647604368687,93,9.5,3.5355339059327378,27,56
7371,3.576923076923077,2.3861781479692907,93,7.742424242424242,1.9870620151953604,16,44
3733,2.8181818181818183,2.493172495217507,93,8.3033381712627,1.9889236608748788,15,38
29810,3.206896551724138,1.9708466336074886,93,7.663793103448276,2.210425752880088,15,39
3943,4.2272727272727275,4.385385015206958,93,7.142857142857143,2.0854750895674465,24,54
19282,3.3214285714285716,2.749458821208968,93,7.5588235294117645,2.1598199843017936,17,42
23452,3.72,4.257542327055206,93,7.944444444444445,2.06164769936736,23,53
16727,2.5833333333333335,1.8727367292662513,93,7.885416666666667,2.3072872732721232,13,33
45876,3.875,3.41750608281638,93,7.421052631578948,2.1761714740420826,21,49
8877,3.206896551724138,2.0420457240023437,93,7.531914893617022,1.6920667042790836,13,37
35318,2.967741935483871,2.6768622298970604,92,7.179245283018868,2.1900083488047897,16,37
3409,2.4210526315789473,1.9120044519252763,92,8.638235294117647,1.8834028555130686,12,33
20439,4.0,3.2333489534143163,92,7.0,1.0,16,44
38416,3.68,3.944616584663204,92,7.810185185185185,2.2027652733025986,23,51
25496,4.842105263157895,4.775669329409193,92,8.222222222222221,1.201850425154663,25,64
13933,6.571428571428571,4.380275469284231,92,7.631147540983607,2.1686157222941977,31,81
25201,4.842105263157895,5.1127635264300055,92,6.473684210526316,1.4286131990551605,24,56
26391,3.2857142857142856,2.865595960989652,92,8.175675675675675,2.185619927781427,18,45
2570,3.4074074074074074,2.678393020784884,92,7.270769230769231,2.0579357898388646,17,41
17350,2.967741935483871,3.5259407346857277,92,7.009708737864078,2.2816194181406826,19,40
2302,2.7058823529411766,2.2092013058981688,92,8.243478260869566,2.18006571892378,14,37
4513,2.875,3.2503101588974945,92,7.335164835164835,2.3511545830148517,18,39
806,2.3,1.5721942856386648,92,7.598130841121495,2.437365625068645,12,29
8272,8.363636363636363,9.080448527167889,92,6.82051282051282,1.652299750934004,45,102
21326,4.181818181818182,3.14167628347191,92,7.365,2.251024334111877,21,52
2988,2.4210526315789473,1.6379218696900975,92,7.652892561983471,2.3406222242588006,12,30
12211,2.4864864864864864,2.5453838569023297,92,7.952254641909814,2.122035218110185,15,34
17001,3.25,2.689141402284655,91,7.054794520547945,2.01997257241352,16,39
13967,2.757575757575758,1.7858874374926152,91,8.666666666666666,1.9928951818080547,13,36
6240,3.1379310344827585,2.1831192940874184,91,7.693121693121693,2.219594866954301,15,39
21824,2.935483870967742,2.064549730909345,91,7.275510204081633,2.196877094679197,14,35
2171,2.935483870967742,2.1124312039443676,91,7.120833333333334,2.244002544518331,14,35
7872,3.5,3.152776554086889,91,8.145454545454545,2.264199489135029,20,48
6724,3.5,2.102379604162864,91,7.26875,2.2562892533911856,16,41
2116,3.033333333333333,2.906394060822037,91,8.635379061371841,1.952491241419755,17,43
6102,2.6,1.4389538683690029,91,9.228571428571428,2.2503034342546973,12,36
44854,3.3333333333333335,4.206222496766866,90,7.991228070175438,2.092953259333272,23,49
22566,3.3333333333333335,4.1509961733021665,90,8.242424242424242,2.806580470856651,25,52
21412,4.285714285714286,7.356241276241945,90,9.384615384615385,1.8045526471705549,39,80
23974,3.75,3.3001976225411243,90,8.146788990825687,2.044983419625779,20,51
38105,11.25,8.74642784226795,90,7.8023255813953485,2.1519882322106656,57,145
3930,2.903225806451613,2.8326058522107336,90,7.928571428571429,2.371568810795636,17,40
24398,2.8125,1.9746375739327704,90,7.934782608695652,2.5540502108796175,15,37
2800,2.8125,2.5328487085977245,90,6.742647058823529,2.338078741282194,15,34
34219,3.4615384615384617,3.2401329507385244,90,7.705882352941177,2.089996140477357,19,46
33265,3.2962962962962963,2.4932958541906367,89,7.8,2.2082097898955344,17,42
16725,3.423076923076923,3.151800462251085,89,7.971698113207547,2.021114954765651,19,46
18096,3.423076923076923,3.0876926909662097,89,7.497695852534562,1.953449996428763,18,43
11153,5.933333333333334,3.7884536360342262,89,7.7,2.22661881005735,28,74
46783,3.0689655172413794,2.016557081526379,89,8.366666666666667,1.961534870355113,14,40
11154,6.846153846153846,7.220874298935389,89,7.8,2.250308620809352,42,95
18879,3.1785714285714284,3.4216475501828,89,7.8584070796460175,2.1541788982495675,19,44
6638,2.696969696969697,2.038456040807118,89,7.330024813895782,2.3987490001148295,14,34
25188,3.0689655172413794,2.4630270934470424,89,7.666666666666667,1.1547005383792515,13,36
938,2.5428571428571427,1.9302980133046987,89,7.582089552238806,1.9001535323242547,12,31
10576,2.870967741935484,2.459565483086677,89,8.116504854368932,2.206500960281074,16,39
43737,2.870967741935484,3.7214865800633223,89,7.315789473684211,2.2502823239439866,20,41
3984,2.225,1.6715952767433775,89,7.446153846153846,2.337501364829398,11,28
34138,3.423076923076923,3.4891039184647616,89,7.205882352941177,2.0628832418570564,19,44
3998,2.3157894736842106,1.8903061836629298,88,7.769230769230769,2.428389333741541,13,31
4979,2.4444444444444446,2.260776661041756,88,9.339901477832512,1.676197367259508,13,36
7849,3.52,3.2031234756093934,88,7.982494529540482,2.34981333536189,20,48
26811,14.666666666666666,14.3341085061704,88,7.6455696202531644,2.3752893194009252,87,199
4846,2.6666666666666665,1.9311050377094112,88,7.599033816425121,2.257371749911276,13,34
4073,3.8260869565217392,3.651303302969595,88,8.6,1.816590212458495,21,54
17500,2.933333333333333,2.377093753440044,88,8.235294117647058,2.015978949045514,15,39
24975,3.259259259259259,2.942952371508697,88,8.5,3.7859388972001824,25,53
24377,4.888888888888889,6.434181596011844,88,6.854166666666667,2.3788928529199795,34,67
3061,2.838709677419355,3.2465034954911967,88,8.733333333333333,2.282438128301359,19,44
4453,3.52,4.042688874169435,88,7.875,2.6958963523950885,24,52
5689,2.3157894736842106,1.802479720737514,88,7.7228260869565215,2.118896595320532,12,29
19269,3.6666666666666665,5.394575912466365,88,6.304347826086956,2.2601580174670692,26,49
37943,3.2222222222222223,2.70801280154532,87,7.774436090225564,2.20060784080005,17,42
45524,3.3461538461538463,4.723916237126207,87,7.241935483870968,2.323687599773946,25,49
46599,3.107142857142857,2.484608706271558,87,6.75,2.1922761610607227,15,36
15228,3.48,4.311998763141443,87,7.541176470588235,2.1632919203780863,23,49
2214,2.806451612903226,2.6884860031711737,87,7.47906976744186,2.090986233739763,16,37
22757,3.3461538461538463,3.261193740853894,87,7.729508196721311,2.136022739710502,19,45
25286,3.782608695652174,7.792516933449857,87,8.333333333333334,2.0150945537631877,39,71
9256,2.806451612903226,2.301004923052964,87,8.011764705882353,1.9179237139544996,14,36
39600,3.2222222222222223,3.5662233129669145,87,7.838235294117647,2.0530666294005266,20,45
2622,2.9,1.9537761845488715,87,7.188034188034188,2.255871210260262,14,35
21957,3.625,3.227766760605475,87,7.274881516587678,2.1359249942666345,19,46
6357,3.2222222222222223,3.522819383711917,87,8.014150943396226,2.1517738160195097,20,46
2438,3.0,2.3754698783308412,87,7.282442748091603,2.121861429459623,15,37
47027,2.9,1.918152847097328,87,7.964285714285714,2.091190312495953,13,37
17906,3.107142857142857,3.5521437003202543,87,7.723270440251572,2.1314758353135868,20,44
19908,3.44,2.7398296784046026,86,7.328767123287672,2.1670178851268544,17,43
5678,5.0588235294117645,8.525480838604457,86,9.3,2.3118054512532935,47,94
41629,2.9655172413793105,2.3676805802407683,86,7.042857142857143,2.2226483373376857,15,36
25264,3.5833333333333335,3.512916126261048,86,7.416666666666667,1.8319554050414562,19,46
5322,2.606060606060606,2.290461115411506,86,7.886792452830188,2.2310397094371393,14,35
1347,2.5294117647058822,1.4819171472698967,86,7.514925373134329,2.5033363440680136,12,31
45752,2.774193548387097,1.9783777431581808,86,7.595238095238095,1.8044059037586915,12,33
29461,2.9655172413793105,2.4710142310495224,86,7.661375661375661,2.1217315819868037,15,38
17985,3.44,2.001665972800324,86,7.801980198019802,2.034796314033412,15,42
5077,2.774193548387097,2.512763119480954,86,8.384615384615385,2.1922941969895025,16,39
17981,2.9655172413793105,3.1901943360049136,86,7.72972972972973,2.210171364442116,18,41
4580,2.263157894736842,1.9268264136785918,86,7.675925925925926,2.3395370726038776,12,30
515,2.8666666666666667,2.445732854463525,86,8.616326530612245,1.960610784179038,15,40
26392,3.185185185185185,3.772746775708414,86,7.35064935064935,2.1506806374667944,20,44
14191,4.3,5.06899761709406,86,7.0,2.2554282346683365,27,57
8369,2.606060606060606,2.474108348721236,86,7.5966386554621845,2.0597816559088287,14,34
17219,3.4,3.227486121839514,85,7.780487804878049,2.1083279329100937,19,45
8704,3.8636363636363638,4.003515770936656,85,7.51063829787234,2.307184497163451,23,52
32679,3.1481481481481484,2.8379801010808823,85,8.263157894736842,2.2322819505534945,18,44
1339,2.5757575757575757,1.6961408960914597,85,7.725,2.3165611790329503,13,32
14381,2.7419354838709675,3.6236973929536287,85,7.923728813559322,2.5052313800744415,20,42
20167,3.269230769230769,2.4258226201879194,85,8.11304347826087,2.134779734688551,16,43
10441,3.4,2.140872096444188,85,7.184873949579832,2.3287677200927823,16,41
44529,3.4,3.5472994422987942,85,6.930232558139535,2.085189779341121,19,43
20932,2.9310344827586206,2.603994657701874,85,7.475409836065574,2.0543170590819164,15,37
22340,3.269230769230769,3.2564728441390978,85,8.9,2.183269719175042,20,49
16179,3.4,4.839077046985992,85,7.470967741935484,2.2427652152289532,25,51
32592,2.361111111111111,1.9878599803777184,85,8.826086956521738,1.3702081432144624,11,32
4898,2.8,2.0744754218505626,84,8.054187192118226,2.437743581012129,15,37
32604,3.36,2.7970222261064235,84,7.381818181818182,2.2400803754981187,18,42
21374,14.0,4.898979485566356,84,7.321428571428571,2.326236372636208,58,161
21151,3.652173913043478,2.978845042388285,84,7.348571428571429,2.3753247120519596,20,46
23260,3.8181818181818183,4.066546020494116,84,6.0,2.8284271247461903,24,47
3159,2.625,1.8794302499736801,84,11.5,2.1213203435596424,14,44
7284,3.0,2.194268628681278,84,8.08235294117647,2.0714140828238574,15,39
23968,14.0,4.898979485566356,84,7.571428571428571,2.599450491381372,64,170
20160,3.652173913043478,3.72471714181913,84,7.461538461538462,2.2769750513818514,22,49
44729,14.0,4.898979485566356,84,7.804347826086956,1.808861707353136,47,157
42603,3.5,4.117829736539678,84,8.022222222222222,2.641357165694878,25,53
602,3.8181818181818183,5.456637405480758,84,8.063636363636364,2.2228061970156645,29,60
41974,3.230769230769231,2.4868886956627927,84,7.2473867595818815,2.2465478879452077,16,40
2899,2.896551724137931,2.4252367717430765,84,7.580645161290323,2.5386869876483065,16,38
1019,3.074074074074074,2.615426512149756,83,9.59016393442623,1.9525799102753583,17,46
2382,2.6774193548387095,2.9708258871251445,83,8.3125,2.235166155330624,17,39
4779,2.9642857142857144,2.027261295390498,83,7.758196721311475,2.1341179176053866,14,37
2112,2.8620689655172415,2.150151787516315,83,7.526315789473684,2.1951568167883577,14,36
24782,5.1875,5.344389581607987,83,7.611111111111111,2.476688702300831,32,72
19244,3.1923076923076925,2.3154996138065886,83,7.62,2.3731664905604903,16,41
38473,2.8620689655172415,3.159160579410686,83,8.025974025974026,1.932914529477142,17,40
17020,3.1923076923076925,3.18771681012264,83,7.377358490566038,2.3957206647746823,19,43
43873,3.1923076923076925,2.713215520657815,83,7.801369863013699,2.3653238110718435,18,43
8409,2.2432432432432434,1.2339053944782488,83,7.216666666666667,2.3197483684652522,10,26
15314,4.882352941176471,8.608733595462638,83,7.538461538461538,2.2029242565416878,43,80
23969,3.1923076923076925,2.993582880352315,83,8.083333333333334,2.6097137890209456,20,45
16971,2.2777777777777777,1.5420044674960502,82,8.223214285714286,2.0121693793827626,11,29
38528,2.9285714285714284,3.2990298397556033,82,7.6796875,2.2128244457161657,18,41
13603,2.7333333333333334,1.818171368830997,82,8.109677419354838,2.269411909448469,13,35
19798,3.727272727272727,5.20239704991219,82,9.25,2.5,30,65
39681,6.833333333333333,12.006311471535094,82,7.893939393939394,2.260896948481954,61,115
21617,3.1538461538461537,2.148344622118299,82,8.5,3.5355339059327378,21,48
35590,3.037037037037037,2.90200834279511,82,8.30188679245283,2.2324952033747882,18,43
3925,2.6451612903225805,2.4839268252342457,82,7.597510373443983,2.0836251524527163,15,35
46189,3.6818181818181817,3.577527260371512,81,7.4935064935064934,2.320522721417564,21,49
33035,3.0,2.8823067684915684,81,8.044444444444444,1.7831988054611239,16,40
23155,2.892857142857143,2.793368943213562,81,7.473684210526316,2.2230112970536453,16,38
2979,2.53125,2.214095242290964,81,7.596153846153846,2.2476249591430175,14,33
3065,4.05,2.9285347512832565,81,7.0,2.2088896522065657,20,48
37158,2.892857142857143,2.0609110842912406,81,8.084745762711865,2.127716402489155,14,37
877,2.3142857142857145,1.3009369603443188,81,7.88659793814433,2.290725361192906,11,29
24967,3.0,2.557041559783794,81,7.4375,2.337199178504049,16,39
8848,3.0,3.6584990617212663,81,8.396694214876034,3.210605703090348,24,49
3530,3.0,2.496150883013531,81,8.7,2.359378449224852,17,43
20404,3.24,3.9924929555354263,81,8.26984126984127,2.0494401218645146,22,49
2182,2.892857142857143,1.7917358790618279,81,7.904761904761905,1.9881168966421612,13,35
38476,3.24,2.6658332030842944,81,7.958333333333333,1.7935263295189927,16,41
17957,3.375,1.9518664423304306,81,6.9411764705882355,1.9433143307852423,14,37
17188,13.5,7.035623639735144,81,6.8088235294117645,2.3002748242114013,60,151
17297,3.0,2.616515592568454,81,7.9071428571428575,2.121816883220567,16,40
24303,3.6818181818181817,5.0557498020181,81,7.753246753246753,2.2246663693508775,27,55
3539,3.24,2.665833203084294,81,9.0,1.4142135623730951,15,44
27801,2.7,1.9502431324996554,81,7.102325581395349,2.1807878594429893,13,32
15584,2.857142857142857,2.336732218359104,80,7.035714285714286,2.1822780900558163,15,35
8128,2.5806451612903225,2.66801041412744,80,7.269709543568465,2.1442450882809254,15,34
16891,2.962962962962963,2.1569472994075802,80,7.965811965811966,2.2047426307364355,15,38
15139,2.1621621621621623,2.327534622173732,80,7.658536585365853,2.1059047117794805,13,30
11003,3.6363636363636362,2.646569289538629,80,8.418604651162791,1.7352447081379352,16,47
26632,2.7586206896551726,2.098556858104995,80,7.86,2.0801295093119094,14,35
18134,3.3333333333333335,3.5590260840104366,80,7.507042253521127,1.8660365900303217,19,44
24646,3.6363636363636362,3.4852813583964997,80,9.666666666666666,2.0816659994661326,22,57
41981,3.076923076923077,2.189485362784176,80,8.8,1.9346465162548798,15,42
3947,2.6666666666666665,2.36837399966704,80,7.3879598662207355,2.035751477690926,14,34
43832,2.6666666666666665,2.844636008875038,80,8.25,2.2644336100817983,17,39
11227,3.4782608695652173,3.1890375467072034,80,7.745098039215686,1.9885129251929652,19,46
2024,2.925925925925926,2.9990501820246345,79,9.5,1.2909944487358056,16,44
17235,3.761904761904762,2.8443762392616403,79,7.7898550724637685,1.9083102876694806,18,47
8688,3.16,2.173323108360405,79,7.240223463687151,2.012140666589439,14,37
42640,2.6333333333333333,3.2851109605291122,79,6.9743589743589745,2.0324625909314453,17,35
5188,2.6333333333333333,1.8473342085721571,79,7.421052631578948,2.354619485762479,13,33
1013,2.925925925925926,5.1210420057905415,79,7.863636363636363,2.0769816594887915,26,49
659,2.7241379310344827,3.7597164760518273,79,7.3544303797468356,2.4808909415128717,20,40
12963,3.16,2.4097026095903757,79,6.603448275862069,2.175942265523539,15,36
12191,3.0384615384615383,2.9729550179007984,79,7.241935483870968,2.351737996105606,18,40
39517,3.2916666666666665,3.1412980793277803,79,7.866412213740458,2.209630980686166,19,45
2631,2.393939393939394,1.9675396110909993,79,7.6415929203539825,2.1704777011818,12,31
13956,2.8214285714285716,2.4502996253454907,79,7.456310679611651,2.261253769132124,15,36
2554,2.8214285714285716,4.876653158852497,79,7.191616766467066,2.147944188704511,24,44
3481,2.6333333333333333,1.8285727114117007,79,8.378787878787879,2.013532307739897,12,34
10021,3.16,1.841195263952197,79,7.266666666666667,1.8557149999176976,13,36
8444,2.5483870967741935,1.7095556864756678,79,7.109090909090909,2.159593461427044,12,30
19360,2.8214285714285716,2.969643592888391,79,8.368421052631579,2.049665294517344,17,41
1021,3.4347826086956523,5.930093414537274,79,8.526315789473685,1.3485968449808852,30,59
2602,2.7857142857142856,2.061231973523904,78,7.248945147679325,2.1076055136613587,13,34
12116,2.0526315789473686,1.7698277274700396,78,8.39607843137255,2.393393201596085,12,29
2821,2.689655172413793,1.9839255508040126,78,7.7844311377245505,2.488817787961828,14,35
14194,3.25,5.350741517080478,78,7.510204081632653,2.246501437231455,27,51
39774,3.7142857142857144,3.422613871631697,78,7.64,2.7386873065878303,23,51
6547,3.0,2.7568097504180447,78,7.25,2.0934493355421635,16,38
28946,2.888888888888889,2.6360420991930207,78,8.0,1.8652524404666166,15,38
24497,2.4375,1.6251550794487477,78,8.512195121951219,1.7432109700795024,11,31
41062,3.25,2.231201664925252,78,8.170731707317072,2.095290887308734,15,42
753,2.6,4.59084546341581,78,8.224489795918368,2.3221506750481895,24,45
17349,2.0526315789473686,1.250888731004559,78,7.208333333333333,2.566414735353103,10,25
31561,3.5454545454545454,4.0441288746747865,78,7.243243243243243,2.1695957000478336,22,48
2235,2.6,1.753813578737922,78,8.292553191489361,2.243123269573727,13,34
23079,39.0,46.66904755831214,78,7.714285714285714,1.7994708216848745,243,544
45831,2.888888888888889,2.258885588639695,78,8.064220183486238,1.9733184560146686,14,37
21784,3.6666666666666665,2.955221367906867,77,7.729166666666667,2.1050273990799244,19,47
10931,3.2083333333333335,3.2165221113422526,77,8.0,2.2391289891689996,19,45
31573,3.347826086956522,2.5692003646726334,77,7.375,2.2207158637179183,17,42
20152,2.6551724137931036,3.10846611311024,77,7.361702127659575,2.2080262541939417,17,36
25497,3.85,3.313052337267506,77,8.6,0.8944271909999157,17,50
6186,3.5,2.874352929252906,77,7.651685393258427,2.1325460860175482,18,45
43359,3.5,4.067876478903833,77,7.908045977011494,2.228943768569079,23,51
25005,3.6666666666666665,4.871686908385362,77,7.958333333333333,2.223038777990771,26,56
28039,5.133333333333334,3.6619016657365075,77,7.217741935483871,2.314888130085876,25,63
29489,3.08,1.9561867668161612,77,7.64935064935065,2.175015025757135,14,38
4450,2.4838709677419355,1.895098374613404,77,7.782608695652174,2.186509769502375,13,32
38406,3.08,2.6127890589687235,77,7.266304347826087,2.266350532787753,16,39
3941,2.566666666666667,2.1605129233480698,77,7.386075949367089,2.1848484724799877,13,32
6881,2.8518518518518516,5.933631030657131,77,8.780821917808218,2.249978860039367,31,56
12270,3.85,8.64063228680572,77,7.432835820895522,2.219014755273328,41,70
28983,3.04,1.9891371663780923,76,7.640625,2.155592118410248,14,37
19581,3.1666666666666665,2.4788964351565563,76,7.760416666666667,2.1163264680332867,16,40
3086,2.7142857142857144,2.9168367297359152,76,7.467153284671533,2.2132123047088803,16,37
25716,3.04,2.440628334398064,76,7.889908256880734,2.1052819356424224,15,39
37126,3.3043478260869565,3.0366665726611783,76,8.049504950495049,2.089862376443781,18,45
2199,2.6206896551724137,3.028599312075377,76,8.387218045112782,1.9378226853414866,17,39
7868,2.4516129032258065,2.419899580250103,76,7.472636815920398,2.4146423156314083,15,33
8801,2.375,2.2965612442055834,76,6.5,0.7071067811865476,10,25
16568,2.923076923076923,3.5768486344610886,76,7.074468085106383,2.450540259511485,20,40
6505,3.04,2.6217042802980917,76,10.0,4.242640687119285,25,56
1964,2.111111111111111,1.7200959736974442,76,7.326829268292683,2.3316896581415514,11,27
19382,3.04,2.6689573494781316,76,7.679611650485437,2.3440102733203974,17,40
41787,3.04,3.2465366161495854,76,8.16030534351145,2.2112189255741694,19,44
42601,4.470588235294118,3.590223653528139,76,8.279069767441861,2.0508486210457324,23,60
28122,3.5714285714285716,3.249175719646886,75,7.6438356164383565,2.341473082233695,20,48
2852,2.5,2.417607823077783,75,7.423076923076923,2.046993587051841,14,32
17340,3.0,1.4433756729740643,75,7.375,2.0467297242436686,12,34
19669,4.6875,4.714781719938545,75,7.75,1.4832396974191324,25,61
44916,2.272727272727273,1.6254370041762474,75,6.915966386554622,2.0813124604879962,11,26
4334,2.272727272727273,1.5466238891680986,75,7.7318181818181815,2.290717094486756,11,29
3533,2.2058823529411766,1.533058178830518,75,7.23444976076555,2.218271981792194,11,27
33706,3.75,6.45531197012034,75,7.261904761904762,2.1646779043850537,32,59
23951,3.75,7.792540292518628,75,8.0,2.449489742783178,39,69
41416,2.8846153846153846,2.7903680485114943,75,8.076923076923077,2.30018811939706,17,40
29192,2.8846153846153846,2.405442546841193,75,7.666666666666667,2.388645579743404,16,38
9219,3.0,2.7838821814150108,75,7.620738941712323,2.2088896522065657,17,40
42953,2.8846153846153846,2.3550273557124224,75,8.084905660377359,2.217325392398955,15,39
10051,3.409090909090909,3.36167604043962,75,8.424460431654676,2.0641116180995938,20,49
889,2.4193548387096775,1.9282840998910074,75,7.545454545454546,2.572861680090942,13,32
27514,3.260869565217391,2.7833497037064046,75,7.841176470588235,1.9921618074089043,17,42
18664,5.357142857142857,6.593786619084817,75,7.513888888888889,2.4780333840102258,37,77
21992,3.3636363636363638,2.6645012853378587,74,7.166666666666667,2.2896340848319503,17,41
23522,5.285714285714286,5.539072005428227,74,7.548148148148148,2.2508768007206847,32,72
24244,9.25,12.90348790056394,74,8.714285714285714,1.6035674514745466,67,148
40424,18.5,11.0,74,8.875,1.7268882005337975,76,240
25158,2.740740740740741,3.0708629780892918,74,8.75,2.1794494717703365,18,42
13143,3.0833333333333335,3.5985101587071893,74,7.7317073170731705,2.4024344576846652,21,44
8059,2.3870967741935485,1.3336021234445878,74,7.972027972027972,1.9998030041856831,10,29
20781,2.740740740740741,3.2768722492480142,74,8.217391304347826,2.107268305210546,18,41
3640,2.8461538461538463,3.002563007729332,74,7.314516129032258,2.0769291231851783,17,37
35972,4.933333333333334,5.66274374015518,74,7.354838709677419,2.2839193677704555,31,68
24097,8.222222222222221,15.690584579436308,74,7.35,2.1785669248737447,76,137
23420,3.0833333333333335,2.7173623186859883,74,7.857142857142857,2.0902961462659007,16,41
6042,2.0555555555555554,1.3297571087435358,74,8.84,1.8990867837581555,9,27
3233,2.3870967741935485,2.092485274417938,74,7.314432989690721,2.066033705603184,12,30
17535,2.3870967741935485,1.605769168858312,74,7.482142857142857,2.100974217855294,11,29
4845,2.96,2.071231517720798,74,7.952755905511811,2.2567650246432267,15,38
25125,2.96,2.009975124224178,74,7.898305084745763,2.2203019372266817,14,38
4677,2.96,2.2634781495153278,74,7.763005780346821,2.3566867225208212,16,38
942,3.4761904761904763,7.284360285015064,73,7.220994475138122,2.1540146251882466,35,60
2593,2.212121212121212,1.6725275737184377,73,7.763636363636364,2.266336301948133,11,28
34752,2.607142857142857,1.52362350055011,73,7.485714285714286,2.1218383072698543,11,31
2466,2.92,2.4819347291981715,73,7.378947368421053,2.307153295077655,16,37
37541,3.0416666666666665,1.9886453039512946,73,7.640449438202247,1.68716539451151,12,36
10175,2.92,2.78268455512538,73,7.564356435643564,2.2865512965344044,17,39
26885,2.5172413793103448,2.8109567468234573,73,8.295698924731182,1.9125991359429315,16,36
8543,2.607142857142857,2.6011291809275865,73,6.2592592592592595,2.030395804395567,14,30
7629,2.3548387096774195,2.6273990573286756,73,7.0,2.14350054690793,14,31
13618,2.7037037037037037,2.569268300730697,73,7.115384615384615,2.119295048151682,15,34
8231,2.085714285714286,2.240948178672545,73,8.203252032520325,2.2111382223328233,13,30
15230,3.0416666666666665,2.5619144788812624,73,7.96875,2.2180267936034626,16,41
8366,2.4,1.9226418606016906,72,7.241935483870968,1.8348670731410774,11,29
23949,3.6,7.748684098810449,72,7.166666666666667,1.992409839791244,36,62
44818,2.88,1.7397317800933185,72,7.675675675675675,1.6841426116384373,11,33
175,2.4827586206896552,1.882640426467428,72,7.062992125984252,2.088319866547477,12,29
15979,2.4827586206896552,1.7242118210767743,72,6.966101694915254,2.487343014467654,13,30
4147,2.5714285714285716,1.708986518564415,72,7.8076923076923075,3.8401310309469423,18,38
38103,9.0,3.2071349029490928,72,8.317460317460318,2.3950580626364566,39,114
10227,2.88,2.8478061731796283,72,8.276315789473685,2.010629647385955,17,40
15529,72.0,0.0,72,7.620738941712323,2.2088896522065657,262,811
24033,14.4,5.366563145999495,72,7.7894736842105265,2.320228145380652,60,173
22170,2.5714285714285716,2.394879900005371,72,7.245901639344262,2.070875319801734,14,32
24075,72.0,0.0,72,7.909090909090909,1.7002673586554238,202,771
6115,2.4827586206896552,1.9932150922419003,72,8.275675675675675,1.8281324227505058,12,33
5603,4.235294117647059,8.058608842138216,72,7.666666666666667,2.0816659994661326,40,72
28038,24.0,0.0,72,7.764705882352941,2.6346112560657287,104,291
19635,2.4827586206896552,1.9932150922419003,72,6.943661971830986,2.0625041918133125,12,29
25043,4.8,7.330951994308593,72,7.244186046511628,1.9878220213361388,36,71
1657,2.6666666666666665,1.797434068545834,72,6.829113924050633,2.4159581922994118,13,31
33587,2.4827586206896552,1.844309581527005,72,8.036764705882353,1.8475532899057052,11,31
14719,2.88,2.2788886180182946,72,7.333333333333333,1.4928400545843572,12,34
24458,4.8,5.906412979610746,72,7.6,2.1955270399270534,32,68
5641,2.730769230769231,2.4909065387154503,71,7.853448275862069,2.360008512677453,16,37
1228,2.3666666666666667,1.7904600320690716,71,8.004032258064516,2.175494701748496,12,31
17990,3.736842105263158,2.7455439708564917,71,7.27536231884058,2.6058986141795266,20,47
4389,2.4482758620689653,1.4537195371222185,71,8.325443786982248,2.0803797039471177,11,31
19451,2.21875,1.7548894827806663,71,7.328467153284672,2.3486838900663662,12,28
2994,2.5357142857142856,1.4005856673692658,71,7.88622754491018,2.0400187858709993,11,31
13895,3.736842105263158,4.919825033735763,71,7.684782608695652,2.1479831983406106,26,55
3204,2.6296296296296298,2.2727169126933,71,7.029411764705882,2.0268293648740308,13,32
20406,3.380952380952381,5.103686809319225,71,8.1,2.434865792722758,28,55
13487,2.9583333333333335,3.12742659409446,71,7.925,2.2376241921548075,18,42
2737,2.4482758620689653,2.097382840190394,71,8.079754601226995,2.2249472045117167,13,33
861,3.380952380952381,3.2322776872693115,71,6.920454545454546,2.3005326265293933,19,42
3923,2.3666666666666667,2.7478309104898866,71,7.611111111111111,2.0955058940644045,15,33
44838,2.6923076923076925,1.6677944901990958,70,7.666666666666667,2.277425447005163,13,33
1848,1.75,1.1712364713391021,70,7.403225806451613,1.995614197286517,8,21
8401,2.3333333333333335,1.7875688235283624,70,8.2,2.2667366935961573,12,31
42118,3.0434782608695654,3.2400653875215264,70,7.942857142857143,2.1861601190792475,19,43
31345,5.384615384615385,8.500377065543049,70,6.8,1.6072751268321592,39,76
28497,2.121212121212121,1.6155025486976136,70,7.708333333333333,2.273159369935764,11,27
7211,2.5,2.2852182001336816,70,7.448275862068965,2.5577083338766884,15,33
6344,3.0434782608695654,1.9651107040193396,70,7.447619047619048,2.0984470099289747,14,36
36573,2.9166666666666665,2.165272684236664,70,7.529411764705882,2.045348295779195,14,36
21144,2.9166666666666665,2.4122273068079934,70,7.657534246575342,1.8724551476766762,14,37
6227,2.121212121212121,1.1390120652778375,70,7.316091954022989,2.1552663589915717,9,25
16537,2.6923076923076925,1.87123981935466,70,7.245901639344262,2.134289403251256,13,32
44413,3.888888888888889,3.9539836782799918,70,7.620738941712323,2.2088896522065657,23,53
3296,2.5925925925925926,2.308167092659309,70,7.515151515151516,2.188122205883115,14,34
45632,2.413793103448276,1.1185846088220575,70,7.7368421052631575,2.3189502720783963,11,29
2772,2.2580645161290325,1.7120697403140228,70,7.304347826086956,2.128964564894653,11,28
20905,2.5,1.644294287438749,70,8.447368421052632,2.0681375637167223,12,33
5070,2.1875,1.4466312368685637,70,7.170984455958549,2.1156134760313514,10,26
21341,2.8,1.9790570145063195,70,8.4,1.9039432764659765,13,36
23406,2.2580645161290325,1.2640607035920353,70,7.741379310344827,2.0689030475326664,10,27
23101,6.2727272727272725,9.413723058290053,69,9.0,2.2088896522065657,52,108
43877,2.76,2.5212430796467573,69,7.560209424083769,2.290779678375484,15,36
25621,3.2857142857142856,2.194148061158525,69,7.5588235294117645,2.3119082564185494,16,41
2242,3.0,1.8586407545691703,69,8.0,2.8284271247461903,16,40
25126,2.3,1.417866293973521,69,7.972027972027972,2.2795602984219636,11,29
33075,3.0,3.0151134457776365,69,7.541666666666667,2.2599763266899235,18,40
11480,4.3125,9.645162863667293,69,7.7272727272727275,1.872240746341708,46,80
13636,3.1363636363636362,2.9162182710368243,69,6.934782608695652,2.3803423330587052,18,39
2664,2.5555555555555554,1.671787006431081,69,8.529411764705882,2.6953118339726374,14,36
18337,2.3793103448275863,2.5831015839690563,69,7.255813953488372,2.226389595562564,14,32
42886,3.8333333333333335,3.3998269852173015,69,7.816666666666666,2.1272379375466803,21,51
28606,3.2857142857142856,2.5911938781738653,69,7.64,2.212136611309702,17,42
5929,3.2857142857142856,2.4319304501333323,69,7.414233576642336,2.1931291153184276,16,41
19127,2.5555555555555554,2.0254787341673333,69,7.445652173913044,2.2598460048418376,13,32
35490,3.45,5.7626291514240355,69,7.745454545454545,2.127580627520219,29,56
6783,2.4285714285714284,1.7517942427074784,68,8.057471264367816,2.1585757677447632,12,31
30735,3.090909090909091,3.1306334504163527,68,7.362229102167182,2.2489605570353484,18,41
39437,3.5789473684210527,4.646573283060733,68,7.774834437086093,2.389343523314758,26,53
16378,2.9565217391304346,3.4308528077057305,68,8.4,1.7290094517412349,18,43
2591,2.193548387096774,1.6210974644503369,68,7.719858156028369,2.3688884988581065,11,28
38690,2.6153846153846154,1.9199358963657733,68,7.729508196721311,2.1591124793024017,13,33
23384,3.7777777777777777,5.995641118204179,68,9.0,0.0,30,64
3722,4.857142857142857,4.469678062010951,68,7.523809523809524,2.482318424760361,28,65
11396,2.3448275862068964,1.8180810540819743,68,7.72093023255814,2.2712025490532843,12,30
19356,3.4,4.018378829957752,68,7.537878787878788,2.0542464045335396,22,47
4018,2.72,2.525206262202489,68,8.118881118881118,2.077679876416564,15,37
22004,5.666666666666667,8.92731592904439,68,9.0,2.8284271247461903,51,102
42602,2.9565217391304346,4.332522474049303,68,7.478260869565218,2.2582109972747366,22,45
36620,2.5185185185185186,1.8053418676968802,68,7.569148936170213,2.3921675488931524,13,32
36419,2.5185185185185186,2.47091341519955,68,7.871794871794871,2.4727939363303113,15,35
34998,2.9565217391304346,2.402238745033951,68,8.371794871794872,1.8802388240056203,15,39
29353,3.090909090909091,2.368626101855168,68,8.343137254901961,2.3483514252807502,16,42
5434,2.5185185185185186,1.7839103627526194,68,7.333333333333333,2.160246899469287,12,30
971,2.68,3.5791060336346554,67,7.903225806451613,2.2561743240816217,19,41
14920,2.576923076923077,1.4470128381759968,67,7.354166666666667,2.247708384656724,12,30
6116,2.68,4.980963762164909,67,8.565610859728507,2.018436211226558,26,49
36843,3.0454545454545454,2.6272794679282603,67,7.182795698924731,2.335669704533788,17,38
23947,3.526315789473684,4.1280668202579545,67,7.573529411764706,2.4022140065885877,23,50
21271,2.09375,1.784509962553197,67,8.06,1.6503443166916303,10,27
8151,2.9130434782608696,2.353199823031318,67,9.0,2.2088896522065657,16,42
31524,2.576923076923077,1.9219381243542035,67,8.04225352112676,1.8550057352110791,12,33
1252,2.2333333333333334,1.5241353305225642,67,9.0,2.449489742783178,12,32
4040,2.09375,1.5315894126796052,67,8.292682926829269,1.8200505951171997,10,27
897,5.153846153846154,5.080127194046652,67,7.078260869565217,2.3326358334189483,30,66
25647,2.9130434782608696,2.556863196793021,67,8.104477611940299,2.1821196836757424,16,40
18565,4.1875,4.369877954054704,67,6.854838709677419,1.9489112066976655,23,52
4528,2.576923076923077,2.352412836609713,67,7.86231884057971,2.007984169047678,14,34
29182,3.1904761904761907,3.340943693315522,67,7.471698113207547,1.996186494918842,18,42
3439,2.0,1.5206906325745546,66,7.291925465838509,2.4562159706365274,11,25
192,2.357142857142857,1.8701215194084309,66,7.83984375,2.0998913078780905,12,30
2043,2.5384615384615383,1.4759612252567949,66,7.25,2.0314980007334804,11,29
8958,2.75,2.1518445070703174,66,9.058823529411764,2.3577157439801266,15,40
38897,3.0,2.878491668515698,66,7.4409090909090905,2.4121380824248226,18,40
3058,3.3,4.105195680956922,66,6.333333333333333,1.1547005383792517,18,39
2239,2.5384615384615383,2.641677788539234,66,8.857142857142858,2.115700942049815,16,38
23650,4.125,5.6789083458002745,66,7.649484536082475,2.005415777304682,29,61
23800,3.142857142857143,4.373622232037357,66,7.090909090909091,2.3432688900143512,23,45
7344,2.2758620689655173,1.7707252695705136,66,8.727272727272727,2.6491851234260353,13,33
7202,2.869565217391304,3.6219576302186103,66,7.173913043478261,2.4982207106994347,20,40
46694,2.75,1.983628646873112,66,7.672413793103448,2.003400013787813,13,34
4315,2.64,3.7625346067068497,66,7.0,2.12456147660874,19,37
18375,2.357142857142857,1.6150744900671326,66,7.4393063583815024,2.4902282476444437,12,30
41065,2.64,2.6438608132804573,66,7.954545454545454,1.7367393451410031,14,35
26285,2.64,2.1579311079519354,66,7.245382585751979,2.0562071593935864,13,32
42663,2.5384615384615383,2.3191510383029255,66,7.260869565217392,2.1115567155583554,14,32
25281,2.4444444444444446,2.3424729426782047,66,7.779661016949152,2.385789803515299,14,33
1029,2.869565217391304,4.625073442425113,66,7.2727272727272725,1.5550504230351556,22,43
6433,2.64,2.447447650104084,66,7.924050632911392,2.3025746564846687,15,36
19394,3.8823529411764706,6.735005131226484,66,7.473684210526316,2.4282949864778334,34,63
17326,6.0,3.3466401061363023,66,8.052631578947368,1.747178176073456,23,72
32670,3.25,2.935714743061999,65,7.235294117647059,2.428241862627643,18,42
2130,2.4074074074074074,1.3085299814107096,65,7.178438661710037,2.1435733037035236,10,28
23197,2.8260869565217392,2.145866510993625,65,7.493857493857494,2.1528619076557334,14,35
20102,3.823529411764706,5.479909831804342,65,8.045454545454545,1.9041514676724962,28,59
31356,4.642857142857143,6.6864632810471045,65,6.838709677419355,1.6371390911975285,31,63
2803,2.3214285714285716,2.0557700445795186,65,7.544715447154472,1.8784892452701174,12,29
16325,2.8260869565217392,3.113784220833718,65,7.621621621621622,2.0453937739430526,17,39
25838,2.9545454545454546,2.256783904824206,65,7.166666666666667,2.162419093984367,15,36
4190,2.6,1.7559422921421233,65,7.766666666666667,2.621967323152247,14,34
3618,2.5,2.91547594742265,65,8.25,3.3040379335998353,19,40
5325,2.8260869565217392,2.757669864759731,65,8.466666666666667,3.2263793654069595,20,44
34951,2.5,1.9026297590440446,65,7.690987124463519,2.231969009488319,13,32
778,2.8260869565217392,3.4595345708115586,65,7.9655172413793105,2.1841977710835376,19,42
17507,3.25,2.4894514297436356,65,8.6,1.9235384061671343,16,44
40240,2.096774193548387,1.9554170690618649,65,7.344262295081967,2.428204040723921,12,28
42401,2.9545454545454546,2.5161813987009825,65,7.032520325203252,2.3221490871131043,16,37
17316,2.8260869565217392,3.1859374803122704,65,8.273972602739725,2.250063418690204,18,42
8652,2.064516129032258,1.4126920841893265,64,7.788235294117647,2.2219673443190664,10,26
17921,3.0476190476190474,3.5139179056459255,64,7.745098039215686,2.5047406033751436,20,44
35709,2.782608695652174,1.5654369630794764,64,8.098039215686274,1.6763639456965695,11,33
35581,2.782608695652174,3.118223878765405,64,8.044117647058824,2.010671704274594,17,40
2333,2.206896551724138,1.2065094382683221,64,7.589147286821706,2.340580867744076,10,27
16990,2.782608695652174,4.100515729638389,64,7.820224719101123,2.3672087406172593,22,44
213,2.064516129032258,1.4126920841893265,64,7.362637362637362,2.2534737802211233,10,25
2636,2.56,2.615339366124404,64,8.947368421052632,1.7786912857655988,15,38
4386,2.2857142857142856,1.940926522874003,64,7.580357142857143,2.0561417242541404,12,29
43232,3.2,5.425087920703997,64,7.92,2.2391689420453313,28,53
233,2.4615384615384617,3.049337885256657,64,7.951515151515151,2.065412203015803,16,36
2041,2.56,4.350095784386056,64,7.727810650887574,2.148475774685321,22,42
22697,2.1333333333333333,1.4558640835892125,64,7.534246575342466,2.0621064727658536,10,26
13949,3.3684210526315788,2.3853843462914237,64,8.413793103448276,1.8423052597088079,15,44
31172,2.56,1.8502252115170557,64,7.690298507462686,1.9557796572883495,12,32
15079,2.56,1.8046236911518883,64,8.536423841059603,1.9588256156418011,12,34
2543,2.206896551724138,1.1765357849219762,64,7.83,2.494660965609021,11,28
5643,2.3333333333333335,1.5442199922988256,63,8.14018691588785,2.312593080761439,11,30
4424,4.5,9.717153745983284,63,8.5,0.7071067811865476,47,85
9304,2.25,1.6244657241348275,63,7.753623188405797,2.2518345272861233,11,29
23196,4.5,4.12776713714104,63,9.0,2.0976176963403033,26,66
4652,2.25,2.9265704869035387,63,7.756613756613756,2.0222225933471796,15,33
3952,2.3333333333333335,1.5191090506254998,63,7.286885245901639,2.126104994945589,11,28
17134,2.625,2.3370829086147396,63,7.627272727272727,2.1877854871493874,14,34
24048,1.6578947368421053,0.9379770005096414,63,7.613636363636363,2.0484356946035676,7,20
6195,2.625,2.261444324935418,63,7.387640449438202,2.152718435131141,14,33
35380,2.25,1.5782080790379769,63,8.574468085106384,2.347474876941677,12,31
36623,3.7058823529411766,3.704131238940396,63,7.60655737704918,2.417420854462408,22,51
2818,2.3333333333333335,1.6870547845739468,63,7.669683257918552,1.8499224527089269,10,28
19646,3.0,3.660601043544625,63,7.609375,2.2998770671080493,20,43
36209,2.625,2.1429865385363076,63,7.389830508474576,2.1497148900978376,13,33
2644,2.1,1.971346467912661,63,7.272340425531915,2.225119042975022,12,27
46475,3.5,4.190324990906047,63,8.212121212121213,2.1029380601550023,23,52
6245,5.7272727272727275,3.9010488100229943,63,7.630952380952381,2.2907870058429354,28,72
23220,2.423076923076923,1.963121533131903,63,7.669724770642202,2.046021640446901,12,31
27472,2.3333333333333335,1.5932550136313828,63,7.796875,2.5019337759116684,12,30
8687,2.625,1.3772215255487341,63,7.60377358490566,1.9698160487793759,11,31
8632,2.739130434782609,2.0936568987028807,63,7.9576271186440675,1.914381325590885,13,35
3236,3.0,3.1144823004794877,63,8.304347826086957,3.0366665726611783,21,46
16526,2.423076923076923,1.474396877996611,63,6.869565217391305,1.8858064547176443,10,27
20132,4.5,4.415880433163924,63,7.0,1.7320508075688772,23,55
31346,2.032258064516129,1.5807987636580425,63,7.8734177215189876,2.1624243790400017,10,26
16728,2.8636363636363638,2.1446601361444424,63,7.5,2.3174059571793566,15,36
31318,3.9375,4.625563028792639,63,7.394366197183099,2.5605740050645824,27,56
34906,2.52,1.895608961081724,63,8.03448275862069,1.6433333394688374,11,31
18836,3.1,2.1980852911951394,62,8.470588235294118,2.3529631254463537,16,42
46829,2.48,1.503329637837291,62,8.515151515151516,2.1203659790858893,11,32
20921,3.6470588235294117,2.9355829163598033,62,8.021052631578947,2.306230909479523,20,49
21750,2.3846153846153846,1.8347081092516722,62,7.02803738317757,2.2785298939160694,12,29
5033,15.5,26.40075756488817,62,7.4784053156146175,2.001754334198094,130,246
17489,2.8181818181818183,3.1264823324131825,62,8.023809523809524,2.4246534492219443,18,41
13454,2.066666666666667,1.1724814044061258,62,7.645833333333333,2.176327987407212,9,25
18733,2.5833333333333335,1.6918388932104944,62,7.914572864321608,2.3067180528230007,13,33
876,2.5833333333333335,1.9091693314716438,62,8.15,1.9428544835637578,12,33
41633,2.8181818181818183,1.7898221150335591,62,7.347368421052631,2.1475786516329523,13,34
3100,2.2142857142857144,1.499559018070729,62,7.413680781758957,2.205505989338623,11,27
39841,15.5,17.4451521441727,62,8.733333333333333,1.5796322658258455,94,230
1880,2.066666666666667,2.3183426501874482,62,7.301980198019802,2.259946734634917,13,28
18175,5.636363636363637,5.315500489563091,62,7.618181818181818,2.2068152777325225,32,75
1889,2.6956521739130435,2.304832524160243,62,7.363636363636363,2.3741027013091993,15,35
22168,3.875,4.318564576337836,62,9.428571428571429,2.070196678027062,26,62
33307,2.2962962962962963,1.3247587535041068,62,7.258620689655173,2.0567419716167707,10,26
34020,4.769230769230769,5.2146244056794435,62,8.148148148148149,2.5222655216735927,32,70
37913,3.4444444444444446,3.129033344853106,62,7.451612903225806,2.0139299835134845,18,44
22230,2.2962962962962963,2.215588388855635,62,7.533333333333333,2.325838302531758,13,31
22077,3.1,2.80788363831477,62,7.224489795918367,2.3740375780026537,17,40
2189,2.1379310344827585,1.186957031688128,62,8.444444444444445,2.3513589451397863,10,28
44082,4.133333333333334,5.316640543300503,62,7.914285714285715,2.651145305065611,31,63
25462,3.6470588235294117,3.2004135762153507,62,7.5,2.516611478423583,21,48
14236,2.6956521739130435,2.475971482591974,62,6.4,1.505545305418162,12,30
3944,2.2962962962962963,1.9964355701487055,62,7.1461538461538465,2.248553500445327,12,29
39798,2.8181818181818183,3.620528291316767,62,7.939890710382514,2.027745456496402,19,42
15900,2.9047619047619047,3.2078772093825836,61,7.503496503496503,2.158749396287954,18,40
20912,2.9047619047619047,3.080661648165243,61,8.02127659574468,2.2888136446841862,18,41
2103,2.259259259259259,1.5589096927658863,61,7.64,2.1642739273606426,11,28
40219,2.772727272727273,2.8607661008867327,61,7.038461538461538,2.0480649735168575,16,35
43184,3.588235294117647,3.428899669161591,61,8.347826086956522,2.566600789668422,22,52
38481,2.772727272727273,2.759085738528999,61,7.558139534883721,2.3432001477567805,16,37
19740,3.388888888888889,2.61531437518432,61,6.556451612903226,1.9725861830784923,16,38
17351,2.5416666666666665,2.358687303798757,61,7.85,2.2385300867204223,14,34
24787,2.44,1.445683229480096,61,7.746666666666667,2.0995065915419096,11,30
5833,2.103448275862069,2.058862855111441,61,8.444444444444445,1.9766612108511816,12,30
12374,3.05,5.986607861235821,61,7.428571428571429,2.064881658530644,29,52
1214,2.5416666666666665,2.9188914909999455,61,9.0,1.8973665961010275,16,39
29112,3.05,2.910507280798134,61,7.3584905660377355,2.2368791757769735,17,40
4498,2.44,2.022374841615669,61,8.106382978723405,2.02026210343246,13,32
33326,2.44,1.2935738607954836,61,7.802919708029197,2.1687602044458836,11,30
311,2.3461538461538463,1.5985570416424355,61,7.077669902912621,2.325010311545127,11,28
3528,2.033333333333333,1.4259499757471625,61,7.693548387096774,2.234894804293379,10,26
31419,2.1785714285714284,1.944671188593597,61,7.806451612903226,2.1931616274829535,12,29
2159,2.259259259259259,1.8727312960279454,61,7.875,2.3189937991372798,12,30
2828,2.103448275862069,1.5889086008552917,61,7.865900383141763,2.164669555000487,11,27
15263,2.652173913043478,1.8242980132387139,61,7.874074074074074,2.270609194439913,13,34
40926,2.1785714285714284,1.3067792306552617,61,7.531645569620253,2.171112458779143,10,26
3939,2.1785714285714284,1.5408889072021463,61,7.6938775510204085,2.274372546012247,11,28
6768,12.2,8.136338242723197,61,6.8076923076923075,2.000384578409477,53,136
24246,2.652173913043478,2.5155641993609943,61,7.620738941712323,2.2088896522065657,15,35
14974,5.454545454545454,9.114424132808791,60,7.777777777777778,2.0578922797174384,46,88
8063,2.608695652173913,1.5296800151066239,60,9.666666666666666,2.0816659994661326,12,37
12234,2.4,1.35400640077266,60,7.5772357723577235,2.2324291337908964,11,29
38104,15.0,6.0,60,7.157894736842105,2.007099773836296,56,164
6280,3.0,3.0262013708347473,60,7.955223880597015,2.120840569643395,18,41
39997,12.0,0.0,60,8.666666666666666,2.1602468994692865,43,147
5414,2.3076923076923075,1.7611185256928228,60,7.958333333333333,1.8761469921708918,11,29
16778,2.5,1.4142135623730951,60,7.980392156862745,1.6910375049469648,10,30
24593,2.5,1.956038587687303,60,7.510416666666667,1.9028775531957227,12,31
14983,3.5294117647058822,3.1842904833499315,60,7.663043478260869,2.391731056920556,20,47
1181,2.2222222222222223,1.9871381302561604,60,8.533333333333333,1.807392228230128,12,31
28266,3.0,3.0087591427276736,60,7.4,2.284763419895392,18,40
19246,60.0,0.0,60,10.25,2.5,248,862
26134,2.4,1.7320508075688776,60,7.889655172413793,2.10527525707352,12,31
38106,12.0,0.0,60,7.190476190476191,2.350278605572013,47,133
1009,2.0689655172413794,1.412470846292275,60,9.857142857142858,1.6761634196950517,9,30
2802,1.935483870967742,1.1813970224827819,60,7.809523809523809,2.581066593853162,10,25
22339,2.3076923076923075,1.225372784722454,60,7.578947368421052,2.0524146791127746,10,27
4732,2.0,1.7811271131234423,60,7.780876494023905,2.2759158219682165,11,27
5135,2.0,1.2865350418053536,60,8.0,1.6761634196950521,8,24
16968,2.36,1.8903262505010436,59,7.541666666666667,1.9673757586913907,11,29
8943,2.8095238095238093,3.249908423618235,59,8.80952380952381,2.462093572938437,20,44
16174,4.214285714285714,4.041678467563301,59,9.2,2.5884358211089564,27,66
10647,2.6818181818181817,2.0560332505270256,59,7.542483660130719,2.291250313993648,14,34
18534,3.933333333333333,4.317186032370535,59,7.74,2.624919823848465,26,57
13795,2.95,2.3050288273114594,59,7.568265682656826,2.011528886813367,14,37
8728,2.269230769230769,1.662713259890407,59,7.837209302325581,2.048308188595778,11,29
4491,1.84375,1.5473051495443462,59,8.433734939759036,1.9075764926282093,9,25
7590,3.1052631578947367,3.177957709705773,59,10.0,2.0,19,51
12067,6.555555555555555,5.294126724756198,59,8.2,1.7680288249703184,31,85
19055,2.6818181818181817,1.4601488390005426,59,7.576923076923077,2.2477650127287663,12,32
3903,2.6818181818181817,3.6172386684341946,59,9.333333333333334,2.29128784747792,21,46
41070,1.84375,1.4167061980569235,59,7.67816091954023,2.143102797746944,9,23
24297,3.1052631578947367,3.1250730985602604,59,7.066115702479339,2.0113657764070108,17,39
40538,2.185185185185185,1.3311948663061213,59,8.057692307692308,1.8086227187457307,9,27
27932,2.8095238095238093,1.7781745588959377,59,7.5,2.1874208846452663,13,34
17308,2.6818181818181817,2.766919614995014,59,8.054794520547945,2.0608143681490474,16,37
12681,2.5652173913043477,1.5616450230015826,59,8.292682926829269,1.874085142663273,11,32
4060,1.84375,1.5263148747143211,59,8.5,2.422120283277993,10,26
17101,2.107142857142857,1.5477411429249548,59,7.833333333333333,2.164751067939958,10,27
10666,2.8095238095238093,2.204972734957229,59,8.261603375527427,2.016647443114207,14,37
18638,2.36,2.6121510931286753,59,8.121951219512194,2.1279459980061977,15,34
14235,3.4705882352941178,3.46622357650988,59,6.636363636363637,2.766684921443975,22,45
16555,2.6818181818181817,3.06106678629034,59,7.292929292929293,2.361478805327441,17,37
3732,2.4583333333333335,4.652994983754074,59,6.617021276595745,1.4226917459117039,21,37
39110,2.6818181818181817,2.5706468268171547,59,7.985714285714286,2.150111942774056,15,37
37083,2.6818181818181817,3.3293265962376815,59,7.8936170212765955,2.4733768875960367,19,40
23950,2.5217391304347827,2.7281289828443915,58,9.0,1.069044967649698,14,37
33267,2.230769230769231,1.2428255648381976,58,7.927835051546392,1.8666336828210088,9,27
4748,2.230769230769231,1.478044446089286,58,8.0,1.8439088914585775,10,28
35646,2.5217391304347827,2.1292244686609876,58,7.788235294117647,1.8393458830005094,12,32
20552,2.5217391304347827,2.728128982844391,58,7.034883720930233,1.9063218320883228,14,32
36123,2.4166666666666665,1.3805061033726997,58,7.453125,1.781115109066798,9,27
6021,2.6363636363636362,1.8138476479691699,58,7.453125,2.203386192723762,13,32
34674,3.411764705882353,3.6922016387484136,58,7.462962962962963,2.36892590072604,21,47
16889,2.0714285714285716,1.3313477278633006,58,7.3076923076923075,2.105966797897382,9,24
1036,1.8709677419354838,1.3100110809676626,58,7.12962962962963,2.4113927126900774,9,23
3773,2.6363636363636362,2.012945118960786,58,7.677777777777778,2.434895091655037,14,34
2989,3.411764705882353,7.681624368659045,58,7.390243902439025,2.412703506728938,37,62
14810,2.761904761904762,2.586595482574767,58,7.136363636363637,2.4942531349682016,16,36
6929,1.8125,0.9651174088696284,58,7.705882352941177,2.2331212580414816,8,22
25382,2.761904761904762,4.9487853247515385,58,7.933333333333334,2.491891612715892,26,48
887,2.32,2.4276188608044165,58,7.666666666666667,1.8697419499357641,13,31
875,1.8709677419354838,1.5218833832649807,58,7.30188679245283,2.422529714514731,10,24
16494,2.5217391304347827,1.9509802947933477,58,8.353383458646617,1.9625103308811447,12,33
20162,2.5217391304347827,1.7286243931201823,58,8.5,1.8095606659964643,11,33
20180,2.0714285714285716,1.0515798142890087,58,7.833333333333333,2.2095299210262156,9,25
16205,3.625,3.5,58,7.613636363636363,2.180419301375248,21,48
45474,3.8666666666666667,5.194319241339753,58,7.963636363636364,2.0902209378492906,28,58
8787,2.111111111111111,1.7614096918559585,57,7.5607476635514015,2.224128279919335,11,27
2521,2.111111111111111,2.3424729426782047,57,7.6644736842105265,2.3835642489985913,14,30
22517,28.5,27.577164466275352,57,7.846153846153846,1.9935794376846323,158,382
22662,2.7142857142857144,2.216818827573809,57,7.916666666666667,2.1011089059204315,14,35
25831,2.4782608695652173,1.6752086767540146,57,7.176470588235294,1.9283379877391784,11,29
5983,2.7142857142857144,2.7774602993176543,57,8.276923076923078,2.1759171364312997,16,39
19037,3.0,5.467073155618908,57,7.4375,2.42915492523504,27,50
18618,2.590909090909091,1.5934117606447615,57,7.6231884057971016,2.18350399234109,12,32
18575,2.7142857142857144,3.3636714634883287,57,7.425742574257426,2.192471366533508,18,38
17596,2.375,2.886437551572948,57,7.551020408163265,2.1640094945176918,16,34
25418,6.333333333333333,6.98212002188447,57,7.133333333333334,2.285385854893463,39,84
37923,2.1923076923076925,1.9599843013500036,57,7.2592592592592595,2.029826511642184,11,27
344,1.8387096774193548,0.778750032361621,57,8.354609929078014,2.2268964687367347,8,23
35999,1.9655172413793103,1.3753638121470066,57,7.608695652173913,2.5392066344590423,10,25
19552,2.7142857142857144,2.3694483987387684,57,7.416666666666667,2.6097137890209456,16,36
16724,5.181818181818182,9.064415941671937,57,9.0,1.7320508075688772,47,94
29400,2.7142857142857144,2.1712405933672376,57,7.59375,2.09851610460102,14,34
3279,2.4782608695652173,2.3329568678043695,57,7.651428571428571,2.336291814330504,14,33
27679,4.071428571428571,5.455615113232994,57,7.666666666666667,2.0187797547313595,28,60
27591,2.1923076923076925,1.2655190482716814,57,8.45,2.116242191399233,10,28
14552,4.384615384615385,9.544094697232609,57,7.427083333333333,2.189663716871259,46,78
8677,2.4782608695652173,2.019666156422692,57,7.277777777777778,2.0154801071109736,12,30
15876,2.590909090909091,1.9434650182229358,57,7.251748251748252,2.087752789681859,12,31
38197,2.111111111111111,1.3959648809042255,57,7.882882882882883,2.1394083240625146,10,27
14437,2.3333333333333335,1.307725096316589,56,7.716216216216216,2.04417160278956,10,28
14457,2.4347826086956523,2.642761760605779,56,7.605633802816901,2.232736138459694,15,34
19648,1.9310344827586208,1.5336938249756609,56,8.428571428571429,1.133893419027682,8,24
18653,4.0,4.296689244236597,56,7.203389830508475,1.8825849893069282,23,52
45860,11.2,7.293833011524188,56,7.620689655172414,2.0944449162938525,51,136
2851,4.3076923076923075,5.297556282296825,56,7.0,2.345207879911715,29,59
39689,2.6666666666666665,2.1756225162774294,56,7.916666666666667,1.7816403745544227,13,34
1035,2.4347826086956523,1.4717363572115556,56,9.5,0.7071067811865476,8,31
7867,3.2941176470588234,3.196965472959337,56,7.906086956521739,2.3265355708564264,19,46
14703,2.8,3.518372829650242,56,7.032258064516129,1.9330409402217124,18,37
29696,4.0,3.063431961806135,56,8.307692307692308,1.7974340685458339,19,52
3670,2.1538461538461537,1.120439474217423,56,6.970588235294118,1.7492040461332443,8,23
13693,2.9473684210526314,2.5049658283436904,56,7.814814814814815,1.9626135258506325,15,38
26501,2.8,2.6076809620810595,56,7.348484848484849,2.173210487468672,15,36
26558,2.1538461538461537,1.317339977145086,56,7.564356435643564,2.1373621199233335,10,26
13393,2.619047619047619,2.2907682221514793,55,7.620738941712323,2.2088896522065657,14,34
18952,7.857142857142857,3.5790395093549625,55,7.382978723404255,2.463235690053807,36,94
2711,1.8333333333333333,0.9498941259817921,55,7.5,2.4372115213907883,9,22
2810,2.2916666666666665,2.031901372706313,55,8.244897959183673,2.4202112347940212,13,32
4272,1.896551724137931,1.3717774597268968,55,7.7534246575342465,2.3850274976158166,10,24
21693,2.2916666666666665,1.6805580508625224,55,7.833333333333333,1.7224014243685082,10,28
41222,3.0555555555555554,2.1820719301839553,55,7.92,2.126988865192543,15,39
11200,2.619047619047619,2.7834545168942584,55,7.044444444444444,2.010829267599401,15,33
45605,1.9642857142857142,1.2013000012992978,55,7.9743589743589745,1.8985753590684984,8,24
23273,3.4375,3.1404617494884413,55,7.2729591836734695,2.202862046006104,19,44
11199,2.8947368421052633,2.8654015976455156,55,7.033707865168539,2.238350844840131,16,37
44269,3.0555555555555554,3.171049598406741,55,8.765625,2.0372887951688723,19,45
25204,2.8947368421052633,3.0165236953616597,55,9.6,2.9664793948382653,21,49
10205,3.9285714285714284,8.704236684726368,55,7.318181818181818,2.0772603522005917,41,70
44207,2.2916666666666665,1.9886453039512946,55,7.105263157894737,2.3108378459982575,12,29
7017,1.8333333333333333,1.11674815279973,55,7.860215053763441,1.8742615812602876,8,22
32809,2.347826086956522,1.1122743142757672,54,8.25,2.443916380060348,11,30
2098,2.25,1.6746187106583263,54,9.083333333333334,2.30154327555998,12,32
5495,2.16,1.1789826122551597,54,7.375,2.357649388331071,10,26
23414,13.5,12.151817422372122,54,8.75,2.8722813232690143,87,205
38102,7.714285714285714,8.731442906993966,54,6.761904761904762,2.142539659020619,46,99
8495,3.0,2.0,54,7.4,0.5477225575051663,9,32
9092,2.347826086956522,2.0584348787847597,54,8.700787401574804,1.9813213509456349,13,33
33574,2.8421052631578947,2.9299821367437424,54,7.309523809523809,2.3004569560711965,17,38
24863,3.0,2.5437350953458413,54,9.25,1.7525491637693278,15,43
18001,2.8421052631578947,1.6077298658784152,54,8.678571428571429,1.9550135350114386,12,37
3572,2.25,2.523799757784144,54,8.6,2.913569784454954,16,36
25623,2.4545454545454546,1.7654696590094991,54,8.173913043478262,2.4430266978975723,13,33
13567,2.8421052631578947,2.1924911730403043,54,6.8125,2.360507079185757,15,34
6762,7.714285714285714,4.191828786034631,54,7.6891891891891895,1.9718962133048252,32,91
26646,3.857142857142857,6.90437033119818,54,7.82,2.2649953822541566,35,65
10164,2.347826086956522,1.7217511078754548,54,6.875,2.3731924181408313,12,28
44238,3.0,2.14201664188625,54,8.030303030303031,2.20467822155662,15,39
19220,3.0,4.352146191316215,54,7.425373134328358,2.314962334813167,23,45
15059,2.7,2.202868942753374,54,7.125,2.3120866508094076,14,33
15057,1.9285714285714286,1.3313477278633004,54,7.373134328358209,2.308323679416564,9,24
2310,2.347826086956522,1.7737657847891128,54,8.55045871559633,1.9649061731067852,11,32
31075,3.176470588235294,2.789159687917829,54,6.611111111111111,2.0619490747659373,16,37
19577,3.375,6.417424197708402,54,7.162790697674419,1.9991692626848254,30,55
564,1.6875,1.1198358174592007,54,7.888888888888889,2.2440682462676595,8,21
13710,3.3125,3.2602402774437755,53,8.253333333333334,2.093060176129894,19,47
22291,2.409090909090909,1.7904266825613682,53,7.870967741935484,2.1765054783535493,12,31
9358,2.3043478260869565,3.534695339947286,53,8.009900990099009,2.197703571935717,19,37
25417,2.65,2.1343062474478063,53,7.898305084745763,2.0145583519953925,13,34
3688,2.2083333333333335,2.146365313261238,53,8.4,1.5165750888103104,12,30
33370,2.5238095238095237,2.2719825619719805,53,7.779411764705882,2.380552978750031,14,34
2816,2.2083333333333335,1.4135729219948652,53,7.5606060606060606,2.3999286750138697,11,28
23848,2.65,1.899445902583726,53,7.366863905325443,2.203017744151503,13,32
24289,2.789473684210526,2.016017729430998,53,7.961038961038961,2.095382776216383,13,36
17147,1.8928571428571428,1.2274419565151569,53,8.433734939759036,1.888300120086959,8,24
12079,2.2083333333333335,1.6145847942957392,53,7.222222222222222,1.9872610168788474,10,26
4583,2.5238095238095237,1.7498299237082335,53,8.0,2.0,12,32
2467,3.533333333333333,4.8235533237092625,53,8.222222222222221,1.201850425154663,24,53
29371,2.65,2.497893849668261,53,8.131578947368421,2.1456562359306424,15,37
20903,10.6,19.83179265724609,53,6.8,3.8987177379235853,109,181
2655,1.962962962962963,1.8288601216958462,53,7.5181818181818185,2.1997990658106974,11,26
2123,2.65,2.2542357790099112,53,6.531914893617022,2.155388231243284,13,31
21982,2.5238095238095237,2.943111408340629,53,7.620738941712323,2.2088896522065657,16,35
8895,2.9444444444444446,3.262482314078224,53,7.790697674418604,2.2022249661743434,18,41
32835,2.5238095238095237,4.331501444292125,53,7.80327868852459,2.080221720002843,22,41
32619,2.65,1.9269556026896006,53,7.80327868852459,2.0190798340422997,13,33
3629,2.789473684210526,2.3470773165416943,53,8.233333333333333,2.566846424111063,16,39
1878,2.6,3.803045870711638,52,6.5,3.5355339059327378,22,39
44084,2.888888888888889,2.4226599112858644,52,7.391891891891892,2.3102959993452985,15,37
913,2.3636363636363638,2.6823134035390415,52,8.0,1.7663521732655691,14,33
28162,2.3636363636363638,2.2582221103264177,52,7.82051282051282,2.2023811773811666,14,32
19769,4.0,4.222953153106642,52,8.0,2.2088896522065657,25,57
23514,4.333333333333333,4.8679533375916515,52,8.057692307692308,2.2701253445437035,28,63
18734,2.6,1.8750438591361562,52,7.543859649122807,2.087977280242057,12,32
10734,2.4761904761904763,2.482318424760362,52,8.208333333333334,1.8149418956283538,14,34
19763,13.0,8.246211251235321,52,8.13888888888889,2.2570876022973603,62,168
11037,2.260869565217391,1.6846200355070047,52,7.3979591836734695,2.2918042949065063,11,28
36989,2.888888888888889,4.100055794295959,52,6.95,2.1714936369661824,21,41
23345,2.888888888888889,3.939078555865705,52,7.21,2.73877875902912,22,43
356,2.3636363636363638,2.0597146021777486,52,8.647058823529411,1.2718675476729207,11,32
21729,2.3636363636363638,1.839913417876337,52,7.808219178082192,2.215209635468286,12,31
3620,2.0,1.7663521732655691,52,7.496598639455782,2.1273629880704035,11,26
20343,2.736842105263158,1.967573385985836,52,7.766666666666667,2.25424248815479,14,35
18535,2.4761904761904763,2.6195237662416355,52,7.3125,2.165063509461097,15,33
8011,3.7142857142857144,3.4956802227578287,52,8.08695652173913,2.2343516656356717,21,51
23149,4.0,9.65228815704684,52,6.75,2.468219046834761,44,71
35885,2.4761904761904763,2.204972734957229,52,7.6571428571428575,2.1993787942838186,13,32
7855,2.736842105263158,3.587665679691987,52,7.620738941712323,2.2088896522065657,19,40
22883,3.7142857142857144,3.0741745966274348,52,7.583333333333333,2.378009583131403,20,48
9360,1.8888888888888888,1.8466879569262398,51,8.464285714285714,1.9725115067848822,11,27
8212,2.217391304347826,1.5942088872806428,51,7.968421052631579,2.3313434697659106,11,29
18571,3.0,3.24037034920393,51,7.0,2.0,17,38
37817,2.55,1.8488972531299783,51,8.451923076923077,2.158207669233884,13,34
1399,2.3181818181818183,2.7669196149950137,51,7.775,3.0338897770827433,17,35
17347,2.6842105263157894,2.1616000138515545,51,9.272727272727273,1.5550504230351565,13,38
11460,2.6842105263157894,2.6468562396201984,51,7.6879432624113475,2.000481198444334,15,36
2682,1.9615384615384615,1.3109010406821477,51,8.39047619047619,2.073158302683456,9,26
2793,2.4285714285714284,2.7124053637210754,51,8.755102040816327,2.026189077275551,16,37
21157,2.6842105263157894,3.334210410926024,51,6.967213114754099,1.8616051596651215,17,35
19814,2.217391304347826,1.4128154270215338,51,7.78421052631579,2.213657262080715,10,28
23396,8.5,15.553134732265388,51,7.620738941712323,2.2088896522065657,77,142
11249,2.3181818181818183,1.6150000335062253,51,8.117647058823529,1.9031824365544332,11,29
15550,3.923076923076923,8.450458946723334,51,7.954545454545454,2.395070695483462,42,73
43193,2.125,2.3090088217957145,51,7.513888888888889,2.3616242653265207,13,29
19881,2.3181818181818183,2.0560332505270256,51,9.0,1.4142135623730951,12,32
2856,2.4285714285714284,2.4407258873423,51,7.409638554216867,2.164210804045924,14,32
17912,2.04,1.457166199626293,51,7.631578947368421,1.8090208376294192,9,25
22905,2.5,2.1398475105532757,50,8.363636363636363,1.4333685689819822,12,33
23539,1.9230769230769231,1.1635489477654792,50,6.840336134453781,1.9396976580643148,8,21
1932,3.5714285714285716,2.243427518991205,50,6.52760736196319,2.394213403227118,17,40
184,6.25,14.048385774071798,50,4.481481481481482,2.2809598369497386,54,82
42117,2.0,1.8027756377319946,50,7.961538461538462,2.231341269558918,11,27
15171,7.142857142857143,8.434622525214579,50,7.9375,2.2991934069539783,48,104
19935,6.25,8.77903346453518,50,8.0,2.1849928028227223,47,97
13433,2.6315789473684212,2.2903305514898324,50,7.3076923076923075,1.9799230814522821,13,33
24503,3.5714285714285716,3.6734868305882755,50,7.681818181818182,2.2921427737594806,22,49
10531,2.6315789473684212,1.4985372985307104,50,7.512195121951219,2.0871266279206946,11,31
43143,2.1739130434782608,1.7228985595908761,50,7.76,2.3853720883753122,12,29
24498,2.7777777777777777,2.579456293725837,50,7.294117647058823,1.9625913242145838,15,35
36267,2.5,1.8496087779795347,50,7.611111111111111,1.9562832170105717,12,31
17145,2.0833333333333335,1.3805061033726997,50,8.736842105263158,1.8211236169107725,9,27
384,3.125,6.662081756728398,50,7.65,2.2445219508569725,33,56
19513,2.272727272727273,1.2414207752110247,50,8.447761194029852,2.1197740166115784,10,29
17294,2.5,3.3638949855315357,50,8.0,1.7974340685458345,17,37
38731,3.2666666666666666,5.229950377621278,49,7.9523809523809526,1.9994191955736393,27,53
2163,2.130434782608696,1.2899734960662408,49,9.0,2.804757862395018,12,31
20407,2.227272727272727,2.5435599009453207,49,8.0,2.0,14,32
2089,2.130434782608696,1.866068980165304,49,7.75,2.815771906346718,13,30
26163,2.5789473684210527,1.8653504131242176,49,8.444444444444445,2.028832574699454,12,34
2808,1.4848484848484849,0.8337120351630757,49,7.5588235294117645,2.0897091978527573,6,18
4401,4.083333333333333,9.46244570858289,49,9.028571428571428,1.7902631138485545,48,85
12086,2.130434782608696,2.943472714423111,49,7.2727272727272725,2.4905741970210014,16,31
19782,2.45,1.3562719801759995,49,7.574257425742574,2.495381873194824,12,30
24290,3.2666666666666666,4.250490167812021,49,8.283950617283951,1.957259358779736,23,50
2606,2.45,1.848897253129978,49,7.414285714285715,2.024883604020495,12,30
23245,2.3333333333333335,1.460593486680443,49,7.605263157894737,2.0981194587434464,10,28
8454,1.8148148148148149,1.1447887624104767,49,7.178082191780822,2.330265432585174,9,22
5062,2.45,1.848897253129978,49,6.0,2.2088896522065657,12,26
2209,2.3333333333333335,1.390443574307614,49,7.421052631578948,2.4344797656426125,11,29
2935,2.45,2.282081229238369,49,7.893939393939394,2.3080380471386577,14,33
11449,2.45,1.9049796241485242,49,7.478260869565218,1.917627358479832,12,30
19747,3.5,2.2101165997782526,49,6.0,2.2088896522065657,16,37
43638,6.125,4.642582409453969,49,7.777777777777778,1.767535857213637,28,75
24672,1.8148148148148149,1.3019818336507984,49,7.8125,1.9856533305026256,8,23
19249,2.130434782608696,1.3247417527437002,49,8.076923076923077,1.9688371590034306,9,27
5959,2.227272727272727,1.5409279264322764,49,10.4,1.9493588689617927,11,34
2878,2.5789473684210527,3.6104137878224214,49,7.983870967741935,2.2433284366942376,19,40
254,1.6333333333333333,0.889917986664224,49,7.775862068965517,2.5273459031115215,8,21
32055,2.7222222222222223,3.3747427885527643,49,6.8791208791208796,2.255044541738785,18,36
4219,2.130434782608696,1.9141660378748129,49,7.4,2.2705848487901865,12,27
8422,24.0,16.97056274847714,48,7.777777777777778,2.016273661268277,112,298
15891,3.0,4.9396356140913875,48,7.857142857142857,1.8644544714716087,25,48
20674,2.2857142857142856,1.4880476182856899,48,7.339285714285714,2.3298598140761078,11,28
3306,3.0,3.141125063837266,48,8.215,2.0307843836883763,18,43
25482,2.823529411764706,2.038237416177488,48,8.6,0.8944271909999157,11,35
6608,3.4285714285714284,6.835588835299759,48,8.217948717948717,1.7848382799703975,34,62
19074,2.4,1.5694450913417908,48,7.282608695652174,1.9625725008916333,10,28
15235,24.0,16.97056274847714,48,7.787878787878788,1.8667748886377502,108,294
36660,12.0,0.0,48,8.25,2.220769727328383,44,143
26947,2.823529411764706,1.94407092584244,48,7.585714285714285,2.4992338370502125,15,36
10750,2.6666666666666665,3.9704793013379307,48,7.591836734693878,2.140077562330187,20,41
31204,3.4285714285714284,5.680117627632042,48,7.2727272727272725,2.45292376906316,29,54
29955,2.0869565217391304,1.6763879860706166,48,7.433333333333334,1.9689682979144407,10,26
20626,24.0,16.97056274847714,48,6.25,0.9574271077563381,80,230
24018,2.2857142857142856,2.02837021134844,48,7.0,2.3614551844647176,13,29
2237,2.0,1.285369173834303,48,7.8068965517241375,1.8793340713465865,9,24
14119,24.0,0.0,48,8.756756756756756,1.8915808410105233,75,285
649,2.0,1.383128149616249,48,7.413533834586466,2.2533739670966675,10,25
25282,2.0,1.744556751977294,48,7.765625,2.2092316232299782,11,26
19000,2.4,1.7888543819998317,48,7.407407407407407,2.46918328539339,13,30
17487,2.1818181818181817,1.7081419489459646,48,7.676923076923077,2.622663795574146,12,29
13113,2.526315789473684,2.9882812052086916,48,9.08,2.1779194965226183,17,40
12188,48.0,0.0,48,5.0,1.7320508075688772,137,377
35650,2.0869565217391304,2.5390234965839786,48,7.90625,1.973360895985945,14,30
2946,1.7777777777777777,1.4232501627054275,48,7.0,2.1921577396609844,9,21
13767,6.0,6.697547525560595,48,9.0625,1.4797013648139474,36,91
10235,3.2,3.2776298056457116,48,7.363636363636363,2.273611170904937,19,43
26739,3.4285714285714284,3.479926739155598,48,8.0,1.903055864030697,19,47
3324,2.1363636363636362,1.3902878956893903,47,8.267973856209151,2.0869473297634373,10,28
36510,2.35,1.5652475842498528,47,8.142857142857142,1.8826878279621757,10,30
24119,2.764705882352941,2.0472363006229237,47,8.857142857142858,2.0131840583786804,14,38
19799,4.2727272727272725,5.551412596644373,47,7.62962962962963,2.133039509680388,29,62
42167,2.238095238095238,2.165750722146062,47,7.864864864864865,1.8732349049195642,12,30
8458,1.9583333333333333,1.7810394294555534,47,7.229508196721311,2.040040857012272,10,24
34525,4.2727272727272725,5.6761062197761785,47,7.8,1.0954451150103324,27,61
2270,1.9583333333333333,1.1970676733137329,47,7.4036697247706424,2.5716375603416797,10,24
40454,3.1333333333333333,2.695675549220764,47,8.666666666666666,2.1602468994692865,17,44
31119,2.473684210526316,2.815994417857306,47,7.944444444444445,2.3005748754242905,16,36
34971,2.473684210526316,2.365690433693761,47,7.928571428571429,2.263200813467051,14,34
11437,2.238095238095238,2.527939119218695,47,8.333333333333334,2.5166114784235836,15,34
14538,2.764705882352941,1.9535036397683614,47,7.2727272727272725,2.7461109848521312,15,35
12310,1.88,1.3329166015421468,47,6.884615384615385,1.9867585794685791,8,21
23147,3.6153846153846154,4.194012826606946,47,5.666666666666667,1.4142135623730951,19,39
24047,1.88,0.8326663997864531,47,7.246153846153846,2.3719109465706216,8,22
1296,2.0434782608695654,1.2239377906638147,47,8.285714285714286,1.7527592385874355,8,25
27911,2.35,1.8431951662948316,47,7.555555555555555,2.159077618247237,12,30
18909,2.0434782608695654,1.9182914005002476,47,8.185185185185185,2.0928816829062042,11,28
5925,2.1363636363636362,1.7807289717965704,47,7.6,2.8233718443429603,13,29
3601,2.35,2.1343062474478063,47,7.336538461538462,2.2752811708167706,13,30
18109,2.764705882352941,2.8401014894873446,47,7.964285714285714,1.8950646008170389,16,38
4160,2.611111111111111,4.407732362016029,47,7.857142857142857,2.1930626551751344,22,43
2770,2.0434782608695654,1.491742753522787,47,8.070175438596491,2.258789570946027,10,27
25714,2.35,1.5652475842498528,47,8.226415094339623,2.3257877857584432,12,31
1020,2.764705882352941,3.800154795608757,47,8.5,2.1213203435596424,21,44
39450,2.1363636363636362,1.5211353699959822,47,7.782051282051282,2.2942471016805848,11,27
18332,2.238095238095238,2.527939119218695,47,7.105263157894737,1.9430487890146315,13,29
21672,2.0434782608695654,1.2239377906638147,47,7.927536231884058,2.270778828428373,10,26
2082,2.3,2.1051315748352692,46,7.325925925925926,2.4550576174338246,13,30
15745,2.1904761904761907,1.2497618820818477,46,7.828571428571428,2.419111580794928,10,28
12478,2.1904761904761907,1.2090925365350504,46,7.370833333333334,2.162823810214481,10,26
4034,2.5555555555555554,1.9470104450676724,46,7.973684210526316,2.0597407617683103,13,33
24798,3.066666666666667,5.861090423494672,46,6.8807339449541285,2.271908850880123,28,49
2906,2.7058823529411766,3.235828832817663,46,8.40495867768595,1.832932588307119,18,40
3239,1.7037037037037037,1.324758753504107,46,9.476190476190476,1.8606194564995717,9,25
13123,2.1904761904761907,1.8060744065250363,46,7.73109243697479,2.173404261660341,11,28
39518,2.5555555555555554,2.727252921298651,46,7.649532710280374,2.3404134232828953,16,35
33987,1.7692307692307692,1.5048639090015363,46,7.669291338582677,2.3825953833238547,10,23
1038,2.3,1.8945906376340316,46,7.0606060606060606,1.1215207790357065,9,26
17866,2.5555555555555554,1.8221584557629715,46,8.130952380952381,2.0285894078538695,12,33
25157,2.5555555555555554,2.502286536049925,46,8.307692307692308,2.719822769489935,17,38
2604,1.9166666666666667,1.017954755408103,46,7.2215189873417724,2.398575526632845,9,23
42264,2.7058823529411766,2.8888731774333944,46,7.918367346938775,1.9773375901899584,16,37
18741,1.9166666666666667,1.176459931750543,46,7.651162790697675,2.5716746529231225,10,24
19850,1.6428571428571428,0.9893613995077728,46,7.506666666666667,2.2018010645668986,7,20
8565,2.5555555555555554,2.6171880334844837,46,8.285714285714286,2.984084768360628,18,39
25609,6.571428571428571,5.652643713553946,46,6.588235294117647,2.7170485717367057,38,81
36376,2.5555555555555554,1.7895849739771974,46,7.703703703703703,2.278940747237625,13,32
37790,3.066666666666667,3.2396354880199247,46,7.085714285714285,1.7213440127075221,17,38
45203,2.0454545454545454,1.2527027058580456,45,8.372549019607844,2.0876856498402767,9,26
281,1.8,1.0,45,7.897435897435898,2.8811512110669057,10,24
16165,2.0454545454545454,1.5879688352247414,45,7.928571428571429,2.124435810568894,10,27
38165,2.5,2.5029394483992102,45,7.597222222222222,1.9476220403080224,14,33
4259,4.090909090909091,4.548726095392983,45,7.125,1.8077215335491088,23,53
3681,2.25,1.1641577031891928,45,9.21951219512195,1.890928278940679,9,30
10916,4.090909090909091,4.887832760120695,45,7.391891891891892,2.059508969058399,26,56
21381,2.142857142857143,1.8516401995451028,45,7.95,2.1504827995560536,11,29
669,5.0,4.472135954999579,45,6.0,2.6874192494328497,29,59
3406,3.75,6.53834841531101,45,9.0,2.2088896522065657,35,69
14657,2.3684210526315788,1.3420765964144055,45,6.9298245614035086,2.313467165493069,11,27
24014,4.5,8.972179222463181,45,6.428571428571429,1.9772222094406144,40,69
16290,15.0,7.937253933193772,45,8.448979591836734,2.151174335196514,65,192
20409,2.8125,3.250000000000001,45,7.470588235294118,2.092342374753886,18,39
12235,2.142857142857143,1.590148241067929,45,7.532467532467533,2.221808270095232,11,27
24540,7.5,13.96782015920881,45,6.5,2.345207879911715,66,114
12415,2.0454545454545454,1.2901558682973793,45,7.536585365853658,1.93775077055345,9,24
14929,5.0,7.968688725254614,45,7.428571428571429,2.6376396374681015,42,79
33767,2.8125,2.4005207768315606,45,7.819672131147541,2.4118333049177307,16,38
2748,2.6470588235294117,2.7143409989946967,45,7.415282392026578,2.134705054565835,15,35
33581,1.9130434782608696,1.7297672854057793,44,8.583333333333334,2.1494316684126393,11,27
13724,2.588235294117647,2.895229341723462,44,5.9,2.0789954839350235,15,30
17984,4.888888888888889,2.7131367660166177,44,7.659574468085107,2.229023921153176,22,59
29433,3.142857142857143,4.0923407418313476,44,7.838709677419355,2.3139009156412316,22,47
36541,6.285714285714286,2.9277002188455996,44,5.84375,2.1569000305845156,25,62
23801,2.3157894736842106,2.135744251723958,44,7.130434782608695,2.1384860368130227,12,29
35959,2.2,1.5078740698501039,44,7.175,2.3033132876012195,11,26
46816,2.0952380952380953,1.7001400502535637,44,7.191489361702128,2.0497963618087445,10,25
14382,1.9130434782608696,1.1246431142310662,44,8.285714285714286,2.214202229108073,9,25
37048,3.3846153846153846,3.686426940784747,44,7.7534246575342465,2.152394157404263,21,47
23394,2.3157894736842106,1.668420130241227,44,10.6,2.1908902300206643,12,37
38726,2.75,2.4899799195977463,44,8.714285714285714,1.3801311186847083,14,38
3615,2.588235294117647,3.4288996691615914,44,9.0,2.309401076758503,20,43
2262,2.0952380952380953,1.0910894511799618,44,7.730769230769231,2.646623393045445,10,27
21442,2.2,1.399247918291146,44,7.586956521739131,1.9041018525105997,9,26
22087,2.588235294117647,2.9167366938372186,44,7.652777777777778,1.8321058630940859,15,35
18396,6.285714285714286,8.42049653552342,44,8.5,2.9999999999999996,51,105
6257,3.6666666666666665,4.39696865275764,44,7.483870967741935,2.2191735359803877,24,51
14799,2.588235294117647,3.063062673400019,44,8.333333333333334,1.961901272687692,17,38
3929,2.0952380952380953,1.5134319246256802,44,7.19375,2.2134434171684374,10,25
15233,2.2,2.2618111047751555,44,7.890243902439025,2.2771332289188333,13,31
29129,2.2,1.4725559590832462,44,7.385321100917431,2.368419761034356,11,27
36371,2.0952380952380953,1.6402671094904606,44,7.886075949367089,2.189645456444256,11,27
14300,1.9130434782608696,1.4114159066908942,44,8.521739130434783,2.2582109972747366,10,26
19549,1.6923076923076923,1.1231822922119372,44,8.7289972899729,2.0818181128244464,8,23
13491,2.588235294117647,3.953777047479596,44,7.519760479041916,2.280777758740898,20,40
17146,1.8333333333333333,1.0072203103706696,44,8.623188405797102,1.8157922373651019,7,23
664,2.0,1.6618979396776332,44,7.427350427350428,2.217937218555206,10,25
13553,3.142857142857143,4.20360912435132,44,7.3584905660377355,2.3377696440332043,22,46
2250,1.9130434782608696,1.276110691916542,44,7.795180722891566,1.920343358985858,8,23
4274,1.9545454545454546,2.170742087886355,43,8.2125,1.6890844647660233,12,28
16189,3.909090909090909,5.467257913333619,43,8.422018348623853,2.1657843416358475,30,63
13565,8.6,16.994116628998402,43,7.620738941712323,2.2088896522065657,84,149
18837,1.8695652173913044,1.6598014072359533,43,6.814285714285714,2.6170724718626666,11,24
36850,2.0476190476190474,1.5644868320376004,43,6.657894736842105,2.254196865575837,10,24
18748,2.15,1.0894228312566052,43,7.75,2.04939015319192,9,25
19855,2.6875,1.4930394055974097,43,7.46,2.4138489320308896,13,33
11337,2.15,1.5652475842498528,43,7.8,2.1612927706995104,11,27
3909,1.8695652173913044,0.967863055024125,43,8.538461538461538,2.1045331617866774,8,24
35319,1.7916666666666667,1.4738050920238277,43,8.404255319148936,2.612291660411873,10,26
36000,1.5357142857142858,1.710147120748146,43,7.0,2.5071326821120348,10,21
831,1.72,1.242309676905615,43,7.877551020408164,2.4292716077494685,9,23
838,2.6875,3.497022543059548,43,7.631578947368421,2.832559233778792,20,41
40658,2.6875,2.7010800309012195,43,7.06,2.2893720732541314,16,35
24621,3.909090909090909,6.8037422857504755,43,7.6421052631578945,2.1680258177080365,34,64
5681,2.0476190476190474,1.0712698295103096,43,8.52,2.6116164612248367,10,28
525,2.388888888888889,1.4199788270537859,43,7.443181818181818,2.263442371446869,11,29
3285,2.6875,3.7187587534910977,43,7.620738941712323,2.2088896522065657,20,40
10415,2.263157894736842,1.6276126096272245,43,6.790322580645161,1.579967801852807,9,25
18901,1.4827586206896552,0.7847060257179306,43,7.72,1.9170555653961432,6,17
2368,2.0476190476190474,3.057387618150346,43,8.19626168224299,2.107664594778765,16,33
5990,2.8666666666666667,4.015446366695678,43,8.333333333333334,2.7032743678162428,23,47
16824,2.3333333333333335,3.0486255340823387,42,9.133333333333333,1.9952324127660872,17,38
37156,1.75,0.9440891630699333,42,6.871794871794871,2.067027960235193,7,19
8425,2.0,1.0488088481701516,42,8.3125,2.375106109683958,9,26
20745,7.0,6.260990336999411,42,8.196428571428571,2.2354144855211797,39,97
18014,2.210526315789474,1.5484381869204373,42,7.849056603773585,2.1785336142168794,11,28
16246,3.5,2.7468990781342053,42,7.338028169014085,2.0628943742216106,17,43
21311,2.210526315789474,2.4170447375168496,42,8.434782608695652,2.232529893040664,14,33
15205,2.1,1.8035053587243282,42,7.075757575757576,2.463959328214565,12,27
44780,1.9090909090909092,1.191601200030203,42,6.609375,1.9969594943869595,8,21
18278,2.1,1.5183093090324964,42,7.695652173913044,2.06418738616856,10,26
8708,8.4,4.61519230368573,42,6.883720930232558,2.3012346823222796,38,95
46826,1.6153846153846154,1.4717859376124796,42,7.885714285714286,2.1705730035087685,9,22
22696,2.0,3.0659419433511776,42,7.959183673469388,1.963157394506866,16,32
31847,3.0,2.511511956509924,42,7.7592592592592595,2.1362565140405243,16,39
23148,3.8181818181818183,6.779648690281553,42,8.285714285714286,1.5448477665610743,34,65
20000,2.8,3.4887574537976365,42,9.5,2.1213203435596424,20,47
24265,3.230769230769231,3.8330546164003048,42,7.675675675675675,2.1220280401076237,21,46
1048,2.0,1.7320508075688772,42,7.777777777777778,1.0929064207170003,9,24
21218,2.3333333333333335,2.42535625036333,42,7.9787234042553195,1.9614697428883325,14,32
1004,2.4705882352941178,4.317372567007965,42,8.411764705882353,1.1748012739874771,21,42
3578,1.9090909090909092,1.1509454047327028,42,8.43362831858407,2.0610161597181786,9,25
14096,7.0,5.585696017507576,42,7.0,2.57203899958469,38,87
19001,2.625,2.5,42,8.273972602739725,2.1683344476848454,15,37
3046,2.1,1.3337718577107005,42,7.42023346303502,2.132903304836415,10,25
12154,2.4705882352941178,1.7362908403700519,42,7.9361702127659575,1.6733753356243901,11,30
4421,2.625,1.3102162671355697,42,7.453125,2.436036903179177,12,32
17378,1.9090909090909092,1.9978343252987698,42,7.733333333333333,2.1148823307047775,11,26
7193,1.9090909090909092,1.1509454047327026,42,7.0,2.2088896522065657,9,22
19531,2.210526315789474,2.572913337237707,42,7.835820895522388,1.8471683072514906,14,31
16839,6.0,8.755950357709132,42,7.2444444444444445,1.8235274950634899,43,86
12212,2.1,1.9708400559953587,42,7.840557275541796,1.9583491836211508,11,28
36845,4.2,4.417138339593985,42,7.055555555555555,2.2098976896549165,25,54
3483,2.1578947368421053,2.291606857273755,41,7.979166666666667,2.320029193995823,14,31
44704,6.833333333333333,5.076087732365022,41,7.8076923076923075,2.0101552133853877,33,86
22270,1.9523809523809523,1.2835961388299078,41,7.576923076923077,2.2657992307012007,9,24
11443,1.9523809523809523,1.3592715135759477,41,7.534246575342466,2.014407769191329,9,24
12024,2.411764705882353,1.970368732287556,41,7.76595744680851,2.4335764159078512,13,32
31621,2.2777777777777777,1.4473324572571657,41,7.972972972972973,1.9505908860662722,10,28
40965,2.7333333333333334,2.987274597992211,41,7.632183908045977,2.1410437713649917,17,38
5707,1.7826086956521738,1.085295173051194,41,8.05813953488372,2.262610670164807,8,23
7219,2.411764705882353,4.330975980212367,41,9.0,1.8708286933869707,23,44
856,4.1,8.143845665422583,41,8.666666666666666,2.250925735484551,42,78
16989,2.1578947368421053,1.675415633166782,41,7.651515151515151,2.1873230864191706,11,27
451,2.05,1.3945382182304162,41,7.033333333333333,2.2664469129444447,10,24
24603,4.1,4.012480529547776,41,7.773584905660377,2.4933874813344743,25,57
2532,2.2777777777777777,1.6735153404648675,41,7.470588235294118,1.9492870204141772,11,28
36154,2.1578947368421053,1.6077298658784152,41,7.534883720930233,2.0626939990644035,10,27
42797,10.25,11.615363389350618,41,7.5,1.9148542155126762,62,139
15089,2.7333333333333334,2.4630604269214884,41,7.618811881188119,2.3580586024090766,15,36
1042,1.9523809523809523,1.1169686869465265,41,7.6,1.3522468075656267,7,22
17431,6.833333333333333,4.535048695071164,41,7.923076923076923,2.1393744592574433,32,86
4391,2.05,1.848897253129978,41,7.32824427480916,2.1570733309870187,11,26
17882,1.64,0.7571877794400365,41,7.0625,2.046830752415123,6,18
37712,2.1578947368421053,1.4629938062729393,41,7.071428571428571,1.5915297775935684,9,24
604,2.05,1.5035046776746235,41,7.393939393939394,1.9365217659805818,9,25
16657,3.4166666666666665,4.2094770423054895,41,7.275,2.5418295450123,24,48
33578,2.2777777777777777,1.808657466206733,41,7.925373134328358,2.1056448867186206,12,30
4921,2.1578947368421053,2.115108557622118,41,8.6,2.60768096208106,14,32
33028,2.5625,4.718315377335432,41,7.333333333333333,2.3673121185569657,23,42
15675,2.05,1.0990426455975697,41,7.379310344827586,2.0426487199475702,8,24
46554,1.9523809523809523,1.5321941938341392,41,8.0,1.8459164139817943,9,25
21270,2.2222222222222223,1.555088632070459,40,7.333333333333333,1.854238994086526,10,26
24049,2.2222222222222223,1.3085940167422416,40,7.3,2.1415976928373124,10,26
24056,2.5,2.0,40,7.326923076923077,2.229227896284869,13,31
18533,2.5,4.457203906785807,40,7.7,2.4930673106405727,23,42
9140,1.8181818181818181,0.9069238239845849,40,7.4,3.2093613071762426,10,24
17945,2.0,1.5217718205053645,40,6.912280701754386,2.123681958923379,10,23
18529,3.6363636363636362,4.2490640680678675,40,6.815789473684211,1.9844702902435134,22,47
1230,40.0,0.0,40,7.620738941712323,2.2088896522065657,146,451
2667,1.7391304347826086,0.8100163468803816,40,7.133333333333334,2.0965214758858477,7,19
42456,2.857142857142857,2.9575754846246523,40,7.294117647058823,2.380850519848099,17,38
23351,3.076923076923077,3.1480559731771622,40,5.714285714285714,1.1126972805283735,14,31
1672,2.6666666666666665,3.154739442867026,40,7.6,1.5165750888103104,16,36
2156,1.8181818181818181,1.006472559480393,40,7.6,2.4910850220648766,9,23
12429,1.7391304347826086,0.963770592485946,40,8.0,0.0,4,18
14631,2.5,1.96638416050035,40,8.411764705882353,1.8663315025233116,12,33
20427,2.3529411764705883,2.44798836983012,40,8.25,1.2583057392117918,13,32
2200,2.2222222222222223,3.153999432197262,40,8.387096774193548,2.3191581713319844,17,36
22822,2.5,2.8751811537130436,40,7.095890410958904,2.5340151689980726,16,34
20324,2.6666666666666665,3.2877840272018792,40,7.090909090909091,2.111080202041201,17,36
2625,2.0,1.3764944032233706,40,8.284722222222221,2.0231637429262936,9,26
17915,2.1052631578947367,1.4489358870144542,40,7.492957746478873,2.013335820661959,10,25
35801,2.5,2.5819888974716116,40,8.026315789473685,1.9099574369852608,14,34
217,2.1052631578947367,2.5142866636285897,40,7.222222222222222,1.9871381302561604,13,28
19443,5.714285714285714,5.219012860502955,40,9.0,1.7320508075688772,31,82
36844,2.5,3.2041639575194436,40,7.3625,2.35594454169539,17,36
27798,3.076923076923077,3.8397382389415227,40,8.0625,2.2991934069539783,21,46
547,1.3793103448275863,0.7277064313624729,40,7.388888888888889,2.4988886418655083,7,17
25200,2.3529411764705883,2.9567967564280657,40,6.613636363636363,1.794253217603216,14,30
17325,5.0,5.606119105813881,40,8.142857142857142,1.314751470267833,29,69
4326,2.2941176470588234,3.5665933655652586,39,7.673913043478261,2.033654049308912,18,36
25917,2.1666666666666665,1.200490095997562,39,8.375,1.2583057392117916,7,25
42018,3.5454545454545454,4.27466107109409,39,8.095238095238095,2.5080821737886083,25,54
21428,3.0,4.203173404306164,39,7.648648648648648,2.016821154085698,22,45
3652,1.8571428571428572,1.3522468075656267,39,7.346666666666667,2.0926742972296752,9,22
1542,1.8571428571428572,0.9102589898327995,39,8.818181818181818,2.007089706741851,8,24
39764,1.95,1.5381123085406379,39,7.664335664335664,2.0416234079910835,10,25
45090,2.1666666666666665,1.5048939771136507,39,7.475,2.075343653964635,10,26
14655,7.8,5.761944116355173,39,9.846153846153847,2.2673829938997163,42,119
22338,3.25,6.254089571123552,39,8.25,2.5495097567963922,33,59
20748,2.2941176470588234,1.2631659571466125,39,8.6,1.5165750888103102,8,28
33216,2.7857142857142856,2.006856379383569,39,7.067415730337078,2.3198635971313486,14,34
2597,1.7727272727272727,1.0203555954301133,39,7.6,2.345207879911715,8,22
24786,3.9,5.606543795720616,39,7.583333333333333,1.8660840022748442,28,58
18174,7.8,6.220932405998316,39,7.461538461538462,2.2216879699673027,40,98
24416,1.3,0.4660915996993991,39,7.10126582278481,2.1399433056764026,5,14
2650,3.5454545454545454,2.0670576365276494,39,8.5,0.7071067811865476,11,41
16931,6.5,4.888762624632126,39,7.482758620689655,3.019232277715318,39,88
555,1.8571428571428572,1.108409413786904,39,7.844036697247707,2.1609939068186907,8,23
15357,2.1666666666666665,2.8543053136497876,39,7.645833333333333,1.9731127080998814,15,31
1392,1.95,1.5035046776746235,39,8.928571428571429,2.999084109274946,12,30
36625,3.9,3.6953424138441564,39,7.793103448275862,2.210030871549529,22,53
2563,2.1666666666666665,2.357715743980127,39,8.617021276595745,2.17248796954053,14,32
10732,2.4375,1.2632629707758134,39,8.304878048780488,1.922504952811896,10,30
25285,2.1666666666666665,2.431412080640045,39,8.294117647058824,1.961017143039325,14,31
4784,2.7857142857142856,1.6256866681058633,39,7.565217391304348,1.6740285366450525,11,32
39209,2.2941176470588234,1.1048023512348792,39,7.590361445783133,2.2901493431881685,10,27
38953,3.25,3.0188799849673327,39,7.610169491525424,1.9915073926338445,17,42
20096,2.1666666666666665,2.6178122882419563,39,8.058823529411764,2.1453427566876146,14,32
25338,3.5454545454545454,6.8463659902701135,39,9.0,2.160246899469287,36,68
865,3.5454545454545454,2.1148823307047775,39,7.241379310344827,2.3092233142922614,16,42
5808,1.6956521739130435,1.0195713274212868,39,7.362962962962963,2.2179976427837205,8,20
7537,1.5833333333333333,0.7172815023567723,38,7.869047619047619,2.296040394174504,7,19
24208,2.111111111111111,1.6764419215528672,38,7.8307692307692305,2.072668712264686,11,27
24099,12.666666666666666,11.015141094572204,38,7.45,2.605156829302827,74,168
18000,1.9,1.2096106376585987,38,6.333333333333333,3.5118845842842465,12,24
16646,5.428571428571429,6.023762469230862,38,7.8,2.6240644591385873,36,79
15552,1.8095238095238095,0.9283882603225668,38,7.0588235294117645,2.2689094493008217,8,21
41348,2.235294117647059,1.5218989685876771,38,7.170731707317073,2.23497694646265,11,27
779,2.235294117647059,1.3476559169863187,38,7.854166666666667,1.9350032528790444,9,27
42275,2.0,1.247219128924647,38,7.213333333333333,2.12636813403546,9,23
30638,2.923076923076923,6.343783551130173,38,7.5,2.8809720581775866,32,54
10470,1.8095238095238095,0.8135752957807666,38,6.978260869565218,2.165272684236664,7,20
34580,3.4545454545454546,3.297381881542881,38,9.166666666666666,0.7859052479933756,17,49
9439,2.7142857142857144,4.746311465493234,38,8.0,1.7320508075688772,23,45
2238,1.5833333333333333,0.9743076322798876,38,7.824561403508772,2.511022123920001,8,20
12428,6.333333333333333,4.926120853842978,38,7.7272727272727275,2.76010539983201,37,86
3199,2.923076923076923,4.030333701269629,38,6.9,1.5238839267549946,19,39
7917,2.235294117647059,2.385618676693372,38,7.886446886446887,2.2710623577862403,14,31
484,7.6,12.074767078498866,38,7.620738941712323,2.2088896522065657,62,119
2433,2.0,1.4907119849998598,38,7.330935251798561,1.961175664883417,9,24
6892,12.666666666666666,20.207259421636902,38,8.818181818181818,1.6011359603844901,105,216
25256,2.923076923076923,1.8912755158683456,38,6.647058823529412,1.3666188418222285,10,30
21002,2.111111111111111,2.632129285419582,38,6.611111111111111,1.9140007034508784,13,27
33768,2.0,1.452966314513558,38,7.3023255813953485,2.559156145526715,11,25
8348,38.0,0.0,38,7.620738941712323,2.2088896522065657,138,428
22524,4.222222222222222,9.297550453987569,38,7.15,1.9813230492882845,43,73
18806,1.8095238095238095,1.4359334113755977,38,7.407894736842105,2.1847007558976577,9,23
22632,1.7272727272727273,1.2414207752110245,38,7.2,1.6431676725154984,7,20
22617,19.0,24.041630560342615,38,7.666666666666667,1.96638416050035,126,272
14666,2.111111111111111,1.1318329168362204,38,8.36111111111111,1.9734346820820912,9,26
19486,1.9,1.2523661815266247,38,8.136363636363637,1.9952922649503089,9,24
21884,4.222222222222222,3.2317865716108862,38,7.25,1.5,18,48
24024,3.4545454545454546,3.236159339823562,38,8.17142857142857,2.2292931389029267,20,48
13594,1.8095238095238095,1.123345344008138,38,7.555555555555555,2.1306530782092468,8,22
38137,2.235294117647059,2.6346112560657287,38,7.357142857142857,2.4371213428059835,15,31
200,2.0,1.1547005383792515,38,8.593939393939394,1.944024520876196,9,26
45185,9.5,5.0,38,7.7272727272727275,1.1037127426019047,29,102
24432,2.176470588235294,2.651303785820456,37,7.5,1.8708286933869707,14,30
2502,2.0555555555555554,2.31293605675003,37,9.0,2.2088896522065657,14,32
1148,12.333333333333334,14.742229591663987,37,7.636904761904762,1.9619909087976766,78,172
19392,3.3636363636363638,4.3190908134172705,37,7.6,2.0736441353327724,23,48
4121,1.7619047619047619,1.4108423691100969,37,7.738095238095238,2.3496682545591576,9,23
24703,2.3125,2.0886598574205424,37,7.878787878787879,2.016628461691602,12,31
25253,4.625,8.29694436008135,37,7.3,1.4944341180973266,39,72
19242,37.0,0.0,37,7.620738941712323,2.2088896522065657,135,417
8337,1.9473684210526316,1.3933845369589317,37,7.0,2.0291986247835694,9,23
24580,2.3125,1.8874586088176875,37,7.883116883116883,1.9866265109610608,12,30
42385,9.25,5.5,37,6.758620689655173,1.9576803404210135,38,101
8237,1.9473684210526316,2.172394587917682,37,8.04,2.3383231389268717,13,28
2790,2.176470588235294,2.8773966992241236,37,8.126614987080103,2.2675886313707685,16,33
2781,2.642857142857143,3.95371573736253,37,9.179487179487179,2.426517917464999,22,47
13395,12.333333333333334,11.503622617824933,37,9.166666666666666,2.2495790852081776,73,187
18613,3.3636363636363638,2.8025961989814827,37,7.144736842105263,2.33068772321774,18,42
22854,2.176470588235294,3.358483551352587,37,6.909090909090909,2.165850662190053,17,32
3737,2.176470588235294,2.877396699224124,37,6.87037037037037,1.843359282707323,14,29
16468,1.9473684210526316,1.3529262199858298,37,8.28125,1.8532338779688904,9,25
44493,2.3125,1.352466881911223,37,8.181818181818182,2.1132697629287867,10,29
23172,2.8461538461538463,2.230327100305911,37,9.266666666666667,2.1201976547572383,15,41
12204,4.111111111111111,3.2956199888808646,37,8.045454545454545,2.419706253861893,23,56
31195,3.3636363636363638,3.2022719207689803,37,8.053571428571429,2.3696539283742974,20,47
35123,1.85,1.0399898784932577,37,7.333333333333333,1.865252440466616,7,21
2512,1.608695652173913,1.1575495447783652,37,7.51685393258427,2.2226993287953687,8,20
3408,2.0555555555555554,2.208865085812228,37,7.5,2.5634797778466227,13,29
9116,3.0833333333333335,4.481443219916251,37,10.472222222222221,2.772168940544683,28,60
16860,1.7619047619047619,0.8890872794479688,37,7.612244897959184,2.7219503311857434,9,22
44912,1.608695652173913,1.196173080923364,37,7.276595744680851,2.1639549908882567,8,20
17024,2.642857142857143,2.7902892835178013,37,7.723404255319149,2.2136152572066408,16,36
14684,2.8461538461538463,2.192645048267573,37,8.144927536231885,2.224696689959969,15,38
5468,1.85,1.2258187382102497,37,8.583333333333334,2.1159378493840832,9,25
16782,2.0555555555555554,1.3920878193318216,37,8.796875,2.0172249325673692,10,28
8875,2.3125,1.6214705259938174,37,7.428571428571429,2.268574127382346,11,28
2990,1.6363636363636365,0.7895420339517227,36,7.481481481481482,2.11023995961484,7,19
18744,18.0,8.48528137423857,36,7.946666666666666,1.8880372572289683,69,212
884,7.2,5.310367218940701,36,8.208333333333334,2.536330225836682,39,98
788,36.0,0.0,36,10.0,2.2088896522065657,131,491
23366,2.1176470588235294,1.4526851405748802,36,7.074074074074074,2.0544645526713494,10,25
24418,2.4,1.2421180068162376,36,6.215686274509804,2.100606821756,10,25
22007,2.25,2.9552213679068666,36,7.672413793103448,1.7002366299139509,15,32
25557,1.894736842105263,0.936585811581694,36,7.393258426966292,1.9978282386363824,8,22
26876,18.0,16.97056274847714,36,9.25,1.8929694486000912,102,269
24557,3.6,4.526465385804788,36,8.375,2.199837656347785,25,55
15076,1.894736842105263,1.1969747440993466,36,7.964912280701754,2.1041193634723645,9,24
2096,1.7142857142857142,0.7837638128197257,36,7.0,1.0,4,16
21252,36.0,0.0,36,7.6,1.5165750888103102,90,364
21260,18.0,8.48528137423857,36,8.0,1.0,49,194
46590,4.5,8.70139561876632,36,7.666666666666667,2.179449471770337,43,77
8720,2.0,1.137592917989042,36,7.86,2.0102797043685037,8,24
25643,1.8,1.5423836644690752,36,7.555555555555555,2.2458907269127555,10,23
22043,18.0,8.48528137423857,36,8.4,2.503331114069145,85,236
13552,2.5714285714285716,3.13084617990054,36,7.882352941176471,1.5128681546902678,16,36
21975,18.0,8.48528137423857,36,8.0,1.4142135623730951,58,202
38853,18.0,8.48528137423857,36,8.4375,1.824600412875835,68,220
21960,36.0,0.0,36,8.333333333333334,1.632993161855452,97,397
19316,12.0,0.0,36,9.181818181818182,1.8340219092574557,36,146
35747,2.25,1.653279569018299,36,7.794520547945205,1.8405834228248044,10,28
13619,1.8,0.7677718959499146,36,7.645833333333333,1.9731127080998816,7,21
17473,1.894736842105263,1.0485300208760657,36,7.170731707317073,2.2237630159752886,8,22
3892,3.272727272727273,4.173509532537552,36,6.5,2.1213203435596424,21,42
11366,2.0,1.3284223283101428,36,8.344827586206897,2.056668436445521,9,26
28223,1.894736842105263,1.5236920380774408,36,7.552486187845304,2.348464487957408,10,24
15362,18.0,8.48528137423857,36,5.285714285714286,2.3603873774083297,77,172
2982,2.1176470588235294,1.9000773978043788,36,7.104651162790698,2.306150700485892,12,27
42753,18.0,8.48528137423857,36,8.0,2.5,84,228
16869,2.1176470588235294,2.7359265556017873,36,7.0,0.0,12,27
24812,12.0,0.0,36,8.272727272727273,1.9021518914592015,38,137
14413,12.0,0.0,36,8.588235294117647,2.0934070175616757,41,145
37152,2.25,1.8073922282301278,36,8.545454545454545,1.7693732840138112,11,30
27488,12.0,6.0,36,7.5,1.977818168053462,48,138
1740,1.894736842105263,0.8752610304046612,36,8.32258064516129,2.196771825113592,8,24
22919,2.0,2.1962534944228786,36,7.142857142857143,1.9272482233188633,12,26
8289,1.894736842105263,1.5236920380774408,36,6.975903614457831,1.584805163176432,8,22
21419,12.0,0.0,36,8.307692307692308,1.407671290301277,28,128
6891,18.0,8.48528137423857,36,8.045454545454545,1.863873915807068,68,213
3185,1.7142857142857142,1.0071175275436894,36,8.4,1.949358868961793,7,22
6754,12.0,6.0,36,7.871794871794871,2.3190230154719895,54,148
7874,18.0,8.48528137423857,36,6.769230769230769,1.5358952955766088,58,180
19831,4.0,7.937253933193772,36,8.45514511873351,1.9727251614952568,40,74
19989,18.0,8.48528137423857,36,8.27699530516432,1.6748095878750613,64,213
38852,12.0,0.0,36,8.035714285714286,2.0089087300607473,40,136
25465,4.0,3.968626966596886,36,5.0,1.7606816861659011,19,39
2207,1.894736842105263,1.5597270716416047,36,8.170454545454545,2.085646573629876,10,25
11932,2.0,1.3719886811400708,36,7.481481481481482,2.107853605069695,9,24
5838,1.8,1.7044832524535807,36,7.5,2.1327870235456885,10,23
23832,36.0,0.0,36,9.0,2.2088896522065657,131,455
24292,2.1176470588235294,1.0537049480984035,36,7.8474576271186445,2.164076288747329,9,26
21420,12.0,0.0,36,7.827586206896552,1.9833047009841458,39,133
17520,5.833333333333333,5.269408568963567,35,7.620738941712323,2.2088896522065657,32,77
26497,1.8421052631578947,1.11868761873192,35,7.806451612903226,1.9959636689433844,8,22
18788,3.5,5.661762583821009,35,10.666666666666666,1.5275252316519468,32,69
15981,1.8421052631578947,1.067872125861979,35,8.8,1.8597912596342003,8,24
3770,2.0588235294117645,1.1974237050483696,35,8.0,2.2583179581272432,9,26
23432,2.6923076923076925,3.4972516682059402,35,10.8125,0.655108133567785,19,48
16146,2.5,2.312175133106021,35,7.617647058823529,2.229481606852615,14,33
1591,5.833333333333333,6.210206652492866,35,8.05,2.0500156347121115,35,82
26944,4.375,5.804862493757158,35,7.411764705882353,2.209604702469759,31,63
6446,2.6923076923076925,2.4625398604088757,35,8.03448275862069,2.257089447410801,15,37
22294,3.888888888888889,4.013864859597431,35,8.263157894736842,1.407997208928653,21,53
18971,2.3333333333333335,1.3972762620115438,35,7.730337078651686,2.4250775289566437,11,29
7891,1.8421052631578947,1.4629938062729393,35,7.1395348837209305,2.2629633021718987,9,23
8043,3.888888888888889,7.5571893658364235,35,7.8,2.7834094957538373,39,69
25258,1.75,0.9665456669582609,35,6.352941176470588,0.7859052479933757,5,16
25259,2.6923076923076925,2.2130151145972543,35,6.647058823529412,1.3666188418222285,11,29
39219,1.9444444444444444,1.4741786236338814,35,7.943396226415095,2.307305240881854,10,26
38859,1.9444444444444444,1.696786659341787,35,7.364406779661017,2.322926441349242,11,25
2942,1.6666666666666667,0.9660917830792959,35,7.538461538461538,1.6951413727191822,6,19
12387,1.6666666666666667,0.6582805886043833,35,7.611111111111111,1.7848065977004257,6,18
4355,1.6666666666666667,1.1105554165971787,35,5.868421052631579,2.1203142631883467,7,17
14209,1.9444444444444444,0.9983646759294876,35,7.620738941712323,2.2088896522065657,8,23
32805,1.8421052631578947,2.79410406818709,35,6.75,2.207337859398039,14,26
16178,8.75,14.84082207965583,35,6.666666666666667,0.816496580927726,64,123
21849,2.3333333333333335,2.794552524023088,35,8.39655172413793,2.2551279200688747,16,36
45334,5.833333333333333,5.49241901776136,35,7.222222222222222,2.289504327438469,33,75
1987,1.5909090909090908,1.181568405173351,35,6.589743589743589,2.086522525235012,7,18
2109,2.4285714285714284,1.650840611711114,34,7.385964912280702,2.610528812542498,13,31
35358,2.4285714285714284,3.030975616334316,34,7.5,0.7071067811865476,14,32
23877,4.857142857142857,5.0142653642240695,34,9.0,2.2519832529192065,31,74
30713,2.8333333333333335,3.2427074359478554,34,7.686274509803922,2.213505781139334,18,40
46555,2.2666666666666666,1.7511900715418263,34,7.9375,1.5692354826475217,10,28
23946,2.6153846153846154,2.8733969890027824,34,7.75,2.5,17,37
24050,1.8888888888888888,1.2782749814122842,34,7.065217391304348,2.091274719325708,9,22
8282,4.857142857142857,9.771191865693279,34,8.5,0.7071067811865476,47,89
18800,2.4285714285714284,3.4354326950469867,34,8.0,1.9493588689617927,18,37
21364,2.2666666666666666,2.914659173083209,34,7.0,2.413198999619531,16,31
21369,2.125,1.5438048235879214,34,7.415384615384616,2.0531401840557835,10,26
2647,2.6153846153846154,2.6937724952954465,34,7.842553191489362,2.231452009060417,16,36
36087,6.8,10.256705123966467,34,6.551724137931035,2.010440728094779,49,93
8065,3.090909090909091,2.5866791627314534,34,7.620738941712323,2.2088896522065657,16,40
45599,1.4166666666666667,0.6538625481582945,34,8.576923076923077,1.7750576223306862,5,17
15888,3.7777777777777777,4.994441354590566,34,7.909090909090909,2.91391645228704,29,59
1012,2.8333333333333335,4.608950449117916,34,6.75,3.194455423784382,25,44
23510,3.090909090909091,2.3001976199685736,34,8.32,2.4027195476147014,16,42
2991,1.7,0.9233805168766387,34,7.215909090909091,2.2562753542950302,8,20
42801,2.8333333333333335,2.2495790852081776,34,6.5,1.970013294613105,13,32
3460,1.7,1.1285761872936695,34,7.640776699029126,2.0572891402305524,8,21
27097,3.090909090909091,3.5903912169719177,34,7.333333333333333,1.6696942198734437,18,41
39550,2.6153846153846154,2.4677405839641224,34,10.4,0.8944271909999157,14,41
6568,2.125,1.6683325008322931,34,8.232558139534884,2.1251017824624374,11,28
19865,3.090909090909091,3.935849221058791,34,9.2,2.16794833886788,23,51
40296,1.8888888888888888,1.0226199851298272,34,7.3559322033898304,2.3175694154273727,9,22
25514,3.090909090909091,3.7270509911871463,34,9.727272727272727,2.2716014527581985,22,52
19031,1.7894736842105263,0.9176629354822471,34,7.620738941712323,2.2088896522065657,8,21
24929,3.4,5.274677451960661,34,7.235294117647059,2.077540967246671,26,51
24727,5.666666666666667,9.993331109628393,34,6.666666666666667,2.3094010767585034,48,86
41409,2.4285714285714284,1.3424596091494903,34,8.657142857142857,1.9843928860108366,10,31
804,1.7894736842105263,1.0316624861746775,34,8.05,2.2066333563215186,8,23
600,1.5454545454545454,1.0107645728086345,34,7.204081632653061,1.8594308250637555,7,18
3350,1.7894736842105263,0.787326514818136,34,6.833333333333333,2.6394443859772205,9,21
27065,2.2,2.007130147392398,33,7.780821917808219,2.200041510608795,12,29
24301,3.3,4.270050741306634,33,7.7824267782426775,2.0545974195912056,23,48
11156,5.5,1.760681686165901,33,7.161290322580645,1.985137798306573,20,59
2232,1.736842105263158,0.9911892555667042,33,7.85,2.2083067506657614,8,21
16684,1.9411764705882353,0.8993461677306269,33,8.076923076923077,2.480694691784169,9,25
10469,1.8333333333333333,1.465284553774253,33,7.188405797101449,1.8492873215411816,9,22
32303,2.2,1.2071217242444348,33,8.277777777777779,1.934381054849193,9,27
14972,3.0,3.1937438845342623,33,7.778846153846154,2.158553681407771,18,42
4029,1.736842105263158,1.1470786693528088,33,8.178082191780822,2.029932030563152,8,22
22298,1.65,1.2680278927697552,33,7.87012987012987,2.238130383711095,8,21
453,2.2,1.65615734242165,33,7.568965517241379,2.2408650347696613,11,28
24817,2.2,1.740279123753264,33,7.613793103448276,2.4071254378538773,12,29
16592,1.8333333333333333,1.1504474832710558,33,8.067567567567568,1.8232222046971813,8,23
2717,1.9411764705882353,1.0880365478290537,33,7.959183673469388,2.2263496250726713,9,24
2940,2.2,1.2649110640673518,33,9.0,0.0,6,26
23858,2.5384615384615383,1.8081014266989475,33,8.323529411764707,1.9651600017408424,12,33
16868,1.5714285714285714,0.8106434833777775,33,8.275862068965518,1.7907809893239703,6,19
43615,4.125,4.793969425970806,33,7.328947368421052,2.247298573219185,26,57
3778,1.9411764705882353,0.9663454503498036,33,9.8,2.588435821108957,10,29
25708,2.5384615384615383,1.8536173919925967,33,7.770833333333333,2.136208446014268,12,32
18095,1.9411764705882353,1.0289915108550531,33,8.333333333333334,2.1483446221182985,8,25
3565,1.65,0.9880869341680845,33,8.928571428571429,2.5559669467673154,8,23
12165,2.2,1.5212776585113297,33,8.333333333333334,1.8027756377319943,10,28
22326,1.9411764705882353,1.9833868834425028,33,7.385964912280702,1.9434357092247025,11,25
18578,3.3,3.198958163736021,33,8.5,1.8778487131485553,18,47
39334,1.9411764705882353,1.1974237050483696,33,7.333333333333333,2.3176342617912282,9,23
3884,1.8333333333333333,1.2485285456935955,33,7.297297297297297,1.998122241628998,8,22
39977,1.8333333333333333,1.7235394498804248,33,8.5,1.5811388300841898,10,25
46485,2.2857142857142856,1.4373357526806554,32,7.25,1.7525491637693282,9,26
21117,1.7777777777777777,1.3956046783744507,32,8.575757575757576,1.837632699805361,9,24
25796,2.4615384615384617,1.6641005886756874,32,7.655172413793103,2.1090936114997283,11,30
22508,2.1333333333333333,1.6417180315870612,32,7.195652173913044,1.962080134476235,10,25
45331,2.6666666666666665,2.309401076758503,32,7.666666666666667,2.4612945810066607,15,36
38355,5.333333333333333,5.278888771954441,32,8.5,1.9601288894248494,31,76
24546,2.6666666666666665,1.6143297699232972,32,7.592592592592593,2.098703982118108,12,32
21323,3.5555555555555554,5.174724898753341,32,7.607142857142857,2.0428608428574924,26,53
26248,3.2,5.573747990954262,32,7.506849315068493,2.328108958833524,28,52
35577,32.0,0.0,32,9.0,2.2088896522065657,117,405
18357,2.4615384615384617,1.4500221041639685,32,9.0,2.8284271247461903,14,36
2929,4.571428571428571,8.202786982831768,32,8.666666666666666,3.2145502536643185,47,86
23827,1.6,0.8207826816681233,32,7.023255813953488,2.241262102912885,7,18
44922,2.1333333333333333,1.3557637102737472,32,7.208333333333333,1.6675722177612802,8,24
21000,4.0,6.907552802135189,32,8.333333333333334,2.6583202716502514,37,71
4899,1.5238095238095237,0.7496030695673289,32,8.258064516129032,2.2789358014425884,7,19
16242,4.0,3.585685828003181,32,7.342105263157895,1.99019645627414,21,50
21983,1.8823529411764706,1.1663164740528442,32,8.2,2.573367875415838,10,25
6477,2.909090909090909,4.437443981720681,32,7.397435897435898,2.008680794650692,22,44
4527,2.0,2.6076809620810595,32,7.814814814814815,2.247108830525809,14,30
15426,2.4615384615384617,3.821330148333706,32,7.666666666666667,1.7489492643904123,19,38
834,1.7777777777777777,0.9428090415820634,32,8.310344827586206,2.3467827258955136,8,23
22353,2.909090909090909,4.72132492960494,32,9.75,2.0493901531919194,26,55
22318,3.2,3.823901439919996,32,8.058823529411764,1.9685585631114166,21,46
1050,1.6842105263157894,0.8200698871944031,32,7.545454545454546,2.0670576365276494,7,20
19977,2.2857142857142856,2.920183646189487,32,7.0,2.0766559657295187,15,31
1059,2.4615384615384617,1.6641005886756872,32,7.916666666666667,0.7929614610987593,8,28
4353,1.5238095238095237,1.0304876330673558,32,7.842105263157895,2.6302335742231637,8,20
21410,2.6666666666666665,3.2844906435973886,32,7.2439024390243905,2.2111138347547605,18,37
24193,2.1333333333333333,1.9591057240729093,32,7.510548523206751,2.1024840319553078,12,28
46111,3.5555555555555554,2.788866755113585,32,7.620738941712323,2.2088896522065657,18,45
43430,2.909090909090909,3.5342480234003233,32,8.0,2.4920927582635186,20,44
40456,1.8823529411764706,1.3173056280328643,32,8.212121212121213,2.180438569259027,9,25
4978,2.6666666666666665,1.6696942198734437,32,8.636363636363637,2.2613350843332265,13,36
25211,3.5555555555555554,1.8104634152000358,32,6.898477157360406,2.1969012768303493,15,40
22800,2.4615384615384617,2.2588855886396955,32,7.620738941712323,2.2088896522065657,14,32
39842,16.0,18.384776310850235,32,8.272727272727273,1.7372915179041821,99,231
10267,2.4615384615384617,3.2045640529143387,32,8.785714285714286,1.8926200310708388,17,39
18783,1.7777777777777777,1.1143742932064957,32,6.583333333333333,1.729862492345632,7,19
21783,2.0,1.2110601416389966,32,7.848484848484849,1.6605950010691224,8,24
1416,2.1333333333333333,1.245945806357946,32,8.5,2.1213203435596424,10,28
41215,2.6666666666666665,5.466149273372241,32,8.666666666666666,3.055050463303893,30,53
23386,1.8823529411764706,0.9926198253344827,32,7.96,1.6703293088490068,7,22
16538,1.8823529411764706,2.6898502035702765,32,7.803571428571429,2.0838743886166617,14,29
22568,2.6666666666666665,3.0846639225613406,32,6.8076923076923075,2.227451113164655,17,35
12224,1.9375,1.2893796958227628,31,7.5,1.7100416440082462,8,23
29427,1.7222222222222223,0.9582800496696001,31,7.722543352601156,2.165643576030073,8,21
21533,5.166666666666667,5.307227776030219,31,8.333333333333334,2.148344622118299,31,74
90011,7.75,7.632168761236874,31,5.857142857142857,2.9113897843110044,48,94
21534,1.631578947368421,0.8306975860878397,31,7.181102362204724,1.7924768836243639,6,18
5335,1.7222222222222223,1.903728711380891,31,9.0,2.2088896522065657,11,27
1999,1.631578947368421,0.9551338658818386,31,8.8,1.4999999999999998,6,21
6383,5.166666666666667,5.706721183540218,31,8.11111111111111,2.3687784005919825,34,75
18974,3.875,4.189698250300543,31,7.232558139534884,2.7153637772806585,25,53
32827,2.3846153846153846,1.7097008285302207,31,8.36111111111111,2.5762960985301335,13,33
23159,1.631578947368421,0.8306975860878396,31,7.822784810126582,2.1349322554008427,7,20
14348,1.9375,0.9287087810503356,31,8.607142857142858,2.0609110842912406,8,25
21427,4.428571428571429,8.638231741453085,31,9.4,1.51657508881031,45,87
36766,1.8235294117647058,1.1850788010532811,31,9.25,1.2583057392117916,7,24
23297,1.9375,1.3400870618483463,31,6.875,2.1812988140392484,9,22
19827,2.3846153846153846,1.2608503439122303,31,7.857142857142857,1.9048809486609468,9,28
20598,1.8235294117647058,1.5904124511289146,31,7.914285714285715,2.240948178672545,10,24
3416,15.5,20.506096654409877,31,9.866666666666667,2.4737704480984193,124,277
36539,3.4444444444444446,1.666666666666667,31,7.556213017751479,2.3828217772516216,16,42
4575,2.5833333333333335,3.3427896171076075,31,9.0,1.5634719199411429,18,41
39974,2.3846153846153846,3.0424349222966556,31,7.62962962962963,1.9443833934249646,16,34
24993,2.066666666666667,2.789435853528878,31,7.0,1.4142135623730951,13,28
18629,3.1,3.3482997343593826,31,8.25,2.0504988306618115,19,45
22902,1.9375,1.3889444433333777,31,8.072727272727272,1.9706602151313863,9,25
10972,3.1,5.952590472502987,31,8.5,2.2038926600773587,31,57
24992,2.066666666666667,1.3345232785352157,31,10.5,0.7559289460184551,8,29
25467,2.3846153846153846,3.5482028676139126,31,8.0,0.0,17,36
24876,2.5833333333333335,3.146667308679955,31,7.666666666666667,3.214550253664318,20,40
1033,1.8235294117647058,1.1850788010532811,31,6.0,2.2088896522065657,8,19
529,1.4761904761904763,0.511766315719159,31,8.628571428571428,2.2371951226495024,6,19
2908,2.066666666666667,1.667618775665584,31,7.225531914893617,2.0745165315776712,10,25
11209,1.7222222222222223,1.274434386908933,31,7.0,2.2088896522065657,8,20
23535,2.2142857142857144,0.9749612559222292,31,8.023809523809524,2.0658441283973756,9,27
833,1.7222222222222223,1.4061024795535124,31,8.30952380952381,2.4243489972351115,10,24
13045,4.428571428571429,5.094347941825426,31,8.0,1.4142135623730951,26,61
8254,2.2142857142857144,2.359223191208086,31,7.833333333333333,2.2889815682347265,14,31
8965,1.7222222222222223,1.1274936053323583,31,8.086206896551724,2.2810007249713933,8,22
1425,1.9375,1.2893796958227624,31,8.142857142857142,2.2062921084309908,9,25
5737,2.2142857142857144,1.5776599725577716,31,8.333333333333334,1.9663841605003498,10,29
22901,2.2142857142857144,1.5281246137553164,31,7.857142857142857,2.2668736965494265,11,28
44715,2.3846153846153846,2.2560460078960243,31,8.244897959183673,2.3499167737469797,14,34
17216,2.2142857142857144,3.7040221678305625,31,7.102564102564102,2.0234789192309863,18,34
1025,2.3846153846153846,3.2541886223363865,31,5.615384615384615,2.5061138675699546,16,29
18167,1.4761904761904763,0.749603069567329,31,7.531914893617022,2.0835907950687194,6,17
21338,2.2142857142857144,1.5281246137553166,31,9.627906976744185,2.2575086965392117,11,33
25789,1.8235294117647058,1.0145993123917845,31,7.888888888888889,2.472066162365221,9,23
21121,2.3846153846153846,3.0424349222966556,31,7.620738941712323,2.2088896522065657,16,35
32136,1.7222222222222223,0.8264420947336314,31,6.925925925925926,2.5408345982846767,8,20
46725,1.4090909090909092,0.5903260526902472,31,7.647058823529412,2.234423204951007,6,17
8544,2.2142857142857144,2.607048771446997,31,7.620738941712323,2.2088896522065657,14,31
120,1.5,1.1470786693528088,30,8.916666666666666,1.4433756729740645,7,20
21281,2.142857142857143,1.5118578920369088,30,7.791208791208791,2.203615632528018,10,27
8447,1.5789473684210527,1.4265650070355174,30,8.314285714285715,2.1931903778772703,9,22
5056,1.875,2.0289570391377603,30,5.902439024390244,2.531820972049106,11,22
284,1.5789473684210527,1.6437014284732228,30,7.838095238095238,1.9715466864866116,9,22
5145,2.5,3.9886201760873283,30,8.5,2.8867513459481287,23,44
8909,7.5,3.0,30,8.18867924528302,1.9320834089096761,28,89
46141,2.3076923076923075,2.8102376941169758,30,7.15,1.7252002172135512,14,31
25339,1.7647058823529411,1.0325582165612919,30,9.666666666666666,1.5275252316519465,7,24
35960,1.6666666666666667,1.137592917989042,30,7.05,2.283124663229781,8,20
7780,3.75,4.2342143815082665,30,6.5,0.7071067811865476,18,43
20519,2.3076923076923075,2.839736354681991,30,8.75,2.217355782608345,16,36
24022,1.7647058823529411,1.521898968587677,30,8.564102564102564,2.062125523195498,9,25
20429,6.0,10.074720839804943,30,8.411764705882353,1.583462327046801,51,101
39470,1.875,1.6278820596099708,30,8.627906976744185,2.430199441295709,11,27
1505,2.727272727272727,3.319364670864263,30,9.333333333333334,2.0,19,44
24775,2.727272727272727,2.195035721390843,30,7.4375,2.3953920818535015,15,35
17119,1.6666666666666667,1.0289915108550531,30,7.521367521367521,1.9190438109241772,7,20
1972,2.0,1.6035674514745464,30,8.333333333333334,2.886751345948129,12,29
1798,2.0,1.5583874449479589,30,7.341176470588235,2.228350560052748,10,25
20425,3.0,2.6666666666666665,30,10.0,1.8708286933869707,17,47
24153,1.5789473684210527,1.6095475373078614,30,7.607843137254902,1.8555692535990032,9,21
29039,2.727272727272727,3.8233730942953787,30,8.439024390243903,2.3774858620799924,21,44
10591,2.142857142857143,1.3506205330054124,30,10.0,1.85864075456917,10,31
6426,1.6666666666666667,0.6859943405700353,30,7.865168539325842,1.925846987431499,6,19
10724,6.0,5.477225575051661,30,7.5,2.2200386097028644,33,78
3070,1.6666666666666667,1.0289915108550531,30,9.0,2.138089935299395,8,23
10621,2.0,1.7728105208558367,30,8.428571428571429,2.033335629332404,11,28
44106,3.0,3.39934634239519,30,7.809523809523809,1.990799261156548,19,42
8079,2.727272727272727,3.4085454109021076,30,8.833333333333334,1.4719601443879742,18,42
44033,3.0,3.0550504633038935,30,7.0,2.2088896522065657,17,38
21615,2.142857142857143,1.7032612545052805,30,8.25,1.7698454568623978,10,28
21517,1.7647058823529411,1.147247344990711,30,7.794520547945205,2.1664032154548316,8,22
38198,1.875,0.9574271077563381,30,7.121951219512195,2.2604769624043897,8,22
21363,2.5,3.0600059417648793,30,7.0,1.4142135623730951,15,32
17983,10.0,13.892443989449804,30,8.0,1.1547005383792515,68,148
22671,6.0,0.0,30,8.44,2.1228911104120876,21,72
3815,1.9333333333333333,1.334523278535216,29,7.595238095238095,2.369105252627149,10,24
23512,3.2222222222222223,1.5634719199411433,29,8.038461538461538,2.4169462052921284,15,41
41032,1.7058823529411764,1.4901638283404002,29,6.878787878787879,1.9486786509962295,8,20
24650,3.625,6.6534094374882065,29,8.272727272727273,3.133397807202561,37,67
4698,1.9333333333333333,1.3870146083619754,29,8.461538461538462,2.1061570302086774,9,26
39981,1.8125,0.9810708435174292,29,7.766990291262136,2.1245709301314744,8,22
10932,2.230769230769231,1.739436985245808,29,7.275862068965517,2.388911164468896,12,28
12511,1.8125,1.2763881332363862,29,7.833333333333333,2.926886855802026,11,25
24963,2.9,3.107338983045712,29,9.75,2.217355782608345,19,47
12253,2.0714285714285716,1.8171950369175573,29,10.0,2.2088896522065657,12,33
585,1.8125,0.9105858919765156,29,7.96039603960396,2.2446415842143166,8,22
12271,3.625,4.897156609415596,29,7.964912280701754,2.419894568841952,27,56
41144,2.9,3.573047252229764,29,7.9361702127659575,2.089354542718968,19,42
45424,1.9333333333333333,1.624221425205085,29,7.2272727272727275,2.3058150872919576,10,24
24305,2.0714285714285716,1.7743595036946849,29,8.8,1.30384048104053,10,28
1000,1.8125,1.682012683265696,29,9.25,2.5,11,28
17617,1.6111111111111112,0.8498365855987975,29,6.947368421052632,1.8880473027321631,6,17
13427,2.6363636363636362,1.9116865471476894,29,7.5394736842105265,2.3968912614672875,14,33
45035,1.8125,1.1086778913041726,29,7.852941176470588,2.351656804857254,9,23
37849,3.625,3.0676887530703447,29,7.40625,1.7935255423237615,17,44
109,1.3181818181818181,0.7162311170195085,29,8.512195121951219,2.2262294493101136,6,17
25386,3.625,4.307385683749649,29,7.125,2.0936411663256274,23,49
24390,2.9,3.6953424138441564,29,7.620738941712323,2.2088896522065657,20,42
2746,1.7058823529411764,1.9610171430393253,29,9.833333333333334,2.1179504917996277,12,29
173,1.8125,1.3275918047351754,29,4.662790697674419,2.5186853018578566,9,17
13718,1.7058823529411764,0.985184366143778,29,7.846153846153846,2.25253334840379,8,21
19995,1.9333333333333333,1.5796322658258455,29,8.846153846153847,1.573009527739414,9,26
18963,14.5,2.1213203435596424,29,12.0,2.2088896522065657,54,228
2181,2.0714285714285716,1.5915297775935684,29,7.620738941712323,2.2088896522065657,10,26
16560,1.7058823529411764,1.1048023512348795,29,7.088888888888889,2.224064892592985,8,20
44703,5.8,2.4899799195977463,29,8.192307692307692,2.5670495884855025,27,75
6624,1.8125,2.482438317461282,29,7.208333333333333,2.3770490779200544,13,26
20770,2.0714285714285716,1.4392458342578487,29,8.125,1.6420805617960927,9,26
693,1.7058823529411764,1.4901638283404004,29,7.782608695652174,2.1177875612509793,9,22
7931,3.2222222222222223,5.585198693372013,29,7.8597785977859775,2.3253577521479474,29,54
32807,3.625,4.533604683755678,29,7.666666666666667,1.1547005383792515,22,50
13124,2.3333333333333335,1.5569978883230458,28,8.470588235294118,2.0651164331225833,11,31
40583,2.1538461538461537,1.6251232694862383,28,11.0,2.2088896522065657,12,36
1037,2.1538461538461537,2.7339273901036534,28,11.0,1.4142135623730951,16,39
2855,1.8666666666666667,2.8250579429371676,28,8.0,1.4142135623730951,14,29
24999,2.5454545454545454,1.916436086262016,28,8.75,2.2682012349227887,13,36
13602,3.111111111111111,3.140240613569462,28,8.84,1.4047538337136984,17,45
20762,1.8666666666666667,1.3020130933435712,28,7.353658536585366,2.0868308491764194,9,22
1309,1.5555555555555556,0.6156987634551992,28,9.585365853658537,2.3555849566094786,7,22
17019,5.6,5.856620185738529,28,8.0,2.6457513110645907,37,81
24001,4.0,4.281744192888376,28,8.666666666666666,2.3094010767585034,26,60
473,7.0,12.0,28,8.272727272727273,1.7939291563999449,61,119
10676,2.1538461538461537,2.192645048267573,28,8.365853658536585,2.690316873167319,14,32
10722,1.8666666666666667,1.1254628677422756,28,7.0,2.437272760169178,9,22
25340,2.3333333333333335,1.3026778945578592,28,7.620738941712323,2.2088896522065657,10,28
6483,1.8666666666666667,2.0998866182543785,28,8.565217391304348,2.125529203783205,12,28
31873,7.0,2.0,28,8.0,2.056033250527026,26,82
2184,1.75,2.016597794967223,28,8.625,2.1960374871939896,12,27
16541,3.111111111111111,3.515837184954831,28,7.8076923076923075,2.0594995658019597,19,44
7890,1.4,0.7539370349250517,28,7.0,1.6172150801252798,5,15
41377,1.75,1.1832159566199234,28,7.173913043478261,2.506031371853708,9,21
21169,2.5454545454545454,3.2361593398235615,28,8.8,2.588435821108957,19,42
39473,3.111111111111111,5.967504596656052,28,8.75,1.7078251276599332,30,58
6698,2.1538461538461537,1.573009527739414,28,7.476190476190476,2.0644381225662256,10,26
6764,9.333333333333334,7.371114795831994,28,8.090909090909092,2.154693976201313,48,123
11397,2.1538461538461537,1.4051188470584879,28,8.26923076923077,1.9090875790846746,10,27
11353,2.0,0.6793662204867574,28,7.95,1.6004806970215106,6,22
5698,2.0,3.7416573867739413,28,7.896551724137931,2.160436919868077,19,35
1030,2.8,3.583914681524163,28,8.25,1.064581294844754,18,41
5065,1.4736842105263157,0.8411910241920597,28,7.823529411764706,2.627624738181973,7,19
46299,1.5555555555555556,1.0966377611066322,28,6.867924528301887,2.121662409246549,7,18
23126,1.6470588235294117,1.0571882797418488,28,8.507042253521126,2.2920560915388966,8,22
868,1.6470588235294117,0.9963167462326072,28,8.043478260869565,2.0775479618042128,7,21
1061,1.6470588235294117,0.9314757424772421,28,6.902777777777778,1.2577615061130551,5,17
15463,3.5,2.6186146828319083,28,8.571428571428571,1.5548576840284827,16,46
751,1.75,1.0645812948447542,28,8.457142857142857,2.034162020599741,8,23
23919,1.75,0.8563488385776752,28,8.23076923076923,2.192096818468213,8,22
994,1.8666666666666667,1.3020130933435712,28,8.666666666666666,1.5569978883230458,8,24
17838,1.6875,0.7932002689527196,27,7.5625,1.9311050377094114,6,19
22367,6.75,6.075908711186061,27,7.6,2.1908902300206647,37,88
19806,2.25,3.137022328723385,27,7.413793103448276,2.4130188765366434,17,33
24728,2.7,3.529242915351047,27,7.5,0.7071067811865476,16,37
35075,1.6875,1.0144785195688801,27,6.970588235294118,2.235868675571723,8,19
42934,9.0,5.196152422706632,27,7.394736842105263,1.8238580089975078,36,102
36198,3.375,3.3779748793788102,27,7.620738941712323,2.2088896522065657,20,45
24575,1.8,1.820517979665599,27,8.5,3.5355339059327378,14,29
4012,2.076923076923077,2.4311018921995866,27,8.06578947368421,2.3055615444155286,14,31
3716,1.8,1.01418510567422,27,7.608695652173913,2.0053069686826865,8,21
18600,9.0,13.856406460551018,27,7.8,2.3206001777956464,73,143
21981,1.588235294117647,0.8702602720890289,27,8.133333333333333,1.4573295865416045,6,19
90089,5.4,6.024948132556827,27,7.333333333333333,3.2015621187164243,39,79
350,1.9285714285714286,2.6736401493753137,27,8.015873015873016,3.16987871698416,16,32
13651,2.7,2.2135943621178655,27,7.428571428571429,2.118347223186792,14,34
18380,1.588235294117647,1.0036697371030325,27,7.527472527472527,2.247668714916558,7,19
46947,1.5,0.7859052479933759,27,7.804878048780488,1.9841285327132938,6,18
21078,5.4,5.594640292279746,27,9.11111111111111,2.2607766610417555,34,84
13122,2.7,2.359378449224852,27,8.581395348837209,2.1737892978406212,15,38
10650,13.5,14.849242404917497,27,5.8,2.3475755815545347,79,157
16239,3.857142857142857,1.0690449676496976,27,8.88,2.1855586623714007,15,49
18240,3.375,3.5831949031954307,27,8.3,1.9493588689617927,20,48
21832,3.0,3.640054944640259,27,6.321428571428571,1.9823960703891088,18,37
37542,1.8,0.7745966692414834,27,7.716666666666667,1.7572288147377482,6,20
18774,2.7,4.001388647846033,27,7.866666666666666,1.8073922282301282,20,41
1414,6.75,11.5,27,9.0,2.2088896522065657,62,123
45061,5.4,5.594640292279746,27,8.2,0.44721359549995776,27,71
5487,6.75,11.5,27,7.5,2.0,57,107
25696,2.7,1.0593499054713804,27,7.991379310344827,1.853956525710289,10,31
8100,1.8,1.820517979665599,27,6.4,2.8809720581775866,11,23
19611,2.076923076923077,1.3204505835470497,27,7.231958762886598,1.929538396394629,9,24
19887,3.0,3.24037034920393,27,9.142857142857142,2.734262327610589,21,49
41820,5.4,6.024948132556827,27,9.5,2.4387227027795984,38,89
23917,1.6875,0.7932002689527197,27,7.367924528301887,2.0252006212112756,7,19
29434,3.0,4.153311931459037,27,7.795454545454546,2.1842943137426842,22,45
37421,3.375,2.326094212561969,27,8.75,2.5,18,47
10735,1.5,1.0431851677040116,27,7.064516129032258,1.852181156113816,6,17
16692,2.076923076923077,2.019139192062567,27,8.097222222222221,2.0290823723706772,12,29
1262,5.4,9.289779329994873,27,5.5,2.0816659994661326,40,70
441,1.8,1.01418510567422,27,8.0,1.4509525002200232,6,21
17292,2.076923076923077,2.1000610491736684,27,7.8375,1.9320334273911934,12,28
2624,1.6875,1.0781929326423911,27,7.360294117647059,2.3211516749319108,8,20
43673,2.25,1.7122552910761242,27,7.351851851851852,2.332359784921113,12,28
46165,5.2,4.54972526643093,26,7.9772727272727275,2.4773793751549333,30,72
694,2.0,1.35400640077266,26,7.089743589743589,2.336530324942084,10,24
41778,2.0,3.0276503540974917,26,9.875,0.991031208965115,16,36
24109,2.3636363636363638,1.2862913567871994,26,7.05,1.5719582155957414,8,25
23365,2.1666666666666665,1.6966991126265962,26,7.2631578947368425,1.8842764835043015,10,26
19397,1.7333333333333334,1.0327955589886444,26,8.295454545454545,1.6646746375939732,7,21
3888,2.0,1.4719601443879746,26,8.333333333333334,2.5166114784235836,11,28
17263,3.7142857142857144,5.122313465427046,26,10.333333333333334,1.1547005383792515,28,66
1007,1.7333333333333334,1.0997835284835875,26,9.0,2.2088896522065657,8,24
283,1.368421052631579,0.760885910252682,26,7.7701149425287355,2.061277259400822,6,16
24520,2.6,3.025814858109391,26,8.02,1.8570329637815879,16,37
21382,1.7333333333333334,0.9611501047232549,26,7.538461538461538,2.186635890636259,8,21
22336,3.7142857142857144,5.879747322073337,26,7.380952380952381,1.7457431218879387,28,56
18585,1.8571428571428572,1.4064216928154862,26,8.153846153846153,1.3445044840729643,8,23
25415,1.625,0.8850612031567836,26,5.8,2.898275349237888,9,18
42124,1.7333333333333334,0.9611501047232549,26,7.625,2.189190076601244,8,21
26828,3.7142857142857144,4.7509397566616824,26,7.620738941712323,2.2088896522065657,26,54
41984,1.5294117647058822,0.7174300539794395,26,8.2,0.44721359549995804,4,16
18097,3.25,3.9188190640986296,26,10.4,1.6733200530681511,23,57
23246,2.3636363636363638,2.6934263410283665,26,7.361702127659575,1.9391332939804269,14,32
23116,2.1666666666666665,1.4668044012461754,26,8.470588235294118,2.477842989850838,11,30
28146,1.625,0.806225774829855,26,7.16,2.5442746183015177,8,19
24799,8.666666666666666,13.279056191361391,26,6.871794871794871,2.0670279602351926,65,124
2839,1.4444444444444444,0.7047921864945658,26,7.826666666666667,2.492260952076216,7,18
14062,2.6,3.5023801430836525,26,8.88888888888889,1.6047315659302057,19,42
36859,1.8571428571428572,1.027105182026191,26,7.327272727272727,2.009740589990967,8,21
23195,4.333333333333333,3.7771241264574122,26,10.25,2.217355782608345,25,70
7205,1.4444444444444444,0.7838233761296739,26,9.0,2.8284271247461903,8,21
8038,2.3636363636363638,1.3618169680781096,26,9.0,1.7320508075688772,10,31
20251,2.1666666666666665,3.1574826950748234,26,7.404494382022472,2.299797921575223,16,32
17186,1.5294117647058822,0.8744746321952062,26,7.3882352941176475,2.273523160872836,7,18
24705,5.2,2.949576240750525,26,7.793103448275862,2.257990736802896,24,64
24594,2.0,1.4142135623730951,26,7.288537549407114,2.373745916931282,10,25
34014,2.3636363636363638,1.8586407545691703,26,8.133333333333333,2.1489955370316194,12,31
1876,1.5294117647058822,0.7998161553463028,26,7.143790849673203,1.9413041623365448,6,17
42256,6.5,7.14142842854285,26,8.333333333333334,2.0816659994661326,41,95
906,1.5294117647058822,0.8744746321952062,26,7.217391304347826,2.109642833603711,7,18
915,8.666666666666666,5.773502691896258,26,8.096774193548388,2.1810523256703007,41,111
4337,13.0,16.97056274847714,26,7.0,2.8284271247461903,96,187
21979,1.8571428571428572,0.8644378215075663,26,7.090909090909091,1.8683974659876552,7,20
2815,1.368421052631579,1.01162829777814,26,8.456521739130435,2.2181726386989054,7,19
16553,1.2380952380952381,0.5389584311207966,26,7.311111111111111,2.5745451692061705,6,15
16440,2.3636363636363638,1.5666989036012806,26,8.11111111111111,1.745208192161304,10,29
10030,2.6,1.505545305418162,26,7.866666666666666,2.542512107363887,13,33
23474,2.272727272727273,1.9540168418367887,25,8.198412698412698,2.619984248104835,13,32
3962,2.5,4.06201920231798,25,7.0,2.2088896522065657,20,37
23633,2.5,4.403281604540969,25,6.6,2.6076809620810595,22,38
24588,1.7857142857142858,1.3688047244316386,25,7.096774193548387,1.8682405039622607,8,21
7241,1.7857142857142858,1.05090228108783,25,10.833333333333334,2.401388487243717,9,28
36139,1.6666666666666667,0.8997354108424372,25,7.673076923076923,2.3491438060318486,8,20
34507,12.5,16.263455967290593,25,6.666666666666667,1.9694638556693236,80,164
16757,1.3888888888888888,0.9785276387866012,25,8.263157894736842,2.5541086193152225,7,19
8283,1.7857142857142858,1.4769288003552106,25,7.3580246913580245,2.220971870461829,9,22
46119,2.5,2.1213203435596424,25,7.615384615384615,1.5566235649883127,12,31
3508,8.333333333333334,6.350852961085883,25,7.925925925925926,1.979236953317848,40,106
13899,1.6666666666666667,1.1126972805283735,25,7.872340425531915,1.8011713734050205,7,20
20600,2.272727272727273,2.2401298663653,25,7.5,0.7071067811865476,10,28
38952,2.272727272727273,3.258555173413797,25,7.636363636363637,2.06705763652765,17,34
22000,2.7777777777777777,2.048034287907418,25,7.052631578947368,2.2680078591404413,14,33
15209,25.0,0.0,25,9.0,1.632993161855452,67,292
15085,2.5,1.7159383568311666,25,7.248484848484848,2.162332922083824,12,30
5517,1.5625,0.7274384280931732,25,8.166666666666666,2.041241452319315,6,19
23347,3.125,5.221863378417434,25,7.620738941712323,2.2088896522065657,26,50
24454,2.272727272727273,1.8488325554743508,25,7.428571428571429,2.1491969707422394,12,28
16753,1.7857142857142858,1.3114039117603011,25,7.921052631578948,2.045186556578422,9,23
19293,8.333333333333334,6.350852961085883,25,7.857142857142857,1.7113069358158484,38,103
24152,2.0833333333333335,1.3113721705515067,25,7.019607843137255,1.9645884666100573,9,23
20512,12.5,16.263455967290593,25,7.5,1.6787441193290356,81,175
879,1.5625,0.8920949127381758,25,8.307692307692308,1.9741924671712985,7,20
20517,2.272727272727273,3.258555173413797,25,5.666666666666667,2.516611478423583,16,29
7127,1.5625,1.2093386622447824,25,8.508196721311476,2.11835589408132,8,21
15247,1.9230769230769231,1.4411533842457842,25,7.327272727272727,2.1521268158846567,9,23
24759,3.125,4.086126352846737,25,7.416666666666667,1.3113721705515067,20,43
18962,2.5,1.5811388300841898,25,8.5,3.5355339059327378,16,38
25283,1.6666666666666667,0.8997354108424374,25,7.75,2.362907813126304,8,21
10762,1.7857142857142858,0.9749612559222292,25,7.333333333333333,1.8257418583505534,7,20
23323,5.0,5.477225575051661,25,5.0,2.2088896522065657,27,52
2482,2.0833333333333335,1.4433756729740645,25,7.343096234309623,2.2787528920005533,10,25
13065,2.7777777777777777,3.527668414752787,25,6.6,1.07496769977314,16,34
1364,2.272727272727273,3.036145882229939,25,7.958333333333333,2.3494526035295724,17,35
15333,6.25,4.5,25,8.48,2.0639767440550294,30,83
4545,1.9230769230769231,1.4411533842457842,25,7.2,2.485513584307633,10,24
2162,1.7857142857142858,1.5776599725577716,25,7.650793650793651,1.9105710188379688,9,23
27111,1.7857142857142858,1.6256866681058633,25,8.408450704225352,2.3088492173049104,10,25
26663,25.0,0.0,25,7.333333333333333,1.3662601021279464,56,240
2684,2.0833333333333335,2.8431203515386634,25,7.515151515151516,2.4510356500009864,15,31
2734,1.6666666666666667,1.6761634196950514,25,8.466257668711657,2.587439290368984,11,25
21959,3.125,3.440826312717007,25,7.033333333333333,2.2358109434191085,19,41
15832,8.333333333333334,6.350852961085883,25,7.090909090909091,2.0225995873897262,39,98
3740,2.5,4.743416490252569,25,8.8,2.4553149347021512,25,47
15914,8.333333333333334,6.3508529610858835,25,7.620738941712323,2.2088896522065657,42,105
22665,1.6666666666666667,0.816496580927726,25,8.088888888888889,2.3531624970183715,8,21
20706,1.4705882352941178,0.8744746321952063,25,7.781609195402299,2.078935295288403,6,18
11856,2.272727272727273,2.0045403009622476,25,7.956521739130435,2.055552588159142,12,30
24012,25.0,0.0,25,8.666666666666666,2.081665999466133,86,303
11819,1.6666666666666667,1.1126972805283735,25,8.789473684210526,1.9315781506443852,8,22
702,1.7857142857142858,1.42389343964797,25,6.861111111111111,1.8996658018530943,8,21
21581,1.9230769230769231,1.4411533842457842,25,7.35,2.057506581601462,9,23
35962,1.9230769230769231,1.5525000516123695,25,7.485714285714286,2.279982308644322,10,24
20947,12.0,0.0,24,8.0,2.0548046676563256,41,137
21313,1.8461538461538463,0.9870962335856491,24,8.714285714285714,2.216818827573808,8,24
7215,24.0,0.0,24,8.15625,2.156900030584515,85,281
1259,1.5,1.2649110640673518,24,8.5,1.5240015240022864,7,20
17040,3.0,2.3299294900428698,24,6.659574468085107,1.8913601701545364,14,34
14670,12.0,8.48528137423857,24,5.882352941176471,1.7986923354612536,49,120
14654,12.0,0.0,24,10.0,2.2088896522065657,44,164
12097,12.0,0.0,24,7.333333333333333,2.503331114069145,50,138
11891,3.0,2.7255405754769875,24,8.133333333333333,1.9780403631273347,16,41
38128,24.0,0.0,24,7.25,1.712255291076124,68,242
6254,1.6,1.8047556225547148,24,7.105263157894737,2.1907603725550007,10,21
20730,24.0,0.0,24,7.5,2.2763607319179844,90,270
16248,6.0,0.0,24,7.206896551724138,2.0922465110007753,21,64
16257,12.0,0.0,24,8.0,1.8257418583505538,36,132
12757,1.6,1.2421180068162376,24,7.909090909090909,1.7432616094439293,7,20
39843,24.0,0.0,24,8.571428571428571,2.63673679998231,104,310
39995,12.0,0.0,24,8.7,2.496664441476534,49,154
39996,12.0,0.0,24,9.083333333333334,2.2343733444579583,44,153
22831,12.0,0.0,24,8.5,0.7071067811865476,14,116
44783,2.4,1.7126976771553504,24,6.5,1.7320508075688772,10,26
10706,12.0,0.0,24,7.0,2.943920288775949,58,142
27432,1.5,0.8944271909999159,24,8.11111111111111,2.0584882164767757,7,19
27138,12.0,8.48528137423857,24,7.4,2.643761275949575,65,154
23047,24.0,0.0,24,7.620738941712323,2.2088896522065657,87,270
31502,12.0,0.0,24,9.2,2.7748873851023212,55,165
4629,1.5,1.751190071541826,24,7.944444444444445,2.4720661623652207,10,22
1390,1.8461538461538463,1.6756169931378433,24,7.928571428571429,2.1562352954514603,10,25
34703,12.0,0.0,24,8.714285714285714,1.7043362064926935,34,138
4131,1.5,0.6324555320336759,24,6.730769230769231,2.0868983816048297,6,16
12536,12.0,0.0,24,7.714285714285714,1.8985245861972937,38,130
5953,1.3333333333333333,0.8401680504168059,24,6.529411764705882,2.065116433122583,6,14
837,1.263157894736842,0.5619514869490163,24,7.739130434782608,2.5265389784220957,6,16
43747,24.0,0.0,24,7.444444444444445,1.6666666666666663,66,245
23123,3.0,4.503966505838414,24,8.41025641025641,1.887883090687176,23,49
36849,24.0,0.0,24,6.2,1.9235384061671346,76,225
14097,4.0,3.22490309931942,24,6.5,0.7071067811865476,14,40
13993,24.0,0.0,24,8.357142857142858,2.3074175660629406,91,292
13081,1.8461538461538463,1.214231845389905,24,7.481012658227848,2.3580780934289503,9,23
901,24.0,0.0,24,8.0,2.2088896522065657,87,279
15643,24.0,0.0,24,8.307692307692308,1.3155870289605438,52,251
33209,12.0,0.0,24,7.25,2.265686062395524,45,132
34082,2.1818181818181817,2.400757456228422,24,8.0,2.2088896522065657,14,31
16310,1.7142857142857142,0.9138735334633754,24,7.142857142857143,1.4064216928154862,6,18
18450,24.0,0.0,24,6.0,2.2088896522065657,87,231
18414,12.0,0.0,24,8.15,1.99422242413505,39,137
2920,1.7142857142857142,1.85756546332813,24,8.833333333333334,2.1984843263788196,11,26
19228,12.0,0.0,24,8.5,3.5355339059327378,70,172
41172,24.0,0.0,24,8.25,2.217355782608345,88,286
19218,1.8461538461538463,2.230327100305911,24,7.280701754385965,2.281559507104988,12,26
19160,1.7142857142857142,1.1387288073563857,24,7.5625,2.1812694716463863,8,21
34509,24.0,0.0,24,6.285714285714286,1.1126972805283737,44,195
16694,2.0,2.860387767736777,24,9.5,2.1213203435596424,16,35
2193,1.6,1.5491933384829666,24,8.25,2.265686062395523,9,23
16808,24.0,0.0,24,7.620738941712323,2.2088896522065657,87,270
43097,3.4285714285714284,3.994043183589901,24,8.0,3.3166247903553994,26,54
24752,6.0,3.8297084310253524,24,7.923076923076923,1.3243285671789136,22,70
41087,2.0,0.9534625892455925,24,7.75,1.7645499039801518,7,23
19349,24.0,0.0,24,7.25,1.7078251276599332,68,242
17132,12.0,0.0,24,7.916666666666667,2.0207259421636903,40,135
28984,1.411764705882353,0.7952062255644572,24,7.391891891891892,1.907573712233577,6,16
28753,12.0,0.0,24,7.526315789473684,1.8064212949190015,36,126
28313,12.0,0.0,24,8.571428571428571,2.181087539999909,43,146
42752,12.0,0.0,24,8.117647058823529,2.825826271667644,56,153
19653,24.0,0.0,24,8.166666666666666,1.6020819787597222,63,259
2997,3.4285714285714284,3.154739442867026,24,8.307692307692308,1.3155870289605436,17,45
19746,2.4,1.577621275493231,24,10.0,2.2088896522065657,12,36
12924,1.8461538461538463,1.344504484072964,24,8.857142857142858,1.987354983874993,9,25
2964,24.0,0.0,24,7.620738941712323,2.2088896522065657,87,270
3860,12.0,0.0,24,7.2727272727272725,2.053821272209882,41,128
23966,24.0,0.0,24,5.666666666666667,1.5275252316519465,60,196
23898,2.4,3.7475918193480524,24,6.625,2.38671920665766,19,34
23891,8.0,5.291502622129181,24,7.431578947368421,2.4995856319532175,41,100
23861,2.6666666666666665,1.6583123951777,24,7.277777777777778,2.4096367374252092,13,32
11433,12.0,0.0,24,6.181818181818182,1.8932552877030568,37,112
15137,12.0,0.0,24,7.882352941176471,1.833110503392269,36,131
15043,1.411764705882353,0.6183469424008423,24,8.083333333333334,2.1421140217713672,6,17
39111,24.0,0.0,24,5.666666666666667,1.3662601021279464,54,190
18599,24.0,0.0,24,8.0,2.2088896522065657,87,279
25427,3.0,4.140393356054125,24,6.8,1.6193277068654823,20,40
20534,12.0,0.0,24,6.866666666666666,1.8847761013926703,37,120
8207,24.0,0.0,24,8.833333333333334,1.6020819787597222,63,275
45059,1.411764705882353,0.7952062255644574,24,8.0,1.4142135623730951,5,16
22264,2.0,1.7056057308448833,24,8.178571428571429,2.3735201460273894,11,28
22028,3.0,4.47213595499958,24,9.0,2.8284271247461903,26,53
25919,24.0,0.0,24,7.25,1.8929694486000912,75,249
25741,24.0,0.0,24,6.0,1.7320508075688772,69,213
13867,12.0,0.0,24,6.7272727272727275,2.0045403009622476,40,120
995,1.263157894736842,0.5619514869490163,24,8.31578947368421,2.70909233629083,6,17
45866,1.5,0.7302967433402214,24,7.190476190476191,1.9651729597938095,6,17
46059,24.0,0.0,24,8.142857142857142,2.2483204964917824,89,284
8501,2.1818181818181817,1.8877596148970779,24,8.220183486238533,2.385751679687594,12,30
8437,1.411764705882353,0.7952062255644572,24,7.331288343558282,2.1269124309453504,6,16
21375,12.0,0.0,24,7.869565217391305,2.360746180690391,47,141
21416,12.0,0.0,24,7.6,2.1186998109427604,42,133
45300,1.7142857142857142,0.7262730392025629,24,7.619047619047619,2.02366946294055,7,20
114,1.411764705882353,0.5072996561958923,24,7.921052631578948,2.329384316606504,6,17
61,12.0,0.0,24,8.115384615384615,2.08474311274887,41,139
24118,1.9166666666666667,1.729862492345632,23,8.344827586206897,2.1259596500163256,11,27
26429,1.7692307692307692,0.7250110520819842,23,7.968253968253968,2.6087214392040843,8,22
929,3.2857142857142856,5.1869800370506445,23,7.636363636363637,2.583822045659562,27,53
15194,1.7692307692307692,1.0127393670836666,23,7.538461538461538,2.33785950059759,8,22
6394,2.3,2.110818693198342,23,7.60377358490566,1.7687416500646556,12,29
27370,1.7692307692307692,1.2351684199496948,23,7.2,2.280350850198276,9,21
36101,2.3,2.406010991015812,23,8.705882352941176,2.663754537357772,15,35
2639,1.6428571428571428,1.0082080720186268,23,7.647058823529412,2.348788352042192,8,20
23957,7.666666666666667,5.773502691896257,23,8.040816326530612,1.4571545284313163,33,94
2933,1.4375,0.7274384280931734,23,7.828571428571428,2.382358128430912,7,18
2392,1.9166666666666667,1.3113721705515067,23,7.6,2.2211108331943574,9,24
21700,2.090909090909091,1.513574937328539,23,8.166666666666666,1.8717761883544677,10,27
44613,2.875,2.6423744732991303,23,8.181818181818182,1.574103322053207,15,38
25194,1.6428571428571428,1.864945569720998,23,6.388888888888889,0.7775443160352294,8,19
3978,1.5333333333333334,1.2459458063579458,23,8.863636363636363,2.0306099141333434,8,22
23793,3.8333333333333335,4.5789372857319925,23,10.142857142857142,1.6761634196950514,26,65
2985,1.4375,0.6291528696058957,23,8.0,2.1661735138967266,6,17
17372,2.875,4.120939559996343,23,8.5,1.732050807568877,21,46
38945,2.090909090909091,1.300349603340998,23,7.725,1.9609979144590695,9,25
24408,2.090909090909091,2.385562636132007,23,6.733333333333333,1.7005746155310286,12,26
2843,1.4375,1.5041608956491324,23,8.666666666666666,1.5055453054181622,8,21
19832,2.875,2.356601669474803,23,12.0,2.2088896522065657,17,52
13696,3.8333333333333335,2.401388487243717,23,8.342105263157896,2.2333627026511325,18,50
36852,1.5333333333333334,0.7432233529572064,23,6.75,2.3836564731139807,7,17
23071,1.9166666666666667,1.5642792899510296,23,6.833333333333333,1.9407902170679514,9,22
1733,1.5333333333333334,0.7432233529572067,23,8.0,2.3533936216582085,7,19
41170,3.8333333333333335,4.119061381755152,23,7.7254901960784315,2.1680554412387223,23,53
15739,1.9166666666666667,1.97522534195852,23,8.375,1.9570713336841363,11,27
41532,2.875,2.100170061141308,23,8.909090909090908,2.6250541119963775,16,42
999,1.6428571428571428,1.0818177620697815,23,8.446540880503145,2.678200318516712,9,23
4524,1.6428571428571428,0.8418973861410954,23,7.888888888888889,2.0945886439350296,7,20
7909,1.5333333333333334,0.990430401872025,23,7.125,1.9720265943665383,7,18
11333,1.7692307692307692,1.4232501627054275,23,8.153846153846153,2.0460290364053413,9,23
22016,1.7692307692307692,1.4232501627054275,23,7.142857142857143,1.6574838603294897,8,21
25254,1.4375,0.8920949127381756,23,6.352941176470588,0.7859052479933758,4,13
25255,1.4375,0.5123475382979799,23,5.894736842105263,2.6224402724287432,7,15
4230,2.090909090909091,2.3855626361320073,23,6.913043478260869,2.10870583918325,13,27
18276,2.5555555555555554,1.8782379449307742,23,10.857142857142858,1.3451854182690985,12,39
3193,1.5333333333333334,0.833809387832792,23,8.75,2.9860788111948193,9,22
112,1.7692307692307692,1.6908501882113505,23,7.409090909090909,2.218087784537262,10,23
90013,5.75,8.845903006477066,23,8.2,3.5637059362410923,54,101
46163,4.6,4.8270073544588685,23,8.28,2.5155840803491585,30,68
24757,1.9166666666666667,1.3789543689024493,23,7.512820512820513,2.490738580715144,10,24
34388,2.090909090909091,0.9438798074485389,23,6.111111111111111,2.168963465741936,8,21
1031,1.5333333333333334,0.7432233529572065,23,7.909090909090909,1.570838141735955,5,17
33206,1.6428571428571428,0.744946343668492,23,7.424242424242424,2.3588967631912037,7,19
24736,1.7692307692307692,1.5892265495016833,23,7.619047619047619,2.0365704131257156,9,23
25161,2.3,3.4334951418181574,23,6.25,2.217355782608345,16,31
20253,1.9166666666666667,1.729862492345632,23,6.8,2.36066246480247,11,24
17503,1.3529411764705883,0.49259218307188907,23,8.3,2.1051315748352692,5,16
18822,1.5714285714285714,0.8516306272526402,22,6.758620689655173,2.1655611680148388,7,17
973,1.4666666666666666,0.8338093878327919,22,7.5,2.1213203435596424,6,17
2596,4.4,7.05691150575094,22,7.620738941712323,2.2088896522065657,36,69
6366,2.2,1.6193277068654826,22,8.0,1.0,8,26
3359,2.75,1.164964745021435,22,7.620738941712323,2.2088896522065657,11,32
23022,2.0,2.7202941017470885,22,8.0,2.0,14,30
1920,1.4666666666666666,1.0600988273786194,22,7.02,2.3386739775253753,7,18
24095,11.0,1.4142135623730951,22,7.647058823529412,2.497057091387191,46,130
39104,2.75,1.9820624179302295,22,7.5,0.7071067811865476,10,30
43020,2.4444444444444446,2.0069324297987157,22,7.633333333333334,2.025413254270523,12,31
11771,1.4666666666666666,0.8338093878327919,22,6.7727272727272725,1.7709781580707415,6,16
41627,2.0,1.0954451150103321,22,7.620738941712323,2.2088896522065657,9,24
18125,1.8333333333333333,1.403458930534474,22,7.361702127659575,2.2993737521885147,9,23
34694,1.5714285714285714,1.1578684470436789,22,8.59375,1.643351708767687,7,21
18740,7.333333333333333,5.686240703077327,22,9.5,3.696845502136472,53,123
635,2.4444444444444446,3.6094013046179527,22,8.1875,2.1360009363293826,19,39
2923,1.2222222222222223,0.5483188805533162,22,7.434782608695652,2.9205554726412415,6,15
24662,1.5714285714285714,1.3985864135061357,22,7.073529411764706,2.5352215980779356,9,20
12803,1.375,0.6191391873668903,22,7.5,2.4598821939603663,6,17
23146,2.4444444444444446,3.972125095937662,22,6.75,0.46291004988627565,17,34
17863,7.333333333333333,4.041451884327381,22,6.5,2.1213203435596424,31,78
18232,1.4666666666666666,0.6399404734221844,22,7.444444444444445,2.2973414586817036,6,17
607,1.2941176470588236,0.5878675320972555,22,7.644444444444445,2.154862952355519,5,15
22022,1.4666666666666666,0.6399404734221844,22,8.0,2.345207879911715,6,18
39228,1.6923076923076923,0.7510676161988108,22,8.583333333333334,2.5693285650851125,8,23
19003,3.6666666666666665,2.8047578623950176,22,9.444444444444445,1.6666666666666667,17,52
18900,1.5714285714285714,1.1578684470436789,22,8.0,1.927248223318863,7,20
4902,2.2,3.457680661303984,22,7.2,2.16794833886788,17,33
41372,2.2,1.5491933384829668,22,7.825,1.8381637995146554,10,27
22789,3.142857142857143,2.4784787961282104,22,10.0,2.2088896522065657,17,49
25146,1.6923076923076923,0.9473309334313419,22,6.902439024390244,2.709288449471378,9,20
15812,1.8333333333333333,0.9374368665610922,22,10.0,2.0,8,26
5549,1.2941176470588236,0.5878675320972555,22,8.6,2.643761275949575,6,17
19961,2.4444444444444446,3.643868518179241,22,7.4,2.270584848790187,19,37
16232,2.0,0.7745966692414834,22,8.297872340425531,2.105013617812207,8,24
41614,2.2,2.14993539954628,22,9.2,1.6193277068654828,12,33
15820,1.4666666666666666,0.9154754164341268,22,8.571428571428571,2.18108753999991,7,19
21502,1.4666666666666666,0.6399404734221843,22,7.0,2.2088896522065657,6,16
21561,2.0,1.0,22,7.444444444444445,2.044379411823348,8,23
15846,22.0,0.0,22,9.333333333333334,2.5166114784235836,91,297
25159,1.8333333333333333,2.5878504008094625,22,7.333333333333333,0.5773502691896257,12,25
4398,1.75,1.4847711791873706,21,7.0,0.0,6,19
6156,3.0,2.8284271247461903,21,7.838815789473684,2.0690250360055713,17,40
1790,1.9090909090909092,1.1361818036340359,21,9.0,2.345207879911715,9,26
1045,1.3125,0.704154339142587,21,8.380952380952381,2.290768222151479,6,17
45298,1.75,0.8660254037844386,21,7.744186046511628,2.1279659777961224,7,21
21041,2.3333333333333335,2.23606797749979,21,7.181818181818182,1.9680320387910974,12,29
21058,2.1,1.1972189997378648,21,8.0,1.9039432764659772,9,25
39472,1.9090909090909092,1.1361818036340359,21,7.103448275862069,2.176905201463223,8,22
24331,3.5,4.806245936279167,21,10.0,0.0,25,60
13620,1.75,0.621581560508061,21,7.892857142857143,2.2936954813224357,7,21
2742,1.2352941176470589,0.43723731609760313,21,7.657303370786517,2.1837813905433596,5,14
4148,1.75,1.4847711791873703,21,7.611111111111111,2.278773893460327,9,23
323,1.3125,0.6020797289396148,21,8.39655172413793,1.3104124859152515,4,15
24937,1.9090909090909092,2.385562636132007,21,8.678571428571429,2.0914919613373186,13,30
40837,1.9090909090909092,1.044465935734187,21,9.0,1.4509525002200232,7,24
24774,2.3333333333333335,1.8708286933869704,21,7.448275862068965,2.4140393963016744,13,30
16245,3.5,2.7386127875258306,21,7.391304347826087,2.1237101797411606,17,43
2840,2.625,3.8521793460696654,21,7.666666666666667,1.2309149097933274,18,39
23385,1.6153846153846154,0.7679476477883045,21,8.481481481481481,2.118968732668911,7,20
24452,1.5,0.7595545253127499,21,7.6,2.4083189157584592,7,18
25017,1.9090909090909092,1.4459976109624424,21,7.8,1.3038404810405297,8,23
5911,1.5,0.6504436355879909,21,9.5,0.9999999999999998,4,18
972,1.6153846153846154,0.869718492622904,21,7.8,2.588435821108957,8,21
27212,3.0,4.123105625617661,21,7.366666666666666,1.9910720268468325,21,43
21789,2.3333333333333335,2.2360679774997894,21,7.714285714285714,2.112424593290293,13,31
23948,1.9090909090909092,1.513574937328539,21,8.0,2.2088896522065657,10,25
370,2.625,1.8468119248354136,21,8.296296296296296,1.9770766067180876,12,34
4007,1.6153846153846154,1.192927878405448,21,7.40084388185654,1.8943714927760325,7,19
11187,2.625,1.3024701806293193,21,8.666666666666666,2.658320271650252,13,36
35967,2.625,2.38671920665766,21,7.310344827586207,2.288084286814904,15,34
39581,1.75,1.2154310870109943,21,8.0,1.0,6,20
13805,2.3333333333333335,1.8708286933869707,21,7.9,2.3597502097958545,13,31
24884,1.6153846153846154,1.1929278784054478,21,7.620738941712323,2.2088896522065657,8,20
20049,1.75,1.2154310870109943,21,7.620738941712323,2.2088896522065657,8,22
16796,2.625,3.461523198989551,21,10.0,1.7320508075688772,20,46
1893,1.6153846153846154,0.6504436355879909,21,7.721153846153846,2.3789396788315256,7,19
4408,1.75,2.598076211353316,21,8.0,1.4142135623730951,13,27
19996,3.0,4.041451884327381,21,7.909836065573771,1.8212467956623493,21,45
33441,1.9090909090909092,0.9438798074485389,21,8.021739130434783,1.7573860694512888,7,22
6743,1.5,0.6504436355879909,21,7.43859649122807,2.228208311783652,6,17
2029,1.6153846153846154,1.192927878405448,21,8.27659574468085,1.9415606414246565,8,21
23231,1.6153846153846154,0.6504436355879909,21,7.642857142857143,1.549547966698321,5,17
6862,1.9090909090909092,1.3751033019046572,21,8.833333333333334,1.2740441145412122,8,25
548,1.5,0.5188745216627708,21,7.5,2.2494443758403984,6,17
18267,3.5,2.8106938645110393,21,9.666666666666666,2.0816659994661326,19,53
18589,1.6666666666666667,0.7784989441615229,20,8.333333333333334,2.400980191995124,8,21
22860,4.0,6.164414002968976,20,8.666666666666666,1.5275252316519468,32,66
16264,3.3333333333333335,2.1602468994692865,20,7.166666666666667,2.749331469541598,18,42
46164,5.0,4.830458915396479,20,7.888888888888889,2.454619569852812,30,70
23902,2.0,2.211083193570267,20,7.0,2.3979157616563596,12,26
22968,2.0,1.9436506316151003,20,9.5,2.6726124191242433,13,32
14632,3.3333333333333335,4.320493798938573,20,8.814814814814815,2.1668310259816517,24,54
20948,2.857142857142857,3.236694374850748,20,7.975,2.081512024392919,18,41
20944,1.6666666666666667,1.4354811251305468,20,7.918918918918919,1.8911839087134226,8,22
44972,1.4285714285714286,0.7559289460184544,20,9.0,1.4142135623730951,5,18
21409,4.0,6.164414002968976,20,7.8,0.8618916073713343,29,60
3900,1.8181818181818181,1.5374122295716146,20,6.666666666666667,1.9402850002906638,9,21
24051,1.5384615384615385,0.6602252917735247,20,7.6,2.875181153713043,8,20
18212,1.6666666666666667,0.8876253645985945,20,9.0,2.8284271247461903,9,24
21103,2.2222222222222223,3.3082388735465345,20,7.0,1.4142135623730951,15,31
13605,2.2222222222222223,3.666666666666667,20,6.045454545454546,2.319221394948718,17,31
43380,10.0,2.8284271247461903,20,8.0,2.267786838055364,40,120
20954,1.5384615384615385,0.8770580193070292,20,7.333333333333333,4.163331998932265,11,23
39308,3.3333333333333335,2.581988897471611,20,7.620738941712323,2.2088896522065657,17,42
21734,2.2222222222222223,1.7159383568311668,20,7.521739130434782,1.8554481256654878,10,27
34735,5.0,1.1547005383792515,20,9.571428571428571,1.618347187425374,15,62
5196,2.2222222222222223,2.279132388529557,20,6.0,1.475286612233465,11,24
1156,2.857142857142857,4.488079449258573,20,7.398058252427185,1.5361002687940242,21,43
23752,5.0,5.228129047119374,20,11.0,2.2088896522065657,34,89
24203,4.0,6.164414002968976,20,8.0,1.0,30,62
22937,1.8181818181818181,1.5374122295716146,20,7.866666666666666,1.995232412766087,9,24
5688,1.3333333333333333,0.4879500364742666,20,7.5,2.1213203435596424,5,15
20254,2.5,2.5071326821120348,20,7.620738941712323,2.2088896522065657,15,34
23469,1.5384615384615385,1.1982893790305562,20,8.90625,2.145653896871835,8,22
2458,1.4285714285714286,0.9376144618769908,20,8.333333333333334,1.1547005383792515,5,17
4834,2.5,3.1167748898959178,20,6.666666666666667,2.5437350953458417,17,34
24897,3.3333333333333335,4.320493798938573,20,6.764705882352941,0.9034248560828041,19,42
911,1.4285714285714286,0.85163062725264,20,7.333333333333333,0.5773502691896258,4,15
24335,2.0,1.699673171197595,20,7.0476190476190474,2.273413474699535,11,25
11207,1.5384615384615385,1.1266014242982163,20,6.857142857142857,2.1031596285780174,7,18
18637,1.6666666666666667,0.8876253645985945,20,8.805555555555555,2.149012323895321,7,22
16430,6.666666666666667,5.507570547286102,20,8.6,1.3416407864998738,30,88
41918,5.0,5.656854249492381,20,7.352941176470588,1.7212108659080059,29,66
24288,1.3333333333333333,0.4879500364742666,20,8.428571428571429,1.8929694486000908,5,16
998,1.3333333333333333,0.7237468644557459,20,8.566037735849056,2.0886033972354334,6,17
21115,1.5384615384615385,1.126601424298216,20,8.217391304347826,2.109642833603711,8,20
25715,1.4285714285714286,1.0894095588038442,20,7.914893617021277,1.8630245072257074,7,18
23991,1.6666666666666667,1.435481125130547,20,7.2631578947368425,1.8985657534943041,8,20
8717,1.8181818181818181,1.6624188291872668,20,7.3428571428571425,2.577537095560721,11,24
12607,4.0,6.164414002968976,20,7.875,2.1001700611413083,32,63
202,1.6666666666666667,1.4354811251305468,20,7.523809523809524,2.204972734957229,9,21
17911,4.0,1.224744871391589,20,11.0,2.2088896522065657,16,60
12656,2.857142857142857,2.410295378065479,20,7.4324324324324325,2.911095064485952,17,39
12662,1.6666666666666667,1.1547005383792515,20,7.444444444444445,2.0926263324636483,8,20
40136,1.6666666666666667,0.9847319278346618,20,6.928571428571429,2.1571532408546257,7,19
19566,1.7272727272727273,1.2720777563426766,19,8.5,2.345207879911715,9,24
19488,1.9,1.66332999331662,19,7.625,2.1429865385363076,10,25
72,1.9,0.8755950357709131,19,8.636363636363637,2.1331289774530187,8,24
2910,2.111111111111111,3.3333333333333335,19,7.75,2.3145502494313783,17,34
104,1.1875,0.5439056290693572,19,8.666666666666666,1.3451854182690988,4,14
2882,1.3571428571428572,0.49724515809884684,19,7.0227272727272725,2.122551450588907,5,15
23944,1.3571428571428572,0.4972451580988469,19,6.75,1.707825127659933,4,14
90080,9.5,9.192388155425117,19,12.0,2.2088896522065657,63,177
41415,1.4615384615384615,0.9674179220468452,19,9.25,1.4464111667011892,6,19
25122,2.7142857142857144,4.111540089159037,19,7.620738941712323,2.2088896522065657,21,42
23660,2.7142857142857144,4.111540089159037,19,7.076923076923077,2.2478412637257095,21,40
18838,1.4615384615384615,0.8770580193070293,19,7.828571428571428,1.9324734879197196,6,18
16996,1.7272727272727273,1.2720777563426766,19,7.947368421052632,2.567440290324436,9,23
18668,2.375,2.38671920665766,19,12.0,2.2088896522065657,16,45
29620,1.3571428571428572,0.633323693776651,19,7.615384615384615,1.8008095345585793,5,15
22075,2.7142857142857144,3.3022358947782493,19,11.0,2.2088896522065657,21,50
21086,2.7142857142857144,4.111540089159037,19,7.620738941712323,2.2088896522065657,21,42
18561,1.7272727272727273,0.46709936649691375,19,7.705882352941177,2.084607453525512,6,20
25879,1.9,1.5951314818673863,19,9.0,2.4009801919951235,11,28
8402,4.75,5.678908345800274,19,8.571428571428571,2.29906813420444,33,74
22830,1.9,1.100504934614612,19,8.5,3.785938897200183,13,29
17069,1.3571428571428572,0.744946343668492,19,9.0,2.8284271247461903,7,20
22174,2.7142857142857144,2.0586634591635513,19,5.7894736842105265,2.2504060712191736,13,29
13978,1.3571428571428572,0.633323693776651,19,8.330985915492958,2.477478216222487,6,18
28578,3.8,1.4832396974191326,19,8.714285714285714,2.0035682454774815,14,48
652,1.3571428571428572,0.6333236937766509,19,5.476923076923077,1.4481420457314895,4,11
41605,2.7142857142857144,2.497617912751115,19,9.0,2.133072900770154,16,40
1236,1.4615384615384615,1.1266014242982163,19,8.0,4.242640687119285,12,23
26219,1.9,1.5238839267549946,19,8.666666666666666,1.9703687322875563,10,26
36570,2.111111111111111,1.7638342073763937,19,8.0,2.672612419124244,12,29
21105,1.5833333333333333,0.90033663737852,19,7.777777777777778,1.986885104453867,7,19
42789,1.7272727272727273,0.9045340337332909,19,7.357142857142857,2.4053511772118195,8,21
4627,2.375,3.113908889391045,19,9.666666666666666,2.1213203435596424,18,41
2086,1.3571428571428572,0.4972451580988469,19,8.0,2.4178820993079553,6,17
20515,1.9,1.1972189997378648,19,8.5,3.5355339059327378,12,29
12218,1.4615384615384615,0.6602252917735247,19,7.909090909090909,1.640399064529449,5,17
37046,1.7272727272727273,1.1037127426019047,19,7.655629139072848,1.8975294731690604,7,21
8221,1.3571428571428572,1.0818177620697813,19,8.104166666666666,2.0131438664313968,7,18
2487,4.75,7.5,19,8.571428571428571,1.1338934190276817,37,78
7361,1.5833333333333333,0.7929614610987591,19,7.5,1.688742683730074,6,18
18615,1.2666666666666666,0.5936168397046636,19,8.352941176470589,2.0291986247835694,5,16
18419,3.8,2.16794833886788,19,7.5,0.7071067811865476,11,39
10731,1.4615384615384615,0.5188745216627708,19,8.518518518518519,1.9400519419300204,5,18
14724,1.3571428571428572,0.6333236937766509,19,8.46376811594203,1.8753800410530719,5,17
23513,3.8,6.260990336999411,19,8.068965517241379,2.0861967186170323,32,63
35290,1.9,1.8529256146249728,19,7.0,2.2088896522065657,11,24
24406,4.75,4.856267428111154,19,5.888888888888889,3.655285366576885,35,63
12324,3.1666666666666665,4.833908011812665,19,7.166666666666667,0.40824829046386313,21,44
24527,2.111111111111111,2.9767618499152917,19,9.2,1.3038404810405297,16,35
22906,4.75,4.9916597106239795,19,8.571428571428571,1.7182493859684487,28,68
39577,3.8,6.260990336999411,19,7.5,0.7071067811865476,29,57
25182,2.111111111111111,1.2692955176439846,19,7.620738941712323,2.2088896522065657,10,26
45647,2.111111111111111,1.964971020425266,19,6.805194805194805,2.373310817795974,12,26
8114,1.9,1.1972189997378646,19,8.023255813953488,1.9938998887442771,8,24
23799,2.375,1.8468119248354133,19,8.0,2.2803508501982765,12,31
41868,1.6363636363636365,0.9244162777371754,18,7.719512195121951,2.3162037386872303,8,20
38889,2.5714285714285716,1.7182493859684491,18,7.478260869565218,2.0860917180523204,12,31
22702,6.0,8.660254037844387,18,12.0,2.2088896522065657,54,126
20788,2.0,0.7071067811865476,18,7.297297297297297,2.4251559499094864,9,23
28272,18.0,0.0,18,5.555555555555555,1.509230856356236,45,145
18851,1.8,1.3165611772087666,18,11.5,0.7071067811865476,8,28
2733,1.2857142857142858,0.4688072309384954,18,7.526315789473684,2.064741604835056,5,15
8908,9.0,4.242640687119285,18,8.642857142857142,2.273835893447386,40,117
22821,3.0,4.427188724235731,18,7.0,2.434865792722759,23,44
1003,4.5,4.123105625617661,18,7.130368098159509,1.9564846338165107,23,55
5685,2.25,2.76457178290909,18,7.88,2.2788886180182946,15,33
24311,2.25,3.1509635714446826,18,8.5,2.1213203435596424,17,36
18237,3.6,4.722287581247038,18,7.3,2.359378449224852,25,52
882,1.2,0.4140393356054125,18,7.777777777777778,2.7284509239574835,6,15
899,3.0,4.898979485566356,18,7.75,2.4358434541926814,26,49
19231,2.5714285714285716,2.225394561056747,18,6.0,2.8284271247461903,15,30
2897,1.5,0.7977240352174656,18,9.023809523809524,1.956703240808379,6,20
21273,2.0,1.6583123951777,18,9.0,1.224744871391589,9,27
4287,4.5,5.7445626465380295,18,7.5,0.7071067811865476,26,60
1788,1.2857142857142858,0.6112498455021266,18,6.5,2.0736441353327724,5,13
23987,1.8,0.7888106377466155,18,7.804651162790698,2.295663678228665,8,22
1762,1.3846153846153846,0.6504436355879909,18,7.375,1.0606601717798212,4,14
3186,3.6,4.774934554525329,18,8.0,2.6457513110645907,27,56
6140,1.2,0.4140393356054125,18,8.066666666666666,1.9444671200491872,4,14
46074,6.0,0.0,18,8.142857142857142,2.3401261667248794,23,72
29469,6.0,0.0,18,8.333333333333334,1.7149858514250884,17,67
24330,4.5,5.196152422706632,18,7.0,2.2088896522065657,28,59
19700,1.5,0.674199862463242,18,8.0,0.816496580927726,4,16
4104,4.5,6.3508529610858835,18,7.0,0.0,28,59
847,1.125,0.3415650255319867,18,7.333333333333333,1.9663841605003503,4,12
40560,9.0,4.242640687119285,18,6.6,1.51657508881031,29,88
40566,1.6363636363636365,0.8090398349558905,18,9.0,2.2088896522065657,7,22
21730,1.8,1.6193277068654828,18,8.0,1.7320508075688772,9,24
19370,3.6,4.774934554525329,18,7.6,3.050452943071691,28,56
13504,9.0,4.242640687119285,18,8.384615384615385,1.8810798862519207,35,110
23511,2.0,1.6583123951777,18,8.485714285714286,2.1743346321201282,11,28
20963,3.6,2.4083189157584592,18,7.2,1.6193277068654823,14,40
12507,1.8,2.2010098692292237,18,7.415384615384616,1.9991584768058324,12,25
22910,18.0,0.0,18,7.620738941712323,2.2088896522065657,66,203
19189,1.5,1.0,18,9.142857142857142,2.1157009420498154,7,21
38153,3.6,2.302172886644268,18,9.25,1.9555239896442271,16,50
2863,1.3846153846153846,1.3867504905630728,18,7.552631578947368,2.262471363665903,8,19
24243,1.5,0.7977240352174656,18,8.636363636363637,2.2922795323750234,7,20
37798,3.6,5.813776741499454,18,7.285714285714286,2.559398884129558,30,56
6919,18.0,0.0,18,8.1,1.5951314818673863,47,193
23415,9.0,11.313708498984761,18,7.888888888888889,2.4911926847292962,64,135
12389,6.0,0.0,18,8.066666666666666,1.928610958665603,19,67
25817,1.8,1.0327955589886444,18,7.107142857142857,2.4994708434695716,9,21
42949,2.5714285714285716,4.1576092031015,18,9.23076923076923,1.5892265495016826,22,46
36197,18.0,0.0,18,6.8,2.042407542932745,61,183
45745,3.6,4.722287581247039,18,6.875,2.1671244937540095,24,49
9361,1.2857142857142858,0.825420305855557,18,8.465116279069768,2.1196230258872784,6,17
23823,6.0,0.0,18,8.421052631578947,1.643701428473222,16,67
42410,4.5,6.3508529610858835,18,8.0,1.4142135623730951,31,67
42691,1.8,1.0327955589886444,18,8.722222222222221,1.6379885640466825,7,23
22481,1.6363636363636365,0.6741998624632421,18,7.620738941712323,2.2088896522065657,7,19
17880,1.3846153846153846,0.6504436355879909,18,7.4375,1.9653244007033543,5,16
11749,4.5,3.3166247903554,18,7.162790697674419,2.258893352774001,22,54
18363,4.5,5.686240703077327,18,8.428571428571429,2.1111946516469904,31,69
216,4.5,5.066228051190222,18,7.0,1.8257418583505534,26,57
46923,6.0,8.660254037844387,18,7.590909090909091,1.7636296692870674,43,89
21367,1.5454545454545454,0.8201995322647244,17,7.15,1.1821033884786185,5,16
25563,5.666666666666667,6.3508529610858835,17,8.923076923076923,2.431101892199586,39,89
45246,8.5,4.949747468305833,17,7.839506172839506,2.130786473299578,38,104
16583,2.8333333333333335,2.6394443859772205,17,8.166666666666666,3.371448748930742,20,43
24938,1.2142857142857142,0.5789342235218394,17,8.222222222222221,2.900044208327936,6,16
2727,1.2142857142857142,0.5789342235218394,17,9.0,0.0,3,14
11699,17.0,0.0,17,7.9491525423728815,2.4170638273109684,68,203
90012,2.8333333333333335,1.9407902170679516,17,6.75,3.095695936834452,17,36
16426,2.8333333333333335,2.3166067138525404,17,7.647058823529412,2.9567967564280653,17,39
32338,1.7,1.2516655570345725,17,7.75,1.883716299439539,8,21
42158,3.4,4.8270073544588685,17,8.9,2.8067379246694513,29,59
6343,5.666666666666667,5.507570547286102,17,8.285714285714286,1.7728105208558367,31,78
15350,1.4166666666666667,0.6685579234215215,17,9.041666666666666,2.2161299339294103,6,19
11420,4.25,3.304037933599835,17,7.620738941712323,2.2088896522065657,22,54
2247,2.125,2.416461403433896,17,8.2,2.198371174505234,14,31
24323,17.0,0.0,17,8.833333333333334,0.752772652709081,21,171
41762,2.4285714285714284,3.779644730092272,17,7.117647058823529,2.3948474100967387,19,36
15211,2.125,1.8850918886280925,17,7.620738941712323,2.2088896522065657,12,28
38407,1.8888888888888888,1.3642254619787417,17,7.620738941712323,2.2088896522065657,9,24
19867,5.666666666666667,5.507570547286102,17,9.5,0.7071067811865476,29,83
33586,3.4,4.8270073544588685,17,5.0,2.2088896522065657,22,39
23145,2.125,2.0310096011589898,17,7.0,0.0,9,24
823,1.2142857142857142,0.5789342235218394,17,8.0625,2.3409055319848813,5,15
12593,2.125,1.5526475085202969,17,7.55,2.0124611797498106,10,26
2632,17.0,0.0,17,5.0,2.2088896522065657,62,147
19247,4.25,5.251983752196244,17,9.666666666666666,1.5275252316519468,29,70
8918,1.7,1.3374935098492586,17,7.7272727272727275,1.7006014978664028,8,21
36894,1.4166666666666667,0.6685579234215215,17,9.571428571428571,2.370453040886408,7,20
2922,5.666666666666667,7.234178138070235,17,8.6,1.9493588689617927,39,88
18126,2.125,1.642080561796093,17,7.9714285714285715,2.021730683840752,10,27
19489,3.4,4.8270073544588685,17,7.540983606557377,2.102171658799565,25,50
17293,1.8888888888888888,1.2692955176439846,17,7.147058823529412,1.6538724611187712,8,21
19158,1.8888888888888888,1.0540925533894598,17,7.5625,1.86077940659284,8,22
15504,2.8333333333333335,3.5449494589721118,17,8.24,2.367840084690405,20,43
15923,3.4,4.8270073544588685,17,7.833333333333333,1.696699112626596,24,51
41003,1.3076923076923077,0.48038446141526137,17,7.161290322580645,2.1306771098025528,5,14
10870,1.5454545454545454,0.6875516509523286,17,7.96969696969697,2.11371782182557,6,19
20377,2.4285714285714284,2.225394561056747,17,11.0,2.2088896522065657,15,42
2042,1.5454545454545454,0.9341987329938275,17,6.917910447761194,2.0188901419973133,7,17
19849,1.8888888888888888,1.0540925533894596,17,7.878787878787879,2.3947543683744446,9,24
39285,1.4166666666666667,0.7929614610987591,17,8.12,1.9857828011475307,6,17
25162,3.4,4.8270073544588685,17,9.333333333333334,1.96638416050035,27,58
31120,1.5454545454545454,0.8201995322647245,17,7.2592592592592595,2.3302788309984344,7,18
25383,3.4,4.8270073544588685,17,7.875,2.4748737341529163,26,53
24700,8.5,10.606601717798213,17,7.4375,2.1592822881689187,57,120
19969,17.0,0.0,17,7.0,2.2088896522065657,62,181
15721,17.0,0.0,17,7.620738941712323,2.2088896522065657,62,192
3163,1.5454545454545454,1.0357254813546264,17,6.75,2.362907813126304,7,18
2813,1.7,1.888562063228706,17,7.0,2.449489742783178,11,23
4399,1.4166666666666667,0.6685579234215215,17,8.2,1.0954451150103321,4,16
23188,2.125,1.246423454758225,17,7.620689655172414,2.513020281645294,10,27
44714,1.8888888888888888,1.2692955176439846,17,7.9804305283757335,2.1628794828697986,9,24
24868,1.4545454545454546,0.6875516509523286,16,7.242424242424242,1.0905933886623094,4,15
21753,3.2,2.280350850198276,16,7.620738941712323,2.2088896522065657,16,40
2801,1.6,1.07496769977314,16,9.4,2.4129281427805154,8,23
37387,1.4545454545454546,0.6875516509523286,16,7.225806451612903,1.5643886435144523,5,15
44785,1.3333333333333333,0.4923659639173309,16,7.714285714285714,1.2666473875533018,4,14
44716,1.4545454545454546,0.6875516509523287,16,7.409090909090909,1.8938268364821758,5,16
40766,1.4545454545454546,0.6875516509523286,16,7.0,2.3219182474467286,6,17
25090,1.6,0.6992058987801011,16,8.666666666666666,1.1547005383792517,5,18
41394,1.6,1.0749676997731399,16,7.5,2.0662116951635836,7,19
2036,1.3333333333333333,0.8876253645985944,16,9.75,2.217355782608345,7,20
25181,1.3333333333333333,0.6513389472789296,16,7.0,2.8284271247461903,7,16
27433,1.4545454545454546,0.9341987329938275,16,8.217391304347826,1.8079753050186589,6,18
14425,4.0,4.69041575982343,16,6.473684210526316,1.5408663166699288,22,48
21413,16.0,0.0,16,8.0,2.2088896522065657,58,186
44993,1.7777777777777777,0.97182531580755,16,8.142857142857142,2.1157009420498154,8,22
18433,1.7777777777777777,0.97182531580755,16,7.5,0.7071067811865476,5,18
15651,1.3333333333333333,0.4923659639173309,16,5.787234042553192,2.293053500700928,5,13
2584,1.6,0.8432740427115678,16,8.0,1.4142135623730951,5,18
21583,1.3333333333333333,0.6513389472789296,16,7.590909090909091,2.394938284568556,6,16
6592,1.4545454545454546,0.5222329678670935,16,7.433333333333334,2.3146211924130946,6,17
24699,1.3333333333333333,0.4923659639173309,16,9.241379310344827,1.6400168207716017,4,17
25203,1.3333333333333333,0.6513389472789296,16,6.333333333333333,1.5275252316519468,4,13
25190,3.2,4.919349550499538,16,6.8,2.7748873851023217,26,48
11306,4.0,5.354126134736337,16,8.428571428571429,1.7182493859684491,28,62
25287,1.6,0.8432740427115679,16,7.620738941712323,2.2088896522065657,7,19
28252,8.0,5.656854249492381,16,9.75,1.5,35,113
44186,1.7777777777777777,0.97182531580755,16,8.6,1.9493588689617924,7,23
4138,1.1428571428571428,0.3631365196012815,16,7.23404255319149,2.1080875936492025,4,13
12477,2.0,1.3093073414159542,16,7.451612903225806,2.292578020154303,10,24
20177,3.2,2.6832815729997477,16,8.0,2.82842712474619,19,45
19636,2.6666666666666665,2.250925735484551,16,7.337988826815643,2.2384236847848324,14,34
24554,2.6666666666666665,3.6147844564602556,16,8.166666666666666,1.8348478592697182,19,41
22438,5.333333333333333,5.131601439446884,16,12.0,2.2088896522065657,35,99
2837,2.2857142857142856,3.401680257083045,16,8.333333333333334,2.516611478423583,19,38
31978,3.2,1.9235384061671346,16,7.620738941712323,2.2088896522065657,15,39
24997,5.333333333333333,7.505553499465135,16,9.333333333333334,2.7325202042558927,45,95
24308,8.0,5.656854249492381,16,7.620738941712323,2.2088896522065657,39,100
24392,8.0,9.899494936611665,16,10.5,1.2909944487358056,56,140
2868,1.7777777777777777,1.7159383568311668,16,7.454545454545454,2.016973430212163,10,23
23433,8.0,8.48528137423857,16,7.620738941712323,2.2088896522065657,48,109
634,1.4545454545454546,0.6875516509523286,16,8.08695652173913,2.890628171400888,8,19
25003,1.6,0.5163977794943222,16,8.333333333333334,0.5773502691896258,3,16
22352,2.6666666666666665,3.141125063837266,16,9.0,2.2088896522065657,18,42
20682,2.0,1.1952286093343936,16,8.0,0.0,6,22
46371,4.0,0.0,16,6.794117647058823,2.5199736863068916,17,44
8535,1.6,0.8432740427115678,16,7.895910780669145,2.2469593898139086,7,20
3560,4.0,5.354126134736337,16,9.0,2.6925824035672523,32,68
19329,1.4545454545454546,0.6875516509523286,16,7.649122807017544,1.941016192526256,6,17
1343,1.0666666666666667,0.2581988897471611,16,8.108695652173912,2.1728451483360107,4,13
1328,1.4545454545454546,0.9341987329938275,16,8.8,3.5637059362410923,10,22
1267,3.2,4.919349550499537,16,5.666666666666667,0.5773502691896258,20,38
13985,1.6,1.07496769977314,16,8.0,1.4142135623730947,6,19
2743,8.0,9.899494936611665,16,7.5,0.7071067811865476,46,106
2747,5.333333333333333,7.505553499465136,16,8.0,2.2088896522065657,40,83
36572,8.0,5.656854249492381,16,10.0,1.414213562373095,35,115
18046,2.6666666666666665,1.96638416050035,16,11.0,2.2088896522065657,15,44
113,1.2307692307692308,0.4385290096535146,16,7.4375,2.555223408367,6,15
25198,1.4545454545454546,0.6875516509523286,16,6.352941176470588,0.7859052479933757,3,13
18344,1.5,0.7071067811865476,15,9.6,1.3416407864998738,5,19
23853,1.6666666666666667,1.0,15,5.933333333333334,2.250925735484551,7,17
880,5.0,6.082762530298219,15,7.454545454545454,2.1616492020508953,33,70
14935,5.0,6.082762530298219,15,8.0,2.0,33,73
14923,5.0,6.082762530298219,15,7.8,2.6997942308422114,36,75
23045,1.875,1.6420805617960927,15,7.45,2.30502882731146,10,24
881,1.3636363636363635,1.2060453783110545,15,8.19047619047619,1.8606194564995717,7,18
13442,7.5,6.363961030678928,15,7.2,2.588435821108957,43,97
5126,7.5,9.192388155425117,15,8.0,2.345207879911715,52,112
20091,3.75,5.5,15,7.318181818181818,2.212224987188101,28,56
44755,3.75,3.774917217635375,15,7.0,1.5811388300841898,19,45
37249,1.3636363636363635,0.9244162777371754,15,7.193548387096774,2.0069770774095335,6,16
890,1.6666666666666667,1.0,15,7.526315789473684,2.169700979209183,7,20
41304,1.875,1.1259916264596033,15,7.745454545454545,2.3271201549314586,9,23
22008,1.5,0.97182531580755,15,7.138888888888889,1.899665801853094,6,17
516,1.25,0.45226701686664544,15,8.470588235294118,2.0036730976765997,5,15
17059,1.5,0.9718253158075502,15,8.795454545454545,1.8373330704690767,7,20
44083,1.5,0.97182531580755,15,7.741935483870968,1.8251528143415625,6,18
22819,1.6666666666666667,0.7071067811865475,15,7.4,3.0258148581093915,9,21
17065,1.1538461538461537,0.3755338080994054,15,7.166666666666667,1.6020819787597222,3,12
41171,3.75,5.5,15,7.633333333333334,2.2816106430407403,29,57
44302,2.5,1.51657508881031,15,8.0,1.511857892036909,9,29
15020,3.75,2.753785273643051,15,9.5,0.7071067811865476,15,50
15970,2.142857142857143,1.4638501094227998,15,8.457142857142857,2.0770858707058104,10,28
38190,5.0,6.082762530298219,15,11.0,2.2088896522065657,38,93
1474,5.0,5.196152422706632,15,7.4,2.0736441353327724,29,66
6416,1.3636363636363635,0.9244162777371753,15,13.0,2.2088896522065657,7,25
2809,3.75,5.5,15,7.0,2.0,27,53
25185,1.25,0.621581560508061,15,7.9772727272727275,2.107446778424087,5,15
13181,7.5,6.363961030678928,15,8.333333333333334,2.3094010767585034,42,104
10124,3.75,5.5,15,8.5,0.9999999999999998,27,59
20098,1.25,0.4522670168666454,15,8.04,1.9467922333931786,5,15
5818,2.5,2.345207879911715,15,9.0,0.0,12,34
308,1.875,0.8345229603962802,15,8.933333333333334,1.8309508328682538,7,24
35392,3.75,3.5,15,7.65625,2.0257913626929325,20,49
3371,2.142857142857143,1.9518001458970666,15,6.0,2.2088896522065657,11,24
24528,1.6666666666666667,1.6583123951777001,15,9.2,1.0954451150103321,9,24
13558,1.3636363636363635,0.504524979109513,15,7.894736842105263,2.165946190894229,5,16
640,3.75,5.5,15,8.9,2.1832697191750423,30,64
19946,2.5,3.6742346141747673,15,7.4,2.5856748221140045,20,38
22448,2.5,3.2093613071762426,15,8.197802197802197,2.1355185694438625,18,38
22422,1.1538461538461537,0.3755338080994054,15,7.620738941712323,2.2088896522065657,5,13
8412,1.5,1.2692955176439846,15,7.5636363636363635,2.440124741526292,8,20
46090,5.0,4.58257569495584,15,7.620738941712323,2.2088896522065657,28,66
46135,1.875,1.246423454758225,15,6.0,2.2088896522065657,8,20
2119,2.5,2.073644135332772,15,9.571428571428571,2.0701966780270626,14,38
16539,1.25,0.621581560508061,15,7.787234042553192,2.074023292527436,5,15
21284,1.1538461538461537,0.554700196225229,15,6.333333333333333,0.5773502691896257,3,10
13703,2.142857142857143,2.0354009783964297,15,7.840909090909091,2.6053896000958336,13,30
39234,1.6666666666666667,0.9999999999999999,15,8.071428571428571,2.017778127403648,7,21
22227,1.875,1.4577379737113252,15,7.666666666666667,1.2110601416389968,8,22
23334,1.5,0.5270462766947299,15,8.5,2.1213203435596424,6,19
20252,3.75,5.5,15,8.666666666666666,1.1547005383792515,28,60
42423,3.75,4.272001872658765,15,6.666666666666667,3.0550504633038935,26,51
2186,3.75,5.5,15,7.833333333333333,2.405801069888944,29,59
920,5.0,6.082762530298219,15,7.2,1.9894458366193604,32,68
3152,1.5,0.5270462766947299,15,9.0,2.2088896522065657,6,20
23632,1.5,0.7071067811865476,15,7.0,1.9436506316151,6,16
20339,3.75,5.5,15,9.454545454545455,0.9341987329938274,28,64
27556,1.75,1.0350983390135313,14,8.741486068111454,1.928902235648381,8,23
24124,1.1666666666666667,0.3892494720807615,14,6.125,2.1671244937540095,4,12
43662,1.5555555555555556,0.7264831572567789,14,6.914285714285715,1.6217976887612162,5,16
18844,4.666666666666667,6.3508529610858835,14,8.714285714285714,1.9760470401187071,34,75
24312,3.5,5.0,14,9.0,2.2088896522065657,28,59
23542,2.0,1.1547005383792515,14,8.0,2.8284271247461903,11,27
38242,7.0,7.0710678118654755,14,10.0,2.2088896522065657,45,115
39471,2.3333333333333335,2.1602468994692865,14,8.0,2.5298221281347035,14,33
11055,1.4,0.5163977794943222,14,10.909090909090908,0.5393598899705935,3,18
43652,1.4,0.5163977794943222,14,7.222222222222222,1.864704851446077,5,15
19835,2.3333333333333335,1.2110601416389966,14,8.0,0.0,6,24
22645,2.0,1.8257418583505536,14,7.388888888888889,2.4043805338660493,11,26
24387,4.666666666666667,6.3508529610858835,14,8.0,1.4142135623730951,32,69
22337,1.5555555555555556,0.7264831572567789,14,6.75,2.753785273643051,8,18
15161,1.1666666666666667,0.5773502691896257,14,8.125,2.012060410816284,5,14
3792,2.8,2.16794833886788,14,7.695652173913044,2.3244702741347263,15,36
5492,1.2727272727272727,0.6466697906828632,14,7.60655737704918,2.059762838488857,5,15
38412,1.75,0.7071067811865475,14,8.387096774193548,2.3047403231143515,7,22
13595,1.75,0.7071067811865476,14,7.36,1.8267848415023755,6,19
25014,2.8,3.492849839314596,14,7.620738941712323,2.2088896522065657,19,40
12149,1.75,0.7071067811865476,14,8.0,2.2088896522065657,7,21
975,1.4,0.6992058987801011,14,8.08695652173913,2.372437248490192,6,18
20513,1.75,1.164964745021435,14,8.090909090909092,2.0714509627092528,8,22
700,1.2727272727272727,0.46709936649691375,14,7.867647058823529,2.2119378399723777,5,15
685,1.75,1.164964745021435,14,6.888888888888889,2.4720661623652207,9,21
18811,1.2727272727272727,0.6466697906828632,14,7.925925925925926,2.182551892517739,5,16
4065,1.75,1.3887301496588271,14,9.333333333333334,0.5773502691896255,7,24
24451,4.666666666666667,6.3508529610858835,14,6.833333333333333,2.228601953392904,32,64
5515,1.4,0.5163977794943222,14,8.272727272727273,2.0045403009622476,5,17
8616,2.8,0.8366600265340756,14,8.625,1.8468119248354133,9,34
90014,4.666666666666667,6.3508529610858835,14,7.0,3.559026084010437,39,72
2714,1.5555555555555556,1.130388330520878,14,7.6,2.3021728866442674,8,20
8676,1.5555555555555556,1.6666666666666667,14,7.689655172413793,1.6497499437330772,9,21
2087,1.1666666666666667,0.5773502691896257,14,8.578947368421053,1.7099639201419237,4,14
45128,1.5555555555555556,0.7264831572567789,14,9.0,1.6583123951776997,6,20
4387,1.4,0.9660917830792958,14,7.620738941712323,2.2088896522065657,7,17
4300,3.5,4.358898943540673,14,9.0,2.132007163556104,25,56
23963,2.3333333333333335,2.804757862395017,14,7.620738941712323,2.2088896522065657,15,33
21769,14.0,0.0,14,9.181818181818182,2.9939332597164494,69,198
869,1.1666666666666667,0.38924947208076144,14,8.071428571428571,2.8138198978581443,6,15
6456,3.5,2.886751345948129,14,7.081632653061225,2.1778882613466566,18,43
24185,14.0,0.0,14,7.333333333333333,0.5163977794943223,12,115
1864,2.0,0.816496580927726,14,7.333333333333333,1.0,5,20
20382,4.666666666666667,6.3508529610858835,14,7.6,1.51657508881031,31,67
20410,1.1666666666666667,0.38924947208076144,14,7.105263157894737,2.1659461908942284,5,13
22838,2.3333333333333335,1.632993161855452,14,6.384615384615385,1.8501559185854912,10,25
14341,1.5555555555555556,0.8819171036881969,14,8.5,0.7071067811865476,5,18
11310,1.4,0.5163977794943222,14,6.7894736842105265,2.859272389348596,7,16
5653,1.5555555555555556,0.5270462766947299,14,10.0,1.7320508075688772,5,21
24285,1.0769230769230769,0.2773500981126145,14,8.6,2.503331114069145,5,14
2978,4.666666666666667,6.3508529610858835,14,7.620738941712323,2.2088896522065657,34,69
2945,1.4,0.9660917830792958,14,7.2439024390243905,1.9848871946661182,6,16
10121,3.5,4.358898943540674,14,8.0,1.1832159566199232,21,49
17494,2.8,3.0331501776206204,14,7.620738941712323,2.2088896522065657,17,39
27797,4.666666666666667,6.3508529610858835,14,7.090909090909091,2.4271195048676715,34,67
21485,2.8,2.04939015319192,14,6.5,0.7071067811865476,9,27
3160,1.2727272727272727,0.6466697906828632,14,7.620738941712323,2.2088896522065657,5,15
24684,1.75,1.7525491637693278,14,8.571428571428571,2.4407258873423,11,26
844,1.1666666666666667,0.5773502691896257,14,7.615384615384615,2.72453242283459,6,15
17063,1.4,0.9660917830792958,14,7.741935483870968,2.1129401621986976,7,17
5912,7.0,7.0710678118654755,14,7.785714285714286,2.190137734642115,41,96
36907,2.0,1.8257418583505538,14,9.75,1.2583057392117916,10,30
19233,7.0,8.48528137423857,14,7.75,0.9574271077563382,41,95
12684,1.4,0.699205898780101,14,7.4,1.7701224063135674,5,16
18130,1.75,2.1213203435596424,14,7.5,3.5355339059327378,14,27
1066,2.0,1.8257418583505538,14,10.333333333333334,1.5275252316519465,11,32
23293,3.25,4.5,13,10.0,0.0,23,56
18017,6.5,7.7781745930520225,13,8.25,2.6299556396765835,46,100
23242,3.25,2.6299556396765835,13,8.6,1.51657508881031,15,43
1860,1.4444444444444444,1.0137937550497031,13,7.913043478260869,2.681840884803005,8,19
313,1.3,0.674948557710553,13,7.9375,2.6993129352819847,7,17
23201,3.25,0.9574271077563382,13,5.714285714285714,2.4299715851758235,14,32
15349,1.8571428571428572,1.0690449676496976,13,8.027027027027026,1.921898460817765,8,23
24998,1.4444444444444444,0.8819171036881969,13,10.222222222222221,1.5634719199411433,6,21
22649,1.8571428571428572,1.0690449676496976,13,7.826086956521739,2.405527232193004,9,23
117,2.6,1.51657508881031,13,7.620738941712323,2.2088896522065657,12,32
108,1.1818181818181819,0.6030226891555273,13,8.333333333333334,1.632993161855452,4,14
111,1.1818181818181819,0.40451991747794525,13,8.6,2.3929721664644754,5,15
1361,3.25,4.5,13,8.909090909090908,2.0714509627092528,25,54
840,1.4444444444444444,1.0137937550497031,13,7.75,2.5313819816144116,8,19
23340,13.0,0.0,13,7.0,2.2088896522065657,47,138
22951,1.8571428571428572,1.2149857925879117,13,7.0,1.4142135623730951,7,20
20383,1.3,0.6749485577105528,13,8.095238095238095,1.6402671094904604,5,15
9147,1.625,1.7677669529663687,13,7.438775510204081,2.532536019754276,10,23
22809,1.1818181818181819,0.6030226891555273,13,8.625,0.49186937683796494,3,13
20192,6.5,7.7781745930520225,13,5.75,2.0615528128088303,38,75
24386,1.4444444444444444,0.5270462766947299,13,7.620738941712323,2.2088896522065657,6,17
41575,1.625,0.5175491695067657,13,8.5,0.5773502691896257,3,17
19906,13.0,0.0,13,8.0,2.2088896522065657,47,151
7792,6.5,6.363961030678928,13,8.2,0.8366600265340756,31,85
24926,1.1818181818181819,0.6030226891555273,13,10.0,1.4142135623730951,4,16
16240,3.25,0.5,13,7.9411764705882355,2.3860856301862063,13,39
23493,6.5,7.7781745930520225,13,8.5,2.1213203435596424,44,99
34022,2.6,1.949358868961793,13,10.0,0.0,10,36
20426,4.333333333333333,5.773502691896257,13,9.6,1.816590212458495,32,74
41141,4.333333333333333,5.773502691896257,13,6.25,3.3040379335998353,34,61
24567,1.8571428571428572,1.0690449676496976,13,7.206896551724138,1.8425632478816139,7,21
290,2.1666666666666665,1.9407902170679514,13,7.539906103286385,2.095492464884354,12,28
24576,1.3,0.6749485577105528,13,3.3,0.48304589153964794,2,7
19150,2.6,2.073644135332772,13,7.873493975903615,1.9452247256542932,13,33
13251,6.5,7.7781745930520225,13,8.75,3.24037034920393,51,108
23925,1.625,1.7677669529663689,13,8.25,3.774917217635375,13,27
11703,3.25,2.8722813232690143,13,7.733333333333333,2.250925735484551,18,43
20507,2.1666666666666665,1.1690451944500122,13,6.4,1.5165750888103102,7,21
18853,1.8571428571428572,1.5735915849388864,13,7.162790697674419,2.590552731590211,11,24
20555,6.5,7.7781745930520225,13,7.444444444444445,2.0682789409984763,41,90
605,1.4444444444444444,0.7264831572567789,13,7.65,2.6071892715021474,7,18
565,1.3,0.48304589153964794,13,7.56,1.733974240485327,4,14
19822,2.6,2.5099800796022267,13,8.333333333333334,1.5275252316519468,14,35
23680,1.4444444444444444,0.7264831572567789,13,7.71875,2.067168470123074,6,17
13941,1.1818181818181819,0.6030226891555273,13,5.5,0.7071067811865476,3,9
23591,1.3,0.483045891539648,13,7.620738941712323,2.2088896522065657,5,15
17361,1.625,1.0606601717798212,13,7.85,1.9269556026896004,7,20
25381,1.625,1.407885953173359,13,6.25,2.6299556396765835,9,19
17086,3.25,2.6299556396765835,13,11.0,2.2088896522065657,19,54
18601,1.4444444444444444,0.7264831572567789,13,7.631578947368421,2.2412924425129126,6,17
23765,1.625,1.407885953173359,13,7.620738941712323,2.2088896522065657,9,21
13823,6.5,7.7781745930520225,13,6.6,2.6076809620810595,43,86
22057,1.4444444444444444,0.7264831572567789,13,10.0,2.2088896522065657,6,21
23768,6.5,7.7781745930520225,13,6.0,2.2088896522065657,39,78
1242,1.625,1.0606601717798212,13,7.620738941712323,2.2088896522065657,8,20
10057,6.5,7.7781745930520225,13,6.166666666666667,2.401388487243717,41,81
37708,6.5,7.7781745930520225,13,7.2,1.6431676725154984,39,85
23777,13.0,0.0,13,5.333333333333333,1.5275252316519465,33,102
1051,1.1818181818181819,0.40451991747794525,13,7.4,2.6076809620810595,5,14
23990,1.1818181818181819,0.40451991747794525,13,4.666666666666667,1.1547005383792517,3,8
19571,1.4444444444444444,1.3333333333333335,13,7.666666666666667,1.2344267996967353,7,18
21300,1.3,0.48304589153964794,13,8.5,0.7071067811865476,3,14
21320,1.4444444444444444,0.8819171036881969,13,8.833333333333334,2.714160398109638,8,21
23965,1.1818181818181819,0.40451991747794525,13,7.0,1.632993161855452,4,12
20008,4.333333333333333,4.932882862316247,13,9.666666666666666,2.516611478423583,31,73
19966,13.0,0.0,13,8.0,2.2088896522065657,47,151
15838,1.1818181818181819,0.40451991747794525,13,7.5,2.139374459257443,5,13
1771,4.333333333333333,3.511884584284246,13,7.7492711370262395,2.047989541748654,22,55
2915,1.3,0.9486832980505139,13,10.333333333333334,2.0816659994661326,7,20
6525,1.0833333333333333,0.28867513459481287,13,7.375,1.8468119248354133,4,12
12900,1.625,0.7440238091428449,13,7.655172413793103,2.5949932847279684,8,20
21464,4.0,3.0,12,7.620738941712323,2.2088896522065657,20,50
8017,12.0,0.0,12,9.3,1.766981104093143,35,147
377,1.0909090909090908,0.30151134457776363,12,7.594512195121951,2.166657343158876,4,12
399,12.0,0.0,12,9.5,3.5355339059327378,70,184
403,6.0,0.0,12,7.620738941712323,2.2088896522065657,22,68
46147,12.0,0.0,12,11.0,2.2088896522065657,44,176
34501,12.0,0.0,12,6.444444444444445,1.9436506316151003,38,116
34646,12.0,0.0,12,6.0,2.8284271247461903,56,128
32987,12.0,0.0,12,7.620738941712323,2.2088896522065657,44,135
24734,12.0,0.0,12,6.0,2.2088896522065657,44,116
15977,12.0,0.0,12,6.3,1.4181364924121764,28,104
22918,12.0,0.0,12,9.285714285714286,2.497617912751115,49,161
40666,12.0,0.0,12,9.0,2.2088896522065657,44,152
41132,12.0,0.0,12,7.125,2.295181287579947,45,131
23287,3.0,2.449489742783178,12,10.0,2.2088896522065657,17,47
15366,12.0,0.0,12,8.5,2.081665999466133,41,143
24556,12.0,0.0,12,9.0,2.2088896522065657,44,152
24559,1.3333333333333333,0.5,12,9.0,2.2088896522065657,5,17
20088,12.0,0.0,12,4.333333333333333,2.309401076758503,46,98
23278,4.0,3.605551275463989,12,9.0,1.4142135623730951,20,56
885,12.0,0.0,12,8.166666666666666,2.8577380332470415,57,155
6431,12.0,0.0,12,8.5,1.0488088481701516,21,123
24717,12.0,0.0,12,7.333333333333333,3.0550504633038935,60,148
835,12.0,0.0,12,7.6923076923076925,2.0568833780186058,41,133
845,1.2,0.6324555320336759,12,8.172413793103448,2.5783295466699996,6,16
3765,1.3333333333333333,0.7071067811865476,12,7.065573770491803,1.9529071565954015,5,15
22975,12.0,0.0,12,7.620738941712323,2.2088896522065657,44,135
24526,2.4,2.6076809620810595,12,7.620738941712323,2.2088896522065657,15,33
18976,12.0,0.0,12,6.125,1.4577379737113252,29,102
4820,12.0,0.0,12,7.620738941712323,2.2088896522065657,44,135
32900,1.3333333333333333,0.5,12,7.78125,1.7912759013727364,5,15
22620,3.0,1.8257418583505538,12,7.620738941712323,2.2088896522065657,14,37
22629,12.0,0.0,12,8.571428571428571,2.439750182371333,48,151
3120,3.0,2.70801280154532,12,7.428571428571429,2.699206232527312,18,40
39346,12.0,0.0,12,9.5,0.9999999999999998,20,134
39434,6.0,0.0,12,6.0,2.2088896522065657,22,58
39456,6.0,1.4142135623730951,12,9.615384615384615,2.534379001467011,26,84
39461,1.2,0.4216370213557839,12,6.5,3.5355339059327378,7,15
15319,12.0,0.0,12,9.25,1.707825127659933,34,145
1408,1.5,0.7559289460184544,12,7.620738941712323,2.2088896522065657,6,18
22793,12.0,0.0,12,9.3,1.766981104093143,35,147
41588,2.0,1.2649110640673518,12,10.0625,2.1124630174277605,10,30
764,1.7142857142857142,1.4960264830861913,12,7.95,1.8771478925557026,9,22
2039,12.0,0.0,12,7.666666666666667,1.7511900715418265,35,127
24751,12.0,0.0,12,5.0,2.2088896522065657,44,104
15572,12.0,0.0,12,7.611111111111111,2.2528123309971493,45,136
33211,12.0,0.0,12,8.071428571428571,2.017778127403648,40,137
12378,6.0,7.0710678118654755,12,9.25,1.8322507626258087,40,95
22703,12.0,0.0,12,8.0,2.8284271247461903,56,152
22725,12.0,0.0,12,7.666666666666667,1.2110601416389968,24,116
22768,12.0,0.0,12,7.7368421052631575,1.820930936000652,36,129
667,12.0,0.0,12,7.620738941712323,2.2088896522065657,44,135
22556,12.0,0.0,12,11.0,2.2088896522065657,44,176
3301,2.4,2.6076809620810595,12,9.0,2.2088896522065657,16,37
32543,12.0,0.0,12,9.0,1.5491933384829668,31,139
16163,6.0,0.0,12,6.666666666666667,2.121320343559643,21,61
16172,12.0,0.0,12,6.0,1.8257418583505538,36,108
16529,12.0,0.0,12,8.0,1.7320508075688772,34,130
4625,1.3333333333333333,0.7071067811865476,12,7.964285714285714,2.441789848110943,6,17
6373,12.0,0.0,12,7.620738941712323,2.2088896522065657,44,135
13583,12.0,0.0,12,7.0,1.2909944487358056,26,110
38622,1.7142857142857142,0.9511897312113419,12,7.392857142857143,2.4242491883022517,8,21
24952,1.5,0.7559289460184544,12,7.083333333333333,2.465706824609841,7,18
25016,2.0,2.0,12,7.620738941712323,2.2088896522065657,12,27
715,1.2,0.4216370213557839,12,7.9411764705882355,2.129899196730985,5,14
24512,12.0,0.0,12,6.166666666666667,2.562550812504343,51,125
24513,12.0,0.0,12,6.5,2.516611478423583,50,128
23349,1.5,1.0690449676496976,12,7.372881355932203,1.9466886569403432,7,18
23341,6.0,5.656854249492381,12,10.0,2.2088896522065657,37,97
23344,1.5,1.0690449676496976,12,7.5,2.085144140570748,7,18
6365,12.0,0.0,12,7.5,1.9148542155126764,38,128
12268,12.0,0.0,12,7.333333333333333,1.5275252316519465,30,118
22648,2.0,1.5491933384829668,12,8.516129032258064,2.5016123832698436,11,28
41727,12.0,0.0,12,8.666666666666666,0.5773502691896258,11,115
41864,1.3333333333333333,0.5,12,5.333333333333333,1.5,4,11
24476,1.2,0.6324555320336759,12,9.0,2.6457513110645907,6,17
24494,12.0,0.0,12,7.428571428571429,1.618347187425374,32,121
7428,12.0,0.0,12,7.620738941712323,2.2088896522065657,44,135
20488,12.0,0.0,12,7.620738941712323,2.2088896522065657,44,135
20504,2.4,2.6076809620810595,12,9.0,2.0976176963403033,15,37
22355,12.0,0.0,12,8.5,2.1213203435596424,42,144
7375,12.0,0.0,12,7.571428571428571,1.9023794624226835,38,129
43433,3.0,0.816496580927726,12,8.0,2.2079402165819615,12,36
43499,12.0,0.0,12,8.0,2.160246899469287,43,139
910,1.3333333333333333,0.5,12,7.222222222222222,1.9570552775732022,5,14
912,2.0,1.0954451150103321,12,8.125,2.748376143938713,10,27
914,1.3333333333333333,1.0,12,9.333333333333334,2.081665999466133,7,19
19936,12.0,0.0,12,6.0,2.1213203435596424,42,114
15188,12.0,0.0,12,8.052631578947368,2.8572263981103205,57,153
19346,12.0,0.0,12,7.428571428571429,2.370453040886408,47,136
16863,12.0,0.0,12,9.0,1.4142135623730951,28,136
13669,12.0,0.0,12,5.888888888888889,2.0275875100994063,40,111
38314,12.0,0.0,12,9.75,2.8722813232690143,57,174
38318,12.0,0.0,12,11.0,2.2088896522065657,44,176
6258,3.0,1.1547005383792515,12,8.181818181818182,2.1379486720482546,12,36
38471,1.3333333333333333,0.5,12,10.5,2.1213203435596424,5,19
41983,12.0,0.0,12,7.421052631578948,1.0706067580626215,21,110
22388,12.0,0.0,12,7.620738941712323,2.2088896522065657,44,135
18173,12.0,0.0,12,7.777777777777778,2.386303510546059,47,141
11743,12.0,0.0,12,8.0,2.2088896522065657,44,140
11744,12.0,0.0,12,8.0,2.2088896522065657,44,140
22471,12.0,0.0,12,9.5,3.5355339059327378,70,184
11709,12.0,0.0,12,7.620738941712323,2.2088896522065657,44,135
42436,12.0,0.0,12,7.571428571428571,2.5071326821120348,50,140
4948,1.3333333333333333,0.7071067811865476,12,8.5,2.1213203435596424,6,17
592,1.5,1.0690449676496976,12,8.268041237113403,2.7176715827367954,8,21
17916,2.4,1.3416407864998738,12,5.0,2.2088896522065657,10,22
18859,12.0,0.0,12,7.0,1.4142135623730951,28,112
16775,12.0,0.0,12,6.4,1.5165750888103102,30,107
25154,1.7142857142857142,0.9511897312113418,12,9.0,2.2088896522065657,8,23
25120,12.0,0.0,12,5.333333333333333,2.3094010767585034,46,110
17017,12.0,0.0,12,5.5,0.7071067811865476,14,80
18732,12.0,0.0,12,8.0,2.2088896522065657,44,140
22234,12.0,0.0,12,8.833333333333334,1.992409839791244,39,145
22262,12.0,0.0,12,7.620738941712323,2.2088896522065657,44,135
26826,12.0,0.0,12,9.833333333333334,3.2506409624359724,64,182
20594,12.0,0.0,12,7.5,0.7071067811865476,14,104
21250,12.0,0.0,12,7.0,2.2088896522065657,44,128
21268,1.5,0.7559289460184544,12,7.620738941712323,2.2088896522065657,6,18
11078,12.0,0.0,12,6.5,0.5773502691896257,11,89
43543,6.0,0.0,12,7.75,1.7078251276599332,17,63
45840,12.0,0.0,12,6.0,1.4142135623730951,28,100
13921,12.0,0.0,12,6.666666666666667,1.632993161855452,32,112
23663,12.0,0.0,12,7.217391304347826,2.2147546906871987,44,130
90025,4.0,5.196152422706632,12,7.620738941712323,2.2088896522065657,28,58
23635,12.0,0.0,12,6.986062717770035,1.9013652169850008,38,121
46567,3.0,2.70801280154532,12,7.620738941712323,2.2088896522065657,16,39
13948,1.7142857142857142,0.7559289460184544,12,7.7631578947368425,2.0980584399960573,7,20
13920,12.0,0.0,12,7.9,2.2335820757001272,44,139
2213,2.4,1.5165750888103102,12,8.0,2.2088896522065657,11,30
16708,12.0,0.0,12,7.5,2.6457513110645907,52,142
4043,12.0,0.0,12,10.0,2.2088896522065657,44,164
31496,12.0,0.0,12,7.8125,2.9488698400121582,58,152
19345,12.0,0.0,12,8.0,3.1622776601683795,63,159
24334,12.0,0.0,12,7.6,2.073644135332772,41,132
14834,12.0,0.0,12,7.8,2.8635642126552705,57,150
19807,12.0,0.0,12,8.25,2.659215781283755,53,152
24704,12.0,0.0,12,7.081632653061225,2.3964968764660566,47,132
28943,6.0,0.0,12,6.733333333333333,2.1201976547572388,21,61
21099,1.7142857142857142,0.9511897312113419,12,7.620738941712323,2.2088896522065657,8,21
21439,3.0,1.4142135623730951,12,7.620738941712323,2.2088896522065657,13,36
17138,6.0,7.0710678118654755,12,9.4,1.51657508881031,39,95
18573,12.0,0.0,12,9.0,2.2088896522065657,44,152
18636,1.7142857142857142,0.4879500364742666,12,8.079365079365079,2.1945797400721343,7,20
8274,12.0,0.0,12,8.88888888888889,1.3642254619787417,27,134
19253,12.0,0.0,12,6.0,3.251373336211726,64,136
10935,1.5,0.7559289460184544,12,7.444444444444445,2.4307399556567426,7,18
44221,12.0,0.0,12,6.5,3.5355339059327378,70,148
44290,12.0,0.0,12,7.620738941712323,2.2088896522065657,44,135
44338,12.0,0.0,12,8.0,2.5495097567963922,50,146
44394,12.0,0.0,12,6.571428571428571,2.370453040886408,47,126
21732,1.7142857142857142,1.4960264830861913,12,7.0,2.2088896522065657,9,21
21733,1.7142857142857142,1.4960264830861913,12,7.818181818181818,1.7786613965666325,9,22
23749,2.0,1.2649110640673518,12,7.620738941712323,2.2088896522065657,9,25
14190,12.0,0.0,12,8.5,2.1213203435596424,42,144
19652,12.0,0.0,12,8.0,2.7386127875258306,54,150
8327,2.0,1.9999999999999998,12,6.827225130890052,1.6690659684218785,10,24
13808,12.0,0.0,12,9.555555555555555,1.333333333333333,26,141
45214,12.0,0.0,12,10.666666666666666,0.5773502691896255,11,139
37794,1.5,0.7559289460184544,12,7.767441860465116,2.368817359161133,7,18
35855,12.0,0.0,12,12.0,2.2088896522065657,44,188
4518,1.7142857142857142,0.9511897312113419,12,8.0,0.0,4,18
20814,12.0,0.0,12,7.0,2.2088896522065657,44,128
20842,12.0,0.0,12,7.620738941712323,2.2088896522065657,44,135
22086,12.0,0.0,12,7.583333333333333,1.928651593652148,38,129
17470,12.0,0.0,12,7.0,1.8257418583505538,36,120
43789,12.0,0.0,12,7.375,2.276693508870558,45,134
38107,6.0,0.0,12,7.814814814814815,2.2538349717253214,22,69
2626,12.0,0.0,12,9.0,2.2088896522065657,44,152
188,12.0,0.0,12,7.0,2.449489742783178,48,132
2938,1.3333333333333333,0.5,12,8.0,2.2088896522065657,5,16
14661,12.0,0.0,12,7.620738941712323,2.2088896522065657,44,135
24182,12.0,0.0,12,7.666666666666667,1.2110601416389966,24,116
14712,12.0,0.0,12,7.0,0.0,0,84
25748,4.0,2.0,12,9.0,3.391164991562634,24,60
44895,12.0,0.0,12,7.666666666666667,2.2509257354845507,45,137
23921,12.0,0.0,12,10.0,2.160246899469287,43,163
14100,12.0,0.0,12,7.833333333333333,1.8006732747570398,36,130
14101,12.0,0.0,12,6.333333333333333,0.5773502691896257,11,87
19703,12.0,0.0,12,7.0,2.2088896522065657,44,128
19736,12.0,0.0,12,6.0,0.0,0,72
14432,12.0,0.0,12,10.0,2.2088896522065657,44,164
37722,12.0,0.0,12,8.0,2.449489742783178,48,144
37008,6.0,0.0,12,9.409090909090908,1.967814618376023,19,76
23792,12.0,0.0,12,9.0,2.2088896522065657,44,152
44709,12.0,0.0,12,7.846153846153846,2.1152680620571416,42,136
10701,1.3333333333333333,0.5,12,7.6923076923076925,1.974192467171298,5,15
44764,12.0,0.0,12,5.0,2.2088896522065657,44,104
44781,6.0,5.656854249492381,12,9.0,2.2088896522065657,36,90
8008,1.2,0.42163702135578396,12,8.833333333333334,2.367712103711219,5,16
5693,1.2,0.4216370213557839,12,6.0,2.2088896522065657,5,12
19275,12.0,0.0,12,9.0,2.0,40,148
24280,4.0,3.4641016151377544,12,9.0,2.6457513110645907,24,60
2779,1.0,0.0,12,6.882352941176471,2.147159546388451,4,10
17367,12.0,0.0,12,5.882352941176471,2.471900911777626,49,120
17332,12.0,0.0,12,7.5,2.16794833886788,43,133
21731,2.4,1.51657508881031,12,9.666666666666666,3.5118845842842465,16,39
10708,12.0,0.0,12,8.23076923076923,1.8327504901034286,36,135
21822,12.0,0.0,12,7.620738941712323,2.2088896522065657,44,135
44666,2.0,1.2649110640673518,12,6.5,2.1213203435596424,9,22
44705,12.0,0.0,12,8.444444444444445,1.5092308563562362,30,131
36653,1.3333333333333333,0.5,12,8.363636363636363,1.689540012709215,4,16
36769,2.0,1.2649110640673518,12,8.727272727272727,2.0045403009622476,9,26
1120,12.0,0.0,12,6.0,1.4142135623730951,28,100
14357,2.4,1.140175425099138,12,7.7368421052631575,1.9675733859858358,9,28
37166,12.0,0.0,12,8.16,2.0952326839756963,41,139
26396,12.0,0.0,12,7.260869565217392,2.1152560838809222,42,129
46166,4.0,2.0,12,7.56,2.844292530665578,21,51
18275,2.0,1.6733200530681511,12,7.625,2.2638462845343543,11,26
23982,12.0,0.0,12,7.0,2.2088896522065657,44,128
24148,6.0,0.0,12,5.5,3.5355339059327378,35,68
19406,1.2,0.4216370213557839,12,8.041666666666666,2.6454089297870573,6,15
19543,12.0,0.0,12,7.620738941712323,2.2088896522065657,44,135
14628,12.0,0.0,12,9.0,2.345207879911715,46,154
24055,12.0,0.0,12,7.666666666666667,2.422120283277993,48,140
19444,12.0,0.0,12,4.0,1.4142135623730951,28,76
19497,12.0,0.0,12,6.785714285714286,2.2930856412794007,45,127
36386,12.0,0.0,12,7.578125,2.209680631236897,44,135
21318,12.0,0.0,12,9.2,1.6431676725154984,33,143
14922,12.0,0.0,12,7.230769230769231,2.743290182543769,54,141
21333,12.0,0.0,12,7.5,0.7071067811865476,14,104
261,1.5,0.5345224838248488,12,8.0,1.7888543819998326,5,17
24040,3.0,0.816496580927726,12,9.2,1.095445115010332,7,34
24046,2.4,1.6733200530681511,12,7.620738941712323,2.2088896522065657,12,30
23905,12.0,0.0,12,8.0,2.2088896522065657,44,140
18299,12.0,0.0,12,7.4375,1.672074559741082,33,122
18309,2.4,0.8944271909999159,12,7.818181818181818,2.5226248955475654,11,30
18338,12.0,0.0,12,9.25,2.217355782608345,44,155
17671,12.0,0.0,12,8.0,2.2088896522065657,44,140
17706,12.0,0.0,12,7.5,0.7071067811865476,14,104
45239,3.0,2.0,12,10.25,2.362907813126304,16,47
21359,12.0,0.0,12,9.5,2.1213203435596424,42,156
187,12.0,0.0,12,6.0,2.2088896522065657,44,116
23875,12.0,0.0,12,6.875,1.7268882005337973,34,117
20050,12.0,0.0,12,6.0,2.2088896522065657,44,116
23926,12.0,0.0,12,7.4,3.847076812334269,76,165
13183,12.0,0.0,12,8.333333333333334,1.1547005383792517,23,123
13418,12.0,0.0,12,8.5,2.1213203435596424,42,144
24685,12.0,0.0,12,7.620738941712323,2.2088896522065657,44,135
24701,1.2,0.4216370213557839,12,9.0,2.2088896522065657,5,16
18384,12.0,0.0,12,10.0,2.2088896522065657,44,164
23928,12.0,0.0,12,8.0,1.5491933384829668,31,127
19251,12.0,0.0,12,10.4,0.8944271909999159,18,143
23934,12.0,0.0,12,7.5,0.7071067811865476,14,104
23894,12.0,0.0,12,9.25,2.217355782608345,44,155
21504,12.0,0.0,12,8.0,2.160246899469287,43,139
13062,2.4,1.9493588689617927,12,9.428571428571429,2.5727509827124,14,37
3187,3.0,2.449489742783178,12,6.2,1.3038404810405297,12,31
3203,12.0,0.0,12,7.5,2.2038926600773587,44,134
23025,1.5,1.0690449676496976,12,8.450980392156863,2.33506938218286,8,20
3271,1.7142857142857142,1.4960264830861913,12,7.620738941712323,2.2088896522065657,9,22
40220,12.0,0.0,12,8.0,1.1547005383792517,23,119
39840,12.0,0.0,12,8.416666666666666,2.1933093855190746,43,144
12625,12.0,0.0,12,7.0,1.1547005383792515,23,107
21526,12.0,0.0,12,6.774193548387097,2.091507847625489,41,123
12768,12.0,0.0,12,8.4,2.063284482843521,41,142
33961,3.0,2.8284271247461903,12,7.5,2.6115129714401193,18,41
46662,12.0,0.0,12,7.666666666666667,1.5275252316519468,30,122
46664,12.0,0.0,12,6.0,2.2088896522065657,44,116
226,1.0909090909090908,0.30151134457776363,12,7.923076923076923,2.6218020813642964,5,14
46402,6.0,1.4142135623730951,12,8.169811320754716,2.2509472284471688,23,72
8634,1.3333333333333333,0.7071067811865476,12,7.764705882352941,1.859599558220545,5,16
46508,6.0,0.0,12,7.9,1.5951314818673863,16,63
46394,12.0,0.0,12,7.620738941712323,2.2088896522065657,44,135
18131,12.0,0.0,12,6.5,1.2909944487358056,26,104
26644,11.0,0.0,11,7.620738941712323,2.2088896522065657,40,124
32803,1.8333333333333333,1.3291601358251257,11,7.588235294117647,2.4763588070343263,10,24
12388,1.5714285714285714,0.5345224838248488,11,6.142857142857143,0.3779644730092272,2,12
46802,1.5714285714285714,0.9759000729485332,11,7.72,2.5416530054277664,8,20
22624,5.5,3.5355339059327378,11,13.0,2.2088896522065657,29,101
19526,1.1,0.31622776601683794,11,7.0,2.2088896522065657,4,12
25006,1.1,0.31622776601683794,11,7.620738941712323,2.2088896522065657,4,13
25009,2.2,1.3038404810405297,11,8.0,1.9999999999999998,9,27
12192,1.2222222222222223,0.4409585518440984,11,7.75,2.1134489978863145,5,14
2071,2.2,2.6832815729997477,11,8.214285714285714,1.7619295117556788,14,32
675,2.2,1.3038404810405297,11,7.0,2.1157009420498154,10,25
41408,5.5,6.363961030678928,11,7.620738941712323,2.2088896522065657,35,77
2475,1.375,0.744023809142845,11,7.620738941712323,2.2088896522065657,6,17
35759,11.0,0.0,11,10.25,0.5000000000000001,9,122
19264,3.6666666666666665,4.618802153517007,11,8.5,0.7071067811865476,23,54
19267,3.6666666666666665,3.7859388972001824,11,9.285714285714286,2.3996336716761077,24,58
22397,1.375,1.0606601717798212,11,6.777777777777778,1.3944333775567925,6,15
22456,1.375,0.5175491695067657,11,8.4,1.949358868961793,5,17
16140,1.375,0.7440238091428449,11,6.0,4.242640687119285,10,18
19056,1.5714285714285714,0.7867957924694432,11,10.0,1.7320508075688772,6,22
23945,2.75,2.8722813232690148,11,6.0,2.2088896522065657,15,32
4556,1.5714285714285714,0.7867957924694432,11,6.5,4.949747468305833,13,23
5789,1.5714285714285714,0.5345224838248488,11,6.0,4.242640687119285,11,21
6129,2.75,1.707825127659933,11,11.0,2.2088896522065657,14,44
36493,1.375,0.5175491695067657,11,7.055555555555555,2.261499300235868,6,15
44859,2.75,0.49999999999999994,11,7.484076433121019,2.0649861722433944,10,30
21520,11.0,0.0,11,7.0,2.2088896522065657,40,117
10374,1.5714285714285714,0.7867957924694431,11,8.0,1.8027756377319943,6,19
23497,5.5,3.5355339059327378,11,8.5,2.1213203435596424,26,72
2617,1.1,0.31622776601683794,11,7.790697674418604,2.2099142359450425,4,13
45839,1.375,0.5175491695067657,11,7.9655172413793105,2.195494715168992,6,16
45837,2.2,1.0954451150103324,11,8.772727272727273,1.6015414652562276,8,27
298,2.75,0.5,11,7.538461538461538,1.7614096918559579,8,29
17816,11.0,0.0,11,7.0,2.2088896522065657,40,117
15367,1.5714285714285714,0.7867957924694432,11,7.620738941712323,2.2088896522065657,7,19
2369,1.2222222222222223,0.44095855184409843,11,6.5,1.6431676725154984,4,12
21196,1.8333333333333333,0.408248290463863,11,5.0,1.4142135623730951,5,14
274,1.375,0.7440238091428449,11,6.428571428571429,2.0701966780270626,6,14
40246,1.5714285714285714,0.5345224838248488,11,7.75,2.6671401094873817,7,20
12690,11.0,0.0,11,7.666666666666667,2.8867513459481287,52,137
23039,1.5714285714285714,0.7867957924694432,11,5.0,1.4142135623730951,5,13
20130,5.5,3.5355339059327378,11,5.5,3.5355339059327378,35,65
24791,2.75,1.5,11,10.0,0.0,8,35
16000,1.375,0.7440238091428449,11,7.548387096774194,2.079081683138325,6,16
23662,1.375,0.5175491695067657,11,9.142857142857142,1.5735915849388862,4,17
24293,11.0,0.0,11,7.620738941712323,2.2088896522065657,40,124
1026,1.5714285714285714,0.7867957924694432,11,7.8125,1.3629793710681932,5,17
6633,1.2222222222222223,0.4409585518440984,11,7.620738941712323,2.2088896522065657,5,14
3008,1.5714285714285714,0.7867957924694432,11,3.0,2.2088896522065657,6,11
3468,1.5714285714285714,0.5345224838248488,11,7.620738941712323,2.2088896522065657,6,18
34802,2.2,1.3038404810405297,11,9.875,1.746424919657298,9,31
24486,1.5714285714285714,1.1338934190276817,11,8.647058823529411,1.0571882797418484,6,20
13244,2.75,1.707825127659933,11,7.620738941712323,2.2088896522065657,13,34
20064,11.0,0.0,11,6.666666666666667,3.214550253664318,58,132
5463,1.5714285714285714,1.1338934190276817,11,7.416666666666667,2.02072594216369,7,19
38245,2.2,1.3038404810405297,11,7.620738941712323,2.2088896522065657,10,27
10414,1.2222222222222223,0.4409585518440985,11,6.864406779661017,1.591546928237063,4,12
16923,1.5714285714285714,0.5345224838248488,11,7.620738941712323,2.2088896522065657,6,18
5691,1.2222222222222223,0.44095855184409843,11,8.0,1.7320508075688772,4,14
20181,1.5714285714285714,0.5345224838248488,11,6.708333333333333,2.3861769799640062,7,17
34841,1.375,0.5175491695067657,11,7.461538461538462,1.9414506867883015,5,15
5341,11.0,0.0,11,7.620738941712323,2.2088896522065657,40,124
5273,1.375,0.7440238091428449,11,9.0,2.8284271247461903,7,20
15509,2.2,1.0954451150103321,11,7.625,2.355613092907717,10,27
25416,1.5714285714285714,0.9759000729485332,11,8.0,0.836660026534076,5,18
21980,2.2,2.16794833886788,11,11.0,2.2088896522065657,14,39
2913,5.5,6.363961030678928,11,8.0,0.0,30,74
18628,1.2222222222222223,0.44095855184409843,11,11.0,2.2088896522065657,5,19
21424,2.2,1.3038404810405297,11,11.5,0.7071067811865476,8,33
45992,2.75,1.4999999999999998,11,10.5,2.1213203435596424,13,41
4331,1.1,0.31622776601683794,11,9.0,2.2088896522065657,4,14
17938,1.1,0.31622776601683794,11,7.857142857142857,1.0690449676496976,2,11
36483,1.8333333333333333,1.3291601358251257,11,8.5,2.1950357213908434,9,25
8432,3.6666666666666665,2.0816659994661326,11,7.620738941712323,2.2088896522065657,16,44
1034,1.4285714285714286,0.7867957924694432,10,7.361538461538461,2.4047880086873135,7,17
46942,2.0,1.414213562373095,10,9.0,0.0,7,25
20516,2.5,1.2909944487358054,10,10.0,1.4142135623730951,9,34
22808,1.4285714285714286,1.1338934190276817,10,8.0,2.2088896522065657,7,19
25011,1.4285714285714286,0.5345224838248488,10,7.875,1.7268882005337973,5,16
42052,1.6666666666666667,0.816496580927726,10,7.620738941712323,2.2088896522065657,7,20
46950,1.6666666666666667,0.5163977794943222,10,7.5,2.1213203435596424,6,19
45871,1.4285714285714286,0.7867957924694432,10,8.0,1.885618083164127,6,17
46070,1.4285714285714286,0.5345224838248488,10,8.340909090909092,1.3284574341445938,4,16
46132,1.4285714285714286,0.5345224838248488,10,7.636363636363637,1.8040358795061295,5,16
23784,1.4285714285714286,0.7867957924694432,10,7.25,1.164964745021435,4,15
23666,2.0,0.7071067811865476,10,7.516129032258065,2.3660296374671255,8,23
35266,1.25,0.7071067811865476,10,8.571428571428571,1.9880595947760098,5,16
22898,2.0,0.0,10,8.0,3.0000000000000004,10,26
18938,1.6666666666666667,1.632993161855452,10,8.8,2.077085870705811,10,24
1874,1.4285714285714286,0.5345224838248488,10,9.166666666666666,3.65604522218567,9,22
16947,1.1111111111111112,0.3333333333333333,10,8.25,3.593976442141304,7,16
12476,1.25,0.4629100498862757,10,11.0,2.2088896522065657,5,19
2812,1.4285714285714286,0.7867957924694432,10,7.75,3.0956959368344514,8,19
14174,1.6666666666666667,0.5163977794943222,10,7.653846153846154,1.765045216243656,5,18
14141,2.5,3.0,10,7.620738941712323,2.2088896522065657,16,35
14306,2.0,1.224744871391589,10,9.4,1.3416407864998738,8,26
3467,2.5,1.9148542155126764,10,9.166666666666666,1.9407902170679516,12,35
25108,1.25,0.7071067811865476,10,7.620738941712323,2.2088896522065657,6,15
38526,2.0,1.7320508075688772,10,8.0,0.0,8,24
38632,1.6666666666666667,1.0327955589886444,10,6.888888888888889,1.4907119849998598,6,18
836,1.25,0.4629100498862757,10,7.666666666666667,2.1756225162774294,5,15
842,1.25,0.4629100498862757,10,8.0,2.5298221281347035,6,16
43393,3.3333333333333335,1.1547005383792515,10,7.25,2.0615528128088303,12,37
19070,2.0,1.0,10,7.2,1.082325538564332,6,20
16749,1.25,0.4629100498862757,10,7.539509536784741,2.0062587260192726,5,14
549,1.1111111111111112,0.3333333333333333,10,7.277777777777778,2.8034759004105965,5,13
25160,1.1111111111111112,0.3333333333333333,10,7.0,0.0,1,9
25140,1.25,0.4629100498862757,10,6.0,2.2088896522065657,5,12
19661,1.1111111111111112,0.3333333333333333,10,5.5,1.760681686165901,3,10
7838,1.25,0.7071067811865476,10,7.833333333333333,2.2087978356535665,6,15
24187,3.3333333333333335,3.2145502536643185,10,7.620738941712323,2.2088896522065657,19,44
24216,2.5,1.7320508075688772,10,6.857142857142857,1.9555500055421295,11,28
23785,1.6666666666666667,1.0327955589886446,10,7.193548387096774,1.7013593553138557,7,19
4340,1.25,0.46291004988627565,10,7.743589743589744,2.253496123643372,5,15
21562,1.6666666666666667,1.0327955589886446,10,8.0,1.3093073414159542,6,19
16127,1.25,0.46291004988627577,10,7.866666666666666,2.374190727215361,5,15
22101,10.0,0.0,10,7.620738941712323,2.2088896522065657,36,113
11296,1.25,0.7071067811865476,10,9.666666666666666,2.0615528128088303,6,18
20650,2.5,1.0,10,7.410256410256411,2.290919704053015,10,29
827,1.4285714285714286,1.1338934190276817,10,7.631578947368421,2.671049030620106,8,19
34153,1.6666666666666667,0.5163977794943222,10,7.333333333333333,1.6583123951777,5,17
39601,10.0,0.0,10,8.222222222222221,1.864704851446077,31,113
20639,2.0,1.2247448713915892,10,9.666666666666666,2.081665999466133,9,29
3424,1.4285714285714286,0.7867957924694432,10,6.333333333333333,2.0816659994661326,6,15
20767,2.5,2.3804761428476167,10,8.4,1.1401754250991378,12,33
18584,2.0,1.0,10,6.5625,2.25,9,22
24579,1.4285714285714286,0.5345224838248488,10,6.951219512195122,2.1539652726225547,6,16
43777,1.25,0.4629100498862757,10,9.210526315789474,1.9315781506443854,5,16
38900,10.0,0.0,10,7.620738941712323,2.2088896522065657,36,113
39400,10.0,0.0,10,7.709677419354839,2.1982638214422954,36,113
11029,1.25,0.7071067811865476,10,7.391304347826087,1.9244628633083476,5,14
31045,1.1111111111111112,0.3333333333333333,10,7.571428571428571,2.004197276389996,4,12
586,1.4285714285714286,1.1338934190276817,10,8.714285714285714,2.214669705568283,8,20
20532,1.6666666666666667,0.816496580927726,10,7.783505154639175,2.3260208966945384,7,20
20550,1.25,0.4629100498862757,10,8.375,1.5059406173077154,4,14
20549,1.4285714285714286,0.5345224838248488,10,7.5,2.1213203435596424,6,16
17026,1.25,0.4629100498862757,10,7.166666666666667,1.1690451944500122,3,12
18739,1.4285714285714286,0.5345224838248488,10,6.928571428571429,1.9792883614022536,5,15
19414,1.1111111111111112,0.3333333333333333,10,8.2,1.932183566158592,4,13
18797,3.3333333333333335,2.3094010767585034,10,8.333333333333334,2.4253562503633295,17,45
21012,1.6666666666666667,0.816496580927726,10,7.620738941712323,2.2088896522065657,7,20
17988,3.3333333333333335,2.0816659994661326,10,7.105263157894737,2.447101161285992,16,40
36851,2.5,2.380476142847616,10,6.5,1.760681686165901,12,29
18761,3.3333333333333335,4.041451884327381,10,5.3076923076923075,2.8978329657583606,22,40
15193,2.0,1.0,10,8.142857142857142,1.788464780692369,8,24
956,1.4285714285714286,0.7867957924694432,10,7.090909090909091,2.3001976199685736,6,17
20744,1.4285714285714286,0.7867957924694432,10,9.0,1.7320508075688772,6,18
21441,1.4285714285714286,0.7867957924694432,10,7.620738941712323,2.2088896522065657,6,17
17914,1.4285714285714286,1.1338934190276817,10,7.454545454545454,1.9857446508002528,7,18
45576,1.25,0.46291004988627577,10,7.4375,1.547847968417226,4,13
21408,1.25,0.4629100498862757,10,7.375,1.5979898086569353,4,13
8434,1.0,0.0,10,7.75,1.5,2,10
23938,2.5,3.0,10,7.285714285714286,0.7559289460184545,14,32
276,1.0,0.0,10,6.0,2.160246899469287,4,10
4322,1.4285714285714286,1.1338934190276817,10,5.9,1.9439514830419644,6,15
21160,1.1111111111111112,0.3333333333333333,10,7.333333333333333,2.1602468994692865,4,12
26939,2.25,1.8929694486000912,9,7.277777777777778,2.7611923161083776,13,30
240,1.2857142857142858,0.7559289460184545,9,8.0,1.4142135623730951,5,15
21384,1.8,1.0954451150103321,9,8.05,2.064104240533766,8,22
24754,2.25,1.8929694486000912,9,8.5,1.7320508075688772,11,30
41589,3.0,2.6457513110645907,9,8.15,1.3869694338832117,14,39
14688,2.25,2.5,9,8.35,1.8715318802914813,14,33
24180,1.5,0.8366600265340756,9,6.714285714285714,1.2535663410560174,5,15
2027,1.0,0.0,9,6.0,2.2088896522065657,4,10
21622,1.0,0.0,9,6.230769230769231,2.0064000163579108,3,10
2491,1.5,0.8366600265340756,9,7.571428571428571,1.5118578920369088,5,17
18781,1.2857142857142858,0.48795003647426655,9,7.4,2.716206504995115,6,16
2308,3.0,3.4641016151377544,9,10.0,2.2088896522065657,21,51
3151,1.125,0.3535533905932738,9,7.620738941712323,2.2088896522065657,4,13
25199,1.2857142857142858,0.4879500364742666,9,7.043478260869565,1.6916441939874305,4,13
25319,1.5,0.5477225575051661,9,8.666666666666666,2.783882181415011,7,20
3096,9.0,0.0,9,9.0,2.2088896522065657,33,114
23326,1.8,0.8366600265340756,9,8.0,1.4142135623730951,6,20
19944,1.8,1.3038404810405297,9,8.0,2.1984843263788196,9,23
24138,9.0,0.0,9,7.620738941712323,2.2088896522065657,33,101
18269,3.0,3.4641016151377544,9,8.8,0.44721359549995815,17,43
18284,1.5,0.5477225575051662,9,10.0,1.4142135623730951,5,20
21216,9.0,0.0,9,6.0,2.2088896522065657,33,87
17601,4.5,0.7071067811865476,9,8.0,2.2088896522065657,17,53
19157,1.5,0.5477225575051662,9,11.0,2.2088896522065657,6,23
6265,1.125,0.3535533905932738,9,8.333333333333334,2.49848438906955,5,14
16781,1.125,0.3535533905932738,9,8.461538461538462,1.8536173919925967,4,13
43019,9.0,0.0,9,6.5,3.0,45,103
40605,4.5,4.949747468305833,9,7.620738941712323,2.2088896522065657,28,62
24195,3.0,3.4641016151377544,9,9.0,2.2088896522065657,20,47
15058,1.125,0.3535533905932738,9,6.25,1.7320508075688774,4,11
979,1.2857142857142858,0.48795003647426655,9,7.2,2.043961295567452,5,14
38241,1.5,0.5477225575051661,9,9.368421052631579,1.9779486094826586,6,20
23757,1.5,0.5477225575051661,9,7.620738941712323,2.2088896522065657,6,17
38392,1.5,0.5477225575051661,9,7.0,1.0540925533894598,4,14
23543,2.25,2.5,9,6.5,1.2909944487358058,12,26
23780,1.8,1.3038404810405297,9,11.0,2.2088896522065657,10,29
19694,3.0,3.4641016151377544,9,10.0,2.2088896522065657,21,51
37530,9.0,0.0,9,7.111111111111111,1.964971020425266,29,93
37422,1.5,0.8366600265340756,9,7.2,2.043961295567452,6,17
44756,1.0,0.0,9,6.166666666666667,2.136976056643281,4,10
10624,1.8,0.8366600265340756,9,9.1,1.7288403306519917,7,23
24483,1.5,0.8366600265340757,9,6.083333333333333,0.28867513459481287,3,13
536,1.5,0.8366600265340756,9,7.3,2.2501461940809184,7,18
13245,3.0,1.0,9,7.620738941712323,2.2088896522065657,12,35
23267,1.5,0.5477225575051662,9,7.9375,2.4074537032585557,6,18
13784,2.25,2.5,9,9.5,2.223610677354389,15,37
5384,1.125,0.3535533905932738,9,8.5,2.1213203435596424,4,14
23203,1.0,0.0,9,7.9375,2.5421447637772325,4,12
2814,1.8,1.3038404810405297,9,8.0,2.70801280154532,10,24
44025,4.5,4.949747468305833,9,7.875,2.0310096011589898,27,63
2784,1.5,0.8366600265340756,9,7.0,1.632993161855452,5,16
10863,1.8,1.3038404810405297,9,8.857142857142858,2.2138425646596693,9,25
40213,1.5,1.224744871391589,9,8.285714285714286,1.8575654633281304,7,20
2921,1.5,0.8366600265340756,9,6.333333333333333,2.081665999466133,6,16
19860,3.0,2.6457513110645907,9,9.0,0.816496580927726,14,41
731,1.5,0.8366600265340756,9,6.666666666666667,2.554174920362645,7,17
19034,2.25,1.8929694486000912,9,9.571428571428571,1.1338934190276817,11,32
25012,2.25,1.8929694486000914,9,10.25,2.0615528128088303,13,36
25020,1.5,0.8366600265340756,9,7.0,2.2088896522065657,7,17
25015,1.0,0.0,9,11.0,2.2088896522065657,4,15
25018,1.5,0.5477225575051661,9,8.0,2.2088896522065657,6,18
24991,1.8,1.3038404810405297,9,3.5,0.7071067811865476,5,11
8570,1.125,0.3535533905932738,9,7.620738941712323,2.2088896522065657,4,13
45874,1.8,1.3038404810405297,9,6.461538461538462,2.1061570302086774,8,20
116,3.0,2.0,9,7.620738941712323,2.2088896522065657,14,37
46065,1.0,0.0,9,7.529411764705882,2.182820625326997,4,11
22798,4.5,3.5355339059327378,9,9.1,1.1005049346146119,19,60
780,1.2857142857142858,0.48795003647426666,9,7.864864864864865,2.405574107523355,6,16
2874,1.125,0.3535533905932738,9,9.166666666666666,1.3291601358251257,3,13
25562,1.5,0.8366600265340756,9,9.733333333333333,2.4338877385388016,7,22
8976,1.8,1.7888543819998317,9,7.555555555555555,2.351122663277647,11,24
23831,1.2857142857142858,0.7559289460184545,9,7.0,0.0,3,12
25537,2.25,1.8929694486000914,9,7.988950276243094,2.208541374543245,12,30
18431,1.2857142857142858,0.7559289460184545,9,8.0,2.2088896522065657,6,16
20118,4.5,4.949747468305833,9,5.6,1.8165902124584952,24,49
6877,1.2857142857142858,0.7559289460184545,9,7.333333333333333,1.5275252316519465,5,14
20420,1.8,1.3038404810405297,9,6.0,2.2088896522065657,8,19
22923,1.8,1.7888543819998317,9,7.777777777777778,1.481365736219265,9,23
15720,1.5,0.8366600265340756,9,8.0,1.4142135623730951,5,17
18906,1.5,0.8366600265340756,9,7.620738941712323,2.2088896522065657,7,18
23069,1.2857142857142858,0.48795003647426655,9,7.25,0.957427107756338,3,12
23151,1.125,0.3535533905932738,9,8.5,1.9148542155126762,4,14
20187,1.5,0.5477225575051661,9,7.620738941712323,2.2088896522065657,6,17
23021,1.125,0.3535533905932738,9,7.0,2.0354009783964297,4,12
3973,2.25,1.8929694486000912,9,9.3125,1.01447851956888,10,31
16773,1.2857142857142858,0.7559289460184545,9,7.8,2.7748873851023217,7,17
23205,1.2857142857142858,0.48795003647426655,9,7.375,1.7841898254763513,4,14
42403,2.25,1.8929694486000912,9,10.0,0.5773502691896256,10,33
24273,1.8,1.7888543819998317,9,8.0,2.2088896522065657,11,25
14195,1.5,0.8366600265340756,9,7.125,2.276693508870558,7,17
989,1.0,0.0,9,8.5,0.7071067811865476,1,10
918,2.0,1.4142135623730951,8,7.0,0.8164965809277259,7,21
26104,2.6666666666666665,2.8867513459481287,8,7.111111111111111,1.6158932858054431,15,34
21837,2.6666666666666665,2.0816659994661326,8,7.714285714285714,2.138089935299395,13,34
28155,1.6,1.3416407864998738,8,7.277777777777778,2.21772420593607,8,20
2638,1.3333333333333333,0.816496580927726,8,7.888888888888889,1.604731565930206,5,16
21008,1.3333333333333333,0.5163977794943223,8,8.571428571428571,2.14919697074224,5,17
21015,2.0,2.0,8,8.333333333333334,1.0000000000000002,10,27
21286,1.3333333333333333,0.5163977794943223,8,9.222222222222221,0.6666666666666667,3,15
19395,8.0,0.0,8,6.0,2.2088896522065657,29,77
19547,8.0,0.0,8,7.25,2.753785273643051,36,94
8460,4.0,2.8284271247461903,8,7.620738941712323,2.2088896522065657,19,50
26889,1.6,0.5477225575051662,8,8.166666666666666,2.316606713852541,7,20
24169,1.6,0.5477225575051661,8,7.620738941712323,2.2088896522065657,6,19
21380,1.1428571428571428,0.3779644730092272,8,7.818181818181818,2.522624895547565,5,14
247,1.3333333333333333,0.5163977794943223,8,8.403508771929825,2.007660766759655,5,16
21166,1.3333333333333333,0.5163977794943222,8,7.888888888888889,1.3044490413915375,4,14
21411,2.0,1.4142135623730951,8,8.210526315789474,2.200478416880723,10,26
14652,1.6,0.8944271909999159,8,7.888888888888889,2.0275875100994063,7,19
437,1.3333333333333333,0.816496580927726,8,7.0,0.0,4,13
3671,1.3333333333333333,0.5163977794943223,8,8.686046511627907,1.7030189657814208,5,16
41831,2.6666666666666665,2.0816659994661326,8,8.0,1.5491933384829666,12,33
23798,1.3333333333333333,0.5163977794943222,8,8.0,2.1213203435596424,5,16
20885,1.0,0.0,8,8.2,1.0954451150103321,2,10
24166,2.6666666666666665,2.8867513459481287,8,7.0,2.2088896522065657,16,35
2016,1.0,0.0,8,8.5,2.1291625896895083,4,12
22813,1.3333333333333333,0.5163977794943223,8,8.653846153846153,1.4681228202655987,4,16
24052,1.1428571428571428,0.37796447300922725,8,6.75,2.4167972796469903,5,13
2050,1.0,0.0,8,7.181818181818182,2.5724183470461943,4,11
18639,1.6,0.5477225575051662,8,7.620738941712323,2.2088896522065657,6,19
25265,1.6,0.8944271909999159,8,7.5,2.1213203435596424,7,19
35714,1.3333333333333333,0.5163977794943222,8,8.5,0.7071067811865476,3,14
14193,8.0,0.0,8,7.620738941712323,2.2088896522065657,29,90
23775,1.3333333333333333,0.5163977794943223,8,7.620738941712323,2.2088896522065657,5,16
23825,1.3333333333333333,0.816496580927726,8,7.48936170212766,2.0733541448111894,6,16
19699,1.1428571428571428,0.37796447300922725,8,7.625,1.9955307206712847,4,13
25130,1.3333333333333333,0.5163977794943223,8,11.0,2.2088896522065657,6,20
3361,1.3333333333333333,0.5163977794943223,8,7.583333333333333,2.6097137890209456,6,16
22279,1.3333333333333333,0.5163977794943222,8,7.0,2.160246899469287,5,15
20424,8.0,0.0,8,8.5,0.7071067811865476,9,77
3711,2.6666666666666665,2.8867513459481287,8,8.421052631578947,2.03622170463075,16,39
22957,1.3333333333333333,0.5163977794943223,8,9.75,1.5000000000000002,4,17
43237,1.3333333333333333,0.5163977794943222,8,7.888888888888889,1.9649710204252657,5,15
3402,1.3333333333333333,0.5163977794943223,8,7.315789473684211,2.982404540317303,7,17
832,1.3333333333333333,0.5163977794943222,8,7.266666666666667,2.2824381283013584,6,15
17375,2.0,2.0,8,6.666666666666667,1.5275252316519468,10,23
33719,1.6,0.8944271909999159,8,5.285714285714286,1.7043362064926932,6,14
874,1.1428571428571428,0.3779644730092272,8,8.0,2.492092758263518,5,14
39575,2.6666666666666665,1.1547005383792515,8,9.057142857142857,1.607754318787492,9,33
20520,1.6,1.3416407864998738,8,6.0,2.2088896522065657,8,18
20554,4.0,0.0,8,7.243243243243243,2.2901407696350775,15,44
2884,2.6666666666666665,2.8867513459481287,8,7.0,2.2088896522065657,16,35
33717,4.0,4.242640687119285,8,7.909090909090909,2.3001976199685736,25,56
39107,8.0,0.0,8,6.5,3.295017884191656,43,95
543,1.3333333333333333,0.816496580927726,8,9.5,0.7071067811865476,4,17
44653,2.0,2.0,8,7.25,0.5,9,24
10400,1.3333333333333333,0.5163977794943223,8,7.4,3.0495901363953815,7,17
23348,8.0,0.0,8,7.620738941712323,2.2088896522065657,29,90
905,2.0,0.816496580927726,8,7.043478260869565,2.142179452409184,8,22
15192,1.1428571428571428,0.3779644730092272,8,7.447368421052632,2.0493554480590555,4,13
23194,1.3333333333333333,0.5163977794943222,8,7.454545454545454,2.5953671678455703,6,16
3009,2.6666666666666665,2.8867513459481287,8,10.576923076923077,2.6103344907973294,19,47
3053,2.0,1.1547005383792515,8,7.620738941712323,2.2088896522065657,9,24
2765,1.3333333333333333,0.5163977794943222,8,7.625,2.445841952609133,6,16
25512,2.6666666666666665,2.8867513459481287,8,9.666666666666666,2.0816659994661326,17,43
18438,2.6666666666666665,1.5275252316519465,8,9.0,2.8284271247461903,15,39
5855,1.3333333333333333,0.816496580927726,8,6.9743589743589745,1.0634397883922542,4,14
8010,1.0,0.0,8,6.666666666666667,1.3662601021279464,2,9
4383,1.3333333333333333,0.816496580927726,8,7.620738941712323,2.2088896522065657,6,16
16634,4.0,4.242640687119285,8,7.620738941712323,2.2088896522065657,24,55
25061,2.6666666666666665,2.0816659994661326,8,8.5,3.5355339059327378,19,41
1096,8.0,0.0,8,7.867469879518072,1.7584020208031546,23,86
24692,1.6,0.8944271909999159,8,7.8,1.8135294011647256,6,19
22922,1.3333333333333333,0.816496580927726,8,9.2,2.7748873851023212,7,20
18880,1.6,1.3416407864998738,8,8.333333333333334,2.269694946796849,9,22
23953,8.0,0.0,8,7.620738941712323,2.2088896522065657,29,90
25925,1.1428571428571428,0.37796447300922725,8,7.620738941712323,2.2088896522065657,5,13
11640,4.0,2.8284271247461903,8,7.701570680628272,2.0287272764182025,19,49
24933,1.3333333333333333,0.5163977794943223,8,8.242424242424242,1.2255178250004932,4,15
7278,1.3333333333333333,0.5163977794943223,8,8.333333333333334,0.5773502691896258,3,14
363,4.0,4.242640687119285,8,11.0,2.2088896522065657,27,71
35896,2.6666666666666665,2.8867513459481287,8,8.130434782608695,2.2218818360301333,17,38
36061,4.0,2.8284271247461903,8,7.620738941712323,2.2088896522065657,19,50
22454,1.6,0.8944271909999159,8,7.620738941712323,2.2088896522065657,7,19
42785,1.1428571428571428,0.3779644730092272,8,6.714285714285714,2.360387377408329,5,12
2474,1.1428571428571428,0.3779644730092272,8,7.477611940298507,1.9097692146405025,4,13
23962,1.3333333333333333,0.816496580927726,8,10.0,2.2088896522065657,6,20
16190,2.0,1.1547005383792515,8,10.5,0.7071067811865476,7,28
18102,2.0,2.0,8,7.647058823529412,1.920895513085632,11,26
46367,1.6,1.3416407864998738,8,7.620738941712323,2.2088896522065657,8,21
46374,8.0,0.0,8,8.0,2.1447610589527217,28,92
161,1.1428571428571428,0.3779644730092272,8,10.0,0.9258200997725514,3,14
8618,2.0,2.0,8,8.75,2.0615528128088303,12,29
45980,1.4,0.8944271909999159,7,8.0,2.7255405754769875,8,19
199,2.3333333333333335,1.5275252316519465,7,11.0,2.2088896522065657,12,38
165,1.4,0.5477225575051661,7,6.516129032258065,1.5247069170157588,4,13
4173,1.4,0.5477225575051661,7,9.0,4.242640687119285,10,23
23959,1.4,0.5477225575051661,7,7.296296296296297,2.462250609234986,6,16
23935,1.1666666666666667,0.408248290463863,7,7.0,2.6457513110645907,5,14
10336,3.5,3.5355339059327378,7,7.0,1.8257418583505538,19,43
35905,1.4,0.5477225575051662,7,6.714285714285714,2.2554618183284068,6,15
35755,3.5,3.5355339059327378,7,9.8,2.280350850198276,23,57
24361,1.75,0.5,7,11.0,1.7320508075688779,6,25
19684,7.0,0.0,7,10.0,2.2088896522065657,26,96
24261,1.75,0.5,7,7.620738941712323,2.2088896522065657,7,20
42884,3.5,3.5355339059327378,7,8.071428571428571,2.226583022856314,21,49
11340,1.1666666666666667,0.408248290463863,7,8.647058823529411,1.9981609191512903,4,14
42685,1.1666666666666667,0.408248290463863,7,7.36,1.6041612554021285,4,12
12139,1.4,0.8944271909999159,7,7.0,1.414213562373095,5,15
24930,1.4,0.5477225575051661,7,5.5,2.3687784005919825,6,14
24939,1.4,0.8944271909999159,7,8.736842105263158,2.077447826946374,6,19
2858,2.3333333333333335,1.5275252316519465,7,9.0,2.2088896522065657,11,32
3355,1.4,0.8944271909999159,7,8.0,1.4142135623730951,5,17
735,2.3333333333333335,0.5773502691896257,7,7.444444444444445,1.5092308563562358,6,24
6952,1.0,0.0,7,8.802469135802468,2.266162798026764,4,13
6957,1.4,0.8944271909999159,7,7.0,2.2088896522065657,6,16
20218,3.5,0.7071067811865476,7,7.555555555555555,2.0069324297987157,12,38
12351,1.75,0.9574271077563381,7,9.0,1.632993161855452,7,22
1997,1.1666666666666667,0.408248290463863,7,7.2,1.9235384061671346,4,13
16241,1.75,0.5,7,8.0,1.58113883008419,5,19
37940,1.75,1.5,7,11.0,2.2088896522065657,10,30
3809,3.5,2.1213203435596424,7,11.0,2.2088896522065657,17,56
25535,1.0,0.0,7,7.666666666666667,2.410295378065479,4,12
14126,1.75,1.5,7,8.0,3.265986323710904,12,26
44102,3.5,3.5355339059327378,7,7.0,1.4142135623730951,17,42
43919,1.1666666666666667,0.408248290463863,7,6.666666666666667,0.5773502691896257,2,10
10623,1.75,0.5,7,9.75,2.06155281280883,6,24
21814,1.0,0.0,7,8.571428571428571,2.14919697074224,4,12
19914,1.0,0.0,7,7.0,2.0976176963403033,3,10
15294,1.75,1.5,7,6.3,1.05934990547138,7,18
15971,1.75,0.5,7,7.285714285714286,1.2535663410560174,4,17
23114,1.4,0.5477225575051662,7,8.0,2.253202848596432,6,17
23066,3.5,0.7071067811865476,7,9.3,2.162817093001111,13,46
24720,1.1666666666666667,0.408248290463863,7,7.333333333333333,3.0550504633038935,6,15
24722,1.1666666666666667,0.408248290463863,7,7.0,2.6186146828319083,5,14
41081,1.1666666666666667,0.408248290463863,7,6.375,2.0658792662827956,4,12
20174,1.4,0.5477225575051662,7,7.2,3.1144823004794873,8,18
22435,7.0,0.0,7,7.620738941712323,2.2088896522065657,26,79
3719,2.3333333333333335,2.3094010767585034,7,10.5,0.7071067811865476,13,37
16559,1.1666666666666667,0.408248290463863,7,7.090909090909091,2.111925015886519,4,13
4101,1.0,0.0,7,7.620738941712323,2.2088896522065657,4,11
21850,2.3333333333333335,1.5275252316519468,7,7.620738941712323,2.2088896522065657,11,29
13702,3.5,3.5355339059327378,7,8.372093023255815,2.000276835768507,20,50
23337,7.0,0.0,7,8.5,0.7071067811865476,8,68
18756,1.1666666666666667,0.408248290463863,7,6.5,2.503843199809199,5,13
17406,2.3333333333333335,1.5275252316519465,7,7.620738941712323,2.2088896522065657,11,29
2498,1.1666666666666667,0.408248290463863,7,7.0,1.632993161855452,4,12
25257,1.4,0.5477225575051661,7,7.625,1.5864005379054393,4,15
2292,1.0,0.0,7,8.636363636363637,2.3354968324845693,4,12
25428,1.75,0.9574271077563381,7,6.571428571428571,1.511857892036909,6,17
25444,3.5,3.5355339059327378,7,7.333333333333333,1.1547005383792517,17,43
25411,1.4,0.8944271909999159,7,6.777777777777778,0.833333333333333,4,14
5250,1.0,0.0,7,9.0,2.2088896522065657,4,13
24578,1.1666666666666667,0.408248290463863,7,9.0,2.8284271247461903,6,16
886,1.4,0.8944271909999159,7,7.620738941712323,2.2088896522065657,7,17
21977,2.3333333333333335,1.5275252316519465,7,7.5,0.8366600265340755,8,25
21978,1.1666666666666667,0.408248290463863,7,7.620738941712323,2.2088896522065657,5,14
10733,1.0,0.0,7,8.282051282051283,2.126879576784509,4,12
13150,1.0,0.0,7,7.620738941712323,2.2088896522065657,4,11
24668,1.75,0.5,7,7.428571428571429,1.2724180205607036,4,17
1722,1.4,0.5477225575051661,7,8.375,2.263846284534354,6,18
551,1.0,0.0,7,7.318181818181818,2.4762945366080005,4,11
13287,1.75,0.9574271077563381,7,7.620738941712323,2.2088896522065657,8,21
20001,1.1666666666666667,0.408248290463863,7,8.0,2.2088896522065657,5,14
20506,1.1666666666666667,0.408248290463863,7,7.0,3.605551275463989,7,15
20659,3.5,3.5355339059327378,7,5.5,0.7071067811865476,14,34
16792,1.75,1.5,7,6.809523809523809,2.4620935729384374,10,22
23014,1.4,0.5477225575051661,7,7.1,1.8609561775433732,5,15
20189,1.4,0.5477225575051662,7,9.0,2.2088896522065657,6,18
22950,1.75,0.9574271077563381,7,7.875,2.850438562747845,9,23
2230,1.0,0.0,7,8.443181818181818,2.1488192670451003,4,12
43134,1.4,0.5477225575051661,7,8.0,0.0,3,14
23070,2.3333333333333335,0.5773502691896257,7,7.620738941712323,2.2088896522065657,9,27
12595,2.3333333333333335,1.5275252316519468,7,7.166666666666667,2.926886855802026,13,30
40366,1.4,0.5477225575051661,7,6.333333333333333,0.5163977794943223,3,11
40436,2.3333333333333335,1.1547005383792515,7,7.620738941712323,2.2088896522065657,10,28
12592,3.5,3.5355339059327378,7,10.2,1.3038404810405297,20,56
3250,3.5,3.5355339059327378,7,11.0,2.2088896522065657,23,62
45565,7.0,0.0,7,7.5,1.0,12,64
2535,1.1666666666666667,0.408248290463863,7,8.172413793103448,2.0885566704107505,4,14
21449,3.5,2.1213203435596424,7,6.0,0.0,9,30
258,1.4,0.8944271909999159,7,9.4,1.816590212458495,6,19
21366,1.0,0.0,7,7.4,2.5298221281347035,4,12
1173,7.0,0.0,7,7.0,2.2088896522065657,26,75
1215,1.4,0.5477225575051661,7,7.0,0.0,2,12
23754,2.3333333333333335,1.5275252316519465,7,7.620738941712323,2.2088896522065657,11,29
8228,1.4,0.8944271909999159,7,7.0,2.2088896522065657,6,16
3628,1.1666666666666667,0.408248290463863,7,7.5,0.7071067811865476,2,11
2976,1.75,0.9574271077563381,7,9.0,2.2088896522065657,8,24
2949,1.4,0.8944271909999159,7,8.392857142857142,1.9787835696670861,6,18
21109,1.75,0.9574271077563382,7,7.666666666666667,1.1547005383792515,6,19
19108,1.1666666666666667,0.408248290463863,7,7.5,0.7071067811865476,2,11
22828,1.4,0.5477225575051661,7,7.0,0.0,2,12
22765,3.5,3.5355339059327378,7,8.666666666666666,1.1547005383792517,18,49
41612,1.4,0.5477225575051661,7,6.7727272727272725,0.9223065383316713,3,13
21045,1.0,0.0,7,7.6,2.5579009251449016,4,12
21010,1.4,0.5477225575051661,7,8.5,2.0,5,17
24125,1.4,0.5477225575051661,7,6.9,2.183269719175042,6,15
17528,2.3333333333333335,2.3094010767585034,7,13.0,2.2088896522065657,16,46
90081,3.5,3.5355339059327378,7,7.620738941712323,2.2088896522065657,21,47
21026,1.75,1.5,7,7.620738941712323,2.2088896522065657,9,23
100,1.0,0.0,7,6.866666666666666,1.569830505529802,3,9
19584,1.4,0.5477225575051662,7,10.0,2.2088896522065657,6,20
23988,1.1666666666666667,0.408248290463863,7,7.666666666666667,1.1547005383792517,3,12
229,6.0,0.0,6,7.620738941712323,2.2088896522065657,22,68
14370,6.0,0.0,6,7.0,0.816496580927726,8,50
1062,6.0,0.0,6,6.4772727272727275,1.3379720225746086,13,52
36846,6.0,0.0,6,8.333333333333334,1.8257418583505538,18,68
19568,1.5,0.5773502691896257,6,8.571428571428571,1.7182493859684491,5,18
24013,1.2,0.4472135954999579,6,8.0,1.4142135623730951,3,13
19396,1.5,1.0,6,10.5,2.1213203435596424,7,23
24123,1.2,0.4472135954999579,6,7.58,1.4581229197086207,4,13
21017,1.0,0.0,6,7.916666666666667,1.9752253419585197,3,11
21027,2.0,1.7320508075688772,6,7.111111111111111,2.0883273476902784,10,24
21039,6.0,0.0,6,7.0,1.4142135623730951,14,56
21296,2.0,1.0,6,7.620738941712323,2.2088896522065657,9,24
8456,6.0,0.0,6,7.857142857142857,2.6095064302514777,26,73
8699,6.0,0.0,6,8.777777777777779,1.787300882460601,18,70
8705,6.0,0.0,6,7.7272727272727275,1.6787441193290351,17,63
249,1.2,0.4472135954999579,6,8.529411764705882,1.7362908403700523,4,14
15951,2.0,0.0,6,8.2,2.16794833886788,7,24
41485,6.0,0.0,6,8.25,2.0943647333651407,21,70
23899,6.0,0.0,6,8.0,2.0548046676563256,20,68
6127,1.5,0.5773502691896257,6,8.0,2.2088896522065657,6,18
24167,1.5,1.0,6,7.620738941712323,2.2088896522065657,7,19
2955,2.0,1.7320508075688772,6,10.0,2.6457513110645907,13,33
24165,6.0,0.0,6,8.0,2.2088896522065657,22,70
2939,1.5,0.5773502691896257,6,7.4,2.3021728866442674,6,17
14638,1.5,1.0,6,3.0,2.2088896522065657,6,11
8235,6.0,0.0,6,9.25,2.0615528128088303,20,76
3646,6.0,0.0,6,8.5,0.7071067811865476,7,58
420,6.0,0.0,6,7.620738941712323,2.2088896522065657,22,68
372,6.0,0.0,6,9.5,2.7386127875258306,27,84
45710,6.0,0.0,6,7.5,1.9148542155126762,19,64
21386,1.5,0.5773502691896257,6,5.333333333333333,1.632993161855452,5,13
21081,6.0,0.0,6,8.8,0.7888106377466155,8,61
17819,2.0,1.0,6,7.620738941712323,2.2088896522065657,9,24
3564,1.2,0.4472135954999579,6,8.083333333333334,1.5642792899510296,4,13
3599,6.0,0.0,6,8.052631578947368,2.013114894621608,20,68
8419,1.0,0.0,6,7.620738941712323,2.2088896522065657,4,11
8767,1.0,0.0,6,7.666666666666667,1.8618986725025257,3,11
2680,6.0,0.0,6,6.671328671328672,1.7352039445674932,17,57
22865,1.5,1.0,6,7.166666666666667,2.093407017561676,7,18
22866,6.0,0.0,6,8.0625,2.0155644370746373,20,68
22966,1.2,0.4472135954999579,6,7.0,2.8284271247461903,6,14
43541,6.0,0.0,6,8.333333333333334,3.265986323710904,32,82
7680,1.2,0.4472135954999579,6,7.6,2.7132025154618034,6,15
20465,6.0,0.0,6,8.625,2.065879266282796,20,72
25183,1.5,0.5773502691896257,6,7.620738941712323,2.2088896522065657,6,17
25137,1.0,0.0,6,7.333333333333333,1.1547005383792517,2,9
25104,1.5,0.5773502691896257,6,6.0,0.7071067811865475,3,12
25105,1.2,0.4472135954999579,6,7.0476190476190474,1.7168631417847626,4,12
11148,6.0,0.0,6,7.620738941712323,2.2088896522065657,22,68
23288,3.0,2.8284271247461903,6,7.620738941712323,2.2088896522065657,17,40
23284,6.0,0.0,6,8.0,2.2088896522065657,22,70
23202,2.0,1.7320508075688772,6,7.611111111111111,2.2787738934603277,11,26
6411,6.0,0.0,6,7.529411764705882,1.8646002191282072,18,64
13064,6.0,0.0,6,5.857142857142857,0.37796447300922725,4,39
34135,6.0,0.0,6,8.0,2.2156468376279888,22,70
24663,1.0,0.0,6,8.545454545454545,1.3713795310495989,2,11
24670,1.5,1.0,6,8.692307692307692,2.0568833780186053,7,20
2903,6.0,0.0,6,8.2,1.9235384061671343,19,68
33734,1.5,1.0,6,7.277777777777778,2.4206356859682554,7,18
587,2.0,1.0,6,7.65,2.5603248149199227,10,25
22119,3.0,1.4142135623730951,6,7.8,2.7748873851023217,15,39
22195,1.0,0.0,6,7.0,2.2088896522065657,4,11
22197,3.0,2.8284271247461903,6,7.620738941712323,2.2088896522065657,17,40
530,1.0,0.0,6,7.0,1.0,2,9
43785,6.0,0.0,6,11.0,2.2088896522065657,22,88
43803,3.0,0.0,6,7.0,2.1908902300206643,11,32
11174,6.0,0.0,6,7.363636363636363,1.8040358795061298,18,62
22097,6.0,0.0,6,7.0,2.2088896522065657,22,64
22012,1.2,0.4472135954999579,6,8.0,2.2088896522065657,5,14
20801,6.0,0.0,6,6.75,2.3824201824879516,24,64
4415,1.0,0.0,6,7.409090909090909,2.442853345481973,4,11
16991,2.0,1.7320508075688772,6,6.0,2.2088896522065657,10,22
34474,6.0,0.0,6,8.8,2.16794833886788,21,74
13255,1.5,0.5773502691896257,6,7.583333333333333,2.3143164446679725,6,18
39433,6.0,0.0,6,7.620738941712323,2.2088896522065657,22,68
23331,6.0,0.0,6,8.0,2.2088896522065657,22,70
3084,2.0,1.0,6,7.9640287769784175,1.9352192398827228,8,24
23295,3.0,2.8284271247461903,6,9.0,2.2088896522065657,18,45
38641,6.0,0.0,6,8.615384615384615,1.757766648262388,17,69
15582,1.2,0.4472135954999579,6,7.666666666666667,3.5118845842842465,7,16
19201,6.0,0.0,6,9.6,1.140175425099138,11,69
24560,1.5,1.0,6,8.021739130434783,2.2392236379587898,7,19
24530,3.0,2.8284271247461903,6,6.571428571428571,1.5118578920369088,14,34
24531,1.0,0.0,6,11.0,0.0,0,11
6520,2.0,1.7320508075688772,6,9.0,0.0,9,27
866,2.0,1.0,6,6.5,2.1213203435596424,8,21
18645,6.0,0.0,6,7.620738941712323,2.2088896522065657,22,68
25421,1.5,0.5773502691896257,6,7.620738941712323,2.2088896522065657,6,17
17405,6.0,0.0,6,7.0,2.2088896522065657,22,64
20778,1.5,0.5773502691896257,6,7.620738941712323,2.2088896522065657,6,17
20793,3.0,1.4142135623730951,6,7.0,2.4494897427831783,14,35
20743,6.0,0.0,6,6.444444444444445,0.8819171036881968,9,47
6395,1.2,0.4472135954999579,6,8.0,2.5495097567963922,5,15
13530,2.0,1.7320508075688772,6,8.108490566037736,2.1090020516678054,11,27
13550,3.0,2.8284271247461903,6,7.5,0.7071067811865476,13,36
23434,6.0,0.0,6,8.0,1.4142135623730951,14,62
23354,6.0,0.0,6,7.72463768115942,2.0673623518977555,20,67
22398,2.0,1.0,6,8.5,4.949747468305833,17,34
16478,6.0,0.0,6,9.25,2.8722813232690143,28,84
4605,1.0,0.0,6,6.5,4.949747468305833,8,15
25082,1.5,0.5773502691896257,6,8.666666666666666,2.0816659994661326,6,19
25077,1.5,0.5773502691896257,6,8.666666666666666,2.0816659994661326,6,19
25057,1.2,0.4472135954999579,6,5.5,3.5355339059327378,7,14
16678,1.2,0.4472135954999579,6,11.0,2.2088896522065657,5,18
2137,1.2,0.4472135954999579,6,9.0,2.2088896522065657,5,16
16649,1.0,0.0,6,9.0,0.0,0,9
2215,1.5,1.0,6,7.2727272727272725,1.8488325554743508,6,17
2218,1.2,0.4472135954999579,6,7.620738941712323,2.2088896522065657,5,14
19061,1.2,0.4472135954999579,6,6.666666666666667,3.214550253664318,7,15
12539,1.5,0.5773502691896257,6,11.333333333333334,0.5773502691896255,4,21
12575,2.0,1.0,6,7.620738941712323,2.2088896522065657,9,24
6798,6.0,0.0,6,8.666666666666666,2.29128784747792,23,75
22927,3.0,0.0,6,10.5,1.9148542155126762,9,41
22928,1.0,0.0,6,8.0,1.4142135623730951,2,10
15968,3.0,2.8284271247461903,6,5.666666666666667,2.8047578623950176,18,35
24731,1.2,0.4472135954999579,6,7.620738941712323,2.2088896522065657,5,14
830,2.0,1.7320508075688772,6,10.0,2.0,11,31
23122,1.0,0.0,6,8.545454545454545,1.792239161529848,3,12
15329,1.5,1.0,6,6.0,2.345207879911715,7,16
24430,2.0,1.7320508075688772,6,9.5,1.7320508075688772,11,30
15261,6.0,0.0,6,7.6923076923076925,1.702185623672077,17,63
15262,6.0,0.0,6,7.105263157894737,2.233451162118225,22,65
34803,1.0,0.0,6,8.333333333333334,3.07679486912382,5,13
10544,6.0,0.0,6,7.620738941712323,2.2088896522065657,22,68
44637,6.0,0.0,6,9.0,2.2088896522065657,22,76
10625,2.0,1.0,6,9.5,2.1213203435596424,9,28
3432,1.5,1.0,6,8.0,1.4142135623730951,6,18
21754,1.2,0.4472135954999579,6,7.620738941712323,2.2088896522065657,5,14
21772,2.0,1.7320508075688772,6,7.620738941712323,2.2088896522065657,11,26
21691,1.5,0.5773502691896257,6,9.0,2.2088896522065657,6,20
17289,2.0,1.0,6,7.0,1.9364916731037085,8,22
17323,2.0,1.7320508075688772,6,8.4,1.1737877907772671,9,26
17339,1.0,0.0,6,11.0,1.0,2,13
23773,1.5,0.5773502691896257,6,7.620738941712323,2.2088896522065657,6,17
23748,1.2,0.4472135954999579,6,7.620738941712323,2.2088896522065657,5,14
37921,1.5,1.0,6,11.0,2.2088896522065657,8,24
13831,6.0,0.0,6,6.5,2.175033156245953,22,61
23661,2.0,0.0,6,9.0,2.2088896522065657,7,25
23538,6.0,0.0,6,5.5,3.5355339059327378,35,68
35644,2.0,1.0,6,7.0,2.2088896522065657,8,22
22672,1.2,0.4472135954999579,6,7.8,1.3984117975602022,3,13
6916,1.5,0.5773502691896257,6,12.0,2.2088896522065657,6,24
16247,6.0,0.0,6,7.15,2.207046132634963,22,65
2833,2.0,1.0,6,8.666666666666666,2.250925735484551,9,26
18945,2.0,1.0,6,7.620738941712323,2.2088896522065657,9,24
2104,1.5,1.0,6,8.6,2.3282374567840822,8,20
22596,1.2,0.4472135954999579,6,7.285714285714286,1.889822365046136,4,13
749,1.2,0.4472135954999579,6,7.64,2.0387904911164036,5,14
42115,1.0,0.0,6,8.38888888888889,1.59064726767399,3,11
12133,6.0,0.0,6,9.0,2.2088896522065657,22,76
12134,1.2,0.4472135954999579,6,7.666666666666667,1.1547005383792515,3,12
2075,1.2,0.4472135954999579,6,8.0,0.7254762501100117,3,12
31788,3.0,2.8284271247461903,6,10.666666666666666,0.5773502691896255,16,48
16586,1.5,0.5773502691896257,6,7.620738941712323,2.2088896522065657,6,17
42439,6.0,0.0,6,7.6,1.6818357317441641,17,62
7271,6.0,0.0,6,7.620738941712323,2.2088896522065657,22,68
42348,6.0,0.0,6,7.769230769230769,3.166329266775808,31,78
19673,6.0,0.0,6,9.0,2.2088896522065657,22,76
19685,6.0,0.0,6,7.620738941712323,2.2088896522065657,22,68
37733,6.0,0.0,6,8.0,2.2088896522065657,22,70
37194,1.2,0.4472135954999579,6,8.5,1.7126976771553508,4,14
5645,6.0,0.0,6,8.5,2.1213203435596424,21,72
36065,6.0,0.0,6,8.0,1.4142135623730951,14,62
35756,2.0,1.7320508075688772,6,8.777777777777779,2.279132388529557,11,29
35910,1.5,0.5773502691896257,6,7.166666666666667,1.917412472118426,5,16
27907,6.0,0.0,6,5.0,2.8284271247461903,28,58
401,6.0,0.0,6,12.0,2.2088896522065657,22,94
8028,6.0,0.0,6,7.666666666666667,0.5773502691896257,6,52
21592,1.2,0.4472135954999579,6,8.428571428571429,3.1547394428670255,7,17
20980,1.2,0.4472135954999579,6,9.333333333333334,0.5773502691896258,3,14
10122,3.0,2.8284271247461903,6,5.5,0.7071067811865476,11,28
27579,1.2,0.4472135954999579,6,6.6,1.776388345929897,4,12
4348,6.0,0.0,6,7.620738941712323,2.2088896522065657,22,68
4357,1.2,0.4472135954999579,6,12.0,2.2088896522065657,5,19
2555,1.0,0.0,6,10.0,2.2088896522065657,4,14
2577,3.0,1.4142135623730951,6,10.0,2.2088896522065657,13,43
4215,6.0,0.0,6,7.685714285714286,2.1388758533319288,21,67
5742,6.0,0.0,6,11.0,2.2088896522065657,22,88
14444,2.0,1.0,6,7.620738941712323,2.2088896522065657,9,24
14410,6.0,0.0,6,7.6,2.348571794449599,23,69
46580,1.5,0.5773502691896257,6,7.7272727272727275,1.793929156399945,5,17
18385,6.0,0.0,6,9.2,2.4899799195977463,25,80
26247,1.5,1.0,6,7.421052631578948,2.3895219350816035,7,19
6040,1.6666666666666667,1.1547005383792517,5,6.0,2.2088896522065657,8,18
21355,2.5,2.1213203435596424,5,10.0,2.2088896522065657,14,39
46765,1.25,0.5,5,9.0,1.8257418583505538,5,16
10127,1.25,0.5,5,7.620738941712323,2.2088896522065657,5,15
18044,5.0,0.0,5,7.620738941712323,2.2088896522065657,18,56
21407,1.0,0.0,5,9.11111111111111,2.7131367660166177,4,14
45875,5.0,0.0,5,8.666666666666666,1.8618986725025257,15,59
21342,2.5,0.7071067811865476,5,6.777777777777778,2.223610677354389,10,27
1090,1.25,0.5,5,5.5,0.7071067811865476,2,9
2637,1.25,0.5,5,8.173913043478262,2.6397688244693542,6,16
27033,1.6666666666666667,0.5773502691896257,5,8.0,2.2088896522065657,7,20
20129,1.25,0.5,5,7.620738941712323,2.2088896522065657,5,15
19834,1.25,0.5,5,10.0,2.2088896522065657,5,18
39574,1.25,0.5,5,9.026315789473685,1.7161686130426124,4,16
21478,2.5,2.1213203435596424,5,7.620738941712323,2.2088896522065657,13,32
10618,1.6666666666666667,1.1547005383792517,5,6.25,2.8722813232690143,9,20
21686,2.5,2.1213203435596424,5,6.0,2.2088896522065657,13,28
25707,2.5,0.7071067811865476,5,6.666666666666667,0.5773502691896258,4,21
1341,1.0,0.0,5,7.620738941712323,2.2088896522065657,4,11
21529,1.25,0.5,5,8.333333333333334,1.5275252316519468,4,14
2427,1.6666666666666667,1.1547005383792517,5,10.333333333333334,1.5275252316519468,7,25
37342,1.25,0.5,5,9.2,0.44721359549995787,3,14
23896,1.0,0.0,5,7.25,0.9574271077563382,2,9
15037,1.25,0.5,5,5.9411764705882355,2.3040884378451634,5,13
6532,2.5,2.1213203435596424,5,9.0,2.2088896522065657,14,36
23186,1.25,0.5,5,8.5,2.1213203435596424,5,16
39797,1.6666666666666667,0.5773502691896258,5,8.2,1.9235384061671346,6,20
2058,1.0,0.0,5,7.0,1.4142135623730951,2,9
24881,1.0,0.0,5,7.0,2.8284271247461903,5,12
23156,5.0,0.0,5,7.466666666666667,2.1995670569671746,18,55
2832,1.6666666666666667,0.5773502691896257,5,7.75,2.3754698783308412,7,20
2916,1.0,0.0,5,8.090909090909092,2.6169609948344377,4,12
1676,1.6666666666666667,0.5773502691896258,5,7.620738941712323,2.2088896522065657,7,19
3292,1.25,0.5,5,8.8125,2.1360009363293826,5,16
3748,1.0,0.0,5,7.093333333333334,1.5349384469860787,3,10
23042,2.5,2.1213203435596424,5,5.0,2.2088896522065657,12,25
19045,1.6666666666666667,0.5773502691896257,5,8.0,2.2088896522065657,7,20
787,1.25,0.5,5,8.5625,2.0966242709015206,5,16
20418,1.0,0.0,5,7.620738941712323,2.2088896522065657,4,11
16200,1.25,0.5,5,9.0,2.2088896522065657,5,16
23107,1.6666666666666667,1.1547005383792517,5,8.428571428571429,1.7182493859684491,7,21
23121,1.25,0.5,5,10.0,1.7320508075688772,4,17
24922,1.0,0.0,5,7.777777777777778,2.438123139721299,4,12
23750,1.6666666666666667,0.5773502691896258,5,6.5,0.7071067811865476,3,14
18424,1.6666666666666667,1.1547005383792517,5,8.0,2.2088896522065657,8,21
17315,1.25,0.5,5,8.666666666666666,0.9999999999999999,3,14
457,2.5,0.7071067811865476,5,8.4,1.5491933384829668,7,28
18767,2.5,2.1213203435596424,5,6.333333333333333,2.0816659994661326,12,28
17346,1.25,0.5,5,7.2,0.8366600265340756,3,12
24349,2.5,0.7071067811865476,5,9.0,0.0,4,26
3440,2.5,2.1213203435596424,5,7.857142857142857,1.864454471471609,12,32
43923,1.25,0.5,5,8.0,2.2088896522065657,5,15
14265,1.0,0.0,5,7.620738941712323,2.2088896522065657,4,11
23763,1.25,0.5,5,9.0,2.8284271247461903,6,18
21674,1.25,0.5,5,7.620738941712323,2.2088896522065657,5,15
24496,1.6666666666666667,1.1547005383792517,5,6.5,2.8867513459481287,9,20
17758,1.6666666666666667,0.5773502691896257,5,6.142857142857143,1.8752289237539816,6,16
21634,1.6666666666666667,1.1547005383792517,5,8.5,1.0,6,20
21645,1.0,0.0,5,8.5,1.7320508075688772,3,11
23332,1.25,0.5,5,10.0,2.2088896522065657,5,18
22820,1.0,0.0,5,9.666666666666666,0.5773502691896255,1,11
22625,5.0,0.0,5,6.982352941176471,1.9835821085108412,16,51
25084,1.25,0.5,5,6.666666666666667,2.7413776673693677,6,14
20259,1.6666666666666667,0.5773502691896258,5,7.620738941712323,2.2088896522065657,7,19
25004,1.25,0.5,5,8.333333333333334,2.5166114784235836,6,16
713,1.0,0.0,5,8.0,2.2088896522065657,4,12
3131,1.0,0.0,5,11.0,2.2088896522065657,4,15
23335,5.0,0.0,5,8.0,2.2088896522065657,18,58
3341,1.25,0.5,5,7.620738941712323,2.2088896522065657,5,15
20508,1.25,0.5,5,11.0,2.2088896522065657,5,19
41978,1.6666666666666667,1.1547005383792517,5,7.285714285714286,0.7559289460184544,6,18
20316,2.5,2.1213203435596424,5,9.0,1.8257418583505534,13,35
20376,2.5,2.1213203435596424,5,8.0,2.2088896522065657,13,33
2384,1.0,0.0,5,8.75,3.3040379335998353,5,14
22228,1.25,0.5,5,7.75,3.095695936834452,7,16
43152,1.25,0.5,5,7.75,2.050498830661811,5,15
43387,5.0,0.0,5,7.620738941712323,2.2088896522065657,18,56
7458,2.5,0.7071067811865476,5,7.875,2.232071427428535,10,29
7750,1.25,0.5,5,7.833333333333333,1.7235394498804248,4,14
22619,1.25,0.5,5,9.0,2.2088896522065657,5,16
2301,2.5,2.1213203435596424,5,7.5,2.1213203435596424,13,32
18583,1.0,0.0,5,7.6923076923076925,1.8924953002685267,3,11
22107,1.0,0.0,5,8.333333333333334,2.0816659994661326,3,12
2776,1.25,0.5,5,9.333333333333334,2.516611478423583,6,17
25184,1.25,0.5,5,8.0,2.2088896522065657,5,15
11775,5.0,0.0,5,7.571428571428571,1.511857892036909,12,50
11776,5.0,0.0,5,7.25,1.8929694486000912,16,52
10766,1.0,0.0,5,8.0,3.0,5,13
11279,1.25,0.5,5,8.0,2.2088896522065657,5,15
11321,1.25,0.5,5,6.818181818181818,2.227921983292136,5,14
19786,1.25,0.5,5,9.5,2.1213203435596424,5,17
19787,1.0,0.0,5,7.888888888888889,2.848001248439177,5,13
12354,5.0,0.0,5,8.0,2.2088896522065657,18,58
25062,1.6666666666666667,1.1547005383792517,5,9.0,1.0,6,21
23294,1.6666666666666667,0.5773502691896257,5,7.620738941712323,2.2088896522065657,7,19
25070,1.0,0.0,5,9.75,1.8929694486000912,3,13
4574,1.0,0.0,5,6.857142857142857,2.968084198523319,5,12
19959,1.6666666666666667,0.5773502691896258,5,7.620738941712323,2.2088896522065657,7,19
23338,2.5,2.1213203435596424,5,8.5,2.1213203435596424,13,35
19789,1.0,0.0,5,9.5,1.7320508075688774,3,12
23339,1.6666666666666667,0.5773502691896257,5,7.620738941712323,2.2088896522065657,7,19
23380,1.0,0.0,5,7.620738941712323,2.2088896522065657,4,11
1492,1.0,0.0,5,12.0,0.0,0,12
7311,1.25,0.5,5,7.620738941712323,2.2088896522065657,5,15
11341,2.5,0.7071067811865476,5,8.0,2.2088896522065657,10,30
22450,1.0,0.0,5,9.0,1.2649110640673518,2,11
29676,1.0,0.0,5,10.0,5.656854249492381,9,19
17015,1.0,0.0,5,8.11111111111111,2.887883183414064,5,13
25252,2.5,2.1213203435596424,5,6.375,0.9161253813129043,10,26
19216,1.25,0.5,5,7.769230769230769,2.3858557568108956,5,15
25139,1.25,0.5,5,8.666666666666666,2.309401076758503,5,16
13887,1.0,0.0,5,7.785714285714286,2.3592231912080863,4,12
23495,2.5,2.1213203435596424,5,10.0,2.2088896522065657,14,39
34532,1.25,0.5,5,7.571428571428571,2.248809208701987,5,15
34950,1.25,0.5,5,7.6923076923076925,1.6525039276108335,4,14
23436,1.25,0.5,5,8.4,2.701851217221259,6,17
24410,1.25,0.5,5,7.2,1.0954451150103321,3,12
589,1.0,0.0,5,5.714285714285714,2.811540841738193,5,10
636,1.25,0.5,5,10.0,1.7638342073763937,4,17
24322,1.6666666666666667,1.1547005383792517,5,9.666666666666666,1.5275252316519468,7,23
5537,1.0,0.0,5,7.4,2.073644135332772,3,11
23534,2.5,2.1213203435596424,5,7.344827586206897,1.798329821746626,12,30
21435,2.5,2.1213203435596424,5,7.0,2.2088896522065657,13,30
364,1.25,0.5,5,9.0,2.6457513110645907,6,17
1210,2.5,0.7071067811865476,5,7.357142857142857,3.302235894778248,14,32
10359,1.6666666666666667,1.1547005383792517,5,8.333333333333334,2.2509257354845507,8,22
18317,1.6666666666666667,0.5773502691896257,5,7.620738941712323,2.2088896522065657,7,19
21426,1.25,0.5,5,6.75,1.707825127659933,4,13
21159,1.6666666666666667,1.1547005383792517,5,11.0,2.2088896522065657,9,27
27160,2.5,2.1213203435596424,5,7.620738941712323,2.2088896522065657,13,32
17677,2.5,0.7071067811865476,5,7.620738941712323,2.2088896522065657,10,29
12913,1.6666666666666667,0.5773502691896257,5,5.666666666666667,0.5773502691896257,3,12
828,1.0,0.0,5,6.882352941176471,2.368605943935601,4,11
849,1.25,0.5,5,8.11111111111111,1.1666666666666665,3,14
23189,1.0,0.0,5,8.0,2.6457513110645907,4,12
13086,1.6666666666666667,1.1547005383792517,5,8.279069767441861,1.979966105955074,8,22
18891,1.25,0.5,5,8.5,1.8516401995451028,5,15
24725,1.6666666666666667,0.5773502691896258,5,8.666666666666666,3.2145502536643185,9,24
24671,1.25,0.5,5,7.5,2.1213203435596424,5,14
24706,1.6666666666666667,1.1547005383792517,5,7.342465753424658,2.218728227324733,8,20
19988,1.25,0.5,5,8.0,2.2088896522065657,5,15
21288,2.5,2.1213203435596424,5,7.620738941712323,2.2088896522065657,13,32
24136,1.25,0.5,5,8.0,2.2088896522065657,5,15
21003,4.0,0.0,4,7.32258064516129,2.0779460899631332,14,43
24027,1.0,0.0,4,7.620738941712323,2.2088896522065657,4,11
19398,2.0,1.4142135623730951,4,11.0,0.0,8,30
36571,2.0,1.4142135623730951,4,8.0,2.2088896522065657,10,26
19594,2.0,0.0,4,9.0,0.0,0,18
19603,2.0,0.0,4,9.0,2.8284271247461903,9,27
14627,4.0,0.0,4,6.36,2.2524061208701536,15,40
23873,1.3333333333333333,0.5773502691896257,4,6.923076923076923,0.2773500981126146,3,12
16072,4.0,0.0,4,7.620738941712323,2.2088896522065657,15,45
20002,1.0,0.0,4,11.0,0.5345224838248488,1,12
13229,2.0,1.4142135623730951,4,8.0,1.4142135623730951,8,24
24724,1.0,0.0,4,5.0,2.2088896522065657,4,9
23190,1.3333333333333333,0.5773502691896257,4,6.0,2.2088896522065657,5,13
18937,1.3333333333333333,0.5773502691896257,4,8.666666666666666,3.055050463303893,7,19
5083,1.3333333333333333,0.5773502691896258,4,4.25,1.8929694486000914,5,10
23193,1.3333333333333333,0.5773502691896258,4,6.0,2.2088896522065657,5,13
3170,1.3333333333333333,0.5773502691896257,4,4.0,2.2088896522065657,5,11
12774,4.0,0.0,4,6.0,2.2088896522065657,15,39
12910,1.3333333333333333,0.5773502691896258,4,6.0,0.0,2,10
826,1.0,0.0,4,9.0,2.2088896522065657,4,13
8914,1.3333333333333333,0.5773502691896257,4,6.2,1.9235384061671346,5,13
8986,1.3333333333333333,0.5773502691896258,4,4.541666666666667,2.256763712961627,5,11
8563,1.3333333333333333,0.5773502691896257,4,4.0,2.2088896522065657,5,11
47075,1.3333333333333333,0.5773502691896257,4,7.6,2.4129281427805145,6,16
3613,1.3333333333333333,0.5773502691896258,4,6.0,2.2088896522065657,5,13
2670,1.0,0.0,4,7.454545454545454,1.6949121725703877,3,10
21168,4.0,0.0,4,9.0,1.673320053068151,11,47
21195,2.0,1.4142135623730951,4,7.333333333333333,1.0327955589886446,7,22
21108,1.0,0.0,4,7.620738941712323,2.2088896522065657,4,11
17595,1.3333333333333333,0.5773502691896257,4,6.657534246575342,1.8425463817635017,5,14
17615,2.0,1.4142135623730951,4,7.96875,2.3484294683345155,10,26
2739,1.0,0.0,4,5.0,2.0,3,8
2741,1.0,0.0,4,7.620738941712323,2.2088896522065657,4,11
20889,1.3333333333333333,0.5773502691896258,4,7.0,2.2088896522065657,5,15
18432,2.0,1.4142135623730951,4,5.0,2.2088896522065657,9,19
18263,1.3333333333333333,0.5773502691896257,4,8.4,0.5477225575051661,3,14
21429,1.0,0.0,4,7.620738941712323,2.2088896522065657,4,11
21434,1.3333333333333333,0.5773502691896258,4,7.620738941712323,2.2088896522065657,6,16
36077,2.0,1.4142135623730951,4,7.620738941712323,2.2088896522065657,10,25
36079,4.0,0.0,4,4.0,2.2088896522065657,15,31
1225,4.0,0.0,4,7.620738941712323,2.2088896522065657,15,45
1240,2.0,1.4142135623730951,4,5.481481481481482,1.2699835200348193,7,18
14635,1.0,0.0,4,7.166666666666667,0.408248290463863,1,8
24314,1.0,0.0,4,7.0,2.2088896522065657,4,11
15178,2.0,0.0,4,7.0,1.4142135623730951,5,19
34982,1.0,0.0,4,6.666666666666667,2.516611478423583,4,11
23587,1.0,0.0,4,6.75,1.707825127659933,3,10
22207,4.0,0.0,4,10.0,0.0,0,40
945,1.0,0.0,4,6.888888888888889,2.6666666666666665,4,11
24415,1.3333333333333333,0.5773502691896257,4,9.0,2.8284271247461903,7,19
24449,4.0,0.0,4,8.0,2.2088896522065657,15,47
23460,1.3333333333333333,0.5773502691896257,4,7.222222222222222,0.7320844981409597,3,13
23494,2.0,0.0,4,7.0,2.2088896522065657,7,21
14036,1.3333333333333333,0.5773502691896257,4,7.620738941712323,2.2088896522065657,6,16
23603,1.3333333333333333,0.5773502691896257,4,8.0,2.2088896522065657,6,16
24394,1.3333333333333333,0.5773502691896257,4,7.620738941712323,2.2088896522065657,6,16
34473,4.0,0.0,4,8.928571428571429,2.495050044643339,16,52
19229,2.0,0.0,4,7.620738941712323,2.2088896522065657,7,23
22323,2.0,0.0,4,7.620738941712323,2.2088896522065657,7,23
31194,1.3333333333333333,0.5773502691896257,4,7.566666666666666,1.7554512797005501,5,15
18852,1.3333333333333333,0.5773502691896258,4,7.5,2.592724864350674,6,16
38244,1.3333333333333333,0.5773502691896257,4,9.9,0.5676462121975466,3,16
13918,4.0,0.0,4,7.5,0.7071067811865476,5,35
14013,1.0,0.0,4,8.0,2.7386127875258306,5,13
25279,1.3333333333333333,0.5773502691896257,4,7.0,2.2088896522065657,5,15
20492,1.3333333333333333,0.5773502691896257,4,7.75,1.9820624179302297,5,15
33967,1.0,0.0,4,7.620738941712323,2.2088896522065657,4,11
34021,4.0,0.0,4,8.0,2.2088896522065657,15,47
15470,2.0,1.4142135623730951,4,8.787878787878787,1.1661254155743648,8,25
25069,1.0,0.0,4,8.0,1.4142135623730951,2,10
23411,1.0,0.0,4,7.620738941712323,2.2088896522065657,4,11
12052,1.0,0.0,4,6.5,2.8106938645110393,5,11
2129,1.3333333333333333,0.5773502691896257,4,7.2,3.1144823004794873,7,17
22567,1.0,0.0,4,8.0,2.6457513110645907,4,12
22599,1.3333333333333333,0.5773502691896257,4,8.222222222222221,1.699673171197595,5,16
20792,1.3333333333333333,0.5773502691896257,4,7.0,3.0,7,16
21854,2.0,0.0,4,11.0,1.4142135623730951,5,27
24191,1.3333333333333333,0.5773502691896258,4,7.0,0.0,3,12
22099,1.0,0.0,4,7.620738941712323,2.2088896522065657,4,11
17381,4.0,0.0,4,7.620738941712323,2.2088896522065657,15,45
28316,4.0,0.0,4,8.933333333333334,2.218965868103772,15,50
2294,1.0,0.0,4,7.0,0.8164965809277263,1,8
2295,4.0,0.0,4,12.0,2.2088896522065657,15,63
22418,2.0,1.4142135623730951,4,8.75,1.7525491637693285,9,27
22439,2.0,1.4142135623730951,4,11.0,1.7320508075688772,10,32
20605,1.0,0.0,4,7.0,2.2088896522065657,4,11
18595,2.0,1.4142135623730951,4,8.0,2.2088896522065657,10,26
17131,4.0,0.0,4,9.2,2.6832815729997477,18,55
22108,2.0,0.0,4,11.0,2.2088896522065657,7,29
17154,1.3333333333333333,0.5773502691896257,4,7.620738941712323,2.2088896522065657,6,16
6935,2.0,1.4142135623730951,4,8.2,0.44721359549995815,7,23
22533,1.3333333333333333,0.5773502691896258,4,11.0,2.2088896522065657,6,20
22535,1.3333333333333333,0.5773502691896257,4,7.620738941712323,2.2088896522065657,6,16
42097,2.0,1.4142135623730951,4,8.285714285714286,2.2010725787430117,10,26
3095,2.0,1.4142135623730951,4,7.620738941712323,2.2088896522065657,10,25
19826,1.3333333333333333,0.5773502691896258,4,7.620738941712323,2.2088896522065657,6,16
24534,2.0,0.0,4,5.4,0.5477225575051662,2,13
13260,2.0,1.4142135623730951,4,7.620738941712323,2.2088896522065657,10,25
13424,4.0,0.0,4,11.0,2.2088896522065657,15,59
20075,1.3333333333333333,0.5773502691896257,4,9.0,2.2088896522065657,6,18
16466,2.0,0.0,4,4.857142857142857,3.1847852585154217,11,20
24964,1.3333333333333333,0.5773502691896257,4,10.0,0.0,3,16
24970,4.0,0.0,4,7.0,1.4142135623730951,9,37
16585,1.3333333333333333,0.5773502691896257,4,6.666666666666667,1.1547005383792517,4,12
22799,1.3333333333333333,0.5773502691896257,4,7.75,3.4034296427770228,8,18
12353,1.0,0.0,4,7.6,0.8944271909999159,1,9
22644,4.0,0.0,4,6.0,2.2088896522065657,15,39
814,1.3333333333333333,0.5773502691896257,4,9.428571428571429,1.5045717874984443,4,17
17433,1.3333333333333333,0.5773502691896257,4,6.608695652173913,2.02915440072915,5,14
17486,2.0,1.4142135623730951,4,7.666666666666667,2.5948667274704755,11,26
4214,1.0,0.0,4,7.571428571428571,2.3440361546924775,4,11
21632,1.3333333333333333,0.5773502691896258,4,7.327272727272727,2.046266206339094,5,15
21673,1.0,0.0,4,8.166666666666666,1.6020819787597227,3,11
20724,1.0,0.0,4,7.051282051282051,2.11447041956034,3,11
3022,4.0,0.0,4,7.620738941712323,2.2088896522065657,15,45
1248,1.0,0.0,4,10.0,0.0,0,10
24495,1.3333333333333333,0.5773502691896257,4,6.0,2.2088896522065657,5,13
5456,2.0,1.4142135623730951,4,7.620738941712323,2.2088896522065657,10,25
14332,2.0,1.4142135623730951,4,7.620738941712323,2.2088896522065657,10,25
24353,1.0,0.0,4,7.2727272727272725,2.4529666639694585,4,11
44172,4.0,0.0,4,7.620738941712323,2.2088896522065657,15,45
19637,2.0,1.4142135623730951,4,8.555555555555555,2.5549516194593154,11,28
23769,2.0,1.4142135623730951,4,5.2,1.6431676725154984,8,18
25426,1.3333333333333333,0.5773502691896257,4,7.0588235294117645,1.0880365478290537,3,13
41529,2.0,1.4142135623730951,4,7.5,1.7320508075688774,9,24
15505,2.0,1.4142135623730951,4,6.294117647058823,2.391775122224938,10,22
1565,1.0,0.0,4,5.666666666666667,2.886751345948129,5,10
5363,1.3333333333333333,0.5773502691896258,4,9.5,0.7071067811865476,3,16
33966,1.3333333333333333,0.5773502691896257,4,8.571428571428571,2.225394561056747,6,17
41411,1.3333333333333333,0.5773502691896258,4,6.75,2.5,6,15
784,4.0,0.0,4,10.0,0.0,0,40
2118,2.0,1.4142135623730951,4,5.0,2.2088896522065657,9,19
2106,1.0,0.0,4,7.0,2.2088896522065657,4,11
23130,1.0,0.0,4,8.333333333333334,1.7511900715418265,3,11
23105,1.3333333333333333,0.5773502691896257,4,7.0,1.4142135623730951,4,13
22841,1.3333333333333333,0.5773502691896258,4,7.0,2.6457513110645907,6,16
22863,2.0,1.4142135623730951,4,7.857142857142857,2.0563490531938955,9,25
25008,1.3333333333333333,0.5773502691896257,4,8.666666666666666,3.055050463303893,7,19
40608,4.0,0.0,4,7.75,1.9820624179302297,13,44
12519,2.0,1.4142135623730951,4,9.0,2.6832815729997477,11,29
2842,1.3333333333333333,0.5773502691896258,4,7.055555555555555,1.924217861647939,5,14
40607,1.0,0.0,4,8.555555555555555,2.697735676039774,4,13
22935,1.3333333333333333,0.5773502691896257,4,9.0,2.2088896522065657,6,18
40513,2.0,1.4142135623730951,4,9.2,2.588435821108957,11,29
2065,1.0,0.0,4,7.620738941712323,2.2088896522065657,4,11
12665,4.0,0.0,4,9.0,2.2088896522065657,15,51
24732,1.3333333333333333,0.5773502691896257,4,8.5,0.7071067811865476,3,15
35957,1.3333333333333333,0.5773502691896258,4,5.0,1.7320508075688772,4,11
23807,1.3333333333333333,0.5773502691896257,4,7.0,2.2088896522065657,5,15
19672,2.0,1.4142135623730951,4,8.666666666666666,2.516611478423583,11,28
19678,1.3333333333333333,0.5773502691896258,4,7.620738941712323,2.2088896522065657,6,16
24275,1.3333333333333333,0.5773502691896257,4,10.0,2.2088896522065657,6,19
15056,2.0,1.4142135623730951,4,7.052631578947368,1.8700470644857612,9,23
18619,1.0,0.0,4,7.620738941712323,2.2088896522065657,4,11
37314,4.0,0.0,4,7.2894736842105265,2.216740908641675,15,44
23954,1.3333333333333333,0.5773502691896258,4,8.307692307692308,1.0299168631201603,4,15
19430,1.0,0.0,4,7.2,1.3165611772087666,2,9
20728,1.3333333333333333,0.5773502691896258,4,8.173913043478262,2.1669453555438456,5,16
44650,1.0,0.0,4,7.0,0.816496580927726,1,8
22942,4.0,0.0,4,7.833333333333333,0.7527726527090811,5,36
19245,2.0,1.4142135623730951,4,7.666666666666667,2.516611478423583,11,26
24585,1.0,0.0,4,8.88888888888889,2.260776661041756,4,13
15774,1.3333333333333333,0.5773502691896257,4,8.0,1.6733200530681511,5,15
20108,1.3333333333333333,0.5773502691896257,4,8.166666666666666,2.562550812504343,6,17
23285,1.3333333333333333,0.5773502691896258,4,7.620738941712323,2.2088896522065657,6,16
2909,1.0,0.0,4,7.5,2.1213203435596424,4,11
2618,1.0,0.0,4,8.083333333333334,1.6918388932104944,3,11
21259,1.0,0.0,4,10.0,0.0,0,10
278,4.0,0.0,4,8.3,1.7669811040931427,12,45
304,1.0,0.0,4,9.5,2.1213203435596424,4,13
21454,4.0,0.0,4,7.620738941712323,2.2088896522065657,15,45
21461,2.0,0.0,4,6.0,0.0,0,12
2611,1.0,0.0,4,8.632352941176471,2.0869488673817207,3,12
18209,1.0,0.0,4,7.620738941712323,2.2088896522065657,4,11
17932,4.0,0.0,4,11.166666666666666,0.40824829046386313,3,47
2703,1.0,0.0,4,7.620738941712323,2.2088896522065657,4,11
24181,2.0,0.0,4,6.5,1.9148542155126762,6,19
14840,4.0,0.0,4,7.620738941712323,2.2088896522065657,15,45
45912,1.3333333333333333,0.5773502691896257,4,6.4,2.1908902300206643,5,14
45993,1.3333333333333333,0.5773502691896258,4,9.0,2.2088896522065657,6,18
8828,1.3333333333333333,0.5773502691896257,4,7.066666666666666,2.018863108217418,5,15
90010,2.0,0.0,4,6.857142857142857,1.864454471471609,6,20
10274,1.0,0.0,4,7.0,2.2088896522065657,4,11
122,1.3333333333333333,0.5773502691896257,4,11.0,2.2088896522065657,6,20
6062,1.3333333333333333,0.5773502691896257,4,7.620738941712323,2.2088896522065657,6,16
24015,1.3333333333333333,0.5773502691896257,4,9.333333333333334,2.0,5,18
36749,1.0,0.0,4,9.384615384615385,2.103111248383433,3,13
19308,2.0,1.4142135623730951,4,7.620738941712323,2.2088896522065657,10,25
15063,4.0,0.0,4,7.705882352941177,2.0544070276588613,14,44
15064,1.0,0.0,4,8.428571428571429,0.9376144618769914,2,10
14711,1.0,0.0,4,6.6,1.505545305418162,2,9
21272,1.0,0.0,3,9.0,1.0,2,11
244,1.5,0.7071067811865476,3,7.620738941712323,2.2088896522065657,6,18
21340,1.0,0.0,3,11.0,2.2088896522065657,4,15
21383,1.0,0.0,3,6.888888888888889,2.1473497877875207,4,10
21385,1.5,0.7071067811865476,3,8.666666666666666,3.2145502536643185,9,22
2719,1.0,0.0,3,7.0,4.242640687119285,7,14
4289,1.0,0.0,3,5.5,2.1213203435596424,4,9
18193,1.5,0.7071067811865476,3,8.0,3.0,8,20
17918,3.0,0.0,3,7.620738941712323,2.2088896522065657,11,34
18002,1.0,0.0,3,9.0,1.4142135623730951,2,11
45495,1.0,0.0,3,6.0,1.4142135623730951,2,8
20941,1.5,0.7071067811865476,3,8.0,2.2088896522065657,6,18
8261,1.5,0.7071067811865476,3,7.620738941712323,2.2088896522065657,6,18
24170,1.0,0.0,3,5.0,0.0,0,5
46185,1.5,0.7071067811865476,3,7.090909090909091,1.9725387425622571,6,16
46190,1.5,0.7071067811865476,3,4.75,1.707825127659933,5,12
82,3.0,0.0,3,6.333333333333333,2.516611478423583,12,31
21179,1.0,0.0,3,10.5,2.1213203435596424,4,14
21123,1.0,0.0,3,8.5,1.6035674514745464,3,11
3573,1.0,0.0,3,8.277777777777779,1.3007934086792934,2,10
21034,1.5,0.7071067811865476,3,8.538461538461538,2.2588855886396955,7,19
90082,1.5,0.7071067811865476,3,7.620738941712323,2.2088896522065657,6,18
174,1.0,0.0,3,7.620738941712323,2.2088896522065657,4,11
194,1.5,0.7071067811865476,3,8.857142857142858,2.3401261667248794,7,20
18378,1.0,0.0,3,8.25,0.9574271077563379,2,10
8527,1.0,0.0,3,8.0,2.2088896522065657,4,12
8580,3.0,0.0,3,9.0,2.2088896522065657,11,38
46327,1.0,0.0,3,8.5,0.7071067811865476,1,10
46819,1.5,0.7071067811865476,3,9.5,2.345207879911715,7,21
46453,1.0,0.0,3,8.271929824561404,2.250998157039767,4,12
46583,1.5,0.7071067811865476,3,8.0,2.6457513110645907,7,19
47011,1.5,0.7071067811865476,3,6.7,1.567021236472421,5,15
20024,1.0,0.0,3,8.071428571428571,1.206666464290756,2,10
13242,1.5,0.7071067811865476,3,10.0,2.2088896522065657,7,22
39765,3.0,0.0,3,7.583333333333333,2.314316444667973,11,34
24715,1.5,0.7071067811865476,3,7.0,0.0,3,14
16061,1.5,0.7071067811865476,3,7.666666666666667,2.309401076758503,7,18
33204,3.0,0.0,3,7.0,1.7320508075688772,9,30
1888,1.0,0.0,3,6.166666666666667,1.6020819787597222,3,9
1891,1.5,0.7071067811865476,3,6.01123595505618,2.308553177476749,6,15
5080,1.0,0.0,3,8.75,3.2015621187164243,5,14
5098,1.0,0.0,3,6.5,2.4289915602982237,4,11
13144,1.0,0.0,3,8.8,1.3984117975602022,2,11
23185,1.5,0.7071067811865476,3,6.0,2.8284271247461903,8,17
898,1.5,0.7071067811865476,3,7.620738941712323,2.2088896522065657,6,18
39665,1.5,0.7071067811865476,3,6.333333333333333,3.511884584284246,9,19
3752,1.0,0.0,3,7.428571428571429,1.7182493859684491,3,10
852,1.0,0.0,3,7.620738941712323,2.2088896522065657,4,11
23144,1.5,0.7071067811865476,3,6.75,2.0615528128088303,6,16
23157,1.0,0.0,3,7.3125,2.3300572239038817,4,11
24792,1.5,0.7071067811865476,3,8.0,2.0816659994661326,6,18
24819,3.0,0.0,3,6.75,1.164964745021435,6,26
24825,3.0,0.0,3,8.75,2.8722813232690148,14,40
24857,1.0,0.0,3,7.5,1.0,2,9
4824,1.5,0.7071067811865476,3,7.142857142857143,2.2640782716523,6,17
1982,1.0,0.0,3,7.335820895522388,1.8540128756517142,3,10
2849,1.0,0.0,3,7.0,2.2088896522065657,4,11
24921,1.0,0.0,3,7.111111111111111,1.9002923751652296,3,10
12646,1.0,0.0,3,8.625,2.187083293643233,4,12
32669,1.0,0.0,3,5.888888888888889,1.5365907428821477,3,8
4697,1.0,0.0,3,7.6,2.6076809620810595,4,12
16309,3.0,0.0,3,7.833333333333333,2.1760730956581074,11,34
16369,1.5,0.7071067811865476,3,6.0,2.2088896522065657,6,15
40667,1.5,0.7071067811865476,3,7.450980392156863,2.282367584538607,6,18
40825,3.0,0.0,3,7.620738941712323,2.2088896522065657,11,34
12475,1.0,0.0,3,7.0,2.2088896522065657,4,11
6774,1.0,0.0,3,5.0,2.0,3,8
22934,1.5,0.7071067811865476,3,9.0,1.8708286933869707,6,19
22943,3.0,0.0,3,7.5,1.2909944487358056,6,29
22864,3.0,0.0,3,7.923076923076923,2.4311018921995866,12,36
22867,1.5,0.7071067811865476,3,7.285714285714286,2.1010201603710787,6,17
22924,1.0,0.0,3,8.5,1.5811388300841898,3,11
3729,1.0,0.0,3,5.0,2.2088896522065657,4,9
3742,1.0,0.0,3,11.0,0.0,0,11
24602,1.0,0.0,3,7.25,1.8322507626258087,3,10
24647,1.5,0.7071067811865476,3,8.583333333333334,1.501207243656184,5,18
1711,1.0,0.0,3,7.620738941712323,2.2088896522065657,4,11
19243,1.0,0.0,3,7.75,1.7525491637693282,3,11
15871,1.5,0.7071067811865476,3,9.0,2.2088896522065657,6,20
15790,3.0,0.0,3,8.777777777777779,2.6352313834736494,13,39
23206,3.0,0.0,3,7.620738941712323,2.2088896522065657,11,34
23236,1.5,0.7071067811865476,3,6.0,2.2088896522065657,6,15
23282,3.0,0.0,3,7.620738941712323,2.2088896522065657,11,34
20090,1.5,0.7071067811865476,3,7.620738941712323,2.2088896522065657,6,18
19836,1.0,0.0,3,10.0,1.4142135623730951,2,12
862,1.5,0.7071067811865476,3,6.5,2.0816659994661326,6,16
24533,1.0,0.0,3,7.620738941712323,2.2088896522065657,4,11
20200,1.5,0.7071067811865476,3,6.6,0.894427190999916,4,14
25002,1.0,0.0,3,7.620738941712323,2.2088896522065657,4,11
16587,1.0,0.0,3,7.4,2.9664793948382653,5,12
16281,1.5,0.7071067811865476,3,7.620738941712323,2.2088896522065657,6,18
16445,3.0,0.0,3,10.1,0.7378647873726218,4,34
18831,1.0,0.0,3,8.666666666666666,1.5275252316519465,3,11
4052,1.0,0.0,3,8.0,5.656854249492381,9,17
4077,3.0,0.0,3,7.428571428571429,2.5727509827123995,13,35
22621,1.5,0.7071067811865476,3,10.0,2.8284271247461903,8,23
41531,1.0,0.0,3,7.857142857142857,2.410295378065479,4,12
22829,3.0,0.0,3,7.620738941712323,2.2088896522065657,11,34
41231,1.0,0.0,3,8.0,2.2088896522065657,4,12
776,1.0,0.0,3,5.0,0.0,0,5
24572,1.0,0.0,3,6.5,0.7071067811865476,1,8
24574,1.0,0.0,3,7.5,1.2909944487358056,2,10
24529,1.0,0.0,3,9.5,0.7559289460184544,1,11
33971,1.0,0.0,3,7.681818181818182,2.378201874493449,4,12
1516,1.0,0.0,3,7.620738941712323,2.2088896522065657,4,11
39098,1.0,0.0,3,8.0,1.1547005383792515,2,10
23308,3.0,0.0,3,8.0,2.2088896522065657,11,35
23321,1.0,0.0,3,7.620738941712323,2.2088896522065657,4,11
13606,3.0,0.0,3,9.7,1.0593499054713802,5,34
977,1.0,0.0,3,7.5,3.1091263510296048,5,13
38649,1.5,0.7071067811865476,3,8.5,0.5773502691896257,4,16
23391,1.0,0.0,3,7.0,0.0,0,7
23404,1.0,0.0,3,9.0,2.2088896522065657,4,13
23410,1.5,0.7071067811865476,3,7.620738941712323,2.2088896522065657,6,18
19768,1.0,0.0,3,8.72,2.1509687739868903,4,12
22399,1.0,0.0,3,8.0,2.449489742783178,4,12
25065,1.0,0.0,3,7.620738941712323,2.2088896522065657,4,11
25083,1.0,0.0,3,7.666666666666667,0.5773502691896258,1,9
25058,1.0,0.0,3,10.0,1.7320508075688772,3,13
25063,1.5,0.7071067811865476,3,9.5,2.1213203435596424,6,21
25064,1.0,0.0,3,8.0,2.2088896522065657,4,12
16696,1.5,0.7071067811865476,3,11.5,0.7071067811865476,4,22
22518,3.0,0.0,3,7.620738941712323,2.2088896522065657,11,34
6986,1.0,0.0,3,7.620738941712323,2.2088896522065657,4,11
12390,1.5,0.7071067811865476,3,7.916666666666667,2.274696116900546,7,18
41634,1.0,0.0,3,7.0,2.2088896522065657,4,11
6941,1.5,0.7071067811865476,3,7.6,2.1908902300206643,6,18
22646,3.0,0.0,3,8.0,0.0,0,24
19796,1.0,0.0,3,6.0,0.0,0,6
23508,1.5,0.7071067811865476,3,8.5,2.1213203435596424,6,19
23520,3.0,0.0,3,8.0625,2.644963767867782,13,37
23528,1.0,0.0,3,7.0,1.6514456476895414,3,10
23530,1.5,0.7071067811865476,3,8.0,1.914854215512676,6,18
23496,1.0,0.0,3,7.0,2.2088896522065657,4,11
950,1.0,0.0,3,6.666666666666667,2.3094010767585034,4,10
24411,1.5,0.7071067811865476,3,8.0,2.2088896522065657,6,18
5610,1.5,0.7071067811865476,3,9.0,0.0,4,17
19163,3.0,0.0,3,7.620738941712323,2.2088896522065657,11,34
13791,3.0,0.0,3,7.8,2.3874672772626644,12,35
38529,3.0,0.0,3,7.620738941712323,2.2088896522065657,11,34
22324,1.5,0.7071067811865476,3,5.0,2.2088896522065657,6,14
25106,1.0,0.0,3,7.620738941712323,2.2088896522065657,4,11
29472,1.5,0.7071067811865476,3,8.25,1.9820624179302297,6,18
29714,3.0,0.0,3,5.214285714285714,1.8050600428356278,9,25
31176,1.5,0.7071067811865476,3,11.0,2.2088896522065657,7,23
18676,1.0,0.0,3,7.620738941712323,2.2088896522065657,4,11
4427,1.0,0.0,3,8.0,2.2088896522065657,4,12
25335,1.5,0.7071067811865476,3,9.0,2.8284271247461903,8,21
18652,1.5,0.7071067811865476,3,7.620738941712323,2.2088896522065657,6,18
42759,1.0,0.0,3,7.333333333333333,0.5773502691896257,1,8
42933,1.0,0.0,3,4.0,2.2088896522065657,4,8
11372,1.0,0.0,3,7.620738941712323,2.2088896522065657,4,11
11774,3.0,0.0,3,7.142857142857143,1.0690449676496976,5,27
22440,1.0,0.0,3,9.5,0.7071067811865476,1,11
22449,1.0,0.0,3,7.142857142857143,2.6095064302514777,4,11
22048,1.5,0.7071067811865476,3,7.857142857142857,1.4638501094227998,5,17
22050,3.0,0.0,3,7.714285714285714,1.2535663410560176,6,29
2329,3.0,0.0,3,8.51968503937008,2.038714167206393,10,36
17159,1.5,0.7071067811865476,3,5.333333333333333,0.5773502691896258,3,11
17266,1.5,0.7071067811865476,3,8.0,2.2088896522065657,6,18
17093,3.0,0.0,3,8.0,1.5491933384829668,8,32
11038,1.0,0.0,3,5.25,1.707825127659933,3,8
11077,1.0,0.0,3,6.5,0.7071067811865476,1,8
613,1.0,0.0,3,7.0,2.2088896522065657,4,11
614,1.5,0.7071067811865476,3,8.333333333333334,2.5166114784235836,7,20
576,1.0,0.0,3,7.538461538461538,1.983909634004895,3,11
20567,3.0,0.0,3,7.666666666666667,1.8618986725025257,9,32
23659,1.0,0.0,3,7.620738941712323,2.2088896522065657,4,11
23665,3.0,0.0,3,7.296296296296297,2.097884195858128,10,32
23746,3.0,0.0,3,7.5,0.7071067811865476,4,26
13860,1.5,0.7071067811865476,3,6.0,2.2088896522065657,6,15
23533,1.0,0.0,3,9.5,2.1213203435596424,4,13
24347,1.5,0.7071067811865476,3,7.75,2.2613350843332265,6,18
19369,1.0,0.0,3,6.25,0.7071067811865478,1,7
5376,1.0,0.0,3,7.333333333333333,2.3380903889000244,4,11
5430,1.0,0.0,3,7.904761904761905,2.4678890150240123,4,12
19818,1.5,0.7071067811865476,3,3.0,2.2088896522065657,6,10
14120,1.5,0.7071067811865476,3,7.0,1.5374122295716146,5,15
23747,1.5,0.7071067811865476,3,4.0,2.2088896522065657,6,12
3441,3.0,0.0,3,7.333333333333333,3.7859388972001824,19,41
10792,1.0,0.0,3,10.6,2.3021728866442674,4,14
43924,3.0,0.0,3,4.208333333333333,0.8329709356935239,4,17
25461,1.5,0.7071067811865476,3,7.620738941712323,2.2088896522065657,6,18
28538,3.0,0.0,3,9.0,2.0,10,37
18784,1.0,0.0,3,8.0,2.6457513110645907,4,12
25353,1.5,0.7071067811865476,3,5.3076923076923075,2.3939025107069902,7,14
25376,3.0,0.0,3,6.666666666666667,0.7071067811865475,4,24
17384,1.5,0.7071067811865476,3,7.0,0.0,3,14
43890,1.5,0.7071067811865476,3,7.4,1.8973665961010275,6,17
11263,1.5,0.7071067811865476,3,7.0,2.943920288775949,8,18
11274,1.5,0.7071067811865476,3,8.0,2.2088896522065657,6,18
43667,3.0,0.0,3,7.333333333333333,2.1602468994692865,11,33
22105,1.0,0.0,3,4.0,2.2088896522065657,4,8
24281,1.5,0.7071067811865476,3,3.6666666666666665,0.5163977794943222,3,8
24287,1.0,0.0,3,3.0,0.0,0,3
19255,1.5,0.7071067811865476,3,3.0,2.2088896522065657,6,10
19265,1.5,0.7071067811865476,3,11.5,0.7071067811865476,4,22
19304,1.0,0.0,3,11.0,2.2088896522065657,4,15
5654,1.0,0.0,3,7.0,2.2088896522065657,4,11
24262,1.5,0.7071067811865476,3,7.620738941712323,2.2088896522065657,6,18
24365,1.0,0.0,3,5.0,4.0,7,12
24366,1.0,0.0,3,7.620738941712323,2.2088896522065657,4,11
1352,1.0,0.0,3,7.620738941712323,2.2088896522065657,4,11
35480,1.5,0.7071067811865476,3,7.0,2.160246899469287,6,17
19695,1.5,0.7071067811865476,3,9.5,0.7071067811865476,4,18
14105,1.5,0.7071067811865476,3,8.5,1.914854215512676,6,19
14110,1.0,0.0,3,7.571428571428571,1.511857892036909,2,10
6136,1.0,0.0,3,7.125,1.9594095320493148,3,10
6159,1.0,0.0,3,11.0,2.2088896522065657,4,15
23897,1.0,0.0,3,8.615384615384615,1.235375993839061,2,11
2953,3.0,0.0,3,6.0,1.7320508075688772,9,27
354,1.0,0.0,3,11.0,1.7320508075688772,3,14
21538,1.5,0.7071067811865476,3,10.25,2.06155281280883,6,22
17512,1.0,0.0,3,7.620738941712323,2.2088896522065657,4,11
2484,1.0,0.0,3,7.5,1.7728105208558367,3,10
18610,1.0,0.0,3,7.620738941712323,2.2088896522065657,4,11
18611,1.5,0.7071067811865476,3,9.4,1.140175425099138,5,19
17490,3.0,0.0,3,8.0,4.242640687119285,21,45
18550,3.0,0.0,3,7.620738941712323,2.2088896522065657,11,34
25544,1.5,0.7071067811865476,3,7.947368421052632,2.125670963172102,6,18
25588,3.0,0.0,3,8.502645502645503,1.8612062510021727,9,35
25652,1.5,0.7071067811865476,3,9.652173913043478,2.9171701052432484,8,23
21711,1.5,0.7071067811865476,3,7.833333333333333,1.834847859269718,6,17
21776,1.5,0.7071067811865476,3,7.620738941712323,2.2088896522065657,6,18
21616,1.0,0.0,3,9.333333333333334,1.5275252316519465,3,12
20772,1.5,0.7071067811865476,3,7.0,2.8284271247461903,8,18
21463,1.5,0.7071067811865476,3,5.25,1.707825127659933,5,13
2530,1.5,0.7071067811865476,3,7.5,2.3804761428476167,7,18
18452,1.5,0.7071067811865476,3,5.0,2.2088896522065657,6,14
4212,1.0,0.0,3,7.620738941712323,2.2088896522065657,4,11
17529,1.0,0.0,3,8.555555555555555,2.127857555800617,4,12
2750,1.0,0.0,3,11.0,2.2088896522065657,4,15
18265,1.5,0.7071067811865476,3,8.5,0.7071067811865476,4,17
369,1.0,0.0,3,6.5,3.5355339059327378,6,12
405,3.0,0.0,3,7.127572016460905,1.8730860948051837,9,31
44925,1.5,0.7071067811865476,3,7.2,2.3874672772626644,7,17
10370,3.0,0.0,3,6.0,2.2088896522065657,11,29
10380,1.5,0.7071067811865476,3,7.492537313432836,2.530858845293181,7,18
36081,1.5,0.7071067811865476,3,7.0,1.632993161855452,5,16
19315,1.5,0.7071067811865476,3,9.23076923076923,1.6408253082847337,5,19
5658,1.0,0.0,3,8.4,1.1401754250991378,2,10
6120,1.0,0.0,3,7.620738941712323,2.2088896522065657,4,11
23830,1.0,0.0,3,7.620738941712323,2.2088896522065657,4,11
23855,3.0,0.0,3,7.620738941712323,2.2088896522065657,11,34
19502,1.0,0.0,3,7.75,1.8929694486000912,3,11
19586,1.5,0.7071067811865476,3,11.0,2.2088896522065657,7,23
36360,1.5,0.7071067811865476,3,5.333333333333333,0.5773502691896258,3,11
21230,1.0,0.0,3,7.5,2.5401537261317375,4,12
207,1.0,0.0,3,6.2,2.16794833886788,4,10
75,1.0,0.0,3,7.0,2.2088896522065657,4,11
21016,2.0,0.0,2,9.8,0.8366600265340757,3,22
123,1.0,0.0,2,6.4,1.7078251276599326,3,9
21006,1.0,0.0,2,7.666666666666667,2.081665999466133,3,11
20991,1.0,0.0,2,9.0,2.4494897427831783,4,13
3514,1.0,0.0,2,7.0,1.0,2,9
21280,2.0,0.0,2,8.0,2.2088896522065657,7,23
46766,1.0,0.0,2,9.166666666666666,1.4719601443879742,2,12
222,2.0,0.0,2,7.0588235294117645,2.0146522105345537,7,21
46418,1.0,0.0,2,5.0,2.2088896522065657,4,9
8508,1.0,0.0,2,7.0,3.9370039370059056,6,13
21276,1.0,0.0,2,7.620738941712323,2.2088896522065657,4,11
319,1.0,0.0,2,7.333333333333333,2.229281716090851,4,11
3623,1.0,0.0,2,7.620738941712323,2.2088896522065657,4,11
8119,1.0,0.0,2,10.0,2.2088896522065657,4,14
45129,2.0,0.0,2,11.0,0.44721359549995787,1,23
21460,2.0,0.0,2,7.620738941712323,2.2088896522065657,7,23
21431,1.0,0.0,2,7.5,2.516611478423583,4,12
21447,1.0,0.0,2,3.0,2.2088896522065657,4,7
4248,1.0,0.0,2,12.0,2.2088896522065657,4,16
6046,1.0,0.0,2,7.620738941712323,2.2088896522065657,4,11
6066,1.0,0.0,2,11.0,2.2088896522065657,4,15
6090,1.0,0.0,2,7.5,0.5773502691896257,1,8
36069,1.0,0.0,2,7.0,2.2088896522065657,4,11
24000,2.0,0.0,2,7.620738941712323,2.2088896522065657,7,23
19588,1.0,0.0,2,7.333333333333333,3.0550504633038935,5,12
1107,1.0,0.0,2,7.875,1.8850918886280925,3,11
24147,1.0,0.0,2,5.714285714285714,1.799470821684875,3,9
19417,2.0,0.0,2,10.0,2.2088896522065657,7,27
23964,1.0,0.0,2,7.0,0.0,0,7
23984,1.0,0.0,2,7.282608695652174,1.962572500891633,3,11
23997,1.0,0.0,2,10.25,0.7071067811865476,1,11
19595,2.0,0.0,2,7.0,5.656854249492381,19,33
19604,1.0,0.0,2,6.0,2.2088896522065657,4,10
24053,1.0,0.0,2,8.333333333333334,1.1547005383792515,2,10
24144,1.0,0.0,2,7.357142857142857,2.169974932756415,4,11
21614,1.0,0.0,2,8.375,2.774243783705493,5,13
44992,1.0,0.0,2,4.888888888888889,2.571208103423585,4,9
25513,1.0,0.0,2,8.555555555555555,2.788866755113585,5,13
21481,2.0,0.0,2,7.0,2.2088896522065657,7,21
21503,1.0,0.0,2,10.0,2.2088896522065657,4,14
21564,1.0,0.0,2,6.5,0.7071067811865476,1,8
2539,2.0,0.0,2,7.620738941712323,2.2088896522065657,7,23
4354,2.0,0.0,2,9.5,0.7071067811865476,2,21
18624,2.0,0.0,2,7.0,2.2088896522065657,7,21
21475,1.0,0.0,2,9.0,2.2088896522065657,4,13
18540,1.0,0.0,2,8.5,0.5345224838248488,1,9
18557,1.0,0.0,2,7.620738941712323,2.2088896522065657,4,11
25564,1.0,0.0,2,8.0,3.0983866769659336,5,13
37419,2.0,0.0,2,7.176470588235294,1.6671567906786338,6,20
19693,1.0,0.0,2,6.6,1.1401754250991378,2,8
23783,1.0,0.0,2,5.25,2.0615528128088303,3,9
23900,1.0,0.0,2,7.913043478260869,2.0206444399174166,3,11
23920,2.0,0.0,2,7.0,1.4142135623730951,5,19
23955,1.0,0.0,2,7.620738941712323,2.2088896522065657,4,11
14389,1.0,0.0,2,7.620738941712323,2.2088896522065657,4,11
1129,2.0,0.0,2,5.333333333333333,2.0816659994661326,7,18
37100,2.0,0.0,2,7.0,1.4142135623730951,5,19
19427,2.0,0.0,2,7.620738941712323,2.2088896522065657,7,23
2959,1.0,0.0,2,7.620738941712323,2.2088896522065657,4,11
23878,2.0,0.0,2,8.575757575757576,2.2224747331283523,7,24
3933,2.0,0.0,2,7.620738941712323,2.2088896522065657,7,23
3934,2.0,0.0,2,7.620738941712323,2.2088896522065657,7,23
3873,1.0,0.0,2,7.0,1.4142135623730951,2,9
44907,1.0,0.0,2,8.666666666666666,2.081665999466133,3,12
3673,1.0,0.0,2,7.620738941712323,2.2088896522065657,4,11
20952,1.0,0.0,2,9.333333333333334,4.618802153517007,8,17
21468,2.0,0.0,2,7.0,0.0,0,14
21473,2.0,0.0,2,11.0,2.2088896522065657,7,29
21761,2.0,0.0,2,9.0,0.0,0,18
21830,1.0,0.0,2,4.0,2.2088896522065657,4,8
21831,1.0,0.0,2,7.5,0.7071067811865476,1,9
21833,2.0,0.0,2,8.0,1.4142135623730951,5,21
44742,1.0,0.0,2,7.428571428571429,2.14919697074224,4,11
3461,1.0,0.0,2,10.333333333333334,3.5118845842842465,6,16
3475,1.0,0.0,2,11.0,1.4142135623730951,2,13
20702,2.0,0.0,2,8.0,2.2088896522065657,7,23
18564,1.0,0.0,2,8.88888888888889,0.927960727138337,2,10
10910,1.0,0.0,2,7.333333333333333,0.5163977794943221,1,8
25423,1.0,0.0,2,8.833333333333334,1.7224014243685084,3,12
25458,1.0,0.0,2,8.428571428571429,0.5345224838248488,1,9
28317,2.0,0.0,2,6.333333333333333,3.2015621187164243,11,23
43900,1.0,0.0,2,7.2592592592592595,2.0492511313721895,3,11
465,1.0,0.0,2,7.620738941712323,2.2088896522065657,4,11
19630,2.0,0.0,2,8.6,3.0495901363953815,10,27
19632,2.0,0.0,2,10.0,2.2088896522065657,7,27
19633,1.0,0.0,2,7.620738941712323,2.2088896522065657,4,11
19660,1.0,0.0,2,5.739130434782608,1.6016296049038143,3,8
14217,1.0,0.0,2,7.0,2.2088896522065657,4,11
2995,1.0,0.0,2,6.0,2.2088896522065657,4,10
3015,2.0,0.0,2,7.620738941712323,2.2088896522065657,7,23
19612,2.0,0.0,2,5.0,2.2088896522065657,7,17
24256,2.0,0.0,2,7.620738941712323,2.2088896522065657,7,23
24260,2.0,0.0,2,8.0,2.2088896522065657,7,23
24276,1.0,0.0,2,9.625,1.3024701806293193,2,12
35663,1.0,0.0,2,8.0,1.8973665961010275,3,11
35977,1.0,0.0,2,10.0,2.2088896522065657,4,14
36067,1.0,0.0,2,7.620738941712323,2.2088896522065657,4,11
14973,1.0,0.0,2,9.0,1.7320508075688772,3,12
22049,1.0,0.0,2,7.620738941712323,2.2088896522065657,4,11
22055,2.0,0.0,2,7.875,1.885091888628092,6,22
22058,1.0,0.0,2,7.620738941712323,2.2088896522065657,4,11
22092,2.0,0.0,2,9.75,2.217355782608345,7,27
11149,1.0,0.0,2,7.466019417475728,2.0283071951878093,3,11
11164,2.0,0.0,2,8.0,1.2649110640673518,4,20
2401,1.0,0.0,2,7.0,2.2088896522065657,4,11
22010,1.0,0.0,2,7.51,2.153198231994125,4,11
22032,1.0,0.0,2,7.0,2.8284271247461903,5,12
17282,2.0,0.0,2,7.5,0.7071067811865476,2,17
2303,2.0,0.0,2,7.620738941712323,2.2088896522065657,7,23
20854,2.0,0.0,2,7.620738941712323,2.2088896522065657,7,23
18569,2.0,0.0,2,5.0,3.4641016151377544,11,21
18587,2.0,0.0,2,7.333333333333333,1.5275252316519468,5,20
17171,1.0,0.0,2,7.620738941712323,2.2088896522065657,4,11
19824,2.0,0.0,2,7.0,2.2088896522065657,7,21
23552,1.0,0.0,2,7.620738941712323,2.2088896522065657,4,11
23645,2.0,0.0,2,7.620738941712323,2.2088896522065657,7,23
19368,2.0,0.0,2,10.5,2.1213203435596424,7,28
19391,2.0,0.0,2,8.0,2.2088896522065657,7,23
24336,2.0,0.0,2,6.333333333333333,1.5275252316519465,5,18
24341,2.0,0.0,2,7.0,2.2088896522065657,7,21
24364,1.0,0.0,2,7.620738941712323,2.2088896522065657,4,11
5408,1.0,0.0,2,7.25,3.947573094109004,7,14
1253,1.0,0.0,2,8.666666666666666,1.5275252316519468,3,11
1274,2.0,0.0,2,10.6,0.5477225575051662,2,23
19318,2.0,0.0,2,8.0,2.581988897471611,9,25
14277,1.0,0.0,2,7.620738941712323,2.2088896522065657,4,11
14333,2.0,0.0,2,7.620738941712323,2.2088896522065657,7,23
993,1.0,0.0,2,7.620738941712323,2.2088896522065657,4,11
37902,2.0,0.0,2,7.620738941712323,2.2088896522065657,7,23
19809,1.0,0.0,2,7.2,0.8366600265340757,1,9
24477,2.0,0.0,2,7.620738941712323,2.2088896522065657,7,23
603,2.0,0.0,2,6.714285714285714,1.2535663410560174,4,18
608,1.0,0.0,2,9.0,2.2088896522065657,4,13
11022,1.0,0.0,2,8.083333333333334,2.3143164446679725,4,12
20825,2.0,0.0,2,7.620738941712323,2.2088896522065657,7,23
20653,1.0,0.0,2,9.0,2.2088896522065657,4,13
43317,1.0,0.0,2,9.25,2.5,4,13
43490,1.0,0.0,2,8.25,1.2583057392117916,2,10
22173,2.0,0.0,2,7.666666666666667,2.3094010767585034,8,23
22225,2.0,0.0,2,12.0,2.2088896522065657,7,31
11389,2.0,0.0,2,7.620738941712323,2.2088896522065657,7,23
11423,1.0,0.0,2,7.627450980392157,2.226753550025018,4,11
7439,1.0,0.0,2,8.666666666666666,0.5773502691896258,1,10
43013,1.0,0.0,2,11.5,0.7071067811865476,1,13
24424,1.0,0.0,2,6.5,2.1213203435596424,4,10
24473,1.0,0.0,2,7.620738941712323,2.2088896522065657,4,11
926,2.0,0.0,2,4.0,2.2088896522065657,7,15
932,2.0,0.0,2,5.666666666666667,3.7859388972001824,12,24
15328,1.0,0.0,2,9.5,0.9999999999999998,2,11
24384,1.0,0.0,2,7.620738941712323,2.2088896522065657,4,11
24388,1.0,0.0,2,10.0,2.2088896522065657,4,14
19219,2.0,0.0,2,8.047619047619047,2.155833724483186,7,23
15542,1.0,0.0,2,8.428571428571429,2.2253945610567465,4,12
5287,2.0,0.0,2,7.620738941712323,2.2088896522065657,7,23
13888,1.0,0.0,2,7.620738941712323,2.2088896522065657,4,11
13950,1.0,0.0,2,9.0,0.0,0,9
13734,2.0,0.0,2,8.666666666666666,0.5773502691896255,2,19
20685,1.0,0.0,2,7.0,2.2088896522065657,4,11
3407,1.0,0.0,2,7.620738941712323,2.2088896522065657,4,11
20428,2.0,0.0,2,10.0,0.0,0,20
3697,1.0,0.0,2,8.0,2.2088896522065657,4,12
16756,1.0,0.0,2,7.777777777777778,1.7159383568311668,3,11
18866,1.0,0.0,2,7.4,1.8973665961010273,3,11
25107,1.0,0.0,2,7.620738941712323,2.2088896522065657,4,11
20662,2.0,0.0,2,8.625,2.6955566477122384,9,26
20680,2.0,0.0,2,7.620738941712323,2.2088896522065657,7,23
2421,1.0,0.0,2,8.0,2.2088896522065657,4,12
16959,1.0,0.0,2,7.620738941712323,2.2088896522065657,4,11
29558,1.0,0.0,2,8.142857142857142,3.0237157840738176,5,13
42864,2.0,0.0,2,7.620738941712323,2.2088896522065657,7,23
42871,2.0,0.0,2,7.620738941712323,2.2088896522065657,7,23
20661,2.0,0.0,2,7.0,3.0,10,24
25210,1.0,0.0,2,7.899280575539568,2.001068424866269,3,11
18651,1.0,0.0,2,8.0,0.816496580927726,1,9
34352,1.0,0.0,2,7.620738941712323,2.2088896522065657,4,11
19951,1.0,0.0,2,7.666666666666667,0.5773502691896258,1,9
23425,1.0,0.0,2,7.833333333333333,1.6020819787597218,3,10
19760,1.0,0.0,2,5.75,0.9574271077563381,2,7
3777,1.0,0.0,2,9.5,2.1213203435596424,4,13
957,1.0,0.0,2,6.0,2.2088896522065657,4,10
23472,1.0,0.0,2,7.0,1.4142135623730951,2,9
23473,1.0,0.0,2,7.0,1.4142135623730951,2,9
23477,1.0,0.0,2,8.0,1.5275252316519465,3,11
22429,1.0,0.0,2,7.620738941712323,2.2088896522065657,4,11
11770,1.0,0.0,2,9.0,2.2088896522065657,4,13
7222,1.0,0.0,2,6.75,0.9574271077563381,2,8
7294,1.0,0.0,2,7.620738941712323,2.2088896522065657,4,11
25067,1.0,0.0,2,7.620738941712323,2.2088896522065657,4,11
25076,1.0,0.0,2,10.0,1.7320508075688772,3,13
22358,2.0,0.0,2,7.0,1.4142135623730951,5,19
22396,2.0,0.0,2,7.0,2.2088896522065657,7,21
16653,1.0,0.0,2,8.916666666666666,1.3789543689024488,2,11
4535,1.0,0.0,2,7.620738941712323,2.2088896522065657,4,11
25055,2.0,0.0,2,10.0,2.2088896522065657,7,27
25180,2.0,0.0,2,7.620738941712323,2.2088896522065657,7,23
16787,1.0,0.0,2,7.620738941712323,2.2088896522065657,4,11
16850,2.0,0.0,2,7.620738941712323,2.2088896522065657,7,23
16896,2.0,0.0,2,6.363636363636363,2.320620905120305,8,20
2252,2.0,0.0,2,9.271428571428572,1.9028691423965254,6,25
2263,2.0,0.0,2,7.620738941712323,2.2088896522065657,7,23
2271,1.0,0.0,2,8.607142857142858,1.7021758420922903,3,11
22555,1.0,0.0,2,7.620738941712323,2.2088896522065657,4,11
22597,2.0,0.0,2,8.0,1.118033988749895,4,20
22600,1.0,0.0,2,10.0,2.2088896522065657,4,14
25156,2.0,0.0,2,8.0,2.2088896522065657,7,23
3304,1.0,0.0,2,7.620738941712323,2.2088896522065657,4,11
22548,2.0,0.0,2,7.620738941712323,2.2088896522065657,7,23
22552,1.0,0.0,2,7.620738941712323,2.2088896522065657,4,11
718,1.0,0.0,2,6.7272727272727275,1.881787857630488,3,10
742,1.0,0.0,2,7.875,2.799872446074234,5,12
22477,2.0,0.0,2,9.333333333333334,0.5773502691896258,2,21
12199,1.0,0.0,2,6.5,0.7071067811865476,1,8
20092,1.0,0.0,2,6.0,2.8284271247461903,5,11
20114,1.0,0.0,2,8.0,2.6457513110645907,4,12
23233,1.0,0.0,2,7.620738941712323,2.2088896522065657,4,11
3092,1.0,0.0,2,8.0,3.0,5,13
19845,2.0,0.0,2,5.777777777777778,2.10818510677892,7,19
19866,1.0,0.0,2,10.5,3.5355339059327378,6,16
39512,1.0,0.0,2,8.25,0.49999999999999983,1,9
863,1.0,0.0,2,6.875,1.6420805617960927,3,10
15508,2.0,0.0,2,11.0,1.7320508075688772,6,28
15510,1.0,0.0,2,8.0,4.58257569495584,8,16
24555,1.0,0.0,2,11.0,2.8284271247461903,5,16
15423,1.0,0.0,2,7.620738941712323,2.2088896522065657,4,11
15507,1.0,0.0,2,6.25,2.712405363721075,4,11
20275,2.0,0.0,2,7.620738941712323,2.2088896522065657,7,23
20360,2.0,0.0,2,7.620738941712323,2.2088896522065657,7,23
12355,1.0,0.0,2,9.0,2.2088896522065657,4,13
42080,1.0,0.0,2,7.0,0.0,0,7
24994,1.0,0.0,2,10.0,2.2088896522065657,4,14
25000,2.0,0.0,2,7.620738941712323,2.2088896522065657,7,23
25007,1.0,0.0,2,7.882352941176471,1.8331105033922694,3,11
22653,2.0,0.0,2,5.666666666666667,1.1547005383792517,4,15
22657,1.0,0.0,2,6.666666666666667,2.081665999466133,3,10
16584,2.0,0.0,2,7.5,0.7071067811865476,2,17
16263,2.0,0.0,2,7.620738941712323,2.2088896522065657,7,23
22643,1.0,0.0,2,6.25,2.362907813126304,4,10
25085,1.0,0.0,2,7.666666666666667,0.5773502691896258,1,9
25086,1.0,0.0,2,10.666666666666666,0.5773502691896258,1,12
18810,1.0,0.0,2,7.620738941712323,2.2088896522065657,4,11
4676,2.0,0.0,2,7.620738941712323,2.2088896522065657,7,23
16503,2.0,0.0,2,7.0,1.4142135623730951,5,19
871,2.0,0.0,2,8.714285714285714,2.643673767508198,9,26
39736,1.0,0.0,2,8.571428571428571,2.070196678027062,3,12
13094,1.0,0.0,2,7.620738941712323,2.2088896522065657,4,11
13132,2.0,0.0,2,9.333333333333334,1.5275252316519468,5,24
24591,1.0,0.0,2,6.809523809523809,2.27198256197198,4,11
23291,2.0,0.0,2,10.0,2.2088896522065657,7,27
33707,1.0,0.0,2,9.0,0.0,0,9
5181,1.0,0.0,2,8.0,2.2088896522065657,4,12
15859,1.0,0.0,2,7.705882352941177,1.2192747910306279,2,10
803,1.0,0.0,2,8.590909090909092,1.6230216062021892,3,11
22630,2.0,0.0,2,9.363636363636363,1.5666989036012806,5,24
20413,2.0,0.0,2,8.0,2.2088896522065657,7,23
22778,1.0,0.0,2,7.777777777777778,1.9220937657784658,3,11
22787,1.0,0.0,2,7.620738941712323,2.2088896522065657,4,11
41309,2.0,0.0,2,7.620738941712323,2.2088896522065657,7,23
16155,2.0,0.0,2,7.5,1.9148542155126762,6,21
18955,2.0,0.0,2,7.620738941712323,2.2088896522065657,7,23
19019,2.0,0.0,2,7.0,2.2088896522065657,7,21
19049,1.0,0.0,2,7.620738941712323,2.2088896522065657,4,11
4815,1.0,0.0,2,6.0,1.4142135623730951,2,8
32296,2.0,0.0,2,8.0,1.6832508230603456,6,22
2074,1.0,0.0,2,9.333333333333334,2.3094010767585034,4,13
2088,1.0,0.0,2,7.636363636363637,1.9116865471476894,3,11
40771,1.0,0.0,2,6.454545454545454,1.9679246105293955,3,10
16377,1.0,0.0,2,11.0,0.0,0,11
22941,2.0,0.0,2,8.0,0.816496580927726,3,19
12496,2.0,0.0,2,7.4,1.5165750888103104,5,20
6784,2.0,0.0,2,10.0,0.0,0,20
6872,1.0,0.0,2,8.0,2.2088896522065657,4,12
12538,1.0,0.0,2,5.666666666666667,1.5275252316519468,3,8
22958,1.0,0.0,2,7.5,4.949747468305833,8,16
22970,2.0,0.0,2,8.6,1.712697677155351,6,23
853,2.0,0.0,2,7.0,1.5811388300841898,5,19
20186,1.0,0.0,2,7.620738941712323,2.2088896522065657,4,11
20188,1.0,0.0,2,7.620738941712323,2.2088896522065657,4,11
40137,1.0,0.0,2,9.5,0.7071067811865476,1,11
12637,1.0,0.0,2,7.620738941712323,2.2088896522065657,4,11
12655,1.0,0.0,2,7.0,0.0,0,7
23041,1.0,0.0,2,7.571428571428571,1.2724180205607036,2,10
24694,2.0,0.0,2,7.666666666666667,2.3094010767585034,8,23
24723,2.0,0.0,2,8.0,2.2088896522065657,7,23
19062,1.0,0.0,2,7.666666666666667,4.163331998932265,7,15
20041,1.0,0.0,2,7.620738941712323,2.2088896522065657,4,11
33147,2.0,0.0,2,8.5,3.5355339059327378,12,29
1927,1.0,0.0,2,7.245901639344262,2.118649471337488,3,11
15747,2.0,0.0,2,7.25,1.707825127659933,6,20
23192,1.0,0.0,2,9.4,1.1401754250991376,2,11
3182,2.0,0.0,2,7.620738941712323,2.2088896522065657,7,23
24860,1.0,0.0,2,9.0,0.5345224838248488,1,10
19077,1.0,0.0,2,8.5,0.7071067811865476,1,10
4010,1.0,0.0,2,6.0,2.2088896522065657,4,10
4028,2.0,0.0,2,8.0,2.2088896522065657,7,23
23135,1.0,0.0,2,7.620738941712323,2.2088896522065657,4,11
24888,1.0,0.0,2,8.714285714285714,1.4960264830861911,2,11
1985,1.0,0.0,2,7.620738941712323,2.2088896522065657,4,11
23044,2.0,0.0,2,7.0,0.816496580927726,3,17
23048,1.0,0.0,2,7.620738941712323,2.2088896522065657,4,11
23099,2.0,0.0,2,7.620738941712323,2.2088896522065657,7,23
23106,1.0,0.0,2,7.620738941712323,2.2088896522065657,4,11
2710,1.0,0.0,2,5.0,2.2088896522065657,4,9
2715,1.0,0.0,2,8.383561643835616,1.7704870710026719,3,11
21352,2.0,0.0,2,7.88,2.7129319932501073,9,25
45602,2.0,0.0,2,9.23076923076923,1.4228898005873065,5,23
45645,2.0,0.0,2,8.0,1.4142135623730951,5,21
18199,2.0,0.0,2,9.0,2.2088896522065657,7,25
4319,2.0,0.0,2,9.0,2.2088896522065657,7,25
17989,1.0,0.0,2,8.0,3.3541019662496847,6,14
2610,1.0,0.0,2,7.58,2.3568398073587904,4,11
2614,1.0,0.0,2,8.35897435897436,2.7576418175793016,5,13
2671,1.0,0.0,2,8.5,0.7071067811865476,1,10
18012,2.0,0.0,2,7.666666666666667,2.0816659994661326,7,22
18093,1.0,0.0,2,11.0,2.2088896522065657,4,15
18098,1.0,0.0,2,8.2,1.4832396974191326,2,11
18110,2.0,0.0,2,7.166666666666667,2.041241452319315,7,21
21046,1.0,0.0,2,9.5,3.5355339059327378,6,15
21087,1.0,0.0,2,7.620738941712323,2.2088896522065657,4,11
21298,2.0,0.0,2,7.620738941712323,2.2088896522065657,7,23
5866,1.0,0.0,2,7.620738941712323,2.2088896522065657,4,11
36307,2.0,0.0,2,6.0,2.8284271247461903,9,21
36367,1.0,0.0,2,7.620738941712323,2.2088896522065657,4,11
46018,1.0,0.0,2,7.620738941712323,2.2088896522065657,4,11
46140,2.0,0.0,2,7.620738941712323,2.2088896522065657,7,23
24178,2.0,0.0,2,7.5,0.5773502691896258,2,17
21107,1.0,0.0,2,7.620738941712323,2.2088896522065657,4,11
21110,1.0,0.0,2,7.620738941712323,2.2088896522065657,4,11
21155,1.0,0.0,2,8.714285714285714,0.4879500364742667,1,10
3587,2.0,0.0,2,7.620738941712323,2.2088896522065657,7,23
8729,1.0,0.0,2,8.0,2.2088896522065657,4,12
189,2.0,0.0,2,8.5,3.5355339059327378,12,29
201,2.0,0.0,2,7.142857142857143,1.6761634196950517,6,20
2660,1.0,0.0,2,7.0,2.8284271247461903,5,12
90084,1.0,0.0,2,7.620738941712323,2.2088896522065657,4,11
90085,2.0,0.0,2,8.0,1.0,3,19
86,1.0,0.0,1,7.333333333333333,0.5773502691896257,1,8
18394,1.0,0.0,1,12.0,2.2088896522065657,4,16
46684,1.0,0.0,1,7.620738941712323,2.2088896522065657,4,11
90086,1.0,0.0,1,9.0,2.2088896522065657,4,13
90087,1.0,0.0,1,4.8,1.4832396974191326,2,7
21172,1.0,0.0,1,10.666666666666666,1.1547005383792515,2,13
21178,1.0,0.0,1,7.6117647058823525,2.0359513842957266,3,11
8411,1.0,0.0,1,7.620738941712323,2.2088896522065657,4,11
45859,1.0,0.0,1,5.611111111111111,2.1458273843435527,4,9
24183,1.0,0.0,1,7.4,0.5477225575051662,1,8
14718,1.0,0.0,1,7.620738941712323,2.2088896522065657,4,11
14826,1.0,0.0,1,10.0,2.2088896522065657,4,14
14836,1.0,0.0,1,7.0,0.0,0,7
14573,1.0,0.0,1,7.620738941712323,2.2088896522065657,4,11
18268,1.0,0.0,1,8.666666666666666,0.5773502691896258,1,10
18271,1.0,0.0,1,8.0,0.7071067811865476,1,9
4260,1.0,0.0,1,7.6890581717451525,2.168473651171184,4,11
17576,1.0,0.0,1,7.620738941712323,2.2088896522065657,4,11
17598,1.0,0.0,1,7.620738941712323,2.2088896522065657,4,11
17741,1.0,0.0,1,12.0,2.2088896522065657,4,16
17747,1.0,0.0,1,6.0,2.2088896522065657,4,10
17753,1.0,0.0,1,7.620738941712323,2.2088896522065657,4,11
1056,1.0,0.0,1,7.620738941712323,2.2088896522065657,4,11
1106,1.0,0.0,1,8.533333333333333,2.231804736295804,4,12
14369,1.0,0.0,1,12.0,2.2088896522065657,4,16
6063,1.0,0.0,1,4.0,2.2088896522065657,4,8
23863,1.0,0.0,1,8.0,2.2088896522065657,4,12
15065,1.0,0.0,1,8.2,0.7745966692414835,1,9
21430,1.0,0.0,1,7.620738941712323,2.2088896522065657,4,11
21446,1.0,0.0,1,10.5,0.7071067811865476,1,12
24107,1.0,0.0,1,7.620738941712323,2.2088896522065657,4,11
24135,1.0,0.0,1,10.5,2.1213203435596424,4,14
23970,1.0,0.0,1,7.620738941712323,2.2088896522065657,4,11
23983,1.0,0.0,1,8.076923076923077,1.4411533842457844,2,10
23989,1.0,0.0,1,6.0,2.2088896522065657,4,10
19544,1.0,0.0,1,9.5,0.7071067811865476,1,11
1032,1.0,0.0,1,9.0,2.2088896522065657,4,13
1043,1.0,0.0,1,7.620738941712323,2.2088896522065657,4,11
21593,1.0,0.0,1,7.0,2.2088896522065657,4,11
8060,1.0,0.0,1,6.0,2.2088896522065657,4,10
338,1.0,0.0,1,9.75,1.892969448600091,3,13
407,1.0,0.0,1,8.333333333333334,2.3094010767585034,4,12
427,1.0,0.0,1,9.0,1.0,2,11
9105,1.0,0.0,1,10.0,2.2088896522065657,4,14
19598,1.0,0.0,1,7.0,2.8284271247461903,5,12
19610,1.0,0.0,1,6.333333333333333,3.0550504633038935,5,11
23170,1.0,0.0,1,9.6,2.302172886644268,4,13
6652,1.0,0.0,1,7.620738941712323,2.2088896522065657,4,11
40590,1.0,0.0,1,7.620738941712323,2.2088896522065657,4,11
3750,1.0,0.0,1,6.2,1.0954451150103321,2,8
3753,1.0,0.0,1,8.0,2.2088896522065657,4,12
23024,1.0,0.0,1,8.0,1.4142135623730951,2,10
3277,1.0,0.0,1,7.620738941712323,2.2088896522065657,4,11
23040,1.0,0.0,1,7.0,2.2088896522065657,4,11
24696,1.0,0.0,1,7.620738941712323,2.2088896522065657,4,11
19052,1.0,0.0,1,7.620738941712323,2.2088896522065657,4,11
19058,1.0,0.0,1,6.0,2.2088896522065657,4,10
19059,1.0,0.0,1,9.0,2.2088896522065657,4,13
6545,1.0,0.0,1,8.333333333333334,0.5773502691896258,1,9
39834,1.0,0.0,1,8.666666666666666,1.5275252316519465,3,11
39988,1.0,0.0,1,7.620738941712323,2.2088896522065657,4,11
40365,1.0,0.0,1,6.375,1.6850180160122068,3,9
19968,1.0,0.0,1,8.0,2.2088896522065657,4,12
19971,1.0,0.0,1,7.0,2.2088896522065657,4,11
24872,1.0,0.0,1,10.3,1.9465068427541912,3,14
18941,1.0,0.0,1,7.620738941712323,2.2088896522065657,4,11
5114,1.0,0.0,1,7.620738941712323,2.2088896522065657,4,11
15605,1.0,0.0,1,6.0,2.2088896522065657,4,10
15688,1.0,0.0,1,6.0,1.4142135623730951,2,8
24691,1.0,0.0,1,8.142857142857142,1.4638501094227998,2,11
19087,1.0,0.0,1,7.620738941712323,2.2088896522065657,4,11
19125,1.0,0.0,1,8.0,5.656854249492381,9,17
24790,1.0,0.0,1,7.620738941712323,2.2088896522065657,4,11
23137,1.0,0.0,1,9.0,2.2088896522065657,4,13
23160,1.0,0.0,1,7.583333333333333,2.2343733444579583,4,11
23167,1.0,0.0,1,6.142857142857143,2.544836041121407,4,10
3196,1.0,0.0,1,12.0,2.2088896522065657,4,16
19967,1.0,0.0,1,8.0,2.2088896522065657,4,12
797,1.0,0.0,1,11.0,2.2088896522065657,4,15
808,1.0,0.0,1,7.620738941712323,2.2088896522065657,4,11
12259,1.0,0.0,1,8.0,1.9999999999999998,3,11
12340,1.0,0.0,1,8.333333333333334,1.1547005383792517,2,10
22622,1.0,0.0,1,7.620738941712323,2.2088896522065657,4,11
22634,1.0,0.0,1,7.620738941712323,2.2088896522065657,4,11
3955,1.0,0.0,1,9.333333333333334,2.081665999466133,3,13
15785,1.0,0.0,1,7.620738941712323,2.2088896522065657,4,11
16208,1.0,0.0,1,7.620738941712323,2.2088896522065657,4,11
18948,1.0,0.0,1,8.4,3.3615472627943226,6,14
19042,1.0,0.0,1,7.620738941712323,2.2088896522065657,4,11
19047,1.0,0.0,1,7.620738941712323,2.2088896522065657,4,11
2820,1.0,0.0,1,7.620738941712323,2.2088896522065657,4,11
22700,1.0,0.0,1,7.620738941712323,2.2088896522065657,4,11
22781,1.0,0.0,1,7.0,1.4142135623730951,2,9
22836,1.0,0.0,1,8.333333333333334,2.5495097567963922,4,13
20403,1.0,0.0,1,5.0,2.8284271247461903,5,10
25054,1.0,0.0,1,10.0,0.0,0,10
16330,1.0,0.0,1,4.0,2.2088896522065657,4,8
16365,1.0,0.0,1,7.620738941712323,2.2088896522065657,4,11
16389,1.0,0.0,1,8.333333333333334,3.055050463303893,5,13
16398,1.0,0.0,1,7.5,2.1213203435596424,4,11
16399,1.0,0.0,1,6.5,3.5355339059327378,6,12
2108,1.0,0.0,1,10.0,2.2088896522065657,4,14
22858,1.0,0.0,1,9.6,1.51657508881031,3,12
22915,1.0,0.0,1,7.620738941712323,2.2088896522065657,4,11
22939,1.0,0.0,1,7.0,2.2088896522065657,4,11
22944,1.0,0.0,1,6.6,2.3021728866442674,4,10
20178,1.0,0.0,1,6.666666666666667,1.1547005383792517,2,9
12443,1.0,0.0,1,7.9743589743589745,1.9540476931917259,3,11
12585,1.0,0.0,1,8.0,2.2088896522065657,4,12
41224,1.0,0.0,1,7.620738941712323,2.2088896522065657,4,11
16580,1.0,0.0,1,7.620738941712323,2.2088896522065657,4,11
2188,1.0,0.0,1,7.620738941712323,2.2088896522065657,4,11
31522,1.0,0.0,1,7.25,3.2015621187164243,5,13
31972,1.0,0.0,1,7.620738941712323,2.2088896522065657,4,11
24924,1.0,0.0,1,9.285714285714286,2.1380899352993947,4,13
22661,1.0,0.0,1,4.5,0.7071067811865476,1,6
20250,1.0,0.0,1,7.0,2.2088896522065657,4,11
20257,1.0,0.0,1,10.0,2.2088896522065657,4,14
13478,1.0,0.0,1,8.666666666666666,0.5773502691896255,1,10
883,1.0,0.0,1,9.125,1.7268882005337975,3,12
888,1.0,0.0,1,6.333333333333333,2.250925735484551,4,10
39718,1.0,0.0,1,7.090909090909091,2.7001683449201996,4,12
13061,1.0,0.0,1,8.0,1.5275252316519465,3,11
4576,1.0,0.0,1,8.0,0.0,0,8
16527,1.0,0.0,1,8.5,3.5355339059327378,6,14
16531,1.0,0.0,1,4.0,2.2088896522065657,4,8
2877,1.0,0.0,1,7.25,2.2519832529192065,4,11
2918,1.0,0.0,1,7.333333333333333,1.5275252316519468,3,10
24589,1.0,0.0,1,8.0,0.0,0,8
24658,1.0,0.0,1,7.620738941712323,2.2088896522065657,4,11
23286,1.0,0.0,1,7.666666666666667,0.5773502691896258,1,9
23289,1.0,0.0,1,8.166666666666666,1.1690451944500124,2,10
23292,1.0,0.0,1,9.0,1.4142135623730951,2,11
6457,1.0,0.0,1,8.333333333333334,0.5773502691896258,1,9
5116,1.0,0.0,1,7.620738941712323,2.2088896522065657,4,11
5167,1.0,0.0,1,7.181818181818182,1.5374122295716146,3,10
5178,1.0,0.0,1,7.620738941712323,2.2088896522065657,4,11
15835,1.0,0.0,1,5.0,0.0,0,5
33765,1.0,0.0,1,4.428571428571429,1.9889806323953876,3,8
33930,1.0,0.0,1,6.571428571428571,1.6183471874253743,3,9
19236,1.0,0.0,1,8.666666666666666,3.2145502536643185,5,14
19240,1.0,0.0,1,7.620738941712323,2.2088896522065657,4,11
11918,1.0,0.0,1,9.0,2.2088896522065657,4,13
12073,1.0,0.0,1,7.0,2.2088896522065657,4,11
12084,1.0,0.0,1,7.620738941712323,2.2088896522065657,4,11
42162,1.0,0.0,1,9.666666666666666,1.5275252316519465,3,12
650,1.0,0.0,1,6.5,0.7071067811865476,1,8
704,1.0,0.0,1,6.2631578947368425,1.6945043609385506,3,9
714,1.0,0.0,1,9.0,1.4142135623730951,2,11
22478,1.0,0.0,1,10.0,2.2088896522065657,4,14
19833,1.0,0.0,1,8.833333333333334,0.40824829046386313,1,10
13379,1.0,0.0,1,10.0,0.816496580927726,1,11
13394,1.0,0.0,1,8.666666666666666,3.055050463303893,5,14
20056,1.0,0.0,1,9.0,1.4142135623730951,2,11
23237,1.0,0.0,1,7.620738941712323,2.2088896522065657,4,11
19063,1.0,0.0,1,7.620738941712323,2.2088896522065657,4,11
19071,1.0,0.0,1,7.142857142857143,1.864454471471609,3,10
11868,1.0,0.0,1,7.75,3.24037034920393,5,13
15414,1.0,0.0,1,8.0,2.2088896522065657,4,12
15476,1.0,0.0,1,11.461538461538462,0.7762500258061846,1,13
24532,1.0,0.0,1,5.833333333333333,1.169045194450012,2,8
24539,1.0,0.0,1,10.0,1.7320508075688772,3,13
24564,1.0,0.0,1,7.142857142857143,3.132015933791495,5,12
19139,1.0,0.0,1,7.620738941712323,2.2088896522065657,4,11
3055,1.0,0.0,1,7.620738941712323,2.2088896522065657,4,11
19825,1.0,0.0,1,7.0,2.2088896522065657,4,11
20374,1.0,0.0,1,7.620738941712323,2.2088896522065657,4,11
6968,1.0,0.0,1,8.516129032258064,1.9810934311121464,3,12
41985,1.0,0.0,1,7.111111111111111,0.6009252125773318,1,8
42104,1.0,0.0,1,7.620738941712323,2.2088896522065657,4,11
1598,1.0,0.0,1,8.0,2.943920288775949,5,13
1667,1.0,0.0,1,9.11111111111111,2.260776661041756,4,13
15386,1.0,0.0,1,7.620738941712323,2.2088896522065657,4,11
15404,1.0,0.0,1,9.294117647058824,1.7235394498804248,3,12
22431,1.0,0.0,1,7.620738941712323,2.2088896522065657,4,11
22451,1.0,0.0,1,8.166666666666666,2.7141603981096374,4,13
967,1.0,0.0,1,9.0,2.2088896522065657,4,13
23468,1.0,0.0,1,6.0,2.2088896522065657,4,10
23517,1.0,0.0,1,5.0,2.2088896522065657,4,9
23525,1.0,0.0,1,8.0,1.0,2,10
19754,1.0,0.0,1,4.0,2.2088896522065657,4,8
19785,1.0,0.0,1,11.0,2.2088896522065657,4,15
25056,1.0,0.0,1,8.0,2.6457513110645907,4,12
25066,1.0,0.0,1,7.620738941712323,2.2088896522065657,4,11
25078,1.0,0.0,1,8.0,2.2088896522065657,4,12
22363,1.0,0.0,1,6.8,3.96232255123179,7,13
22385,1.0,0.0,1,9.0,2.2088896522065657,4,13
22407,1.0,0.0,1,6.5,1.8708286933869707,3,10
22421,1.0,0.0,1,7.622222222222222,1.9749998024621032,3,11
22426,1.0,0.0,1,7.620738941712323,2.2088896522065657,4,11
22553,1.0,0.0,1,7.620738941712323,2.2088896522065657,4,11
22559,1.0,0.0,1,7.620738941712323,2.2088896522065657,4,11
22618,1.0,0.0,1,7.620738941712323,2.2088896522065657,4,11
25145,1.0,0.0,1,7.620738941712323,2.2088896522065657,4,11
16935,1.0,0.0,1,7.620738941712323,2.2088896522065657,4,11
2134,1.0,0.0,1,7.620738941712323,2.2088896522065657,4,11
16612,1.0,0.0,1,11.0,2.2088896522065657,4,15
16689,1.0,0.0,1,7.620738941712323,2.2088896522065657,4,11
22534,1.0,0.0,1,8.0,2.2088896522065657,4,12
22538,1.0,0.0,1,7.620738941712323,2.2088896522065657,4,11
22540,1.0,0.0,1,7.620738941712323,2.2088896522065657,4,11
22543,1.0,0.0,1,11.0,2.2088896522065657,4,15
22544,1.0,0.0,1,7.620738941712323,2.2088896522065657,4,11
22547,1.0,0.0,1,8.0,2.2088896522065657,4,12
3303,1.0,0.0,1,7.620738941712323,2.2088896522065657,4,11
22549,1.0,0.0,1,7.5,0.7071067811865476,1,9
31157,1.0,0.0,1,7.5,2.1213203435596424,4,11
16752,1.0,0.0,1,8.0,1.5811388300841898,3,11
20668,1.0,0.0,1,8.0,2.2088896522065657,4,12
20669,1.0,0.0,1,9.0,1.4142135623730951,2,11
22345,1.0,0.0,1,7.461538461538462,1.1982893790305562,2,9
20423,1.0,0.0,1,7.620738941712323,2.2088896522065657,4,11
20441,1.0,0.0,1,7.620738941712323,2.2088896522065657,4,11
20477,1.0,0.0,1,8.333333333333334,2.065591117977289,3,12
34333,1.0,0.0,1,10.0,2.2088896522065657,4,14
25236,1.0,0.0,1,7.5,2.062249636493698,3,11
18662,1.0,0.0,1,11.0,2.2088896522065657,4,15
18697,1.0,0.0,1,7.620738941712323,2.2088896522065657,4,11
16961,1.0,0.0,1,6.818181818181818,1.60113596038449,3,9
16998,1.0,0.0,1,8.0,2.2088896522065657,4,12
4460,1.0,0.0,1,7.0,2.3664319132398464,4,11
29470,1.0,0.0,1,7.5,0.8366600265340755,1,9
13561,1.0,0.0,1,11.0,0.0,0,11
6290,1.0,0.0,1,7.620738941712323,2.2088896522065657,4,11
6389,1.0,0.0,1,7.3,2.5841396591085743,4,12
38558,1.0,0.0,1,7.620738941712323,2.2088896522065657,4,11
39013,1.0,0.0,1,6.0,2.2088896522065657,4,10
23309,1.0,0.0,1,7.620738941712323,2.2088896522065657,4,11
23322,1.0,0.0,1,7.620738941712323,2.2088896522065657,4,11
23328,1.0,0.0,1,7.0,2.2088896522065657,4,11
19795,1.0,0.0,1,7.620738941712323,2.2088896522065657,4,11
19797,1.0,0.0,1,10.0,2.2088896522065657,4,14
19890,1.0,0.0,1,7.620738941712323,2.2088896522065657,4,11
19938,1.0,0.0,1,7.620738941712323,2.2088896522065657,4,11
19949,1.0,0.0,1,8.083333333333334,0.28867513459481287,0,9
19955,1.0,0.0,1,9.0,2.2088896522065657,4,13
23350,1.0,0.0,1,6.7,2.6687491868330793,4,11
13557,1.0,0.0,1,10.9,0.7378647873726217,1,12
22120,1.0,0.0,1,6.0,2.2088896522065657,4,10
22171,1.0,0.0,1,7.3076923076923075,2.6890089681459286,4,12
22201,1.0,0.0,1,6.0,0.0,0,6
22263,1.0,0.0,1,9.0,2.2088896522065657,4,13
20602,1.0,0.0,1,8.75,0.957427107756338,2,10
20607,1.0,0.0,1,7.620738941712323,2.2088896522065657,4,11
20609,1.0,0.0,1,7.620738941712323,2.2088896522065657,4,11
20654,1.0,0.0,1,8.0,2.8284271247461903,5,13
24426,1.0,0.0,1,9.4,1.51657508881031,3,12
24470,1.0,0.0,1,7.620738941712323,2.2088896522065657,4,11
935,1.0,0.0,1,9.0,2.2088896522065657,4,13
7433,1.0,0.0,1,8.2,2.1679483388678804,4,12
11427,1.0,0.0,1,7.620738941712323,2.2088896522065657,4,11
42939,1.0,0.0,1,7.620738941712323,2.2088896522065657,4,11
43021,1.0,0.0,1,8.5,2.1213203435596424,4,12
43247,1.0,0.0,1,9.0,2.2088896522065657,4,13
19217,1.0,0.0,1,5.333333333333333,2.081665999466133,3,9
15545,1.0,0.0,1,6.0,2.2088896522065657,4,10
34508,1.0,0.0,1,7.1,1.8529256146249728,3,10
1404,1.0,0.0,1,8.0,1.4142135623730951,2,10
15239,1.0,0.0,1,7.620738941712323,2.2088896522065657,4,11
15297,1.0,0.0,1,7.0,1.6733200530681511,3,10
15322,1.0,0.0,1,7.636363636363637,1.2862913567871994,2,10
24404,1.0,0.0,1,7.833333333333333,2.3895909540204223,4,12
13890,1.0,0.0,1,7.620738941712323,2.2088896522065657,4,11
13960,1.0,0.0,1,8.0,1.4142135623730951,2,10
38255,1.0,0.0,1,7.620738941712323,2.2088896522065657,4,11
38301,1.0,0.0,1,8.833333333333334,1.1690451944500122,2,11
13716,1.0,0.0,1,8.222222222222221,3.192874010111336,5,13
6204,1.0,0.0,1,7.620738941712323,2.2088896522065657,4,11
19143,1.0,0.0,1,7.620738941712323,2.2088896522065657,4,11
19179,1.0,0.0,1,7.0,2.2088896522065657,4,11
17274,1.0,0.0,1,7.620738941712323,2.2088896522065657,4,11
29131,1.0,0.0,1,7.6,2.756809750418044,5,12
29205,1.0,0.0,1,10.0,2.2088896522065657,4,14
2277,1.0,0.0,1,9.538461538461538,2.4019223070763074,4,14
2320,1.0,0.0,1,8.5,2.1213203435596424,4,12
2349,1.0,0.0,1,9.157894736842104,2.7540507115224706,5,14
2358,1.0,0.0,1,7.620738941712323,2.2088896522065657,4,11
2396,1.0,0.0,1,7.0,2.2088896522065657,4,11
23592,1.0,0.0,1,6.0,0.0,0,6
23593,1.0,0.0,1,7.620738941712323,2.2088896522065657,4,11
23596,1.0,0.0,1,7.0,2.2088896522065657,4,11
23694,1.0,0.0,1,5.0,2.0,3,8
20853,1.0,0.0,1,7.620738941712323,2.2088896522065657,4,11
18586,1.0,0.0,1,7.2,1.6431676725154984,3,10
17170,1.0,0.0,1,8.25,0.5000000000000001,1,9
17172,1.0,0.0,1,9.0,2.2088896522065657,4,13
5370,1.0,0.0,1,8.9375,2.719528145346787,4,13
15126,1.0,0.0,1,7.620738941712323,2.2088896522065657,4,11
5521,1.0,0.0,1,7.620738941712323,2.2088896522065657,4,11
19347,1.0,0.0,1,8.0,4.242640687119285,7,15
24346,1.0,0.0,1,9.0,4.242640687119285,7,16
24359,1.0,0.0,1,5.0,2.2088896522065657,4,9
24363,1.0,0.0,1,3.6315789473684212,1.8321367706038842,3,7
23566,1.0,0.0,1,4.0,2.2088896522065657,4,8
20655,1.0,0.0,1,7.620738941712323,2.2088896522065657,4,11
557,1.0,0.0,1,6.5,3.5355339059327378,6,12
590,1.0,0.0,1,8.0,2.2088896522065657,4,12
610,1.0,0.0,1,7.277777777777778,0.46088859896247686,1,8
43547,1.0,0.0,1,10.333333333333334,1.5275252316519468,3,13
11088,1.0,0.0,1,4.666666666666667,1.5275252316519468,3,7
37909,1.0,0.0,1,7.620738941712323,2.2088896522065657,4,11
37910,1.0,0.0,1,4.0625,2.5940637360455634,4,8
455,1.0,0.0,1,7.620738941712323,2.2088896522065657,4,11
500,1.0,0.0,1,7.518518518518518,1.9684115104936455,3,11
505,1.0,0.0,1,6.111111111111111,1.964971020425266,3,9
25528,1.0,0.0,1,8.0,0.6666666666666665,1,9
18418,1.0,0.0,1,7.620738941712323,2.2088896522065657,4,11
18425,1.0,0.0,1,7.620738941712323,2.2088896522065657,4,11
18426,1.0,0.0,1,7.620738941712323,2.2088896522065657,4,11
17329,1.0,0.0,1,7.7444444444444445,1.8935794005842754,3,11
3002,1.0,0.0,1,7.620738941712323,2.2088896522065657,4,11
3030,1.0,0.0,1,7.620738941712323,2.2088896522065657,4,11
23772,1.0,0.0,1,7.2,2.280350850198276,4,11
19621,1.0,0.0,1,7.666666666666667,1.5275252316519465,3,10
14133,1.0,0.0,1,8.0,2.160246899469287,4,12
14137,1.0,0.0,1,7.620738941712323,2.2088896522065657,4,11
11319,1.0,0.0,1,6.5,3.5355339059327378,6,12
43871,1.0,0.0,1,8.0,2.2088896522065657,4,12
14996,1.0,0.0,1,7.620738941712323,2.2088896522065657,4,11
15014,1.0,0.0,1,7.620738941712323,2.2088896522065657,4,11
5635,1.0,0.0,1,9.666666666666666,1.5275252316519465,3,12
24253,1.0,0.0,1,7.719298245614035,2.0722375635750057,3,11
24274,1.0,0.0,1,8.0,1.4142135623730951,2,10
24279,1.0,0.0,1,11.0,1.4142135623730951,2,13
19262,1.0,0.0,1,10.0,3.9157800414902435,6,16
23755,1.0,0.0,1,6.25,3.593976442141304,6,12
25191,1.0,0.0,1,8.25,0.9574271077563381,2,10
25206,1.0,0.0,1,8.0,0.0,0,8
22001,1.0,0.0,1,7.620738941712323,2.2088896522065657,4,11
22073,1.0,0.0,1,12.0,2.2088896522065657,4,16
11259,1.0,0.0,1,7.2,2.7748873851023217,5,12
23805,1.0,0.0,1,6.888888888888889,2.4720661623652207,4,11
23810,1.0,0.0,1,8.0,1.414213562373095,2,10
36045,1.0,0.0,1,6.75,2.217355782608345,4,10
20771,1.0,0.0,1,8.0,1.7888543819998317,3,11
20776,1.0,0.0,1,3.0,2.2088896522065657,4,7
20794,1.0,0.0,1,7.620738941712323,2.2088896522065657,4,11
21625,1.0,0.0,1,8.0,2.2088896522065657,4,12
21737,1.0,0.0,1,8.0,2.6457513110645907,4,12
10642,1.0,0.0,1,8.0,1.2909944487358054,2,10
44651,1.0,0.0,1,7.620738941712323,2.2088896522065657,4,11
44857,1.0,0.0,1,8.666666666666666,2.516611478423583,4,13
3453,1.0,0.0,1,7.620738941712323,2.2088896522065657,4,11
3473,1.0,0.0,1,7.620738941712323,2.2088896522065657,4,11
21860,1.0,0.0,1,7.5,0.9999999999999999,2,9
20689,1.0,0.0,1,6.0,2.2088896522065657,4,10
20707,1.0,0.0,1,7.620738941712323,2.2088896522065657,4,11
20722,1.0,0.0,1,9.0,4.242640687119285,7,16
20739,1.0,0.0,1,8.0,2.0,3,11
20768,1.0,0.0,1,7.620738941712323,2.2088896522065657,4,11
25459,1.0,0.0,1,8.4,0.5477225575051662,1,9
10864,1.0,0.0,1,9.6,2.4083189157584592,4,14
7974,1.0,0.0,1,12.0,2.2088896522065657,4,16
44220,1.0,0.0,1,6.6,2.3664319132398464,4,11
44278,1.0,0.0,1,7.25,0.4999999999999999,1,8
10398,1.0,0.0,1,5.083333333333333,2.5746432527221854,4,9
10399,1.0,0.0,1,10.0,0.0,0,10
3449,1.0,0.0,1,8.6,0.8944271909999157,1,10
17369,1.0,0.0,1,9.0,2.2088896522065657,4,13
17399,1.0,0.0,1,7.620738941712323,2.2088896522065657,4,11
2505,1.0,0.0,1,8.0,1.7320508075688772,3,11
28323,1.0,0.0,1,7.0,2.2912878474779204,4,11
28980,1.0,0.0,1,9.947368421052632,1.7150861400630164,3,13
25341,1.0,0.0,1,8.666666666666666,2.516611478423583,4,13
25422,1.0,0.0,1,7.620738941712323,2.2088896522065657,4,11
25445,1.0,0.0,1,7.018518518518518,2.422307809154754,4,11
27934,1.0,0.0,1,11.0,2.2088896522065657,4,15
18597,1.0,0.0,1,10.875,0.35355339059327356,1,11
18623,1.0,0.0,1,7.620738941712323,2.2088896522065657,4,11
18626,1.0,0.0,1,7.620738941712323,2.2088896522065657,4,11
18627,1.0,0.0,1,10.0,2.2088896522065657,4,14
2762,1.0,0.0,1,9.666666666666666,1.505545305418162,2,12
2773,1.0,0.0,1,7.620738941712323,2.2088896522065657,4,11
21519,1.0,0.0,1,8.0,2.2088896522065657,4,12
19706,1.0,0.0,1,6.4,2.701851217221259,4,11
23774,1.0,0.0,1,7.620738941712323,2.2088896522065657,4,11
23781,1.0,0.0,1,4.666666666666667,2.081665999466133,3,8
21480,1.0,0.0,1,7.620738941712323,2.2088896522065657,4,11
25594,1.0,0.0,1,7.136363636363637,2.529738557048738,4,11
25653,1.0,0.0,1,9.857142857142858,2.9712912056160747,5,15
25727,1.0,0.0,1,7.833333333333333,0.9831920802501751,2,9
2572,1.0,0.0,1,6.0,2.8284271247461903,5,11
24159,1.0,0.0,1,8.0,1.4142135623730951,2,10
2943,1.0,0.0,1,7.666666666666667,2.7325202042558927,5,12
2969,1.0,0.0,1,6.0,1.7320508075688772,3,9
2974,1.0,0.0,1,9.285714285714286,1.230563169563316,2,11
23961,1.0,0.0,1,6.0,2.2088896522065657,4,10
14407,1.0,0.0,1,7.620738941712323,2.2088896522065657,4,11
37682,1.0,0.0,1,7.620738941712323,2.2088896522065657,4,11
19663,1.0,0.0,1,7.0,1.5811388300841898,3,10
20953,1.0,0.0,1,6.5,0.7071067811865476,1,8
21471,1.0,0.0,1,7.0,5.656854249492381,9,16
36076,1.0,0.0,1,6.333333333333333,1.1547005383792517,2,8
36088,1.0,0.0,1,8.2,2.4899799195977463,4,12
14675,1.0,0.0,1,4.0,0.0,0,4
14681,1.0,0.0,1,6.0,2.2088896522065657,4,10
3853,1.0,0.0,1,7.620738941712323,2.2088896522065657,4,11
19436,1.0,0.0,1,7.620738941712323,2.2088896522065657,4,11
21282,1.0,0.0,1,6.0,1.7320508075688772,3,9
148,1.0,0.0,1,7.620738941712323,2.2088896522065657,4,11
143,1.0,0.0,1,5.0,1.1547005383792515,2,7
129,1.0,0.0,1,7.0,1.4142135623730951,2,9
21031,1.0,0.0,1,8.5,0.7071067811865476,1,10
204,1.0,0.0,1,8.5,0.7071067811865476,1,10
105,1.0,0.0,1,7.620738941712323,2.2088896522065657,4,11
36269,1.0,0.0,1,7.620738941712323,2.2088896522065657,4,11
317,1.0,0.0,1,10.0,2.2088896522065657,4,14
172,1.0,0.0,1,7.620738941712323,2.2088896522065657,4,11
330,1.0,0.0,1,7.620738941712323,2.2088896522065657,4,11
336,1.0,0.0,1,7.8,2.6832815729997477,4,12
21217,1.0,0.0,1,10.5,2.1213203435596424,4,14
151,1.0,0.0,1,8.0,2.0900768054383976,3,11
46333,1.0,0.0,1,8.0,1.4142135623730951,2,10
150,1.0,0.0,1,7.620738941712323,2.2088896522065657,4,11
20883,1.0,0.0,1,8.857142857142858,2.2677868380553634,4,13
20913,1.0,0.0,1,5.75,1.0350983390135313,2,7
20935,1.0,0.0,1,8.8,1.095445115010332,2,11
3622,1.0,0.0,1,7.5,2.1213203435596424,4,11
9144,1.0,0.0,1,7.620738941712323,2.2088896522065657,4,11
8872,1.0,0.0,1,7.620738941712323,2.2088896522065657,4,11
8268,1.0,0.0,1,7.492307692307692,2.008754876495924,3,11
248,1.0,0.0,1,9.666666666666666,1.1547005383792515,2,12
17842,1.0,0.0,1,7.620738941712323,2.2088896522065657,4,11
17856,1.0,0.0,1,8.0,2.2088896522065657,4,12
17908,1.0,0.0,1,9.25,1.707825127659933,3,12
18428,1.0,0.0,1,9.75,0.9574271077563381,2,11
18466,1.0,0.0,1,8.375,1.0606601717798214,2,10
4164,1.0,0.0,1,7.620738941712323,2.2088896522065657,4,11
21457,1.0,0.0,1,7.620738941712323,2.2088896522065657,4,11
21458,1.0,0.0,1,7.75,3.304037933599835,5,13
4892,1.0,0.0,1,8.25,2.052872551885702,3,12
1991,1.0,0.0,1,7.620738941712323,2.2088896522065657,4,11
2000,1.0,0.0,1,8.285714285714286,3.251373336211726,5,14
2028,1.0,0.0,1,7.620738941712323,2.2088896522065657,4,11
15899,1.0,0.0,1,7.947368421052632,2.7380788928355977,5,12
15949,1.0,0.0,1,8.2,3.5637059362410923,6,14
4015,1.0,0.0,1,7.620738941712323,2.2088896522065657,4,11
4041,1.0,0.0,1,8.666666666666666,1.7511900715418265,3,12
23078,1.0,0.0,1,9.5,2.1213203435596424,4,13
23109,1.0,0.0,1,8.0,2.2088896522065657,4,12
23110,1.0,0.0,1,7.666666666666667,2.081665999466133,3,11
23131,1.0,0.0,1,7.620738941712323,2.2088896522065657,4,11
2873,1.0,0.0,1,7.620738941712323,2.2088896522065657,4,11
24878,1.0,0.0,1,7.620738941712323,2.2088896522065657,4,11
24883,1.0,0.0,1,8.875,0.35355339059327384,1,9
24885,1.0,0.0,1,11.31578947368421,0.8852263727398509,1,13
18089,1.0,0.0,1,9.625,1.5059406173077152,2,12
18192,1.0,0.0,1,7.620738941712323,2.2088896522065657,4,11
18210,1.0,0.0,1,7.620738941712323,2.2088896522065657,4,11
4308,1.0,0.0,1,4.0,2.2088896522065657,4,8
26886,1.0,0.0,1,10.2,1.9235384061671343,3,13
2616,1.0,0.0,1,8.0,4.242640687119285,7,15
2729,1.0,0.0,1,6.751633986928105,1.8470497305861424,3,10
21339,1.0,0.0,1,11.0,2.2088896522065657,4,15
36463,1.0,0.0,1,8.571428571428571,2.2253945610567474,4,12
19589,1.0,0.0,1,7.620738941712323,2.2088896522065657,4,11
45293,1.0,0.0,1,7.0,3.605551275463989,6,13
45494,1.0,0.0,1,8.75,2.06155281280883,3,12
21060,1.0,0.0,1,6.5,0.7071067811865476,1,8
21080,1.0,0.0,1,8.625,2.1998376563477846,4,12
21082,1.0,0.0,1,7.620738941712323,2.2088896522065657,4,11
21325,1.0,0.0,1,8.666666666666666,1.877181270897811,3,12
